Type,NOF,NOM,NOP,NOPF,NOPM,LOC,WMC,NC,DIT,LCOM,Fan-Out,Fan-In
Direction,0,0,0,0,0,6,0,0,0,-1,0,0
FirstPersonController,30,11,0,0,0,250,25,0,0,0,5,0
HeadBob,8,2,0,6,0,48,4,0,0,0,3,0
MouseLook,11,6,0,8,4,108,12,0,0,0,1,2
RigidbodyFirstPersonController,12,8,4,4,0,258,20,0,0,0,4,1
MovementSettings,9,1,1,8,1,55,6,0,0,0,0,1
AdvancedSettings,5,0,0,5,0,10,0,0,0,-1,0,1
Ball,6,2,0,0,1,41,4,0,0,0,0,1
BallUserControl,5,3,0,0,0,62,5,0,0,0,2,0
AICharacterControl,1,3,2,1,1,37,5,0,0,0.6700000166893005,1,0
ThirdPersonCharacter,20,10,0,0,2,220,22,0,0,0,0,2
ThirdPersonUserControl,5,3,0,0,0,68,7,0,0,0,2,0
AxisTouchButton,6,5,0,4,2,68,10,0,0,0,2,0
ButtonHandler,1,7,0,1,6,44,7,0,0,0.4300000071525574,1,0
CrossPlatformInputManager,3,24,1,0,22,311,26,0,0,0,4,14
ActiveInputMethod,0,0,0,0,0,5,0,0,0,-1,0,1
VirtualAxis,1,4,4,0,4,45,4,0,0,1,0,8
VirtualButton,3,5,5,0,5,74,6,0,0,0.800000011920929,0,3
InputAxisScrollbar,1,2,0,1,1,11,2,0,0,1,1,0
Joystick,9,8,0,4,3,111,16,0,0,0.25,3,0
AxisOption,0,0,0,0,0,12,0,0,0,-1,0,2
MobileControlRig,0,6,0,0,0,76,9,0,0,-1,0,0
TiltInput,5,3,0,4,0,88,7,0,0,0,5,0
AxisOptions,0,0,0,0,0,5,0,0,0,-1,0,2
AxisMapping,2,0,0,2,0,15,0,0,0,-1,1,2
MappingType,0,0,0,0,0,7,0,0,0,-1,0,4
TiltInputAxisStylePropertyDrawer,0,1,0,0,1,40,3,0,0,-1,0,0
TouchPad,17,8,0,6,2,148,16,0,0,0.25,4,0
ControlStyle,0,0,0,0,0,6,0,0,0,-1,0,1
VirtualInput,3,21,1,0,21,126,25,2,0,0.7099999785423279,2,1
MobileInput,0,13,0,0,11,127,23,0,1,-1,3,0
StandaloneInput,0,11,0,0,11,73,11,0,1,-1,0,0
TiltInput,5,3,0,4,0,88,7,0,0,0,5,0
AxisOptions,0,0,0,0,0,5,0,0,0,-1,0,0
AxisMapping,2,0,0,2,0,15,0,0,0,-1,1,0
MappingType,0,0,0,0,0,7,0,0,0,-1,0,0
TiltInputAxisStylePropertyDrawer,0,1,0,0,1,40,3,0,0,-1,0,0
ActivateTrigger,5,2,0,5,0,88,5,0,0,0,1,0
Mode,0,0,0,0,0,9,0,0,0,-1,0,1
AutoMobileShaderSwitch,1,1,0,0,0,72,1,0,0,0,0,0
ReplacementDefinition,2,0,0,2,0,6,0,0,0,-1,0,2
ReplacementList,1,0,0,1,0,5,0,0,0,-1,1,0
ReplacementListDrawer,2,2,0,0,2,111,8,0,0,0,0,0
AutoMoveAndRotate,4,2,0,3,0,35,3,0,0,0,1,0
Vector3andSpace,2,0,0,2,0,6,0,0,0,-1,0,1
CameraRefocus,5,5,0,3,5,52,7,0,0,0,0,0
CurveControlledBob,9,2,0,4,2,47,4,0,0,0,0,2
DragRigidbody,7,3,0,0,0,89,10,0,0,0,0,0
DynamicShadowSettings,11,2,0,8,0,45,4,0,0,0,0,0
FollowTarget,2,1,0,2,0,11,1,0,0,0,0,0
FOVKick,6,5,0,6,4,66,9,0,0,0,0,1
FPSCounter,6,2,0,0,0,31,3,0,0,0,0,0
LerpControlledBob,3,2,0,2,2,38,4,0,0,0,0,2
ObjectResetter,4,3,0,0,2,49,6,0,0,0,0,0
ParticleSystemDestroyer,4,2,0,2,1,54,5,0,0,0,0,0
PlatformSpecificContent,4,5,0,0,0,96,13,0,0,0.6000000238418579,1,0
BuildTargetGroup,0,0,0,0,0,5,0,0,0,-1,0,1
SimpleActivatorMenu,3,2,0,2,1,32,3,0,0,0,0,0
SimpleMouseRotator,10,2,0,6,0,106,7,0,0,0,1,0
SmoothFollow,5,2,0,0,0,56,3,0,0,1,0,0
TimedObjectActivator,1,4,0,1,0,75,6,0,0,0,3,2
Action,0,0,0,0,0,8,0,0,0,-1,0,6
Entry,3,0,0,3,0,7,0,0,0,-1,1,4
Entries,1,0,0,1,0,5,0,0,0,-1,1,2
EntriesDrawer,2,2,0,0,2,123,11,0,0,0,2,0
TimedObjectDestructor,2,2,0,0,0,21,3,0,0,1,0,0
WaypointCircuit,15,8,2,2,2,209,17,0,0,0,2,5
WaypointList,2,0,0,2,0,6,0,0,0,-1,1,4
RoutePoint,2,1,0,2,1,12,1,0,0,0,0,4
WaypointListDrawer,2,2,0,0,2,158,12,0,0,0,2,0
TransformNameComparer,0,1,0,0,1,7,1,0,0,-1,0,0
WaypointProgressTracker,12,4,3,1,1,146,10,0,0,0,3,0
ProgressStyle,0,0,0,0,0,5,0,0,0,-1,0,1
AutoMobileShaderSwitch,1,1,0,0,0,72,1,0,0,0,0,0
ReplacementDefinition,2,0,0,2,0,6,0,0,0,-1,0,0
ReplacementList,1,0,0,1,0,5,0,0,0,-1,1,0
ReplacementListDrawer,2,2,0,0,2,111,8,0,0,0,0,0
TimedObjectActivator,1,4,0,1,0,75,6,0,0,1,3,0
Action,0,0,0,0,0,8,0,0,0,-1,0,0
Entry,3,0,0,3,0,7,0,0,0,-1,1,0
Entries,1,0,0,1,0,5,0,0,0,-1,1,0
EntriesDrawer,2,2,0,0,2,123,11,0,0,0,2,0
WaypointCircuit,15,8,2,2,2,209,17,0,0,0.5,2,0
WaypointList,2,0,0,2,0,6,0,0,0,-1,1,0
RoutePoint,2,1,0,2,1,12,1,0,0,0,1,0
WaypointListDrawer,2,2,0,0,2,158,12,0,0,0,2,0
TransformNameComparer,0,1,0,0,1,7,1,0,0,-1,0,0
CrossPlatformInitialize,2,7,0,0,0,131,13,0,0,0,0,0
