Type,NOF,NOM,NOP,NOPF,NOPM,LOC,WMC,NC,DIT,LCOM,Fan-Out,Fan-In
FirstPersonController,32,11,0,1,0,261,25,0,0,0,4,0
HeadBob,8,2,0,6,0,43,4,0,0,0,3,0
MouseLook,11,6,0,8,4,108,12,0,0,0,1,2
RigidbodyFirstPersonController,12,8,4,4,0,231,20,0,0,0,4,1
MovementSettings,9,1,1,8,1,52,6,0,0,0,0,1
AdvancedSettings,5,0,0,5,0,10,0,0,0,-1,0,1
AxisTouchButton,6,5,0,4,2,61,10,0,0,0,2,0
ButtonHandler,1,7,0,1,6,34,7,0,0,0.4300000071525574,1,0
CrossPlatformInputManager,3,24,1,0,22,266,26,0,0,0,4,11
ActiveInputMethod,0,0,0,0,0,5,0,0,0,-1,0,1
VirtualAxis,1,4,4,0,4,39,4,0,0,1,0,8
VirtualButton,3,5,5,0,5,65,6,0,0,0.800000011920929,0,3
InputAxisScrollbar,1,2,0,1,1,9,2,0,0,1,1,0
Joystick,9,8,0,4,3,111,16,0,0,0.25,3,0
AxisOption,0,0,0,0,0,12,0,0,0,-1,0,2
MobileControlRig,0,6,0,0,0,64,9,0,0,-1,0,0
TiltInput,5,3,0,4,0,80,7,0,0,0,5,0
AxisOptions,0,0,0,0,0,5,0,0,0,-1,0,2
AxisMapping,2,0,0,2,0,14,0,0,0,-1,1,2
MappingType,0,0,0,0,0,7,0,0,0,-1,0,4
TiltInputAxisStylePropertyDrawer,0,1,0,0,1,34,3,0,0,-1,0,0
TouchPad,17,8,0,6,2,132,16,0,0,0.25,4,0
ControlStyle,0,0,0,0,0,6,0,0,0,-1,0,1
VirtualInput,3,21,1,0,21,112,25,2,0,0.7099999785423279,2,1
MobileInput,0,13,0,0,11,112,23,0,1,-1,3,0
StandaloneInput,0,11,0,0,11,63,11,0,1,-1,0,0
TiltInput,5,3,0,4,0,80,7,0,0,0,5,0
AxisOptions,0,0,0,0,0,5,0,0,0,-1,0,0
AxisMapping,2,0,0,2,0,14,0,0,0,-1,1,0
MappingType,0,0,0,0,0,7,0,0,0,-1,0,0
TiltInputAxisStylePropertyDrawer,0,1,0,0,1,34,3,0,0,-1,0,0
ActivateTrigger,5,2,0,5,0,83,5,0,0,0,1,0
Mode,0,0,0,0,0,9,0,0,0,-1,0,1
AutoMobileShaderSwitch,1,1,0,0,0,67,1,0,0,0,0,0
ReplacementDefinition,2,0,0,2,0,6,0,0,0,-1,0,2
ReplacementList,1,0,0,1,0,5,0,0,0,-1,1,0
ReplacementListDrawer,2,2,0,0,2,99,8,0,0,0,0,0
AutoMoveAndRotate,4,2,0,3,0,32,3,0,0,0,1,0
Vector3andSpace,2,0,0,2,0,6,0,0,0,-1,0,1
CameraRefocus,5,5,0,3,5,46,7,0,0,0,0,0
CurveControlledBob,9,2,0,4,2,40,4,0,0,0,0,2
DragRigidbody,7,3,0,0,0,78,10,0,0,0,0,0
DynamicShadowSettings,11,2,0,8,0,39,4,0,0,0,0,0
FollowTarget,2,1,0,2,0,10,1,0,0,0,0,0
FOVKick,6,5,0,6,4,59,9,0,0,0,0,1
FPSCounter,6,2,0,0,0,29,3,0,0,0,0,0
LerpControlledBob,3,2,0,2,2,34,4,0,0,0,0,2
ObjectResetter,4,3,0,0,2,41,6,0,0,0,0,0
ParticleSystemDestroyer,4,2,0,2,1,43,5,0,0,0,0,0
PlatformSpecificContent,4,5,0,0,0,88,13,0,0,0.6000000238418579,1,0
BuildTargetGroup,0,0,0,0,0,5,0,0,0,-1,0,1
SimpleActivatorMenu,3,2,0,2,1,27,3,0,0,0,0,0
SimpleMouseRotator,10,2,0,6,0,97,7,0,0,0,1,0
SmoothFollow,5,2,0,0,0,44,3,0,0,1,0,0
TimedObjectActivator,1,4,0,1,0,68,6,0,0,0,3,2
Action,0,0,0,0,0,8,0,0,0,-1,0,6
Entry,3,0,0,3,0,7,0,0,0,-1,1,4
Entries,1,0,0,1,0,5,0,0,0,-1,1,2
EntriesDrawer,2,2,0,0,2,101,11,0,0,0,2,0
TimedObjectDestructor,2,2,0,0,0,19,3,0,0,1,0,0
WaypointCircuit,15,8,2,2,2,178,17,0,0,0,2,5
WaypointList,2,0,0,2,0,6,0,0,0,-1,1,4
RoutePoint,2,1,0,2,1,11,1,0,0,0,0,4
WaypointListDrawer,2,2,0,0,2,143,12,0,0,0,2,0
TransformNameComparer,0,1,0,0,1,7,1,0,0,-1,0,0
WaypointProgressTracker,12,4,3,1,1,123,10,0,0,0,3,0
ProgressStyle,0,0,0,0,0,5,0,0,0,-1,0,1
AutoMobileShaderSwitch,1,1,0,0,0,67,1,0,0,0,0,0
ReplacementDefinition,2,0,0,2,0,6,0,0,0,-1,0,0
ReplacementList,1,0,0,1,0,5,0,0,0,-1,1,0
ReplacementListDrawer,2,2,0,0,2,99,8,0,0,0,0,0
TimedObjectActivator,1,4,0,1,0,68,6,0,0,1,3,0
Action,0,0,0,0,0,8,0,0,0,-1,0,0
Entry,3,0,0,3,0,7,0,0,0,-1,1,0
Entries,1,0,0,1,0,5,0,0,0,-1,1,0
EntriesDrawer,2,2,0,0,2,101,11,0,0,0,2,0
WaypointCircuit,15,8,2,2,2,178,17,0,0,0.5,2,0
WaypointList,2,0,0,2,0,6,0,0,0,-1,1,0
RoutePoint,2,1,0,2,1,11,1,0,0,0,1,0
WaypointListDrawer,2,2,0,0,2,143,12,0,0,0,2,0
TransformNameComparer,0,1,0,0,1,7,1,0,0,-1,0,0
CrossPlatformInitialize,2,7,0,0,0,129,13,0,0,0,0,0
