Type,NOF,NOM,NOP,NOPF,NOPM,LOC,WMC,NC,DIT,LCOM,Fan-Out,Fan-In
BSExtensionMethods,0,3,0,0,3,21,3,0,0,-1,0,0
ActivatingCollisionAlgorithm,0,1,0,0,0,7,1,10,1,-1,0,0
AxisSweep3,1,25,2,0,5,135,25,0,1,0.1599999964237213,6,0
AxisSweep3_32Bit,1,25,2,0,5,134,25,0,1,0.1599999964237213,6,0
Box2DBox2DCollisionAlgorithm,0,4,0,0,2,33,4,0,2,-1,3,0
CreateFunc,4,66,10,0,16,351,66,0,1,0.7400000095367432,2,2
Box2DShape,2,13,5,0,4,98,13,0,1,0.6899999976158142,3,2
BoxBoxCollisionAlgorithm,0,4,0,0,2,33,4,0,2,-1,3,0
BoxBoxDetector,2,4,2,0,1,39,4,0,1,0.75,1,0
BoxShape,0,10,2,0,4,55,10,0,1,-1,2,13
BroadphaseAabbCallback,2,8,0,0,2,54,9,1,0,0.25,1,1
BroadphaseRayCallback,1,7,3,0,0,53,7,0,1,0.8600000143051147,1,1
BroadphaseInterface,4,31,1,0,16,146,33,3,0,0.1299999952316284,6,13
BroadphaseNativeType,0,0,0,0,0,40,0,0,0,-1,0,11
CollisionFilterGroups,0,0,0,0,0,12,0,0,0,-1,0,9
BroadphaseProxy,2,34,8,0,8,201,36,2,0,0.7400000095367432,2,21
BroadphasePair,1,8,3,0,0,46,8,0,0,1,0,10
BvhTriangleMeshShape,2,31,4,0,12,166,31,1,1,0.2599999904632568,6,6
CapsuleShape,0,6,3,0,1,36,6,2,1,-1,0,4
CapsuleShapeX,0,2,0,0,1,10,2,0,2,-1,0,1
CapsuleShapeZ,0,2,0,0,1,10,2,0,2,-1,0,1
CollisionAlgorithmConstructionInfo,3,9,2,0,3,73,10,0,0,0.3300000131130219,2,17
CollisionAlgorithm,2,10,0,0,4,58,12,6,0,0,5,5
CollisionConfiguration,1,8,0,0,2,50,9,1,0,0.6200000047683716,1,7
CollisionAlgorithmCreateFunc,2,10,1,0,3,62,12,2,0,0.300000011920929,3,1
DispatcherFlags,0,0,0,0,0,8,0,0,0,-1,0,2
CollisionDispatcher,5,14,3,0,3,103,15,0,1,0.5699999928474426,6,5
ActivationState,0,0,0,0,0,9,0,0,0,-1,0,9
AnisotropicFrictionFlags,0,0,0,0,0,7,0,0,0,-1,0,3
CollisionFlags,0,0,0,0,0,12,0,0,0,-1,0,12
CollisionObjectTypes,0,0,0,0,0,12,0,0,0,-1,0,2
CollisionObject,4,91,28,0,23,509,96,4,0,0.4900000095367432,8,41
CollisionObjectFloatData,25,1,0,25,1,31,1,0,0,0,2,4
CollisionObjectWrapper,1,12,6,0,0,72,12,0,0,1,0,24
CollisionShape,3,45,17,0,13,297,49,3,0,0.4699999988079071,5,55
CollisionShapeFloatData,3,1,0,3,1,9,1,0,0,0,0,8
AllHitsRayResultCallback,0,2,6,0,2,38,3,0,1,-1,4,0
ClosestConvexResultCallback,0,2,5,0,2,34,3,1,1,-1,4,3
ClosestRayResultCallback,0,2,4,0,2,34,3,1,1,-1,4,4
ContactResultCallback,3,14,2,0,4,95,15,1,0,0.4300000071525574,3,1
ConvexResultCallback,3,17,4,0,3,111,18,1,0,0.5299999713897705,2,2
LocalConvexResult,4,16,5,0,2,119,18,0,0,0.5600000023841858,3,3
LocalRayResult,4,14,4,0,2,104,16,0,0,0.5,3,4
LocalShapeInfo,2,10,2,0,2,64,12,0,0,0.5,0,2
RayResultCallback,3,21,6,0,3,131,22,2,0,0.6200000047683716,2,3
CollisionWorld,6,60,8,0,29,374,68,1,0,0.2000000029802322,18,14
CompoundCollisionAlgorithm,0,5,0,0,2,54,5,1,2,-1,3,0
SwappedCreateFunc,0,12,0,0,4,57,12,0,1,-1,0,1
CompoundCompoundCollisionAlgorithm,0,2,0,0,1,42,2,0,3,-1,2,0
CompoundShapeChild,2,10,5,0,0,76,10,0,0,1,2,3
CompoundShape,1,27,4,0,15,129,27,0,1,0.1500000059604645,5,9
CompoundShapeFloatData,4,1,0,4,1,10,1,0,0,0,1,1
CompoundShapeChildFloatData,4,1,0,4,1,10,1,0,0,0,1,1
PhyScalarType,0,0,0,0,0,9,0,0,0,-1,0,8
ConcaveShape,0,3,0,0,1,15,3,6,1,-1,2,1
ConeShape,0,7,3,0,1,39,7,2,1,-1,0,4
ConeShapeX,0,2,0,0,1,10,2,0,2,-1,0,0
ConeShapeZ,0,2,0,0,1,10,2,0,2,-1,0,0
ContinuousConvexCollision,0,4,0,0,2,17,4,0,1,-1,4,0
Convex2DConvex2DAlgorithm,0,5,1,0,2,93,5,0,2,-1,5,0
Convex2DShape,1,2,1,0,1,20,2,0,1,0,1,2
ConvexCast,1,6,0,0,2,191,7,2,0,0,2,0
CastResult,1,26,7,0,5,150,27,0,0,0.5799999833106995,1,1
ConvexConcaveCollisionAlgorithm,0,4,0,0,2,49,4,0,2,-1,2,0
ConvexConvexAlgorithm,0,5,1,0,2,93,5,0,2,-1,5,0
ConvexHullShape,2,20,3,0,12,144,23,0,1,0.3499999940395355,2,7
ConvexHullShapeFloatData,5,1,0,5,1,11,1,0,0,0,1,1
ConvexInternalShape,0,15,3,0,6,80,15,7,1,-1,1,0
ConvexInternalAabbCachingShape,0,3,0,0,1,15,3,1,2,-1,0,0
ConvexInternalShapeFloatData,5,1,0,5,1,11,1,0,0,0,2,3
ConvexPenetrationDepthSolver,1,6,0,0,2,40,7,2,0,0,6,5
ConvexPlaneCollisionAlgorithm,0,5,0,0,2,58,5,0,1,-1,6,0
ConvexPointCloudShape,1,17,2,0,8,95,17,0,1,0.239999994635582,2,0
Face,1,6,0,0,2,57,7,0,0,0,0,0
ConvexPolyhedron,3,25,7,0,5,170,26,0,0,0.5600000023841858,3,1
ConvexShape,0,25,2,0,14,124,25,4,1,-1,2,17
ConvexTriangleMeshShape,1,8,1,0,3,40,8,0,1,0.3799999952316284,3,2
CylinderShape,0,9,4,0,2,60,9,2,2,-1,1,5
CylinderShapeX,0,4,0,0,2,17,4,0,3,-1,1,1
CylinderShapeZ,0,4,0,0,2,17,4,0,3,-1,1,1
CylinderShapeFloatData,3,1,0,3,1,9,1,0,0,0,1,0
DbvtAabbMm,1,24,7,0,5,167,24,1,0,0.5799999833106995,1,0
DbvtNode,1,12,6,0,0,81,12,0,0,1,0,12
DbvtVolume,0,1,0,0,0,7,1,0,1,-1,0,1
Dbvt,2,62,5,0,23,824,64,0,0,0.2599999904632568,6,1
IClone,1,8,0,0,3,46,9,0,0,0,1,1
ICollide,1,16,0,0,7,76,17,1,0,0,1,0
IWriter,1,10,0,0,4,53,11,0,0,0,1,1
StkCln,1,10,2,0,2,67,11,0,0,0.5,1,0
StkNN,1,12,2,0,3,74,13,0,0,0.4199999868869781,1,0
StkNP,1,10,2,0,2,63,11,0,0,0.5,1,0
StkNps,1,14,3,0,3,80,15,0,0,0.5,1,1
DbvtProxy,0,6,2,0,0,39,6,0,1,-1,0,1
DbvtBroadphase,0,52,18,0,8,264,52,0,1,-1,6,1
DefaultCollisionConstructionInfo,1,17,4,0,2,94,18,0,0,0.7599999904632568,0,3
DefaultCollisionConfiguration,1,19,1,0,9,130,30,1,1,0.2099999934434891,6,0
DiscreteCollisionDetectorInterface,1,8,0,0,3,175,9,2,0,0,4,0
ClosestPointInput,1,11,3,0,2,74,12,0,0,0.6399999856948853,0,3
Result,1,10,0,0,4,53,11,3,0,0,1,2
StorageResult,0,7,3,0,0,55,7,0,1,-1,0,0
DispatchFunc,0,0,0,0,0,5,0,0,0,-1,0,1
DispatcherInfo,1,25,12,0,0,135,25,0,0,1,1,10
Dispatcher,3,29,1,0,12,144,31,1,0,0.1400000005960464,6,21
EmptyAlgorithm,0,2,0,0,1,26,2,0,1,-1,1,0
EmptyShape,0,2,0,0,1,10,2,0,2,-1,0,0
GhostObject,1,26,2,0,13,116,26,1,1,0.1899999976158142,9,1
PairCachingGhostObject,1,3,1,0,1,26,3,0,2,0.6700000166893005,1,3
GhostPairCallback,0,6,0,0,4,30,6,0,1,-1,3,1
eBT_PLANE_INTERSECTION_TYPE,0,0,0,0,0,6,0,0,0,-1,0,1
Aabb,2,49,2,0,20,213,51,0,0,0.1599999964237213,4,5
MyCallback,2,2,0,0,2,23,4,0,1,0,1,1
MyInternalTriangleIndexCallback,3,2,0,0,2,40,3,0,1,0,6,0
CompoundFromGImpact,0,2,0,0,1,18,2,0,0,-1,5,0
GimPair,1,14,2,0,4,73,15,0,0,0.3600000143051147,0,0
PairSet,1,6,0,0,2,31,6,0,0,0.3300000131130219,0,2
GimBvhData,1,9,2,0,2,56,10,0,0,0.4399999976158142,0,0
GimBvhTreeNode,1,12,4,0,2,74,13,0,0,0.5799999833106995,0,2
GimBvhDataArray,1,2,0,0,0,17,2,0,0,1,0,2
GimBvhTreeNodeArray,1,2,0,0,0,17,2,0,0,1,0,0
BvhTree,1,29,1,0,13,124,30,0,0,0.07000000029802322,3,0
PrimitiveManagerBase,1,9,2,0,2,61,10,2,0,0.4399999976158142,1,2
GImpactBvh,2,42,5,0,15,205,43,0,0,0.2599999904632568,5,0
GImpactCollisionAlgorithm,0,23,4,0,7,113,23,0,2,-1,8,2
GImpactQuantizedBvhNode,1,17,4,0,3,99,18,0,0,0.5899999737739563,0,0
GimGImpactQuantizedBvhNodeArray,1,2,0,0,0,17,2,0,0,1,0,0
QuantizedBvhTree,1,31,1,0,13,139,32,0,0,0.1299999952316284,3,0
GImpactQuantizedBvh,2,40,5,0,13,211,41,0,0,0.3199999928474426,4,0
GImpactShapeType,0,0,0,0,0,6,0,0,0,-1,0,1
TetrahedronShapeEx,0,4,0,0,2,17,4,0,1,-1,1,1
GImpactShapeInterface,1,33,8,0,11,172,33,3,2,0.4199999868869781,6,2
CompoundPrimitiveManager,1,1,1,0,0,15,1,0,1,0,1,1
GImpactCompoundShape,1,10,2,0,4,59,10,0,3,0.5,3,1
TrimeshPrimitiveManager,1,43,14,0,7,214,43,0,1,0.7200000286102295,3,1
GImpactMeshShapePart,1,10,4,0,3,64,10,0,3,0.6000000238418579,3,1
GImpactMeshShape,2,8,3,0,2,63,9,0,3,0.5,3,6
GImpactMeshShapeData,5,1,0,5,1,11,1,0,0,0,3,1
GjkConvexCast,0,2,0,0,1,10,2,0,1,-1,2,0
GjkEpaPenetrationDepthSolver,0,2,0,0,1,10,2,0,1,-1,0,0
GjkPairDetector,0,28,7,0,7,129,28,0,1,-1,7,1
HeightfieldTerrainShape,0,12,0,0,6,45,12,0,2,-1,1,1
ContactPointFlags,0,0,0,0,0,8,0,0,0,-1,0,1
ManifoldPoint,5,64,27,0,3,422,66,0,0,0.8899999856948853,2,5
ManifoldResult,0,19,5,0,5,87,19,0,1,-1,2,3
MinkowskiPenetrationDepthSolver,0,2,0,0,1,10,2,0,1,-1,0,1
MinkowskiSumShape,2,8,4,0,1,59,8,0,2,0.8799999952316284,1,0
MultimaterialTriangleMeshShape,0,8,0,0,4,42,8,0,2,-1,2,0
MultiSphereShape,0,9,1,0,4,71,9,0,3,-1,2,3
OptimizedBvh,0,15,0,0,7,58,15,0,1,-1,2,3
OverlapCallback,1,5,0,0,2,35,6,0,0,0,1,0
OverlapFilterCallback,1,6,0,0,2,40,7,0,0,0,1,1
OverlappingPairCache,2,18,3,0,6,93,18,3,1,0.3899999856948853,6,9
HashedOverlappingPairCache,0,10,2,0,5,52,10,0,2,-1,3,4
SortedOverlappingPairCache,0,8,1,0,5,40,8,0,2,-1,3,0
NullPairCache,0,5,0,0,4,25,5,0,2,-1,3,0
OverlappingPairCallback,2,10,0,0,4,52,12,2,0,0.699999988079071,2,3
PersistentManifold,8,49,8,0,15,284,51,0,0,0.3899999856948853,3,19
PointCollector,0,10,4,0,1,61,10,0,1,-1,0,1
PolyhedralConvexShape,1,17,4,0,6,95,17,4,2,0.3499999940395355,2,2
PolyhedralConvexAabbCachingShape,0,6,0,0,3,27,6,4,3,-1,2,0
QuantizedBvhNode,1,14,5,0,2,92,15,0,0,0.6399999856948853,0,0
OptimizedBvhNode,1,16,5,0,2,99,17,0,0,0.6899999976158142,0,0
NodeOverlapCallback,1,6,0,0,2,39,7,0,0,0,0,1
QuantizedBvh,2,39,2,0,15,209,41,1,0,0.2099999934434891,4,0
TraversalMode,0,0,0,0,0,6,0,0,0,-1,0,1
QuantizedBvhFloatData,12,1,0,12,1,18,1,0,0,0,1,1
TriangleRaycastCallback,0,4,4,0,4,104,11,1,1,-1,2,0
EFlags,0,0,0,0,0,10,0,0,0,-1,0,1
TriangleConvexcastCallback,0,3,7,0,3,29,3,0,1,-1,3,0
ScaledBvhTriangleMeshShape,1,2,1,0,1,18,2,0,2,0,2,1
ShapeHull,4,12,7,0,3,106,13,0,0,0.5,3,3
SimpleBroadphaseProxy,0,1,0,0,0,19,1,0,1,-1,0,0
SimulationIslandManager,2,21,2,0,8,144,23,0,0,0.1899999976158142,3,1
IslandCallback,1,4,0,0,1,39,5,0,0,0,0,1
SoftBodyConcaveCollisionAlgorithm,0,5,0,0,2,54,5,0,1,-1,2,0
SoftRigidCollisionAlgorithm,0,3,0,0,1,31,3,0,1,-1,3,0
SoftSoftCollisionAlgorithm,0,5,0,0,2,38,5,0,1,-1,3,0
SphereBoxCollisionAlgorithm,0,6,0,0,3,41,6,0,2,-1,4,0
SphereShape,0,5,1,0,2,24,5,0,2,-1,0,7
SphereSphereCollisionAlgorithm,0,5,0,0,2,38,5,0,2,-1,3,0
SphereTriangleCollisionAlgorithm,0,4,0,0,2,33,4,0,2,-1,3,0
StaticPlaneShape,0,4,2,0,1,29,4,0,2,-1,1,4
StaticPlaneShapeFloatData,5,1,0,5,1,11,1,0,0,0,2,1
StridingMeshInterface,1,36,3,0,15,174,37,1,0,0.1899999976158142,4,13
MeshPartData,8,1,0,8,1,14,1,0,0,0,0,1
StridingMeshInterfaceData,4,1,0,4,1,10,1,0,0,0,1,2
BuSimplex1To4,0,18,0,0,9,69,18,1,4,-1,1,1
Triangle,2,16,5,0,2,109,18,0,0,0.6899999976158142,0,1
TriangleBuffer,0,8,1,0,4,41,8,0,1,-1,2,0
TriangleCallback,2,7,0,0,3,54,8,3,0,0.2899999916553497,1,3
InternalTriangleIndexCallback,2,7,0,0,2,54,8,1,0,0.2899999916553497,1,1
IndexedMesh,3,26,8,0,6,182,31,0,0,0.4199999868869781,1,8
TriangleIndexVertexArray,3,13,1,0,6,120,19,2,1,0.3100000023841858,5,7
MaterialProperties,1,21,8,0,2,114,22,0,0,0.8100000023841858,1,1
TriangleIndexVertexMaterialArray,0,17,0,0,8,64,17,0,2,-1,2,0
TriangleInfo,1,14,4,0,2,79,15,0,0,0.6399999856948853,0,0
TriangleInfoMap,2,22,6,0,4,125,24,0,0,0.5899999737739563,1,2
TriangleMesh,0,25,4,0,11,112,25,0,2,-1,1,3
TriangleMeshShape,1,12,3,0,5,83,12,1,2,0.4199999868869781,2,2
TriangleMeshShapeData,7,1,0,7,1,13,1,0,0,0,2,1
TriangleShape,1,12,1,0,5,59,12,0,3,0.4199999868869781,2,0
UniformScalingShape,1,3,2,0,1,27,3,0,2,0.6700000166893005,1,0
Element,1,10,2,0,2,59,11,0,0,0.5,0,1
UnionFind,1,25,1,0,11,110,26,0,0,0.07999999821186066,1,0
UsageBitfield,1,19,8,0,1,105,19,0,0,0.8899999856948853,0,1
SubSimplexClosestResult,1,26,4,0,8,132,27,0,0,0.3499999940395355,0,1
VoronoiSimplexSolver,2,61,9,0,19,306,63,0,0,0.3799999952316284,3,10
ConeTwistFlags,0,0,0,0,0,8,0,0,0,-1,0,0
ConeTwistConstraint,0,65,23,0,19,345,65,0,1,-1,6,4
ConeTwistConstraintFloatData,11,1,0,11,1,17,1,0,0,0,2,1
ConstraintSolverType,0,0,0,0,0,6,0,0,0,-1,0,0
ConstraintSolver,2,12,1,0,4,72,14,1,0,0.25,3,4
SolverModes,0,0,0,0,0,15,0,0,0,-1,0,3
ContactSolverInfoData,2,48,21,0,2,254,50,1,0,0.8999999761581421,1,0
ContactSolverInfo,0,3,0,0,1,15,3,0,1,-1,0,8
DantzigSolver,0,3,0,0,1,15,3,0,1,-1,0,0
DiscreteDynamicsWorld,1,24,4,0,7,188,27,2,1,0.4199999868869781,13,5
DynamicsWorldType,0,0,0,0,0,8,0,0,0,-1,0,0
DynamicsWorld,7,44,6,0,20,331,60,1,1,0.2000000029802322,10,31
MultiBody,2,174,28,0,55,851,177,0,0,0.3600000143051147,4,9
MultiBodyConstraint,3,29,7,0,9,165,30,3,0,0.3400000035762787,3,1
MultiBodyConstraintSolver,0,4,0,0,1,24,4,0,1,-1,0,1
MultiBodyDynamicsWorld,2,25,2,0,13,124,25,0,2,0.07999999821186066,7,2
MultiBodyJointLimitConstraint,0,3,0,0,1,17,3,0,1,-1,1,0
MultiBodyJointMotor,0,7,0,0,3,33,7,0,1,-1,1,0
MultiBodyLink,1,65,19,0,7,396,65,0,0,0.7799999713897705,1,3
MultiBodyLinkCollider,1,8,2,0,2,44,8,0,1,0.6200000047683716,2,2
MultiBodyPoint2Point,0,7,1,0,2,40,7,0,1,-1,3,0
MultiBodySolverConstraint,3,68,30,0,2,404,69,0,0,0.9300000071525574,1,0
FixedConstraint,0,2,0,0,1,12,2,0,1,-1,2,0
GearConstraint,0,10,3,0,2,61,10,0,1,-1,2,2
GearConstraintFloatData,5,1,0,5,1,11,1,0,0,0,2,1
SixDofFlags,0,0,0,0,0,8,0,0,0,-1,0,0
RotationalLimitMotor,2,48,17,0,7,247,50,0,0,0.7099999785423279,2,1
TranslationalLimitMotor,2,45,13,0,8,281,47,0,0,0.6399999856948853,2,3
Generic6DofConstraint,2,61,13,0,21,328,62,2,1,0.3600000143051147,7,4
Generic6DofConstraintFloatData,9,1,0,9,1,15,1,0,0,0,3,3
RotateOrder,0,0,0,0,0,9,0,0,0,-1,0,2
RotationalLimitMotor2,2,55,23,0,4,291,57,0,0,0.8399999737739563,0,1
TranslationalLimitMotor2,2,50,16,0,5,353,52,0,0,0.7799999713897705,0,1
Generic6DofSpring2Constraint,2,78,12,0,29,391,79,2,1,0.2700000107288361,6,1
Generic6DofSpring2ConstraintFloatData,41,1,0,41,1,47,1,0,0,0,3,1
Generic6DofSpringConstraint,0,24,0,0,12,92,24,0,2,-1,2,2
Generic6DofSpringConstraintFloatData,5,1,0,5,1,11,1,0,0,0,1,1
Hinge2Constraint,0,12,6,0,3,88,12,0,2,-1,2,1
HingeFlags,0,0,0,0,0,9,0,0,0,-1,0,0
HingeConstraint,0,76,20,0,25,371,76,1,1,-1,6,7
HingeAccumulatedAngleConstraint,0,18,1,0,8,85,18,0,2,-1,3,0
HingeConstraintFloatData,13,1,0,13,1,19,1,0,0,0,2,1
IAction,0,2,0,0,0,5,2,3,0,-1,2,3
ActionInterfaceWrapper,5,8,0,0,2,80,9,0,0,0.25,3,1
ICharacterController,0,8,2,0,0,14,8,1,1,-1,2,0
KinematicCharacterController,31,27,5,0,19,718,67,0,2,0.1500000059604645,20,2
KinematicClosestNotMeRayResultCallback,2,2,0,0,2,20,3,0,2,0,4,0
KinematicClosestNotMeConvexResultCallback,4,2,0,0,2,49,6,0,2,0,5,1
MlcpSolver,1,6,1,0,2,31,6,0,1,0.5,1,0
MlcpSolverInterface,1,4,0,0,1,48,5,1,0,0,0,1
NncgConstraintSolver,0,4,1,0,1,21,4,0,1,-1,0,0
Point2PointFlags,0,0,0,0,0,7,0,0,0,-1,0,0
ConstraintSetting,1,9,3,0,0,44,9,0,0,1,0,1
Point2PointConstraint,0,18,5,0,5,97,18,0,1,-1,5,3
Point2PointConstraintFloatData,3,1,0,3,1,9,1,0,0,0,2,1
VehicleTuning,6,1,0,6,1,19,1,0,0,0,0,3
RaycastVehicle,15,21,4,0,15,695,58,0,1,0,12,0
DefaultVehicleRaycaster,1,2,0,0,2,33,2,0,1,0,5,0
RigidBodyFlags,0,0,0,0,0,10,0,0,0,-1,0,1
RigidBody,2,112,25,0,44,593,114,0,1,0.3300000131130219,8,54
RigidBodyFloatData,21,1,0,21,1,28,1,0,0,0,3,2
RigidBodyConstructionInfo,3,41,17,0,3,239,42,0,0,0.8500000238418579,3,11
SequentialImpulseConstraintSolver,0,9,1,0,3,109,9,3,1,-1,0,1
SliderFlags,0,0,0,0,0,17,0,0,0,-1,0,0
SliderConstraint,0,90,43,0,10,497,90,0,1,-1,5,3
SliderConstraintFloatData,9,1,0,9,1,15,1,0,0,0,2,1
ConstraintParam,0,0,0,0,0,7,0,0,0,-1,0,2
TypedConstraintType,0,0,0,0,0,14,0,0,0,-1,0,2
JointFeedback,1,13,4,0,2,94,14,0,0,0.6899999976158142,0,1
TypedConstraint,5,51,14,0,14,506,53,7,0,0.4699999988079071,7,18
ConstraintInfo1,1,9,2,0,2,54,10,0,0,0.5600000023841858,0,6
ConstraintInfo2,1,33,5,0,2,174,34,0,0,0.8799999952316284,0,6
AngularLimit,2,28,10,0,8,157,30,0,0,0.3899999856948853,0,0
TypedConstraintFloatData,13,1,0,13,1,19,1,0,0,0,0,10
UniversalConstraint,0,12,6,0,3,88,12,0,2,-1,2,1
VehicleRaycasterResult,0,0,3,0,0,6,0,0,0,-1,0,4
IVehicleRaycaster,0,1,0,0,0,4,1,1,0,-1,2,3
WheelInfoConstructionInfo,12,0,0,12,0,15,0,0,0,-1,1,3
RaycastInfo,8,0,0,8,0,11,0,0,0,-1,1,3
WheelInfo,25,2,1,25,2,96,4,0,0,0,5,3
FileFlags,0,0,0,0,0,13,0,0,0,-1,0,4
FileVerboseMode,0,0,0,0,0,9,0,0,0,-1,0,4
PointerFixup,0,1,2,0,1,11,1,0,0,-1,0,0
bFile,12,20,4,0,9,870,81,1,0,0.1500000059604645,11,0
DnaID,0,0,0,0,0,18,0,0,0,-1,0,6
BulletFile,8,6,0,7,6,208,14,0,1,0.8299999833106995,6,1
BulletReader,0,11,0,0,11,86,11,0,0,-1,2,3
BulletWorldImporter,0,7,0,0,7,296,26,1,1,-1,16,2
BulletWriter,0,10,0,0,10,83,11,0,0,-1,2,2
BulletXmlWorldImporter,6,20,0,0,2,465,37,0,1,0.1000000014901161,16,0
ChunkPtr4,5,1,0,5,1,18,1,0,0,0,0,3
ChunkPtr8,6,1,0,6,1,20,1,0,0,0,0,3
ChunkInd,5,3,1,5,3,36,3,0,0,0.6700000166893005,3,3
ChunkUtils,0,1,0,0,1,21,4,0,0,-1,3,2
Dna,6,10,3,0,9,429,33,0,0,0.2000000029802322,5,1
ElementDecl,0,4,2,0,4,31,5,0,0,-1,2,3
StructDecl,0,3,2,0,3,40,7,0,0,-1,2,3
TypeDecl,0,4,3,0,4,31,5,0,0,-1,0,5
FileDnaFlags,0,0,0,0,0,6,0,0,0,-1,0,1
NameInfo,0,4,6,0,4,69,7,0,0,-1,0,4
Hacd,3,63,13,0,18,416,76,0,0,0.4600000083446503,1,1
WorldImporter,15,55,6,0,52,1148,77,2,0,0.05000000074505806,58,0
InvalidDataException,0,0,0,0,0,3,0,0,0,-1,0,0
AlignedBroadphasePairArrayDebugView,1,1,1,0,1,23,1,0,0,0,1,0
AlignedBroadphasePairArrayEnumerator,3,4,2,0,4,38,4,0,0,0.5,1,1
AlignedBroadphasePairArray,1,15,2,0,9,108,19,0,0,0.7300000190734863,2,4
AlignedCollisionObjectArrayDebugView,1,1,1,0,1,23,1,0,0,0,1,0
AlignedCollisionObjectArrayEnumerator,3,4,2,0,4,38,4,0,0,0.5,0,1
AlignedCollisionObjectArray,3,29,2,0,9,281,48,0,0,0.3100000023841858,7,5
AlignedIndexedMeshArrayDebugView,1,1,1,0,1,23,1,0,0,0,1,0
AlignedIndexedMeshArrayEnumerator,3,4,2,0,4,38,4,0,0,0.5,1,1
AlignedIndexedMeshArray,1,15,2,0,9,108,19,0,0,0.7300000190734863,2,5
AlignedManifoldArrayDebugView,1,1,1,0,1,23,1,0,0,0,1,0
AlignedManifoldArrayEnumerator,3,4,2,0,4,38,4,0,0,0.5,1,1
AlignedManifoldArray,1,20,2,0,11,137,25,0,0,0.550000011920929,2,6
AlignedVector3Array,1,22,2,0,12,151,27,0,0,0.5899999737739563,3,8
ListDebugView,1,1,1,0,1,21,1,0,0,0,0,0
Vector3ListDebugView,1,1,1,0,1,20,1,0,0,0,0,0
CompoundShapeChildArrayEnumerator,3,4,2,0,4,38,4,0,0,0.5,2,1
UIntArrayEnumerator,3,4,2,0,4,38,4,0,0,0.5,0,1
Vector3ArrayEnumerator,3,4,2,0,4,38,4,0,0,0.5,0,2
FixedSizeArray,2,3,2,0,3,32,3,4,0,1,0,0
CompoundShapeChildArray,1,18,0,0,9,120,23,0,1,0.6700000166893005,4,2
UIntArray,0,9,0,0,7,64,9,0,1,-1,1,4
Vector3Array,0,11,0,0,7,82,15,0,1,-1,2,15
CpuFeature,0,0,0,0,0,8,0,0,0,-1,0,0
CpuFeatureUtility,0,1,1,0,0,10,1,0,0,-1,0,0
DebugDraw,16,34,1,0,24,614,58,1,1,0.2599999904632568,5,7
DefaultMotionState,0,19,4,0,5,99,19,0,1,-1,1,5
GeometryUtil,0,8,0,0,4,41,8,0,0,-1,2,2
IDebugDraw,0,21,1,0,0,31,21,1,0,-1,2,15
DebugDrawModes,0,0,0,0,0,22,0,0,0,-1,0,8
MotionState,3,12,1,0,3,90,13,2,0,0.4199999868869781,1,8
PolarDecomposition,1,14,0,0,6,67,15,0,0,0,1,0
Chunk,2,16,5,0,2,94,18,0,0,0.6899999976158142,0,4
SerializationFlags,0,0,0,0,0,7,0,0,0,-1,0,1
Serializer,18,29,3,0,15,202,32,1,0,0.6600000262260437,2,12
DefaultSerializer,15,19,3,0,16,425,50,0,1,0.1099999994039536,11,2
TransformUtil,0,10,0,0,5,38,10,0,0,-1,3,1
ConvexSeparatingDistanceUtil,1,11,1,0,4,60,12,0,0,0.1800000071525574,2,0
MathUtil,12,37,0,12,37,1151,50,0,0,0.7599999904632568,3,2
Native,2,0,0,2,0,9,0,0,0,-1,0,0
SoftBodyRigidBodyCollisionConfiguration,0,4,0,0,2,17,4,0,2,-1,1,0
Utilities,1,4,0,1,4,59,5,0,0,1,0,4
Matrix,19,112,14,19,112,3050,171,0,0,0.02999999932944775,4,97
Matrix3x3FloatData,3,0,0,3,0,7,0,0,0,-1,1,2
TransformFloatData,3,0,0,3,0,8,0,0,0,-1,2,8
Quaternion,8,61,7,8,61,1313,75,0,0,0,4,25
Vector3,9,97,3,9,97,1880,131,0,0,0,4,168
Vector3FloatData,1,0,0,1,0,5,0,0,0,-1,0,14
Vector4,11,77,3,11,77,1532,102,0,0,0,4,13
AlignedAnchorArrayDebugView,1,1,1,0,1,24,1,0,0,0,1,0
AlignedAnchorArrayEnumerator,3,4,2,0,4,38,4,0,0,0.5,1,1
AlignedAnchorArray,1,15,2,0,9,95,15,0,0,0.7300000190734863,2,3
AlignedClusterArrayDebugView,1,1,1,0,1,24,1,0,0,0,1,0
AlignedClusterArrayEnumerator,3,4,2,0,4,38,4,0,0,0.5,1,1
AlignedClusterArray,1,15,2,0,9,95,15,0,0,0.7300000190734863,2,3
AlignedFaceArrayDebugView,1,1,1,0,1,24,1,0,0,0,1,0
AlignedFaceArrayEnumerator,3,4,2,0,4,38,4,0,0,0.5,1,1
AlignedFaceArray,1,15,2,0,9,95,15,0,0,0.7300000190734863,2,3
AlignedJointArrayDebugView,1,1,1,0,1,24,1,0,0,0,1,0
AlignedJointArrayEnumerator,3,4,2,0,4,38,4,0,0,0.5,1,1
AlignedJointArray,1,15,2,0,9,95,15,0,0,0.7300000190734863,2,3
AlignedLinkArrayDebugView,1,1,1,0,1,24,1,0,0,0,1,0
AlignedLinkArrayEnumerator,3,4,2,0,4,38,4,0,0,0.5,1,1
AlignedLinkArray,1,16,2,0,9,114,20,0,0,0.6200000047683716,2,4
AlignedMaterialArrayDebugView,1,1,1,0,1,24,1,0,0,0,1,0
AlignedMaterialArrayEnumerator,3,4,2,0,4,38,4,0,0,0.5,1,1
AlignedMaterialArray,1,15,2,0,9,95,15,0,0,0.7300000190734863,2,3
AlignedNodeArrayDebugView,1,1,1,0,1,24,1,0,0,0,1,0
AlignedNodeArrayEnumerator,3,4,2,0,4,38,4,0,0,0.5,1,1
AlignedNodeArray,1,16,2,0,9,97,16,0,0,0.6200000047683716,2,9
AlignedSoftBodyArrayDebugView,1,1,1,0,1,24,1,0,0,0,1,0
AlignedSoftBodyArrayEnumerator,3,4,2,0,4,38,4,0,0,0.5,1,1
AlignedSoftBodyArray,1,15,2,0,9,95,15,0,0,0.7300000190734863,2,5
AlignedTetraArrayDebugView,1,1,1,0,1,24,1,0,0,0,1,0
AlignedTetraArrayEnumerator,3,4,2,0,4,38,4,0,0,0.5,1,1
AlignedTetraArray,1,15,2,0,9,95,15,0,0,0.7300000190734863,2,3
NodePtrArrayEnumerator,3,4,2,0,4,38,4,0,0,0.5,0,1
NodePtrArray,0,11,0,0,7,68,11,0,1,-1,2,5
DefaultSoftBodySolver,0,3,0,0,1,17,3,0,1,-1,0,0
SoftBodyCollisionShape,0,1,0,0,0,7,1,0,2,-1,0,0
AeroModel,0,0,0,0,0,10,0,0,0,-1,0,3
CollisionFlags,0,0,0,0,0,13,0,0,0,-1,0,2
FeatureType,0,0,0,0,0,8,0,0,0,-1,0,1
JointType,0,0,0,0,0,6,0,0,0,-1,0,1
MaterialFlags,0,0,0,0,0,7,0,0,0,-1,0,2
PositionSolver,0,0,0,0,0,7,0,0,0,-1,0,0
SolverPresets,0,0,0,0,0,6,0,0,0,-1,0,0
VelocitySolver,0,0,0,0,0,4,0,0,0,-1,0,0
SoftBodyWorldInfo,5,21,9,0,2,156,23,0,0,0.7599999904632568,3,5
AngularJoint,2,4,2,0,0,220,4,0,1,1,2,5
IControl,5,16,1,0,5,124,20,2,0,0.3799999952316284,1,3
Specs,2,20,6,0,3,133,21,0,0,0.75,1,2
Anchor,2,15,7,0,0,108,15,0,0,1,1,1
Body,2,41,8,0,14,225,42,0,0,0.2899999916553497,4,2
ContactJoint,1,10,5,0,0,69,10,0,1,1,1,1
Cluster,6,46,24,0,0,331,46,0,0,1,4,4
Config,1,56,26,0,0,316,56,0,0,1,2,3
Element,1,5,1,0,2,35,6,3,0,0.6000000238418579,0,0
Face,2,8,4,0,0,71,8,0,1,1,2,5
Feature,1,3,1,0,0,31,3,4,1,1,1,0
ImplicitFn,2,6,0,0,2,43,7,1,0,0.3300000131130219,1,1
Impulse,1,16,4,0,2,103,17,0,0,0.6899999976158142,0,2
Joint,2,25,9,0,3,230,27,3,0,0.7200000286102295,5,1
Link,1,14,7,0,0,89,14,0,2,1,1,3
LinearJoint,1,2,1,0,0,50,2,0,1,1,1,1
Material,0,9,4,0,0,48,9,0,1,-1,1,6
Node,1,19,9,0,0,136,19,0,2,1,1,10
Note,1,9,4,0,0,66,9,0,1,1,1,0
Pose,2,17,8,0,0,133,17,0,0,1,1,1
RayFromToCaster,1,19,6,0,3,121,19,0,1,0.8399999737739563,2,0
RigidContact,3,19,7,0,2,137,20,0,0,0.7400000095367432,2,0
sCti,1,12,3,0,2,74,13,0,0,0.5799999833106995,0,2
SoftContact,3,19,6,0,2,153,20,0,0,0.7400000095367432,2,0
SolverState,1,11,5,0,0,60,11,0,0,1,0,1
SRayCast,0,0,4,0,0,7,0,0,0,-1,0,2
Tetra,3,11,6,0,0,91,11,0,2,1,3,2
SoftBody,18,325,25,0,135,1552,340,0,1,0.1599999964237213,35,10
DrawFlags,0,0,0,0,0,19,0,0,0,-1,0,0
SoftBodyHelpers,0,46,0,0,26,507,85,0,0,-1,10,3
LinkDep,0,0,3,0,0,6,0,0,0,-1,0,1
SoftBodySolver,1,21,3,0,7,137,22,1,0,0.2899999916553497,0,2
SoftRigidDynamicsWorld,4,12,3,0,6,125,15,0,2,0.3300000131130219,11,5
SparseSdf,1,16,0,0,7,61,16,0,0,0.119999997317791,1,3
COLLADA,6,9,5,0,5,193,17,0,0,0.6700000166893005,4,1
asset,9,1,9,0,1,96,1,0,0,0,3,35
assetContributor,5,0,5,0,0,53,0,0,0,-1,0,1
fx_surface_init_from_common,4,1,4,0,1,56,1,0,0,0,1,1
fx_surface_face_enum,0,0,0,0,0,23,0,0,0,-1,0,2
common_newparam_type,4,0,4,0,0,51,0,0,0,-1,1,0
fx_sampler2D_common,10,1,10,0,1,112,1,0,0,0,3,2
fx_sampler_wrap_common,0,0,0,0,0,20,0,0,0,-1,0,6
fx_sampler_filter_common,0,0,0,0,0,26,0,0,0,-1,0,6
extra,5,0,5,0,0,56,0,0,0,-1,2,82
technique,2,0,2,0,0,28,0,0,0,-1,0,12
fx_surface_common,14,1,14,0,1,142,1,0,0,0,7,2
fx_surface_init_cube_common,1,0,1,0,0,19,0,0,0,-1,0,1
fx_surface_init_cube_commonAll,1,0,1,0,0,17,0,0,0,-1,0,0
fx_surface_init_cube_commonFace,1,0,1,0,0,17,0,0,0,-1,0,0
fx_surface_init_cube_commonPrimary,2,0,2,0,0,27,0,0,0,-1,1,0
fx_surface_init_volume_common,1,0,1,0,0,18,0,0,0,-1,0,1
fx_surface_init_volume_commonAll,1,0,1,0,0,17,0,0,0,-1,0,0
fx_surface_init_volume_commonPrimary,1,0,1,0,0,17,0,0,0,-1,0,0
fx_surface_init_planar_common,1,0,1,0,0,17,0,0,0,-1,1,1
fx_surface_init_planar_commonAll,1,0,1,0,0,17,0,0,0,-1,0,1
fx_surface_format_hint_common,6,0,6,0,0,61,0,0,0,-1,5,1
fx_surface_format_hint_channels_enum,0,0,0,0,0,26,0,0,0,-1,0,1
fx_surface_format_hint_range_enum,0,0,0,0,0,20,0,0,0,-1,0,1
fx_surface_format_hint_precision_enum,0,0,0,0,0,14,0,0,0,-1,0,1
fx_surface_format_hint_option_enum,0,0,0,0,0,17,0,0,0,-1,0,1
fx_surface_type_enum,0,0,0,0,0,26,0,0,0,-1,0,1
ItemChoiceType,0,0,0,0,0,23,0,0,0,-1,0,1
common_color_or_texture_type,1,0,1,0,0,20,0,1,0,-1,0,4
common_color_or_texture_typeColor,2,0,3,0,0,36,0,0,0,-1,0,0
common_color_or_texture_typeParam,1,0,1,0,0,17,0,0,0,-1,0,0
common_color_or_texture_typeTexture,3,0,3,0,0,35,0,0,0,-1,1,0
common_transparent_type,1,1,1,0,1,23,1,0,1,0,1,4
fx_opaque_enum,0,0,0,0,0,11,0,0,0,-1,0,1
common_float_or_param_type,1,0,1,0,0,18,0,0,0,-1,0,4
common_float_or_param_typeFloat,2,0,2,0,0,27,0,0,0,-1,0,0
common_float_or_param_typeParam,1,0,1,0,0,17,0,0,0,-1,0,0
fx_include_common,2,0,2,0,0,27,0,0,0,-1,0,0
fx_samplerDEPTH_common,6,1,6,0,1,72,1,0,0,0,3,2
fx_samplerRECT_common,10,1,10,0,1,112,1,0,0,0,3,2
fx_samplerCUBE_common,11,1,11,0,1,121,1,0,0,0,3,2
fx_sampler3D_common,11,1,11,0,1,121,1,0,0,0,3,2
fx_sampler1D_common,9,1,9,0,1,101,1,0,0,0,3,2
InputGlobal,2,0,2,0,0,27,0,0,0,-1,0,0
fx_newparam_common,41,0,41,0,0,368,0,0,0,-1,9,1
fx_annotate_common,17,0,17,0,0,154,0,0,0,-1,0,2
fx_modifier_enum_common,0,0,0,0,0,26,0,0,0,-1,0,1
InputLocalOffset,5,0,5,0,0,56,0,0,0,-1,0,8
TargetableFloat,2,0,2,0,0,27,0,0,0,-1,0,12
InputLocal,2,0,2,0,0,27,0,0,0,-1,0,5
instance_material,7,0,7,0,0,76,0,0,0,-1,3,1
instance_materialBind,2,0,2,0,0,27,0,0,0,-1,0,1
instance_materialBind_vertex_input,4,0,4,0,0,46,0,0,0,-1,0,1
assetUnit,2,1,2,0,1,35,1,0,0,0,0,1
UpAxisType,0,0,0,0,0,14,0,0,0,-1,0,1
library_animation_clips,5,0,5,0,0,56,0,0,0,-1,3,0
animation_clip,8,1,8,0,1,91,1,0,0,0,3,1
InstanceWithExtra,4,0,4,0,0,46,0,0,0,-1,1,5
library_animations,5,0,5,0,0,56,0,0,0,-1,3,0
animation,5,0,5,0,0,59,0,0,0,-1,2,1
channel,2,0,2,0,0,28,0,0,0,-1,0,0
sampler,2,0,2,0,0,27,0,0,0,-1,1,0
source,6,0,6,0,0,67,0,0,0,-1,3,5
IDREF_array,4,0,4,0,0,47,0,0,0,-1,0,0
Name_array,4,0,5,0,0,55,0,0,0,-1,0,0
bool_array,4,0,5,0,0,55,0,0,0,-1,0,0
float_array,6,1,7,0,1,82,1,0,0,0,0,0
int_array,6,1,7,0,1,81,1,0,0,0,0,0
sourceTechnique_common,1,0,1,0,0,16,0,0,0,-1,1,1
accessor,5,1,5,0,1,65,1,0,0,0,1,1
param,5,0,5,0,0,57,0,0,0,-1,0,2
library_cameras,5,0,5,0,0,57,0,0,0,-1,3,0
camera,6,0,6,0,0,63,0,0,0,-1,4,1
cameraOptics,3,0,3,0,0,34,0,0,0,-1,3,1
cameraOpticsTechnique_common,1,0,1,0,0,18,0,0,0,-1,0,1
cameraOpticsTechnique_commonOrthographic,4,0,4,0,0,47,0,0,0,-1,2,0
ItemsChoiceType,0,0,0,0,0,14,0,0,0,-1,0,1
cameraOpticsTechnique_commonPerspective,4,0,4,0,0,47,0,0,0,-1,2,0
ItemsChoiceType1,0,0,0,0,0,14,0,0,0,-1,0,1
cameraImager,2,0,2,0,0,26,0,0,0,-1,2,1
library_controllers,5,0,5,0,0,57,0,0,0,-1,3,0
controller,5,0,5,0,0,57,0,0,0,-1,2,1
morph,5,1,5,0,1,62,1,0,0,0,4,0
morphTargets,2,0,2,0,0,26,0,0,0,-1,2,1
MorphMethodType,0,0,0,0,0,11,0,0,0,-1,0,1
skin,6,0,6,0,0,62,0,0,0,-1,4,0
skinJoints,2,0,2,0,0,26,0,0,0,-1,2,1
skinVertex_weights,5,0,5,0,0,52,0,0,0,-1,2,1
library_effects,5,0,5,0,0,57,0,0,0,-1,3,0
effect,8,0,8,0,0,83,0,0,0,-1,6,1
image,11,1,11,0,1,120,1,0,0,0,2,2
effectFx_profile_abstractProfile_COMMON,5,0,5,0,0,56,0,0,0,-1,3,1
effectFx_profile_abstractProfile_COMMONTechnique,6,0,6,0,0,68,0,0,0,-1,2,1
effectFx_profile_abstractProfile_COMMONTechniqueBlinn,10,0,10,0,0,92,0,0,0,-1,3,0
effectFx_profile_abstractProfile_COMMONTechniqueConstant,6,0,6,0,0,59,0,0,0,-1,3,0
effectFx_profile_abstractProfile_COMMONTechniqueLambert,8,0,8,0,0,76,0,0,0,-1,3,0
effectFx_profile_abstractProfile_COMMONTechniquePhong,10,0,10,0,0,92,0,0,0,-1,3,0
library_force_fields,5,0,5,0,0,56,0,0,0,-1,3,0
force_field,5,0,5,0,0,56,0,0,0,-1,3,1
library_geometries,5,0,5,0,0,56,0,0,0,-1,3,0
geometry,5,0,5,0,0,58,0,0,0,-1,2,1
convex_mesh,5,0,5,0,0,60,0,0,0,-1,3,0
vertices,4,0,4,0,0,47,0,0,0,-1,2,2
lines,6,0,6,0,0,63,0,0,0,-1,2,0
linestrips,6,0,6,0,0,64,0,0,0,-1,2,0
polygons,6,0,6,0,0,66,0,0,0,-1,2,0
polygonsPH,2,0,2,0,0,25,0,0,0,-1,0,0
polylist,7,0,7,0,0,71,0,0,0,-1,2,0
triangles,6,0,6,0,0,63,0,0,0,-1,2,0
trifans,6,0,6,0,0,64,0,0,0,-1,2,0
tristrips,6,0,6,0,0,64,0,0,0,-1,2,0
mesh,4,0,4,0,0,51,0,0,0,-1,3,0
spline,4,1,4,0,1,51,1,0,0,0,3,0
splineControl_vertices,2,0,2,0,0,26,0,0,0,-1,2,1
library_images,5,0,5,0,0,56,0,0,0,-1,3,0
library_lights,5,0,5,0,0,56,0,0,0,-1,3,0
light,6,0,6,0,0,64,0,0,0,-1,4,1
lightTechnique_common,1,0,1,0,0,20,0,0,0,-1,0,1
lightTechnique_commonAmbient,1,0,1,0,0,16,0,0,0,-1,1,0
TargetableFloat3,2,0,3,0,0,36,0,0,0,-1,0,9
lightTechnique_commonDirectional,1,0,1,0,0,16,0,0,0,-1,1,0
lightTechnique_commonPoint,4,0,4,0,0,49,0,0,0,-1,2,0
lightTechnique_commonSpot,6,0,6,0,0,70,0,0,0,-1,2,0
library_materials,5,0,5,0,0,56,0,0,0,-1,3,0
material,5,0,5,0,0,55,0,0,0,-1,3,1
instance_effect,6,0,6,0,0,64,0,0,0,-1,3,2
instance_effectTechnique_hint,3,0,3,0,0,37,0,0,0,-1,0,1
instance_effectSetparam,37,0,37,0,0,330,0,0,0,-1,7,1
library_nodes,5,0,5,0,0,56,0,0,0,-1,3,0
node,15,1,15,0,1,165,1,0,0,0,7,2
lookat,2,0,3,0,0,36,0,0,0,-1,0,0
matrix,2,0,3,0,0,36,0,0,0,-1,0,1
rotate,2,0,3,0,0,36,0,0,0,-1,0,1
skew,2,0,3,0,0,36,0,0,0,-1,0,0
ItemsChoiceType2,0,0,0,0,0,23,0,0,0,-1,0,1
instance_controller,6,0,6,0,0,64,0,0,0,-1,2,1
bind_material,4,0,4,0,0,46,0,0,0,-1,4,2
instance_geometry,5,0,5,0,0,55,0,0,0,-1,2,1
NodeType,0,0,0,0,0,11,0,0,0,-1,0,1
library_physics_materials,5,0,5,0,0,56,0,0,0,-1,3,0
physics_material,6,0,6,0,0,64,0,0,0,-1,4,1
physics_materialTechnique_common,3,0,3,0,0,34,0,0,0,-1,1,1
library_physics_models,5,0,5,0,0,56,0,0,0,-1,3,0
physics_model,7,0,7,0,0,75,0,0,0,-1,5,1
rigid_body,5,0,5,0,0,54,0,0,0,-1,3,1
rigid_bodyTechnique_common,6,0,6,0,0,65,0,0,0,-1,4,1
rigid_bodyTechnique_commonDynamic,2,0,2,0,0,27,0,0,0,-1,0,1
rigid_bodyTechnique_commonShape,7,0,7,0,0,79,0,0,0,-1,3,1
rigid_bodyTechnique_commonShapeHollow,2,0,2,0,0,27,0,0,0,-1,0,1
box,2,0,2,0,0,26,0,0,0,-1,1,0
capsule,3,0,3,0,0,35,0,0,0,-1,1,0
cylinder,3,0,3,0,0,35,0,0,0,-1,1,0
plane,2,0,2,0,0,27,0,0,0,-1,1,0
sphere,2,0,2,0,0,26,0,0,0,-1,1,0
tapered_capsule,4,0,4,0,0,44,0,0,0,-1,1,0
tapered_cylinder,4,0,4,0,0,44,0,0,0,-1,1,0
rigid_constraint,7,0,7,0,0,71,0,0,0,-1,5,1
rigid_constraintRef_attachment,2,0,2,0,0,29,0,0,0,-1,0,1
rigid_constraintAttachment,2,0,2,0,0,29,0,0,0,-1,0,1
rigid_constraintTechnique_common,4,0,4,0,0,47,0,0,0,-1,4,1
rigid_constraintTechnique_commonEnabled,2,0,2,0,0,27,0,0,0,-1,0,1
rigid_constraintTechnique_commonInterpenetrate,2,0,2,0,0,27,0,0,0,-1,0,1
rigid_constraintTechnique_commonLimits,2,0,2,0,0,24,0,0,0,-1,2,1
rigid_constraintTechnique_commonLimitsSwing_cone_and_twist,2,0,2,0,0,28,0,0,0,-1,1,1
rigid_constraintTechnique_commonLimitsLinear,2,0,2,0,0,28,0,0,0,-1,1,1
rigid_constraintTechnique_commonSpring,2,0,2,0,0,25,0,0,0,-1,2,1
rigid_constraintTechnique_commonSpringAngular,3,0,3,0,0,39,0,0,0,-1,1,1
rigid_constraintTechnique_commonSpringLinear,3,0,3,0,0,39,0,0,0,-1,1,1
instance_physics_model,8,0,8,0,0,85,0,0,0,-1,4,2
instance_rigid_body,7,0,7,0,0,73,0,0,0,-1,3,1
instance_rigid_bodyTechnique_common,8,1,8,0,1,90,1,0,0,0,4,1
instance_rigid_bodyTechnique_commonDynamic,2,0,2,0,0,27,0,0,0,-1,0,1
instance_rigid_bodyTechnique_commonShape,7,0,7,0,0,79,0,0,0,-1,3,1
instance_rigid_bodyTechnique_commonShapeHollow,2,0,2,0,0,27,0,0,0,-1,0,1
instance_rigid_constraint,4,0,4,0,0,46,0,0,0,-1,1,1
library_physics_scenes,5,0,5,0,0,56,0,0,0,-1,3,0
physics_scene,8,0,8,0,0,83,0,0,0,-1,6,1
physics_sceneTechnique_common,2,0,2,0,0,25,0,0,0,-1,2,1
library_visual_scenes,5,0,5,0,0,56,0,0,0,-1,3,0
visual_scene,6,0,6,0,0,66,0,0,0,-1,4,1
visual_sceneEvaluate_scene,2,0,2,0,0,26,0,0,0,-1,1,1
visual_sceneEvaluate_sceneRender,3,0,3,0,0,34,0,0,0,-1,1,1
COLLADAScene,3,0,3,0,0,35,0,0,0,-1,2,1
VersionType,0,0,0,0,0,11,0,0,0,-1,0,1
ellipsoid,1,0,1,0,0,17,0,0,0,-1,0,0
RobotDescriptionParser,5,7,1,0,2,179,23,0,0,0,6,0
GoalID,2,13,0,2,13,135,18,0,1,0.6899999976158142,4,21
GoalStatus,13,13,0,13,13,163,19,0,1,0.6899999976158142,3,30
GoalStatusArray,2,13,0,2,13,147,25,0,1,0.6899999976158142,4,3
AnalogIOState,3,13,0,3,13,142,17,0,1,0.6899999976158142,4,1
AnalogIOStates,2,13,0,2,13,192,35,0,1,0.6899999976158142,3,0
AnalogOutputCommand,2,13,0,2,13,143,20,0,1,0.6899999976158142,2,0
AssemblyState,14,13,0,14,13,166,15,0,1,0.6899999976158142,2,1
AssemblyStates,2,13,0,2,13,192,35,0,1,0.6899999976158142,3,0
CameraControl,12,13,0,12,13,159,19,0,1,0.6899999976158142,2,1
CameraSettings,4,13,0,4,13,204,30,0,1,0.6899999976158142,3,1
CloseCamera,0,5,2,0,5,259,5,0,1,-1,3,0
Request,10,52,0,10,52,511,85,0,1,0.7300000190734863,5,4
Response,7,52,0,7,52,581,98,0,1,0.6700000166893005,3,4
CollisionAvoidanceState,3,13,0,3,13,173,27,0,1,0.6899999976158142,3,0
CollisionDetectionState,2,13,0,2,13,116,16,0,1,0.6899999976158142,3,0
DigitalIOState,6,13,0,6,13,135,17,0,1,0.6899999976158142,2,1
DigitalIOStates,2,13,0,2,13,192,35,0,1,0.6899999976158142,3,0
DigitalOutputCommand,2,13,0,2,13,131,18,0,1,0.6899999976158142,2,0
EndEffectorCommand,17,13,0,17,13,244,28,0,1,0.6899999976158142,2,0
EndEffectorProperties,21,13,0,21,13,412,38,0,1,0.6899999976158142,2,0
EndEffectorState,23,13,0,23,13,383,32,0,1,0.6899999976158142,4,0
EndpointState,4,13,0,4,13,141,19,0,1,0.6899999976158142,6,1
EndpointStates,2,13,0,2,13,192,35,0,1,0.6899999976158142,3,0
HeadPanCommand,2,13,0,2,13,139,19,0,1,0.6899999976158142,2,0
HeadState,3,13,0,3,13,138,17,0,1,0.6899999976158142,2,0
ITBState,8,13,0,8,13,207,23,0,1,0.6899999976158142,2,1
ITBStates,2,13,0,2,13,192,35,0,1,0.6899999976158142,3,0
JointCommand,7,13,0,7,13,234,38,0,1,0.6899999976158142,2,0
ListCameras,0,5,2,0,5,266,5,0,1,-1,3,0
NavigatorState,5,13,0,5,13,300,53,0,1,0.6899999976158142,2,1
NavigatorStates,2,13,0,2,13,192,35,0,1,0.6899999976158142,3,0
OpenCamera,0,5,2,0,5,272,5,0,1,-1,3,0
RobustControllerStatus,9,13,0,9,13,285,42,0,1,0.6899999976158142,2,0
SEAJointState,14,13,0,14,13,768,139,0,1,0.6899999976158142,3,0
SolvePositionIK,0,5,2,0,5,442,5,0,1,-1,3,0
FollowJointTrajectoryAction,3,13,0,3,13,129,18,0,1,0.6899999976158142,5,0
FollowJointTrajectoryActionFeedback,3,13,0,3,13,129,18,0,1,0.6899999976158142,5,1
FollowJointTrajectoryActionGoal,3,13,0,3,13,129,18,0,1,0.6899999976158142,5,1
FollowJointTrajectoryActionResult,3,13,0,3,13,129,18,0,1,0.6899999976158142,5,1
FollowJointTrajectoryFeedback,5,13,0,5,13,198,30,0,1,0.6899999976158142,4,1
FollowJointTrajectoryGoal,4,13,0,4,13,204,34,0,1,0.6899999976158142,6,1
FollowJointTrajectoryResult,8,13,0,8,13,155,20,0,1,0.6899999976158142,2,1
GripperCommand,2,13,0,2,13,139,19,0,1,0.6899999976158142,2,1
GripperCommandAction,3,13,0,3,13,129,18,0,1,0.6899999976158142,5,0
GripperCommandActionFeedback,3,13,0,3,13,129,18,0,1,0.6899999976158142,5,1
GripperCommandActionGoal,3,13,0,3,13,129,18,0,1,0.6899999976158142,5,1
GripperCommandActionResult,3,13,0,3,13,129,18,0,1,0.6899999976158142,5,1
GripperCommandFeedback,4,13,0,4,13,161,19,0,1,0.6899999976158142,2,1
GripperCommandGoal,1,13,0,1,13,105,16,0,1,0.6899999976158142,3,1
GripperCommandResult,4,13,0,4,13,161,19,0,1,0.6899999976158142,2,1
JointControllerState,12,13,0,12,13,346,36,0,1,0.6899999976158142,3,0
JointTolerance,4,13,0,4,13,189,24,0,1,0.6899999976158142,2,1
JointTrajectoryAction,3,13,0,3,13,129,18,0,1,0.6899999976158142,5,0
JointTrajectoryActionFeedback,3,13,0,3,13,129,18,0,1,0.6899999976158142,5,1
JointTrajectoryActionGoal,3,13,0,3,13,129,18,0,1,0.6899999976158142,5,1
JointTrajectoryActionResult,3,13,0,3,13,129,18,0,1,0.6899999976158142,5,1
JointTrajectoryControllerState,5,13,0,5,13,198,30,0,1,0.6899999976158142,4,0
JointTrajectoryFeedback,0,13,0,0,13,94,15,0,1,-1,2,1
JointTrajectoryGoal,1,13,0,1,13,105,16,0,1,0.6899999976158142,3,1
JointTrajectoryResult,0,13,0,0,13,94,15,0,1,-1,2,1
PidState,13,13,0,13,13,373,38,0,1,0.6899999976158142,5,0
PointHeadAction,3,13,0,3,13,129,18,0,1,0.6899999976158142,5,0
PointHeadActionFeedback,3,13,0,3,13,129,18,0,1,0.6899999976158142,5,1
PointHeadActionGoal,3,13,0,3,13,129,18,0,1,0.6899999976158142,5,1
PointHeadActionResult,3,13,0,3,13,129,18,0,1,0.6899999976158142,5,1
PointHeadFeedback,1,13,0,1,13,116,17,0,1,0.6899999976158142,2,1
PointHeadGoal,5,13,0,5,13,182,22,0,1,0.6899999976158142,6,1
PointHeadResult,0,13,0,0,13,94,15,0,1,-1,2,1
QueryCalibrationState,0,5,2,0,5,220,5,0,1,-1,3,0
Request,1,26,0,1,26,187,30,0,1,0.8100000023841858,4,2
Response,5,26,0,5,26,406,71,0,1,0.6899999976158142,2,2
QueryTrajectoryState,0,5,2,0,5,443,5,0,1,-1,3,0
SingleJointPositionAction,3,13,0,3,13,129,18,0,1,0.6899999976158142,5,0
SingleJointPositionActionFeedback,3,13,0,3,13,129,18,0,1,0.6899999976158142,5,1
SingleJointPositionActionGoal,3,13,0,3,13,129,18,0,1,0.6899999976158142,5,1
SingleJointPositionActionResult,3,13,0,3,13,129,18,0,1,0.6899999976158142,5,1
SingleJointPositionFeedback,4,13,0,4,13,174,22,0,1,0.6899999976158142,3,1
SingleJointPositionGoal,3,13,0,3,13,154,19,0,1,0.6899999976158142,4,1
SingleJointPositionResult,0,13,0,0,13,94,15,0,1,-1,2,1
arrayofdeez,1,13,0,1,13,135,24,0,1,0.6899999976158142,3,0
arraytest,5,13,0,5,13,332,60,0,1,0.6899999976158142,2,0
cgeo,1,13,0,1,13,135,24,0,1,0.6899999976158142,3,0
ptz,6,13,0,6,13,168,21,0,1,0.6899999976158142,2,0
robotMortality,5,13,0,5,13,145,19,0,1,0.6899999976158142,2,0
servosPos,2,13,0,2,13,139,19,0,1,0.6899999976158142,2,0
simpleintarray,2,13,0,2,13,195,35,0,1,0.6899999976158142,2,0
BoolParameter,2,13,0,2,13,131,18,0,1,0.6899999976158142,2,1
Config,5,13,0,5,13,303,60,0,1,0.6899999976158142,7,3
ConfigDescription,4,13,0,4,13,171,27,0,1,0.6899999976158142,4,0
DoubleParameter,2,13,0,2,13,143,20,0,1,0.6899999976158142,2,1
Group,5,13,0,5,13,235,34,0,1,0.6899999976158142,3,1
GroupState,4,13,0,4,13,177,22,0,1,0.6899999976158142,2,1
IntParameter,2,13,0,2,13,143,20,0,1,0.6899999976158142,2,1
ParamDescription,5,13,0,5,13,224,29,0,1,0.6899999976158142,2,1
Reconfigure,0,5,2,0,5,233,5,0,1,-1,3,0
Request,1,13,0,1,13,98,16,0,1,0.6899999976158142,3,1
Response,1,13,0,1,13,102,16,0,1,0.6899999976158142,3,1
SensorLevels,3,13,0,3,13,99,15,0,1,0.9200000166893005,2,0
StrParameter,2,13,0,2,13,147,21,0,1,0.6899999976158142,2,1
JointState,10,13,0,10,13,364,49,0,1,0.6899999976158142,3,0
SimonSays,4,13,0,4,13,185,23,0,1,0.6899999976158142,2,0
ApplyBodyWrench,0,5,2,0,5,361,5,0,1,-1,3,0
Request,52,260,0,52,260,2862,418,0,1,0.6600000262260437,14,20
Response,74,260,0,74,260,3346,472,0,1,0.6499999761581421,8,20
ApplyJointEffort,0,5,2,0,5,331,5,0,1,-1,3,0
BodyRequest,0,5,2,0,5,236,5,0,1,-1,3,0
ContactsState,2,13,0,2,13,147,25,0,1,0.6899999976158142,4,0
ContactState,8,13,0,8,13,365,62,0,1,0.6899999976158142,4,1
DeleteModel,0,5,2,0,5,275,5,0,1,-1,3,0
GetJointProperties,0,5,2,0,5,467,5,0,1,-1,3,0
GetLinkProperties,0,5,2,0,5,468,5,0,1,-1,3,0
GetLinkState,0,5,2,0,5,316,5,0,1,-1,3,0
GetModelProperties,0,5,2,0,5,575,5,0,1,-1,3,0
GetModelState,0,5,2,0,5,342,5,0,1,-1,3,0
GetPhysicsProperties,0,5,2,0,5,334,5,0,1,-1,3,0
GetWorldProperties,0,5,2,0,5,342,5,0,1,-1,3,0
JointRequest,0,5,2,0,5,236,5,0,1,-1,3,0
LinkState,4,13,0,4,13,171,23,0,1,0.6899999976158142,4,2
LinkStates,3,13,0,3,13,234,44,0,1,0.6899999976158142,4,0
ModelState,4,13,0,4,13,171,23,0,1,0.6899999976158142,4,1
ModelStates,3,13,0,3,13,234,44,0,1,0.6899999976158142,4,0
ODEJointProperties,10,13,0,10,13,623,115,0,1,0.6899999976158142,2,1
ODEPhysics,10,13,0,10,13,311,33,0,1,0.6899999976158142,2,2
SetJointProperties,0,5,2,0,5,288,5,0,1,-1,3,0
SetJointTrajectory,0,5,2,0,5,325,5,0,1,-1,3,0
SetLinkProperties,0,5,2,0,5,468,5,0,1,-1,3,0
SetLinkState,0,5,2,0,5,260,5,0,1,-1,3,0
SetModelConfiguration,0,5,2,0,5,415,5,0,1,-1,3,0
SetModelState,0,5,2,0,5,260,5,0,1,-1,3,0
SetPhysicsProperties,0,5,2,0,5,321,5,0,1,-1,3,0
SpawnModel,0,5,2,0,5,372,5,0,1,-1,3,0
WorldState,5,13,0,5,13,288,54,0,1,0.6899999976158142,6,0
Accel,2,13,0,2,13,117,17,0,1,0.6899999976158142,3,6
Point,3,15,0,3,15,188,24,0,1,0.6000000238418579,2,18
Point32,3,13,0,3,13,162,21,0,1,0.6899999976158142,2,2
PointStamped,2,13,0,2,13,117,17,0,1,0.6899999976158142,4,1
Polygon,1,13,0,1,13,135,24,0,1,0.6899999976158142,3,1
PolygonStamped,2,13,0,2,13,117,17,0,1,0.6899999976158142,4,0
Pose,2,13,0,2,13,117,17,0,1,0.6899999976158142,4,31
Pose2D,3,13,0,3,13,162,21,0,1,0.6899999976158142,2,2
PoseArray,2,13,0,2,13,147,25,0,1,0.6899999976158142,4,0
PoseStamped,2,13,0,2,13,117,17,0,1,0.6899999976158142,4,10
PoseWithCovariance,2,13,0,2,13,154,26,0,1,0.6899999976158142,3,3
PoseWithCovarianceStamped,2,13,0,2,13,117,17,0,1,0.6899999976158142,4,2
Quaternion,4,15,0,4,15,211,25,0,1,0.6000000238418579,2,12
QuaternionStamped,2,13,0,2,13,117,17,0,1,0.6899999976158142,4,0
Transform,2,13,0,2,13,117,17,0,1,0.6899999976158142,4,4
TransformStamped,3,13,0,3,13,144,20,0,1,0.6899999976158142,4,5
Twist,2,13,0,2,13,117,17,0,1,0.6899999976158142,3,24
TwistStamped,2,13,0,2,13,117,17,0,1,0.6899999976158142,4,0
TwistWithCovariance,2,13,0,2,13,154,26,0,1,0.6899999976158142,3,3
TwistWithCovarianceStamped,2,13,0,2,13,117,17,0,1,0.6899999976158142,4,0
Vector3,3,15,0,3,15,185,24,0,1,0.6000000238418579,2,23
Vector3Stamped,2,13,0,2,13,117,17,0,1,0.6899999976158142,4,0
Wrench,2,13,0,2,13,125,17,0,1,0.6899999976158142,3,10
WrenchStamped,2,13,0,2,13,117,17,0,1,0.6899999976158142,4,0
histogramsnapshot,1,13,0,1,13,146,25,0,1,0.6899999976158142,2,0
MCLSnapshot,2,13,0,2,13,199,35,0,1,0.6899999976158142,2,0
ClipFootstep,0,5,2,0,5,233,5,0,1,-1,3,0
Request,8,52,0,8,52,437,68,0,1,0.6700000166893005,4,4
Response,13,52,0,13,52,660,95,0,1,0.7300000190734863,3,4
ExecFootstepsAction,3,13,0,3,13,129,18,0,1,0.6899999976158142,5,0
ExecFootstepsActionFeedback,3,13,0,3,13,129,18,0,1,0.6899999976158142,5,1
ExecFootstepsActionGoal,3,13,0,3,13,129,18,0,1,0.6899999976158142,5,1
ExecFootstepsActionResult,3,13,0,3,13,129,18,0,1,0.6899999976158142,5,1
ExecFootstepsFeedback,1,13,0,1,13,135,24,0,1,0.6899999976158142,3,1
ExecFootstepsGoal,2,13,0,2,13,158,26,0,1,0.6899999976158142,3,1
ExecFootstepsResult,1,13,0,1,13,135,24,0,1,0.6899999976158142,3,1
PlanFootsteps,0,5,2,0,5,384,5,0,1,-1,3,0
PlanFootstepsBetweenFeet,0,5,2,0,5,410,5,0,1,-1,3,0
StepTarget,4,13,0,4,13,120,16,0,1,0.6899999976158142,3,5
StepTargetService,0,5,2,0,5,221,5,0,1,-1,3,0
IRosMessage,4,19,0,2,19,167,19,333,0,0.6299999952316284,1,373
IRosService,4,8,2,2,6,145,8,67,0,0.6200000047683716,3,2
ServiceMessageType,0,0,0,0,0,6,0,0,0,-1,0,0
TimeData,2,4,0,2,4,43,4,0,0,0,0,35
MsgTypes,0,0,0,0,0,451,0,0,0,-1,0,366
SrvTypes,0,0,0,0,0,74,0,0,0,-1,0,70
GetMapROI,0,5,2,0,5,316,5,0,1,-1,3,0
Request,13,78,0,13,78,835,124,0,1,0.7599999904632568,3,6
Response,4,78,0,4,78,615,102,0,1,0.7599999904632568,5,6
GetPointMap,0,5,2,0,5,221,5,0,1,-1,3,0
GetPointMapROI,0,5,2,0,5,388,5,0,1,-1,3,0
OccupancyGridUpdate,6,13,0,6,13,250,34,0,1,0.6899999976158142,3,0
PointCloud2Update,5,13,0,5,13,144,19,0,1,0.6899999976158142,4,0
ProjectedMap,3,13,0,3,13,151,20,0,1,0.6899999976158142,3,0
ProjectedMapInfo,7,13,0,7,13,258,30,0,1,0.6899999976158142,2,2
ProjectedMapsInfo,0,5,2,0,5,250,5,0,1,-1,3,0
SaveMap,0,5,2,0,5,235,5,0,1,-1,3,0
SetMapProjections,0,5,2,0,5,251,5,0,1,-1,3,0
MoveBaseAction,3,13,0,3,13,129,18,0,1,0.6899999976158142,5,0
MoveBaseActionFeedback,3,13,0,3,13,129,18,0,1,0.6899999976158142,5,1
MoveBaseActionGoal,3,13,0,3,13,129,18,0,1,0.6899999976158142,5,1
MoveBaseActionResult,3,13,0,3,13,129,18,0,1,0.6899999976158142,5,1
MoveBaseFeedback,1,13,0,1,13,105,16,0,1,0.6899999976158142,3,1
MoveBaseGoal,1,13,0,1,13,105,16,0,1,0.6899999976158142,3,1
MoveBaseResult,0,13,0,0,13,94,15,0,1,-1,2,1
GetMap,0,5,2,0,5,221,5,0,1,-1,3,0
Request,5,39,0,5,39,328,51,0,1,0.7699999809265137,5,3
Response,3,39,0,3,39,303,47,0,1,0.6899999976158142,4,3
GetMapAction,3,13,0,3,13,129,18,0,1,0.6899999976158142,5,0
GetMapActionFeedback,3,13,0,3,13,129,18,0,1,0.6899999976158142,5,1
GetMapActionGoal,3,13,0,3,13,129,18,0,1,0.6899999976158142,5,1
GetMapActionResult,3,13,0,3,13,129,18,0,1,0.6899999976158142,5,1
GetMapFeedback,0,13,0,0,13,94,15,0,1,-1,2,1
GetMapGoal,0,13,0,0,13,94,15,0,1,-1,2,1
GetMapResult,1,13,0,1,13,105,16,0,1,0.6899999976158142,3,1
GetPlan,0,5,2,0,5,270,5,0,1,-1,3,0
GridCells,4,13,0,4,13,193,29,0,1,0.6899999976158142,4,0
MapMetaData,5,13,0,5,13,189,22,0,1,0.6899999976158142,5,1
OccupancyGrid,3,13,0,3,13,170,27,0,1,0.6899999976158142,4,5
Odometry,4,13,0,4,13,156,21,0,1,0.6899999976158142,5,1
Path,2,13,0,2,13,147,25,0,1,0.6899999976158142,4,3
SetMap,0,5,2,0,5,245,5,0,1,-1,3,0
GetObjectInformation,0,5,2,0,5,233,5,0,1,-1,3,0
Request,1,13,0,1,13,98,16,0,1,0.6899999976158142,3,1
Response,1,13,0,1,13,102,16,0,1,0.6899999976158142,3,1
ObjectInformation,3,13,0,3,13,144,20,0,1,0.6899999976158142,4,1
ObjectRecognitionAction,3,13,0,3,13,129,18,0,1,0.6899999976158142,5,0
ObjectRecognitionActionFeedback,3,13,0,3,13,129,18,0,1,0.6899999976158142,5,1
ObjectRecognitionActionGoal,3,13,0,3,13,129,18,0,1,0.6899999976158142,5,1
ObjectRecognitionActionResult,3,13,0,3,13,129,18,0,1,0.6899999976158142,5,1
ObjectRecognitionFeedback,0,13,0,0,13,94,15,0,1,-1,2,1
ObjectRecognitionGoal,2,13,0,2,13,157,25,0,1,0.6899999976158142,2,1
ObjectRecognitionResult,1,13,0,1,13,105,16,0,1,0.6899999976158142,3,1
ObjectType,2,13,0,2,13,147,21,0,1,0.6899999976158142,2,2
RecognizedObject,7,13,0,7,13,248,39,0,1,0.6899999976158142,8,1
RecognizedObjectArray,3,13,0,3,13,200,35,0,1,0.6899999976158142,4,1
Table,3,13,0,3,13,159,26,0,1,0.6899999976158142,5,1
TableArray,2,13,0,2,13,147,25,0,1,0.6899999976158142,4,0
BoundingBoxQuery,0,5,2,0,5,234,5,0,1,-1,3,0
Request,2,26,0,2,26,196,32,0,1,0.8100000023841858,3,2
Response,1,26,0,1,26,192,31,0,1,0.8100000023841858,3,2
GetOctomap,0,5,2,0,5,221,5,0,1,-1,3,0
Octomap,5,13,0,5,13,219,31,0,1,0.6899999976158142,3,2
OctomapWithPose,3,13,0,3,13,129,18,0,1,0.6899999976158142,5,0
ModelCoefficients,2,13,0,2,13,158,26,0,1,0.6899999976158142,3,0
PointIndices,2,13,0,2,13,158,26,0,1,0.6899999976158142,3,0
PolygonMesh,3,13,0,3,13,159,26,0,1,0.6899999976158142,5,0
Vertices,1,13,0,1,13,146,25,0,1,0.6899999976158142,2,1
GetPath,0,5,2,0,5,232,5,0,1,-1,3,0
Request,5,65,0,5,65,507,81,0,1,0.6800000071525574,4,5
Response,9,65,0,9,65,602,86,0,1,0.6499999761581421,3,5
SetFloat,0,5,2,0,5,267,5,0,1,-1,3,0
SetInt,0,5,2,0,5,267,5,0,1,-1,3,0
SetPath,0,5,2,0,5,260,5,0,1,-1,3,0
SetPose,0,5,2,0,5,260,5,0,1,-1,3,0
imgData,6,13,0,6,13,220,26,0,1,0.6899999976158142,3,2
imgDataArray,1,13,0,1,13,135,24,0,1,0.6899999976158142,3,0
recalibrateMsg,2,13,0,2,13,117,17,0,1,0.6899999976158142,4,0
TwoInts,0,5,2,0,5,279,5,0,1,-1,3,0
Request,2,13,0,2,13,132,19,0,1,0.6899999976158142,2,1
Response,1,13,0,1,13,113,17,0,1,0.6899999976158142,2,1
GetLoggers,0,5,2,0,5,251,5,0,1,-1,3,0
Request,2,26,0,2,26,226,36,0,1,0.8100000023841858,2,2
Response,1,26,0,1,26,222,39,0,1,0.8100000023841858,3,2
Logger,2,13,0,2,13,147,21,0,1,0.6899999976158142,2,1
SetLoggerLevel,0,5,2,0,5,264,5,0,1,-1,3,0
Clock,1,13,0,1,13,108,15,0,1,0.6899999976158142,4,1
Log,13,13,0,13,13,314,41,0,1,0.6899999976158142,3,1
ArmMovement,3,13,0,3,13,150,19,0,1,0.6899999976158142,2,0
ArmStatus,4,13,0,4,13,173,21,0,1,0.6899999976158142,2,0
BatteryState,35,13,0,35,13,436,44,0,1,0.6899999976158142,3,0
CameraInfo,11,13,0,11,13,436,68,0,1,0.6899999976158142,4,1
ChannelFloat32,2,13,0,2,13,173,28,0,1,0.6899999976158142,2,1
CompressedImage,3,13,0,3,13,168,25,0,1,0.6899999976158142,3,1
FluidPressure,3,13,0,3,13,151,20,0,1,0.6899999976158142,3,0
Illuminance,3,13,0,3,13,151,20,0,1,0.6899999976158142,3,0
Image,7,13,0,7,13,248,31,0,1,0.6899999976158142,3,0
Imu,7,13,0,7,13,288,49,0,1,0.6899999976158142,5,3
JointState,5,13,0,5,13,321,57,0,1,0.6899999976158142,3,2
Joy,3,13,0,3,13,211,36,0,1,0.6899999976158142,3,0
JoyFeedback,6,13,0,6,13,144,17,0,1,0.6899999976158142,2,1
JoyFeedbackArray,1,13,0,1,13,135,24,0,1,0.6899999976158142,3,0
LaserEcho,1,13,0,1,13,146,25,0,1,0.6899999976158142,2,1
LaserScan,10,13,0,10,13,372,50,0,1,0.6899999976158142,3,0
MagneticField,3,13,0,3,13,166,27,0,1,0.6899999976158142,4,0
MultiDOFJointState,5,13,0,5,13,288,54,0,1,0.6899999976158142,6,0
MultiEchoLaserScan,10,13,0,10,13,350,48,0,1,0.6899999976158142,4,0
NavSatFix,11,13,0,11,13,254,33,0,1,0.6899999976158142,4,0
NavSatStatus,10,13,0,10,13,155,19,0,1,0.6899999976158142,2,1
PointCloud,3,13,0,3,13,189,34,0,1,0.6899999976158142,5,0
PointCloud2,9,13,0,9,13,297,39,0,1,0.6899999976158142,4,5
PointField,12,13,0,12,13,193,22,0,1,0.6899999976158142,2,1
Range,8,13,0,8,13,212,24,0,1,0.6899999976158142,3,0
RegionOfInterest,5,13,0,5,13,196,23,0,1,0.6899999976158142,2,1
RelativeHumidity,3,13,0,3,13,151,20,0,1,0.6899999976158142,3,0
SetCameraInfo,0,5,2,0,5,260,5,0,1,-1,3,0
Request,1,13,0,1,13,98,16,0,1,0.6899999976158142,3,1
Response,2,13,0,2,13,128,18,0,1,0.6899999976158142,2,1
Temperature,3,13,0,3,13,151,20,0,1,0.6899999976158142,3,0
TimeReference,3,13,0,3,13,147,19,0,1,0.6899999976158142,5,0
AddTwoInts,0,5,2,0,5,285,5,0,1,-1,3,0
Request,2,13,0,2,13,132,19,0,1,0.6899999976158142,2,1
Response,1,13,0,1,13,119,18,0,1,0.6899999976158142,2,1
Mesh,2,13,0,2,13,177,33,0,1,0.6899999976158142,4,2
MeshTriangle,1,13,0,1,13,142,25,0,1,0.6899999976158142,2,1
Plane,1,13,0,1,13,142,25,0,1,0.6899999976158142,2,0
SolidPrimitive,14,13,0,14,13,181,25,0,1,0.6899999976158142,2,0
Bool,1,13,0,1,13,104,15,0,1,0.6899999976158142,2,0
Byte,1,13,0,1,13,104,15,0,1,0.6899999976158142,2,0
ByteMultiArray,2,13,0,2,13,141,22,0,1,0.6899999976158142,3,0
Char,1,13,0,1,13,116,17,0,1,0.6899999976158142,2,0
ColorRGBA,4,13,0,4,13,185,23,0,1,0.6899999976158142,2,1
Duration,1,14,0,1,14,149,16,0,1,0.6399999856948853,3,16
Empty,0,13,0,0,13,94,15,0,1,-1,2,0
Float32,1,13,0,1,13,116,17,0,1,0.6899999976158142,2,0
Float32MultiArray,2,13,0,2,13,158,26,0,1,0.6899999976158142,3,0
Float64,1,13,0,1,13,116,17,0,1,0.6899999976158142,2,0
Float64MultiArray,2,13,0,2,13,158,26,0,1,0.6899999976158142,3,0
Header,3,14,3,0,14,211,21,0,1,0.7099999785423279,4,135
Int16,1,13,0,1,13,116,17,0,1,0.6899999976158142,2,0
Int16MultiArray,2,13,0,2,13,158,26,0,1,0.6899999976158142,3,0
Int32,1,13,0,1,13,116,17,0,1,0.6899999976158142,2,0
Int32MultiArray,2,13,0,2,13,158,26,0,1,0.6899999976158142,3,0
Int64,1,13,0,1,13,116,17,0,1,0.6899999976158142,2,0
Int64MultiArray,2,13,0,2,13,158,26,0,1,0.6899999976158142,3,0
Int8,1,13,0,1,13,116,17,0,1,0.6899999976158142,2,0
Int8MultiArray,2,13,0,2,13,158,26,0,1,0.6899999976158142,3,0
MultiArrayDimension,3,13,0,3,13,166,22,0,1,0.6899999976158142,2,1
MultiArrayLayout,2,13,0,2,13,158,26,0,1,0.6899999976158142,3,11
String,1,14,0,1,14,127,20,0,1,0.5699999928474426,2,1
Time,1,15,0,1,15,163,17,0,1,0.6000000238418579,3,34
UInt16,1,13,0,1,13,116,17,0,1,0.6899999976158142,2,0
UInt16MultiArray,2,13,0,2,13,158,26,0,1,0.6899999976158142,3,0
UInt32,1,13,0,1,13,116,17,0,1,0.6899999976158142,2,0
UInt32MultiArray,2,13,0,2,13,158,26,0,1,0.6899999976158142,3,0
UInt64,1,13,0,1,13,116,17,0,1,0.6899999976158142,2,0
UInt64MultiArray,2,13,0,2,13,158,26,0,1,0.6899999976158142,3,0
UInt8,1,13,0,1,13,104,15,0,1,0.6899999976158142,2,0
UInt8MultiArray,2,13,0,2,13,141,22,0,1,0.6899999976158142,3,0
Empty,0,5,2,0,5,211,5,0,1,-1,3,0
Request,1,39,0,1,39,270,44,0,1,0.8500000238418579,2,3
Response,4,39,0,4,39,346,50,0,1,0.7400000095367432,2,3
SetBool,0,5,2,0,5,259,5,0,1,-1,3,0
Trigger,0,5,2,0,5,248,5,0,1,-1,3,0
FrameGraph,0,5,2,0,5,236,5,0,1,-1,3,0
Request,0,13,0,0,13,87,15,0,1,-1,2,1
Response,1,13,0,1,13,117,18,0,1,0.6899999976158142,2,1
tfMessage,1,13,0,1,13,135,24,0,1,0.6899999976158142,3,1
FrameGraph,0,5,2,0,5,236,5,0,1,-1,3,0
Request,0,13,0,0,13,87,15,0,1,-1,2,1
Response,1,13,0,1,13,117,18,0,1,0.6899999976158142,2,1
LookupTransformAction,3,13,0,3,13,129,18,0,1,0.6899999976158142,5,0
LookupTransformActionFeedback,3,13,0,3,13,129,18,0,1,0.6899999976158142,5,1
LookupTransformActionGoal,3,13,0,3,13,129,18,0,1,0.6899999976158142,5,1
LookupTransformActionResult,3,13,0,3,13,129,18,0,1,0.6899999976158142,5,1
LookupTransformFeedback,0,13,0,0,13,94,15,0,1,-1,2,1
LookupTransformGoal,7,13,0,7,13,230,24,0,1,0.6899999976158142,5,1
LookupTransformResult,2,13,0,2,13,117,17,0,1,0.6899999976158142,4,1
TF2Error,9,13,0,9,13,145,18,0,1,0.6899999976158142,2,1
TFMessage,1,13,0,1,13,135,24,0,1,0.6899999976158142,3,0
Packet,6,13,0,6,13,233,30,0,1,0.6899999976158142,3,0
DemuxAdd,0,5,2,0,5,236,5,0,1,-1,3,0
Request,6,104,0,6,104,845,138,0,1,0.699999988079071,2,8
Response,4,104,0,4,104,885,148,0,1,0.7900000214576721,2,8
DemuxDelete,0,5,2,0,5,236,5,0,1,-1,3,0
DemuxList,0,5,2,0,5,266,5,0,1,-1,3,0
DemuxSelect,0,5,2,0,5,263,5,0,1,-1,3,0
MuxAdd,0,5,2,0,5,236,5,0,1,-1,3,0
MuxDelete,0,5,2,0,5,236,5,0,1,-1,3,0
MuxList,0,5,2,0,5,266,5,0,1,-1,3,0
MuxSelect,0,5,2,0,5,263,5,0,1,-1,3,0
JointTrajectory,3,13,0,3,13,204,36,0,1,0.6899999976158142,4,3
JointTrajectoryPoint,5,13,0,5,13,320,55,0,1,0.6899999976158142,4,3
MultiDOFJointTrajectory,3,13,0,3,13,204,36,0,1,0.6899999976158142,4,0
MultiDOFJointTrajectoryPoint,4,13,0,4,13,234,42,0,1,0.6899999976158142,6,1
InterfaceCommand,10,13,0,10,13,138,18,0,1,0.6899999976158142,2,0
RunDescription,6,13,0,6,13,255,33,0,1,0.6899999976158142,2,0
camera_sliders,9,13,0,9,13,300,33,0,1,0.6899999976158142,2,0
Dibs,1,13,0,1,13,116,17,0,1,0.6899999976158142,2,0
Point2,2,13,0,2,13,139,19,0,1,0.6899999976158142,2,2
Waypoints,2,13,0,2,13,188,34,0,1,0.6899999976158142,3,0
WindowState,4,13,0,4,13,163,21,0,1,0.6899999976158142,3,0
EDB,2,3,0,0,2,77,5,0,0,0,0,23
ROS,31,38,4,7,27,640,55,0,0,0.3400000035762787,24,46
InitOption,0,0,0,0,0,6,0,0,0,-1,0,1
AdvertiseOptions<T>,10,7,0,10,7,74,9,0,0,0.8600000143051147,3,0
"AdvertiseServiceOptions<MReq,MRes>",11,2,0,11,2,33,2,0,0,0,4,0
Callback<T>,4,8,0,3,6,96,11,0,1,0.3799999952316284,6,0
Item,4,0,0,4,0,7,0,0,0,-1,3,1
CallbackInterface,3,8,0,0,6,77,9,3,0,0.8799999952316284,5,10
CallResult,0,0,0,0,0,6,0,0,0,-1,0,5
CallbackQueue,10,15,2,4,11,250,29,0,1,0,8,7
TLS,2,3,3,1,3,67,4,0,0,0,1,1
CallbackQueueInterface,0,3,0,0,3,28,3,1,0,-1,1,12
ICallbackInfo,6,1,0,6,1,16,1,1,0,0,3,3
IDInfo,2,0,0,2,0,5,0,0,0,-1,0,1
CallOneResult,0,0,0,0,0,7,0,0,0,-1,0,1
Connection,23,18,1,18,8,403,42,0,0,0,5,10
DropReason,0,0,0,0,0,6,0,0,0,-1,0,8
ConnectionManager,10,10,2,1,8,200,15,0,0,0.300000011920929,12,8
Header,1,5,0,1,4,68,10,0,0,0.4000000059604645,1,13
LocalPublisherLink,3,6,1,0,6,94,10,0,1,0.3300000131130219,5,2
LocalSubscriberLink,3,6,1,0,5,75,8,0,1,0.3300000131130219,6,2
master,4,7,0,4,6,203,30,0,0,0,9,4
MessageAndSerializerFunc,4,1,0,0,0,15,1,0,0,0,1,4
InvalidNameException,0,1,0,0,1,7,1,0,0,-1,0,1
names,2,12,0,2,11,135,32,0,0,0,2,4
network,2,4,0,2,4,53,10,0,0,0.5,0,7
NodeHandle,12,87,2,0,81,888,134,0,0,0.01999999955296516,18,30
NodeHandleBackingCollection,5,1,0,5,1,22,1,0,0,0,0,1
Param,8,32,0,3,30,533,64,0,0,0.09000000357627869,7,4
PendingConnection,5,5,1,3,5,60,9,0,1,0,5,1
Poll_Signal,6,5,2,2,2,99,9,1,0,0.4000000059604645,1,2
PollManager,8,7,1,4,5,104,12,0,0,0,5,6
PollSet,1,8,0,0,8,108,17,0,1,0.6200000047683716,4,3
SocketInfo,5,0,0,5,0,8,0,0,0,-1,1,2
Publication,18,19,3,16,16,350,34,0,0,0.1099999994039536,14,6
PeerConnDisconnCallback,2,2,0,2,2,19,2,0,1,0,4,0
Publisher<M>,1,3,0,0,3,41,6,0,1,0,4,0
IPublisher,7,2,1,7,1,32,3,1,0,0,3,1
PublisherLink,8,5,1,7,4,65,8,2,0,0.6000000238418579,4,2
Stats,6,0,0,6,0,9,0,0,0,-1,0,7
RemappingHelper,0,1,0,0,1,86,15,0,0,-1,1,1
RosOutAppender,6,6,2,0,3,102,12,0,0,0,6,1
ROSOUT_LEVEL,0,0,0,0,0,9,0,0,0,-1,0,2
ScopedTimer,1,1,0,0,0,56,1,0,0,0,1,3
ScopedTimerRecord,4,2,0,0,0,25,4,0,0,0,0,1
Service,0,3,0,0,3,79,11,0,0,-1,6,0
"ServiceCallbackHelperParams<MReq,MRes>",2,0,0,2,0,5,0,0,1,-1,0,0
IServiceCallbackHelperParams,3,0,0,3,0,5,0,1,0,-1,1,0
"ServiceCallbackHelper<MReq,MRes>",1,2,0,0,1,17,2,0,1,0,0,0
IServiceCallbackHelper,2,6,0,1,3,46,6,1,0,0.5,3,0
"ServiceClient<MReq,MRes>",0,3,0,0,2,32,5,0,1,-1,1,0
ServiceClient<MSrv>,0,3,0,0,2,33,5,0,1,-1,2,0
IServiceClient,8,4,1,0,1,68,12,2,0,0.75,5,1
IServiceClientLink,3,10,0,3,9,193,27,0,0,0,9,4
ServiceClientOptions,4,2,0,4,2,22,2,0,0,0,0,1
ServiceManager,11,15,1,0,1,272,25,0,0,0.1299999952316284,13,9
"ServicePublication<MReq,MRes>",1,4,0,1,2,102,6,0,1,0.5,4,0
ServiceCallback,6,3,0,0,2,57,5,0,1,0,5,0
IServicePublication,11,5,0,0,1,54,6,1,0,0.800000011920929,5,2
ServiceServer,4,4,1,0,3,39,5,0,0,0,2,1
IServiceServerLink,14,17,0,10,6,320,37,2,0,0,12,2
"ServiceServerLink<MReq,MRes>",0,2,0,0,2,20,3,0,1,-1,1,0
ServiceServerLink<MSrv>,0,2,0,0,2,20,3,0,1,-1,1,0
CallInfo,7,1,0,0,0,14,1,0,0,0,1,1
SingleSubscriberPublisher,1,2,2,1,2,24,2,0,0,0,1,2
Spinner,0,3,0,0,3,20,3,2,0,-1,1,0
SingleThreadSpinner,0,3,0,0,3,24,5,0,1,-1,3,0
MultiThreadSpinner,0,3,0,0,3,22,3,0,1,-1,0,0
AsyncSpinner,0,5,0,0,5,31,5,0,0,-1,1,0
SubscribeOptions<T>,10,2,0,10,2,36,3,0,0,1,1,0
Subscriber<M>,0,4,1,0,4,57,4,0,1,-1,3,0
ISubscriber,6,3,1,5,2,37,5,1,0,0.6700000166893005,4,1
SubscriberCallbacks,3,3,0,3,2,22,3,0,0,1,2,5
SubscriberLink,5,4,3,4,2,78,5,2,0,1,4,3
Subscription,16,19,3,13,17,561,36,0,0,0,29,6
CallbackInfo<M>,0,1,0,0,1,7,1,0,1,-1,0,0
LatchInfo,4,0,0,4,0,7,0,0,0,-1,3,1
SubscriptionCallbackHelper<M>,0,4,0,0,4,22,4,0,1,-1,3,0
ISubscriptionCallbackHelper,1,3,1,1,1,24,3,1,0,1,3,8
TcpTransport,25,28,2,22,23,636,84,0,0,0.2099999934434891,7,10
Flags,0,0,0,0,0,4,0,0,0,-1,0,1
this_node,2,2,0,2,2,48,9,0,0,0,3,15
SimTime,6,2,2,0,1,64,5,0,0,1,6,2
TimerManager,1,5,0,0,5,92,5,0,0,0,1,3
WrappedTimer,5,6,3,0,6,164,12,0,0,0,1,3
TopicInfo,0,1,2,0,1,12,1,0,0,-1,0,1
TopicManager,8,35,1,0,33,715,79,0,0,0.05999999865889549,18,7
TransportPublisherLink,6,11,0,2,5,196,32,0,1,0.1800000071525574,14,1
TransportSubscriberLink,7,11,0,1,6,168,20,0,1,0.1800000071525574,11,1
XmlRpcManager,18,16,1,5,14,394,36,0,0,0.3100000023841858,9,6
FunctionInfo,3,0,0,3,0,6,0,0,0,-1,1,0
CachedXmlRpcClient,5,9,3,1,6,111,9,0,0,0.2199999988079071,3,2
Socket,12,34,7,6,32,333,47,0,0,0.6200000047683716,3,2
TimeCache,5,21,0,0,13,255,30,0,0,0.1400000005960464,7,5
ATransformAccum,1,3,0,1,3,7,3,2,0,1,3,0
CanTransformAccum,0,3,0,0,3,15,3,0,1,-1,2,1
TransformAccum,7,4,0,7,4,68,7,0,1,0,5,1
Transformer,11,32,0,0,21,582,106,0,0,0.05999999865889549,14,0
emMatrix3x3,1,6,0,1,5,107,9,0,0,0.3300000131130219,3,1
Euler,3,0,0,3,0,6,0,0,0,-1,0,1
emTransform,5,7,2,5,7,87,7,0,0,0.4300000071525574,4,2
emQuaternion,4,15,4,4,15,222,17,0,0,0.3300000131130219,3,8
emVector3,3,9,1,3,9,112,9,0,0,0.3300000131130219,1,9
TF_STATUS,0,0,0,0,0,7,0,0,0,-1,0,1
WalkEnding,0,0,0,0,0,7,0,0,0,-1,0,4
Stamped<T>,3,2,0,3,2,17,2,0,0,1,1,0
TimeAndFrameID,2,1,0,2,1,11,1,0,0,0,0,2
TransformStorage,5,2,0,5,2,24,2,0,0,0,5,3
AsyncXmlRpcConnection,0,3,0,0,3,8,3,1,0,-1,1,1
XmlRpcServerMethod,3,4,1,2,4,43,5,2,0,0.75,2,3
XmlRpcClient,22,27,12,1,13,631,62,0,1,0.07000000029802322,10,3
ConnectionState,0,0,0,0,0,9,0,0,0,-1,0,1
XmlRpcDispatch,4,9,0,0,8,218,32,0,0,0.4399999976158142,3,5
EventType,0,0,0,0,0,8,0,0,0,-1,0,7
DispatchRecord,2,0,0,2,0,5,0,0,0,-1,2,1
XmlRpcServer,16,25,2,0,18,430,41,0,1,0.07999999821186066,9,5
ListMethods,0,3,0,0,1,19,3,0,1,-1,2,0
MethodHelp,0,3,0,0,2,25,5,0,1,-1,4,0
XmlRpcServerConnection,7,8,0,0,5,176,22,0,1,0,9,1
ServerConnectionState,0,0,0,0,0,6,0,0,0,-1,0,1
XmlRpcSource,3,8,1,0,7,103,13,3,0,0.6200000047683716,4,4
XmlRpcException,1,2,0,0,2,15,2,0,0,0,0,1
HTTPHeaderField,0,0,0,0,0,56,0,0,0,-1,0,1
HTTPHeader,4,5,7,0,3,185,15,0,0,0.6000000238418579,4,3
STATUS,0,0,0,0,0,7,0,0,0,-1,0,4
XmlRpcUtil,2,5,0,1,5,49,6,0,0,0.6000000238418579,1,7
XMLRPC_LOG_LEVEL,0,0,0,0,0,9,0,0,0,-1,0,7
XmlRpcValue,23,34,4,8,24,693,62,0,0,0.05999999865889549,4,16
ValueType,0,0,0,0,0,13,0,0,0,-1,0,10
tm,9,0,0,9,0,12,0,0,0,-1,0,1
AxisTouchButton,6,5,0,4,2,68,10,0,0,0,2,0
ButtonHandler,1,7,0,1,6,44,7,0,0,0.4300000071525574,1,0
CrossPlatformInputManager,3,24,1,0,22,311,26,0,0,0,4,10
ActiveInputMethod,0,0,0,0,0,5,0,0,0,-1,0,1
VirtualAxis,1,4,4,0,4,45,4,0,0,1,0,8
VirtualButton,3,5,5,0,5,74,6,0,0,0.800000011920929,0,3
InputAxisScrollbar,1,2,0,1,1,11,2,0,0,1,1,0
Joystick,9,8,0,4,3,111,16,0,0,0.25,3,0
AxisOption,0,0,0,0,0,12,0,0,0,-1,0,2
MobileControlRig,0,6,0,0,0,75,9,0,0,-1,0,0
TiltInput,5,3,0,4,0,88,7,0,0,0,5,0
AxisOptions,0,0,0,0,0,5,0,0,0,-1,0,2
AxisMapping,2,0,0,2,0,15,0,0,0,-1,1,2
MappingType,0,0,0,0,0,7,0,0,0,-1,0,4
TiltInputAxisStylePropertyDrawer,0,1,0,0,1,40,3,0,0,-1,0,0
TouchPad,17,8,0,6,2,148,16,0,0,0.25,4,0
ControlStyle,0,0,0,0,0,6,0,0,0,-1,0,1
VirtualInput,3,21,1,0,21,126,25,2,0,0.7099999785423279,2,1
MobileInput,0,13,0,0,11,127,23,0,1,-1,3,0
StandaloneInput,0,11,0,0,11,73,11,0,1,-1,0,0
TiltInput,5,3,0,4,0,88,7,0,0,0,5,0
AxisOptions,0,0,0,0,0,5,0,0,0,-1,0,0
AxisMapping,2,0,0,2,0,15,0,0,0,-1,1,0
MappingType,0,0,0,0,0,7,0,0,0,-1,0,0
TiltInputAxisStylePropertyDrawer,0,1,0,0,1,40,3,0,0,-1,0,0
WaterBasic,0,1,0,0,0,26,3,0,0,-1,0,0
Displace,0,3,0,0,3,30,4,1,0,-1,0,0
GerstnerDisplace,0,0,0,0,0,3,0,0,1,-1,0,0
MeshContainer,3,2,0,3,2,21,2,0,0,0,0,0
PlanarReflection,9,15,0,5,6,277,31,0,0,0.2000000029802322,1,1
SpecularLighting,2,2,0,1,2,27,4,0,0,0,1,0
Water,14,9,0,6,1,396,39,0,0,0.2199999988079071,1,0
WaterMode,0,0,0,0,0,6,0,0,0,-1,0,1
WaterQuality,0,0,0,0,0,6,0,0,0,-1,0,1
WaterBase,3,3,0,3,3,65,9,0,0,0,1,3
WaterTile,2,4,0,2,3,61,10,0,0,0,2,0
ActivateTrigger,5,2,0,5,0,88,5,0,0,0,1,0
Mode,0,0,0,0,0,9,0,0,0,-1,0,1
AutoMobileShaderSwitch,1,1,0,0,0,72,1,0,0,0,0,0
ReplacementDefinition,2,0,0,2,0,6,0,0,0,-1,0,2
ReplacementList,1,0,0,1,0,5,0,0,0,-1,1,0
ReplacementListDrawer,2,2,0,0,2,111,8,0,0,0,0,0
AutoMoveAndRotate,4,2,0,3,0,35,3,0,0,0,1,0
Vector3andSpace,2,0,0,2,0,6,0,0,0,-1,0,1
CameraRefocus,5,5,0,3,5,52,7,0,0,0,0,0
CurveControlledBob,9,2,0,4,2,47,4,0,0,0,0,0
DragRigidbody,7,3,0,0,0,89,10,0,0,0,0,0
DynamicShadowSettings,11,2,0,8,0,45,4,0,0,0,0,0
FollowTarget,2,1,0,2,0,11,1,0,0,0,0,0
FOVKick,6,5,0,6,4,66,9,0,0,0,0,0
FPSCounter,6,2,0,0,0,31,3,0,0,0,0,0
LerpControlledBob,3,2,0,2,2,38,4,0,0,0,0,0
ObjectResetter,4,3,0,0,2,49,6,0,0,0,0,0
ParticleSystemDestroyer,4,2,0,2,1,54,5,0,0,0,0,0
PlatformSpecificContent,4,5,0,0,0,97,13,0,0,0.6000000238418579,1,0
BuildTargetGroup,0,0,0,0,0,5,0,0,0,-1,0,1
SimpleActivatorMenu,3,2,0,2,1,32,3,0,0,0,0,0
SimpleMouseRotator,10,2,0,6,0,106,7,0,0,0,1,0
SmoothFollow,5,2,0,0,0,56,3,0,0,1,0,0
TimedObjectActivator,1,4,0,1,0,75,6,0,0,0,3,2
Action,0,0,0,0,0,8,0,0,0,-1,0,6
Entry,3,0,0,3,0,7,0,0,0,-1,1,4
Entries,1,0,0,1,0,5,0,0,0,-1,1,2
EntriesDrawer,2,2,0,0,2,123,11,0,0,0,2,0
TimedObjectDestructor,2,2,0,0,0,21,3,0,0,1,0,0
WaypointCircuit,15,8,2,2,2,209,17,0,0,0,2,5
WaypointList,2,0,0,2,0,6,0,0,0,-1,1,4
RoutePoint,2,1,0,2,1,12,1,0,0,0,0,4
WaypointListDrawer,2,2,0,0,2,158,12,0,0,0,2,0
TransformNameComparer,0,1,0,0,1,7,1,0,0,-1,0,0
WaypointProgressTracker,12,4,3,1,1,146,10,0,0,0,3,0
ProgressStyle,0,0,0,0,0,5,0,0,0,-1,0,1
AutoMobileShaderSwitch,1,1,0,0,0,72,1,0,0,0,0,0
ReplacementDefinition,2,0,0,2,0,6,0,0,0,-1,0,0
ReplacementList,1,0,0,1,0,5,0,0,0,-1,1,0
ReplacementListDrawer,2,2,0,0,2,111,8,0,0,0,0,0
TimedObjectActivator,1,4,0,1,0,75,6,0,0,1,3,0
Action,0,0,0,0,0,8,0,0,0,-1,0,0
Entry,3,0,0,3,0,7,0,0,0,-1,1,0
Entries,1,0,0,1,0,5,0,0,0,-1,1,0
EntriesDrawer,2,2,0,0,2,123,11,0,0,0,2,0
WaypointCircuit,15,8,2,2,2,209,17,0,0,0.5,2,0
WaypointList,2,0,0,2,0,6,0,0,0,-1,1,0
RoutePoint,2,1,0,2,1,12,1,0,0,0,1,0
WaypointListDrawer,2,2,0,0,2,158,12,0,0,0,2,0
TransformNameComparer,0,1,0,0,1,7,1,0,0,-1,0,0
BrakeLight,2,2,0,1,0,19,2,0,0,0,1,0
CarAIControl,22,4,0,0,1,214,8,0,0,0,2,0
BrakeCondition,0,0,0,0,0,7,0,0,0,-1,0,1
CarAudio,18,5,0,12,0,177,11,0,0,0,2,0
EngineAudioOptions,0,0,0,0,0,5,0,0,0,-1,0,1
CarDriveType,0,0,0,0,0,6,0,0,0,-1,0,1
SpeedType,0,0,0,0,0,5,0,0,0,-1,0,1
CarController,28,15,7,0,1,348,35,0,0,0,3,5
CarSelfRighting,4,3,0,0,0,39,5,0,0,0,0,0
CarUserControl,1,2,0,0,0,26,2,0,0,0,2,0
Mudguard,2,2,0,1,0,18,2,0,0,0,1,0
SkidTrail,1,1,0,0,0,18,3,0,0,0,0,0
Suspension,3,2,0,1,0,21,2,0,0,0,0,0
WheelEffects,6,6,2,3,5,88,11,0,0,0,0,1
AAMode,0,0,0,0,0,10,0,0,0,-1,0,2
Antialiasing,22,3,0,15,3,160,7,0,1,0,1,1
Bloom,30,7,0,25,2,352,22,0,1,0,5,1
LensFlareStyle,0,0,0,0,0,6,0,0,0,-1,0,1
TweakMode,0,0,0,0,0,5,0,0,0,-1,0,1
HDRBloomMode,0,0,0,0,0,11,0,0,0,-1,0,2
BloomScreenBlendMode,0,0,0,0,0,9,0,0,0,-1,0,2
BloomQuality,0,0,0,0,0,5,0,0,0,-1,0,1
LensflareStyle34,0,0,0,0,0,6,0,0,0,-1,0,1
TweakMode34,0,0,0,0,0,5,0,0,0,-1,0,1
BloomAndFlares,34,6,0,26,1,282,16,0,1,0,4,1
BloomOptimized,8,3,0,6,1,103,7,0,1,0,2,0
Resolution,0,0,0,0,0,5,0,0,0,-1,0,1
BlurType,0,0,0,0,0,11,0,0,0,-1,0,3
Blur,4,5,1,3,1,102,9,0,0,0.6000000238418579,0,0
BlurOptimized,6,3,0,5,3,87,7,0,1,0,1,0
CameraMotionBlur,30,10,0,18,1,375,30,0,1,0,1,1
MotionBlurFilter,0,0,0,0,0,7,0,0,0,-1,0,1
ColorCorrectionCurves,24,6,0,17,2,175,18,0,1,0.3300000131130219,2,1
ColorCorrectionMode,0,0,0,0,0,5,0,0,0,-1,0,1
ColorCorrectionLookup,4,7,0,3,4,124,24,0,1,0,0,1
ColorCorrectionRamp,1,1,0,1,0,11,1,0,1,0,0,0
ContrastEnhance,7,2,0,5,1,74,4,0,1,0,0,0
ContrastStretch,13,5,4,7,0,194,17,0,0,0.4000000059604645,0,0
CreaseShading,9,2,0,6,1,76,5,0,1,0,0,0
DepthOfField,25,8,0,18,1,381,23,0,1,0,2,1
BlurSampleCount,0,0,0,0,0,5,0,0,0,-1,0,1
DepthOfFieldDeprecated,43,15,0,26,1,421,45,0,1,0.1299999952316284,5,1
Dof34QualitySetting,0,0,0,0,0,5,0,0,0,-1,0,1
DofResolution,0,0,0,0,0,6,0,0,0,-1,0,1
DofBlurriness,0,0,0,0,0,6,0,0,0,-1,0,1
BokehDestination,0,0,0,0,0,6,0,0,0,-1,0,1
EdgeDetection,11,5,0,9,1,83,9,0,1,0,1,0
EdgeDetectMode,0,0,0,0,0,8,0,0,0,-1,0,1
Fisheye,4,2,0,3,1,40,4,0,1,0,0,0
GlobalFog,9,3,0,8,1,144,6,0,1,0,0,0
Grayscale,2,1,0,2,0,15,1,0,1,0,0,0
ImageEffectBase,2,2,1,1,0,49,5,6,0,1,0,1
ImageEffects,0,3,0,0,3,35,4,0,0,-1,0,2
MotionBlur,3,3,0,2,0,65,6,0,1,0.6700000166893005,1,0
NoiseAndGrain,18,3,0,15,1,174,11,0,1,0,0,1
NoiseAndScratches,18,4,1,12,0,135,9,0,0,0.75,0,0
PostEffectsBase,3,13,0,0,2,237,27,22,0,0.2300000041723251,0,1
PostEffectsHelper,0,4,0,0,0,182,10,0,0,-1,0,0
Quads,2,4,0,0,2,116,13,0,0,0,0,1
ScreenOverlay,5,2,0,4,1,63,4,0,1,0,1,0
OverlayBlendMode,0,0,0,0,0,8,0,0,0,-1,0,1
ScreenSpaceAmbientObscurance,8,3,0,7,1,95,8,0,1,0,0,0
ScreenSpaceAmbientOcclusion,11,7,0,9,0,199,15,0,0,0.2899999916553497,1,0
SSAOSamples,0,0,0,0,0,6,0,0,0,-1,0,1
SepiaTone,0,1,0,0,0,10,1,0,1,-1,0,0
SunShafts,14,2,0,12,1,141,10,0,1,0,2,1
SunShaftsResolution,0,0,0,0,0,6,0,0,0,-1,0,1
ShaftsScreenBlendMode,0,0,0,0,0,5,0,0,0,-1,0,1
TiltShift,7,2,0,6,1,69,7,0,1,0,2,0
TiltShiftMode,0,0,0,0,0,5,0,0,0,-1,0,1
TiltShiftQuality,0,0,0,0,0,6,0,0,0,-1,0,1
Tonemapping,13,5,0,9,2,268,28,0,1,0,2,1
TonemapperType,0,0,0,0,0,10,0,0,0,-1,0,2
AdaptiveTexSize,0,0,0,0,0,10,0,0,0,-1,0,1
Triangles,2,4,0,0,0,105,13,0,0,0,0,0
Twirl,3,1,0,3,0,16,1,0,1,0,1,0
VignetteAndChromaticAberration,14,2,0,11,1,108,8,0,1,0,1,0
AberrationMode,0,0,0,0,0,5,0,0,0,-1,0,1
Vortex,3,1,0,3,0,14,1,0,1,0,1,0
BasicDemo,8,2,0,0,0,82,5,0,1,1,9,0
Program,0,1,0,0,0,11,1,0,0,-1,1,0
BenchmarkDemo,5,6,0,0,1,372,16,0,1,0.3300000131130219,21,0
Program,0,1,0,0,0,11,1,0,0,-1,1,0
Taru,1,0,0,1,0,49,0,0,0,-1,0,1
Box2DDemo,5,2,0,1,0,119,5,0,1,1,14,0
Program,0,1,0,0,0,11,1,0,0,-1,1,0
BspConverter,0,2,0,0,2,66,9,1,0,-1,11,1
BspToBulletConverter,1,2,0,0,2,26,3,0,1,0,5,0
BspDemo,2,2,0,0,0,41,2,0,1,1,6,0
Program,0,1,0,0,0,11,1,0,0,-1,1,0
BspBrush,0,0,3,0,0,6,0,0,0,-1,0,2
BspBrushSide,0,0,2,0,0,5,0,0,0,-1,0,2
BspEntity,0,1,3,0,1,13,1,0,0,-1,0,1
BspLeaf,8,0,0,8,0,11,0,0,0,-1,1,2
BspLump,2,0,0,2,0,6,0,0,0,-1,0,1
BspPlane,2,0,0,2,0,5,0,0,0,-1,1,2
ContentFlags,0,0,0,0,0,8,0,0,0,-1,0,2
BspShader,3,0,0,3,0,6,0,0,0,-1,1,2
IBspLumpType,0,0,0,0,0,19,0,0,0,-1,0,1
VBspLumpType,0,0,0,0,0,60,0,0,0,-1,0,1
BspLoader,0,3,8,0,3,292,23,0,0,-1,10,2
CcdPhysicsDemo,5,5,0,0,2,136,12,0,1,0.4000000059604645,15,0
Program,0,1,0,0,0,11,1,0,0,-1,1,0
BspConverter,0,2,0,0,2,66,9,1,0,-1,11,1
BspBrush,0,0,3,0,0,6,0,0,0,-1,0,2
BspBrushSide,0,0,2,0,0,5,0,0,0,-1,0,2
BspEntity,0,1,3,0,1,13,1,0,0,-1,0,1
BspLeaf,8,0,0,8,0,11,0,0,0,-1,1,2
BspLump,2,0,0,2,0,6,0,0,0,-1,0,1
BspPlane,2,0,0,2,0,5,0,0,0,-1,1,2
ContentFlags,0,0,0,0,0,8,0,0,0,-1,0,2
BspShader,3,0,0,3,0,6,0,0,0,-1,1,2
IBspLumpType,0,0,0,0,0,19,0,0,0,-1,0,1
VBspLumpType,0,0,0,0,0,60,0,0,0,-1,0,1
BspLoader,0,3,8,0,3,294,23,0,0,-1,10,2
BspToBulletConverter,1,2,0,0,2,33,4,0,1,0,5,0
CharacterDemo,6,5,0,0,3,146,11,0,1,0.4000000059604645,20,0
Program,0,1,0,0,0,11,1,0,0,-1,1,0
DrawingResult,1,2,0,0,2,20,2,0,1,0,4,1
CollisionInterfaceDemo,4,3,0,0,1,83,4,0,1,0.6700000166893005,11,0
Program,0,1,0,0,0,11,1,0,0,-1,1,0
ConvexcastBatch,25,6,0,0,6,191,17,0,0,0,8,1
ConcaveConvexCastDemo,15,5,0,0,2,171,13,0,1,0,20,0
Program,0,1,0,0,0,11,1,0,0,-1,1,0
RaycastBar,20,6,0,0,6,174,15,0,0,0,6,1
ConcaveRaycastDemo,13,5,0,0,2,168,12,0,1,0.4000000059604645,20,0
Program,0,1,0,0,0,11,1,0,0,-1,1,0
ConstraintDemo,11,3,0,2,0,454,3,0,1,0.6700000166893005,21,0
Program,0,1,0,0,0,11,1,0,0,-1,1,0
ConvexDecomposition,5,2,1,2,2,100,7,0,0,0,3,1
ConvexDecompositionDemo,5,7,0,1,3,272,21,0,1,0.5699999928474426,23,1
Program,0,1,0,0,0,11,1,0,0,-1,1,0
WavefrontObj,6,5,2,0,2,140,11,0,0,0,1,1
Demo,18,15,10,0,9,556,46,21,0,0.1299999952316284,36,16
PositionColored,3,2,0,3,2,20,2,0,0,0,1,0
PositionedNormal,2,2,0,2,2,18,2,0,0,0,1,0
MeshFactory,0,18,0,0,13,906,58,0,0,-1,24,0
MeshFactory2,0,11,0,0,9,579,27,0,0,-1,22,0
Keys,0,0,0,0,0,22,0,0,0,-1,0,10
MouseButtons,0,0,0,0,0,6,0,0,0,-1,0,3
Size,2,0,0,2,0,4,0,0,0,-1,0,2
Point,2,0,0,2,0,4,0,0,0,-1,0,3
GraphicsLibraryManager,1,2,0,1,2,11,2,0,0,1,2,22
GraphicsForm,1,1,0,1,1,7,1,0,0,0,1,3
Graphics,5,7,0,5,7,42,7,0,0,1,2,23
FreeLook,3,3,0,3,3,20,3,0,0,1,2,22
Input,9,2,0,9,2,71,2,0,0,1,4,10
Clock,0,2,0,0,2,9,2,0,0,-1,0,1
DistanceDemo,9,3,0,0,1,95,3,0,1,0.6700000166893005,16,0
Program,0,1,0,0,0,11,1,0,0,-1,1,0
FeatherStoneDemo,9,6,0,0,1,260,19,0,1,0.5,16,0
Program,0,1,0,0,0,11,1,0,0,-1,1,0
BunnyMesh,2,0,0,2,0,1365,0,0,0,-1,0,1
GImpactTestDemo,8,6,0,0,3,266,10,0,1,0.3300000131130219,18,0
Program,0,1,0,0,0,11,1,0,0,-1,1,0
TorusMesh,2,0,0,2,0,910,0,0,0,-1,0,1
MotorDemo,9,6,0,0,1,271,10,0,1,0.3300000131130219,11,0
TestRig,4,4,0,0,4,162,12,0,0,0,10,1
Program,0,1,0,0,0,11,1,0,0,-1,1,0
PendulumDemo,4,3,0,0,1,117,5,0,1,0.6700000166893005,13,0
Program,0,1,0,0,0,11,1,0,0,-1,1,0
BodyPart,0,0,0,0,0,9,0,0,0,-1,0,1
Joint,0,0,0,0,0,9,0,0,0,-1,0,1
Ragdoll,7,2,0,0,1,197,4,0,0,0,12,1
RagdollDemo,3,3,0,0,0,52,3,0,1,0.6700000166893005,8,0
Program,0,1,0,0,0,11,1,0,0,-1,1,0
RollingFrictionDemo,8,2,0,0,0,110,6,0,1,1,10,0
Program,0,1,0,0,0,11,1,0,0,-1,1,0
CustomBulletWorldImporter,0,2,0,0,2,20,4,0,2,-1,6,0
SerializeDemo,8,2,0,0,0,129,8,0,1,1,13,0
Program,0,1,0,0,0,11,1,0,0,-1,1,0
Bunny,0,2,0,0,2,1845,2,0,0,-1,0,1
BunnyMesh,2,0,0,2,0,1365,0,0,0,-1,0,2
ImplicitSphere,2,2,0,0,2,16,2,0,1,0,1,0
MotorControl,2,1,2,0,1,22,1,0,1,0,1,2
SteerControl,2,3,1,0,3,23,3,0,1,0,2,1
SoftDemo,16,56,1,3,3,1182,94,0,1,0.05000000074505806,44,0
Program,0,1,0,0,0,11,1,0,0,-1,1,0
TorusMesh,2,0,0,2,0,910,0,0,0,-1,0,1
CustomVehicle,15,21,4,0,15,695,57,0,1,0,12,1
VehicleDemo,26,4,0,3,2,385,13,0,1,0.5,18,0
Program,0,1,0,0,0,11,1,0,0,-1,1,0
BunnyRainTest,10,2,0,8,0,90,5,0,0,1,5,0
ExtendedFlycam,8,2,0,6,0,79,6,0,0,1,0,0
RBRainTest,6,2,0,5,0,73,4,0,0,1,3,0
SelectMesh,0,0,0,0,0,10,0,0,0,-1,0,0
RopeSticksArray,7,2,0,7,0,80,4,0,0,1,4,0
ShootBox,6,1,0,5,0,55,3,0,0,0,5,0
BCharacterController,3,7,0,2,5,114,13,0,1,0,11,1
BCollisionCallbacks,0,5,0,0,5,26,7,1,1,-1,2,0
BCollisionCallbacksDefault,4,6,0,0,6,144,19,0,2,0,4,0
PersistentManifoldList,1,0,0,1,0,4,0,0,0,-1,0,1
BCollisionObject,8,16,4,0,7,304,34,4,0,0.119999997317791,8,6
BICollisionCallbackEventHandler,0,2,0,0,0,5,2,1,0,-1,1,4
BGameObjectMotionState,2,3,0,1,3,28,3,0,1,0,4,1
BGhostObject,2,5,1,0,3,105,13,1,1,0.4000000059604645,9,1
BPairCachingGhostObject,3,6,1,0,3,161,25,1,2,0.3300000131130219,16,1
BPhysicsWorld,25,20,13,2,16,712,94,0,0,0,34,15
WorldType,0,0,0,0,0,7,0,0,0,-1,0,1
CollisionConfType,0,0,0,0,0,5,0,0,0,-1,0,1
BroadphaseType,0,0,0,0,0,7,0,0,0,-1,0,1
BDefaultCollisionHandler,1,3,0,0,3,38,8,0,0,0,6,1
BPhysicsWorldLateHelper,8,5,0,0,2,65,11,0,0,0,5,1
BRigidBody,20,14,20,1,8,534,39,0,1,0.1400000005960464,16,11
BSExtensionMethods2,2,19,0,2,19,367,20,0,0,0.6800000071525574,3,3
BTerrainCollisionObject,1,3,0,0,1,93,12,0,1,0,7,1
BUtility,3,10,0,3,10,384,23,0,0,0.6000000238418579,0,7
BBoxShape,2,3,2,0,3,62,5,0,1,0,3,1
BBvhTriangleMeshShape,2,4,2,0,3,70,6,0,1,0.5,3,0
BCapsuleShape,4,4,4,0,3,132,8,0,1,0,4,1
CapsuleAxis,0,0,0,0,0,6,0,0,0,-1,0,2
BCollisionShape,2,6,0,1,4,42,7,11,0,0.6700000166893005,1,7
CollisionShapeType,0,0,0,0,0,14,0,0,0,-1,0,0
BCompoundShape,2,4,1,0,3,115,14,0,1,0,4,0
BConeShape,3,3,3,0,3,83,5,0,1,0,3,1
BConvexHullShape,2,4,2,0,3,70,6,0,1,0.5,2,1
BConvexTriangleMeshShape,2,4,2,0,3,72,6,0,1,0.5,3,1
BCylinderShape,2,3,2,0,3,65,5,0,1,0,3,1
BHeightfieldTerrainShape,3,6,0,1,4,88,13,0,1,0.5,4,1
BMultiSphereShape,2,4,1,1,3,63,8,0,1,0,5,0
Sphere,2,0,0,2,0,5,0,0,0,-1,0,1
BSphereShape,2,3,2,0,3,61,5,0,1,0,3,1
B6DOFConstraint,7,1,6,1,0,177,11,0,1,0,8,0
BBallSocketConstraint,1,1,0,1,0,67,10,0,1,0,5,0
BConeTwistConstraint,7,1,6,1,0,177,9,0,1,0,6,0
BFixedConstraint,1,1,0,1,0,72,11,0,1,0,6,0
BHingedConstraint,9,2,8,1,1,212,16,0,1,0,7,0
BSliderConstraint,5,1,4,1,0,152,11,0,1,0,7,0
BTypedConstraint,13,14,10,0,8,369,27,6,0,0.1400000005960464,6,2
ConstraintType,0,0,0,0,0,5,0,0,0,-1,0,7
DebugDrawUnity,1,21,1,0,21,135,21,0,2,0.949999988079071,5,2
BPrimitiveMeshSettings,0,1,0,0,1,6,1,8,0,-1,0,0
BUserMeshSettings,7,1,1,6,1,39,2,0,1,0,0,5
BBoxMeshSettings,1,1,0,1,1,12,1,0,1,0,1,1
BConeMeshSettings,3,1,0,3,1,18,1,0,1,0,1,1
BCapsuleMeshSettings,4,1,1,4,1,24,1,0,1,0,2,1
BCylinderMeshSettings,3,1,1,3,1,23,1,0,1,0,1,1
BSphereMeshSettings,3,1,0,3,1,18,1,0,1,0,1,3
BAnyMeshSettings,18,1,0,18,1,88,2,1,1,0,3,2
BAnyMeshSettingsForEditor,2,0,1,1,0,14,0,0,2,-1,0,1
BPlaneMeshSettings,4,1,0,4,1,19,1,0,1,0,1,0
PrimitiveMeshOptions,0,0,0,0,0,13,0,0,0,-1,0,2
ProceduralPrimitives,0,16,0,0,16,1407,100,0,0,-1,0,8
BSoftBody,5,8,2,0,4,124,16,2,1,0.5,6,2
BSoftBodyRope,4,3,1,2,2,154,14,0,2,0,11,2
RopeSettings,6,0,0,6,0,14,0,0,0,-1,0,2
RopeAnchor,2,0,0,2,0,12,0,0,0,-1,0,2
BSoftBodyWMesh,2,3,1,1,2,92,8,0,2,0,8,2
SBSettings,12,2,0,12,2,212,7,0,0,0,7,5
SBSettingsPresets,0,0,0,0,0,13,0,0,0,-1,0,5
SBConfig,27,1,0,26,1,169,1,0,0,0,1,2
SBMaterial,4,1,0,4,1,33,1,0,0,0,1,1
BDebug,0,4,0,0,4,55,8,0,0,-1,1,1
DebugType,0,0,0,0,0,9,0,0,0,-1,0,3
BBox,1,2,0,1,2,24,2,0,1,0,2,1
BCapsule,1,2,0,1,2,28,2,0,1,0,2,1
BCone,1,2,0,1,2,28,2,0,1,0,2,1
BConvexHull,1,2,0,1,2,24,2,0,1,0,2,2
BConvexTriMesh,1,2,0,1,2,24,2,0,1,1,3,1
BCylinder,1,2,0,1,2,25,2,0,1,0,2,1
BPrimitive,1,3,0,1,3,39,4,7,0,1,0,1
BSphere,1,2,0,1,2,25,2,0,1,0,2,3
Path,1,1,1,0,1,10,1,0,0,0,1,0
PathSample,3,2,0,3,2,18,2,0,0,1,0,2
PathPlanner,8,10,0,2,5,108,17,0,0,0,1,0
ActionClient<ActionSpec>,9,15,0,0,7,237,19,0,0,0,11,0
GoalManager<ActionSpec>,6,9,0,3,8,139,10,0,0,0.3300000131130219,11,0
ClientGoalHandle<ActionSpec>,5,9,0,0,9,317,24,0,0,0,11,0
CommStateMachine<ActionSpec>,6,15,0,0,11,444,26,0,0,0.2000000029802322,11,0
CommState,1,3,0,1,2,66,3,0,0,0.6700000166893005,1,3
StateEnum,0,0,0,0,0,43,0,0,0,-1,0,8
ConnectionMonitor,8,10,0,0,8,245,11,0,0,0,8,1
DurationExtension,0,2,0,0,2,14,2,0,0,-1,2,0
SimpleActionClient<ActionSpec>,13,20,0,0,13,504,35,0,0,0.2000000029802322,13,0
SimpleClientGoalState,2,5,0,0,4,81,6,0,0,0.4000000059604645,1,1
SimpleGoalState,1,2,0,1,2,45,2,0,0,0,1,1
TerminalState,2,4,0,1,3,55,4,0,0,0.5,1,2
ClientGoalStatus,1,6,0,1,4,110,8,0,0,0.3300000131130219,3,0
DestructionGuard,3,4,0,0,3,92,4,0,0,0.5,0,4
ScopedProtector,2,2,0,0,2,33,2,0,0,0,1,2
GoalIDGenerator,3,4,0,0,4,56,4,0,0,0,4,1
ManagedList<T>,1,4,1,0,4,170,4,0,0,0.75,3,0
TrackedElement,4,4,0,1,3,49,4,0,0,0.5,1,3
Handle,2,4,0,0,3,34,5,0,0,0.75,2,5
Iterator,1,3,1,0,2,38,5,0,0,0,2,3
Action<T>,0,0,0,0,0,20,0,0,0,-1,0,0
ActionGoal,1,0,1,0,0,5,0,0,0,-1,0,0
ActionResult,1,0,1,0,0,5,0,0,0,-1,0,0
ActionFeedback,1,0,1,0,0,5,0,0,0,-1,0,0
AGoal,0,4,0,0,4,7,4,3,1,-1,0,1
AResult,0,4,0,0,4,7,4,3,1,-1,0,3
AFeedback,0,4,0,0,4,7,4,3,1,-1,0,2
AActionGoal,0,1,3,0,1,7,1,4,1,-1,0,5
AActionResult,0,2,3,0,2,8,2,4,1,-1,0,3
AActionFeedback,0,1,3,0,1,7,1,4,1,-1,0,3
AAction,0,2,3,0,2,9,2,3,1,-1,0,0
ActionGoalDecorator,1,14,3,0,14,99,14,0,2,0.1400000005960464,3,0
ActionResultDecorator,1,15,3,0,15,104,15,0,2,0.1299999952316284,3,0
ActionFeedbackDecorator,1,14,3,0,14,99,14,0,2,0.1400000005960464,3,0
MessageEvent<T>,3,17,0,0,17,99,19,0,1,0.239999994635582,4,0
IHardwareInterface,0,3,0,0,0,6,3,2,0,-1,0,0
HardwareInterface,1,3,0,0,3,18,3,1,1,0,0,4
HardwareInterfaceException,1,2,0,0,2,9,2,0,0,0,0,1
IClaimResources,0,1,0,0,0,4,1,2,0,-1,1,1
ClaimResources,1,2,0,1,1,8,2,0,1,1,1,0
DontClaimResources,1,2,0,1,1,7,2,0,1,1,1,0
HardwareResourceManager<ResourceHandle>,2,5,0,0,4,49,5,0,1,0,3,0
AResourceHandle,0,1,0,0,1,4,1,0,0,-1,0,0
ResourceManager<ResourceHandle>,1,5,0,0,5,78,10,0,0,0.4000000059604645,1,0
"Handle<Derived,T>",4,8,0,0,8,45,8,0,0,0,1,0
PoseHandle,0,8,0,0,8,57,8,0,0,-1,4,5
TwistHandle,0,4,0,0,4,9,4,0,0,-1,2,2
AccelerationHandle,0,4,0,0,4,9,4,0,0,-1,2,1
StateHandle,2,3,0,0,3,15,3,0,0,0.6700000166893005,5,0
ImuHandle,0,3,0,0,3,8,3,0,0,-1,2,1
MotorStatusHandle,0,3,0,0,3,8,3,0,0,-1,2,1
CommandHandle,6,24,0,0,23,101,27,1,0,0.2099999934434891,2,2
"CommandHandle_<Derived,T,Parent>",1,13,0,0,13,56,14,0,1,0.5400000214576721,2,0
PoseCommandHandle,0,3,0,0,3,7,3,0,0,-1,2,3
HorizontalPositionCommandHandle,0,8,0,0,8,37,9,0,0,-1,5,0
HeightCommandHandle,0,6,0,0,6,21,7,0,0,-1,5,0
HeadingCommandHandle,1,8,0,0,8,62,10,0,0,0.5,5,0
TwistCommandHandle,0,3,0,0,3,7,3,0,0,-1,2,3
AccelCommandHandle,0,3,0,0,3,7,3,0,0,-1,2,0
HorizontalVelocityCommandHandle,0,7,0,0,7,29,8,0,0,-1,4,0
VerticalVelocityCommandHandle,0,5,0,0,5,16,6,0,0,-1,4,0
AngularVelocityCommandHandle,0,5,0,0,5,16,6,0,0,-1,4,0
WrenchCommandHandle,0,2,0,0,2,6,2,0,0,-1,1,0
MotorCommandHandle,0,2,0,0,2,6,2,0,0,-1,1,0
AttitudeCommandHandle,0,2,0,0,2,6,2,0,0,-1,1,0
YawrateCommandHandle,0,2,0,0,2,6,2,0,0,-1,1,0
ThrustCommandHandle,0,2,0,0,2,6,2,0,0,-1,1,0
ImuSubscriberHelper,2,2,0,0,2,21,2,0,0,0,2,0
OdomSubscriberHelper,5,2,0,0,1,46,4,0,0,0,11,0
PoseSubscriberHelper,2,3,0,0,2,22,3,0,0,0.6700000166893005,2,0
PoseDifferentiatorHelper,3,2,0,0,1,77,5,0,0,0,9,1
StateSubscriberHelper,7,3,0,0,2,68,3,0,0,0,10,0
AttitudeSubscriberHelper,7,4,0,0,1,65,4,0,0,0,8,0
HelpersStatic,0,2,0,0,2,91,7,0,0,-1,6,0
FieldLimiter<T>,2,3,0,0,3,74,7,0,0,0.6700000166893005,3,0
PointLimiter,3,3,0,0,3,34,3,0,0,0,2,0
Vector3Limiter,5,3,0,0,3,54,5,0,0,0,2,2
TwistLimiter,2,2,0,0,2,25,2,0,0,0,3,0
WrenchLimiter,2,2,0,0,2,25,2,0,0,0,3,0
AttitudeCommandLimiter,3,2,0,0,2,36,3,0,0,0,2,0
YawRateCommandLimiter,1,2,0,0,2,23,2,0,0,0,2,0
ThrustCommandLimiter,1,2,0,0,2,23,2,0,0,0,2,0
QuadrotorInterface,8,25,0,0,10,237,48,0,2,0.3199999928474426,14,23
Helpers,0,10,0,0,10,182,20,0,0,-1,0,3
DragParameters,4,0,0,4,0,7,0,0,0,-1,0,2
DragModel,3,1,0,3,1,12,1,0,0,0,1,1
QuadrotorAerodynamics,6,11,0,0,10,205,17,0,0,0,8,0
PropulsionParameters,11,1,0,11,1,34,1,0,0,0,0,2
QuadrotorPropulsion,10,17,0,0,14,454,38,0,0,0,17,0
PropulsionModel,5,1,0,5,1,17,1,0,0,0,1,1
Altimeter,5,17,0,5,16,129,20,0,1,0.5299999713897705,3,0
AttitudeCommand,3,13,0,3,13,92,14,0,1,0.6899999976158142,3,2
Compass,3,13,0,3,13,92,14,0,1,0.6899999976158142,3,0
ControllerState,4,13,0,4,13,94,14,0,1,0.6899999976158142,3,0
ControlSource,0,0,0,0,0,6,0,0,0,-1,0,0
EnableMotors,0,5,2,0,5,161,5,0,1,-1,3,0
Request,1,13,0,1,13,63,14,0,1,0.6899999976158142,2,1
Response,1,13,0,1,13,64,14,0,1,0.6899999976158142,2,1
Functions,0,7,0,0,7,54,11,0,0,-1,2,0
HeadingCommand,2,13,0,2,13,84,14,0,1,0.6899999976158142,3,0
HeightCommand,2,13,0,2,13,84,14,0,1,0.6899999976158142,3,0
LandingAction,3,14,3,3,14,137,19,0,2,0.7099999785423279,5,0
LandingActionFeedback,3,13,3,3,13,124,18,0,2,0.6899999976158142,5,1
LandingActionGoal,3,13,3,3,13,97,14,0,2,0.6899999976158142,5,1
LandingActionResult,3,14,3,3,14,151,19,0,2,0.6399999856948853,7,1
LandingFeedback,1,15,0,0,14,92,16,0,2,0.6700000166893005,8,1
LandingGoal,7,17,0,7,16,310,30,0,2,0.5899999737739563,5,1
LandingResult,0,15,0,0,14,68,16,0,2,-1,2,1
MotorCommand,5,13,0,5,13,149,23,0,1,0.6899999976158142,3,2
MotorPWM,2,13,0,2,13,89,16,0,1,0.6200000047683716,3,1
MotorStatus,6,13,0,6,13,148,21,0,1,0.6200000047683716,3,3
PoseAction,3,14,3,3,14,136,19,0,2,0.7099999785423279,5,0
PoseActionFeedback,3,13,3,3,13,123,18,0,2,0.6899999976158142,5,1
PoseActionGoal,3,13,3,3,13,96,14,0,2,0.6899999976158142,5,1
PoseActionResult,3,14,3,3,14,150,19,0,2,0.6399999856948853,7,1
PoseFeedback,1,15,0,0,14,92,16,0,2,0.6700000166893005,8,1
PoseGoal,1,15,0,1,14,92,16,0,2,0.6700000166893005,8,1
PoseResult,0,15,0,0,14,68,16,0,2,-1,2,1
PositionXYCommand,3,13,0,3,13,91,14,0,1,0.6899999976158142,3,0
RawImu,3,13,0,1,13,109,19,0,1,0.6899999976158142,3,0
RawMagnetic,2,13,0,2,13,91,17,0,1,0.6899999976158142,3,0
RawRC,3,13,0,1,13,104,17,0,1,0.6200000047683716,3,0
RC,7,13,0,7,13,161,23,0,1,0.6899999976158142,3,1
RCState,0,0,0,0,0,11,0,0,0,-1,0,1
RuddersCommand,4,13,0,4,13,99,14,0,1,0.6899999976158142,3,0
ServoCommand,2,13,0,2,13,96,17,0,1,0.6200000047683716,3,0
Supply,3,13,0,3,13,112,19,0,1,0.6200000047683716,3,1
TakeoffAction,3,14,3,3,14,136,19,0,2,0.7099999785423279,5,0
TakeoffActionFeedback,3,13,3,3,13,123,18,0,2,0.6899999976158142,5,1
TakeoffActionGoal,3,13,3,3,13,96,14,0,2,0.6899999976158142,5,1
TakeoffActionResult,3,14,3,3,14,150,19,0,2,0.6399999856948853,7,1
TakeoffFeedback,1,15,0,0,14,91,16,0,2,0.6700000166893005,8,1
TakeoffGoal,0,15,0,0,14,70,16,0,2,-1,2,1
TakeoffResult,0,15,0,0,14,68,16,0,2,-1,2,1
ThrustCommand,2,13,0,2,13,84,14,0,1,0.6899999976158142,3,2
VelocityXYCommand,3,13,0,3,13,91,14,0,1,0.6899999976158142,3,0
VelocityZCommand,2,13,0,2,13,84,14,0,1,0.6899999976158142,3,0
YawRateCommand,2,13,0,2,13,84,14,0,1,0.6899999976158142,3,2
Templates,2,1,9,0,0,208,1,0,0,0,0,0
Ack,3,3,0,2,3,24,3,0,0,0,0,1
Decoder,0,1,0,0,1,81,9,0,0,-1,3,1
Encoder,0,1,0,0,1,53,6,0,0,-1,3,1
EnginePacketType,0,0,0,0,0,11,0,0,0,-1,0,4
Packet,6,4,0,6,4,28,4,0,0,0.5,2,3
Parser,0,1,0,0,1,23,5,0,0,-1,1,1
SocketIOComponent,24,29,3,6,13,390,54,0,0,0,12,0
SocketIOEvent,0,3,2,0,3,19,3,0,0,-1,0,2
SocketIOException,0,3,0,0,3,6,3,0,0,-1,0,0
SocketPacketType,0,0,0,0,0,12,0,0,0,-1,0,3
ByteOrder,0,0,0,0,0,11,0,0,0,-1,0,3
CloseEventArgs,3,1,3,0,0,71,1,0,0,0,3,2
CloseStatusCode,0,0,0,0,0,76,0,0,0,-1,0,6
CompressionMethod,0,0,0,0,0,11,0,0,0,-1,0,2
ErrorEventArgs,1,1,1,0,0,33,1,0,0,0,0,1
Ext,1,103,0,0,36,1752,191,0,0,0.6700000166893005,12,0
Fin,0,0,0,0,0,5,0,0,0,-1,0,2
HandshakeBase,4,3,3,0,1,85,6,2,0,1,0,1
HandshakeRequest,4,5,5,0,2,143,13,0,1,0.6000000238418579,3,3
HandshakeResponse,2,6,6,0,2,144,13,0,1,0.6700000166893005,4,3
LogData,4,2,4,0,1,114,4,0,0,0,1,1
Logger,4,12,3,0,9,278,18,0,0,0.3300000131130219,2,5
LogLevel,0,0,0,0,0,27,0,0,0,-1,0,2
Mask,0,0,0,0,0,5,0,0,0,-1,0,2
MessageEventArgs,3,3,3,0,0,84,4,0,0,0,3,3
Opcode,0,0,0,0,0,33,0,0,0,-1,0,3
PayloadData,4,11,5,1,9,145,17,0,0,0.449999988079071,0,4
Rsv,0,0,0,0,0,5,0,0,0,-1,0,1
WebSocket,32,89,15,0,24,2112,166,0,0,0,25,3
WebSocketException,0,6,1,0,0,52,6,0,0,-1,1,1
WebSocketFrame,11,32,24,0,21,658,47,0,0,0.3799999952316284,7,2
WebSocketState,0,0,0,0,0,24,0,0,0,-1,0,2
WebSocketStream,4,17,2,0,12,246,27,0,0,0.2899999916553497,5,3
AuthenticationBase,2,6,6,0,1,116,8,2,0,0.5,1,0
AuthenticationChallenge,0,7,2,0,0,111,14,0,1,-1,1,3
AuthenticationResponse,1,16,7,0,1,282,25,0,1,0.25,3,4
AuthenticationSchemes,0,0,0,0,0,20,0,0,0,-1,0,8
Chunk,2,2,1,0,2,47,4,0,0,0,0,1
ChunkedRequestStream,5,6,1,0,5,167,20,0,1,0,7,0
ChunkStream,9,14,3,0,6,319,55,0,0,0,3,1
Cookie,16,15,17,0,7,750,42,0,0,0.4699999988079071,0,5
CookieCollection,2,16,6,0,6,545,44,0,0,0.1899999976158142,1,7
CookieException,0,6,0,0,2,101,6,0,0,-1,0,0
EndPointListener,9,16,2,0,6,426,53,0,0,0.119999997317791,7,2
EndPointManager,1,9,0,0,5,136,15,0,0,0.2199999988079071,3,3
HttpBasicIdentity,1,1,1,0,0,34,1,0,0,0,0,2
HttpConnection,23,21,7,0,8,514,45,0,0,0,12,7
HttpDigestIdentity,1,2,9,0,0,145,2,0,0,0,1,2
HttpHeaderInfo,1,3,6,0,3,86,3,0,0,0.6700000166893005,1,1
HttpHeaderType,0,0,0,0,0,11,0,0,0,-1,0,2
HttpListener,14,23,12,0,8,690,38,0,0,0,8,7
HttpListenerContext,7,3,7,0,1,186,10,0,0,0.6700000166893005,11,8
HttpListenerException,0,4,1,0,3,77,4,0,0,-1,0,0
HttpListenerPrefixCollection,2,10,3,0,7,251,16,0,0,0,3,1
HttpListenerRequest,22,10,27,0,4,671,36,0,0,0.4000000059604645,7,8
HttpListenerResponse,17,17,15,0,9,852,52,0,0,0,9,7
HttpStatusCode,0,0,0,0,0,311,0,0,0,-1,0,8
HttpStreamAsyncResult,10,3,4,0,3,88,3,0,0,0,0,3
HttpUtility,3,42,1,0,27,1151,124,0,0,0.1700000017881393,1,4
HttpVersion,2,1,0,2,1,27,1,0,0,0,0,2
InputChunkState,0,0,0,0,0,7,0,0,0,-1,0,1
InputState,0,0,0,0,0,5,0,0,0,-1,0,1
LineState,0,0,0,0,0,6,0,0,0,-1,0,1
ListenerAsyncResult,10,6,4,0,1,153,10,0,0,0,7,1
ListenerPrefix,7,6,5,1,5,160,17,0,0,0.3300000131130219,1,4
NetworkCredential,4,2,4,0,2,143,3,0,0,1,0,4
QueryStringCollection,0,1,0,0,1,19,4,0,0,-1,0,1
ReadBufferState,0,1,5,0,1,40,1,0,0,-1,1,1
RequestStream,6,13,5,0,10,230,36,1,0,0.6200000047683716,1,2
ResponseStream,6,14,5,0,10,264,26,0,0,0.5,1,3
WebHeaderCollection,3,55,3,0,24,1478,76,0,0,0.1099999994039536,2,6
SslStream,0,4,1,0,4,47,4,0,0,-1,0,2
HttpListenerWebSocketContext,2,4,18,0,1,285,4,0,1,0,7,2
TcpListenerWebSocketContext,9,6,18,0,1,343,10,0,1,0,13,2
WebSocketContext,0,1,17,0,0,166,1,2,0,-1,0,1
Rider,2,5,0,0,0,174,19,0,0,0,1,0
User32Dll,0,5,0,0,4,42,5,0,0,-1,0,1
RiderAssetPostprocessor,0,1,0,0,1,40,5,0,0,-1,0,0
CrossPlatformInitialize,2,7,0,0,0,131,13,0,0,0,0,0
AntialiasingEditor,9,2,0,0,1,68,4,0,0,0,2,0
BloomAndFlaresEditor,20,2,0,0,1,150,10,0,0,0,1,0
BloomEditor,22,2,0,0,1,155,9,0,0,0,1,0
CameraMotionBlurEditor,15,2,0,0,1,92,6,0,0,0,1,0
ColorCorrectionCurvesEditor,15,5,0,0,1,117,11,0,0,0,1,0
ColorCorrectionLookupEditor,2,2,0,0,1,83,8,0,0,0,1,0
CreaseShadingEditor,6,2,2,0,1,52,4,0,0,0,0,0
DepthOfFieldDeprecatedEditor,23,2,0,0,1,142,8,0,0,0,1,0
DepthOfFieldEditor,21,4,4,0,1,153,9,0,0,0,1,0
EdgeDetectionEditor,9,2,0,0,1,65,3,0,0,0,0,0
NoiseAndGrainEditor,14,2,0,0,1,104,7,0,0,0,1,0
SunShaftsEditor,11,2,0,0,1,98,6,0,0,0,1,0
TonemappingEditor,8,2,0,0,1,74,5,0,0,0,2,0
VignetteAndChromaticAberrationEditor,9,2,0,0,1,55,4,0,0,0,0,0
BSoftBodyEditor,8,6,0,1,2,225,16,0,0,0.3300000131130219,11,0
EditorHelpers,3,7,1,2,7,107,13,0,0,0.7099999785423279,0,1
BPrimitiveEditor,5,15,1,1,4,223,24,0,0,0.2000000029802322,8,0
