Type,NOF,NOM,NOP,NOPF,NOPM,LOC,WMC,NC,DIT,LCOM,Fan-Out,Fan-In
PlaceTargetWithMouse,2,1,0,2,0,25,4,0,0,0,0,0
SlowMoButton,6,3,0,5,1,39,4,0,0,0.6700000166893005,0,0
Ack,3,3,0,2,3,24,3,0,0,0,0,1
Decoder,0,1,0,0,1,81,9,0,0,-1,3,1
Encoder,0,1,0,0,1,53,6,0,0,-1,3,1
EnginePacketType,0,0,0,0,0,11,0,0,0,-1,0,4
Packet,6,4,0,6,4,28,4,0,0,0.5,2,3
Parser,0,1,0,0,1,23,5,0,0,-1,1,1
SocketIOComponent,23,29,3,6,13,382,54,0,0,0,12,0
SocketIOEvent,0,3,2,0,3,19,3,0,0,-1,0,2
SocketIOException,0,3,0,0,3,6,3,0,0,-1,0,0
SocketPacketType,0,0,0,0,0,12,0,0,0,-1,0,3
ByteOrder,0,0,0,0,0,11,0,0,0,-1,0,3
CloseEventArgs,3,1,3,0,0,71,1,0,0,0,3,2
CloseStatusCode,0,0,0,0,0,76,0,0,0,-1,0,6
CompressionMethod,0,0,0,0,0,11,0,0,0,-1,0,2
ErrorEventArgs,1,1,1,0,0,33,1,0,0,0,0,1
Ext,1,103,0,0,36,1752,191,0,0,0.6700000166893005,12,0
Fin,0,0,0,0,0,5,0,0,0,-1,0,2
HandshakeBase,4,3,3,0,1,85,6,2,0,1,0,1
HandshakeRequest,4,5,5,0,2,143,13,0,1,0.6000000238418579,3,3
HandshakeResponse,2,6,6,0,2,144,13,0,1,0.6700000166893005,4,3
LogData,4,2,4,0,1,114,4,0,0,0,1,1
Logger,4,12,3,0,9,278,18,0,0,0.3300000131130219,2,5
LogLevel,0,0,0,0,0,27,0,0,0,-1,0,2
Mask,0,0,0,0,0,5,0,0,0,-1,0,2
MessageEventArgs,3,3,3,0,0,84,4,0,0,0,3,3
Opcode,0,0,0,0,0,33,0,0,0,-1,0,3
PayloadData,4,11,5,1,9,145,17,0,0,0.449999988079071,0,4
Rsv,0,0,0,0,0,5,0,0,0,-1,0,1
WebSocket,32,89,15,0,24,2112,166,0,0,0,25,3
WebSocketException,0,6,1,0,0,52,6,0,0,-1,1,1
WebSocketFrame,11,32,24,0,21,658,47,0,0,0.3799999952316284,7,2
WebSocketState,0,0,0,0,0,24,0,0,0,-1,0,2
WebSocketStream,4,17,2,0,12,246,27,0,0,0.2899999916553497,5,3
AuthenticationBase,2,6,6,0,1,116,8,2,0,0.5,1,0
AuthenticationChallenge,0,7,2,0,0,111,14,0,1,-1,1,3
AuthenticationResponse,1,16,7,0,1,282,25,0,1,0.25,3,4
AuthenticationSchemes,0,0,0,0,0,20,0,0,0,-1,0,8
Chunk,2,2,1,0,2,47,4,0,0,0,0,1
ChunkedRequestStream,5,6,1,0,5,167,20,0,1,0,7,0
ChunkStream,9,14,3,0,6,319,55,0,0,0,3,1
Cookie,16,15,17,0,7,750,42,0,0,0.4699999988079071,0,5
CookieCollection,2,16,6,0,6,545,44,0,0,0.1899999976158142,1,7
CookieException,0,6,0,0,2,101,6,0,0,-1,0,0
EndPointListener,9,16,2,0,6,426,53,0,0,0.119999997317791,7,2
EndPointManager,1,9,0,0,5,136,15,0,0,0.2199999988079071,3,3
HttpBasicIdentity,1,1,1,0,0,34,1,0,0,0,0,2
HttpConnection,23,21,7,0,8,514,45,0,0,0,12,7
HttpDigestIdentity,1,2,9,0,0,145,2,0,0,0,1,2
HttpHeaderInfo,1,3,6,0,3,86,3,0,0,0.6700000166893005,1,1
HttpHeaderType,0,0,0,0,0,11,0,0,0,-1,0,2
HttpListener,14,23,12,0,8,690,38,0,0,0,8,7
HttpListenerContext,7,3,7,0,1,186,10,0,0,0.6700000166893005,11,8
HttpListenerException,0,4,1,0,3,77,4,0,0,-1,0,0
HttpListenerPrefixCollection,2,10,3,0,7,251,16,0,0,0,3,1
HttpListenerRequest,22,10,27,0,4,671,36,0,0,0.4000000059604645,7,8
HttpListenerResponse,17,17,15,0,9,852,52,0,0,0,9,7
HttpStatusCode,0,0,0,0,0,311,0,0,0,-1,0,8
HttpStreamAsyncResult,10,3,4,0,3,88,3,0,0,0,0,3
HttpUtility,3,42,1,0,27,1151,124,0,0,0.1700000017881393,1,4
HttpVersion,2,1,0,2,1,27,1,0,0,0,0,2
InputChunkState,0,0,0,0,0,7,0,0,0,-1,0,1
InputState,0,0,0,0,0,5,0,0,0,-1,0,1
LineState,0,0,0,0,0,6,0,0,0,-1,0,1
ListenerAsyncResult,10,6,4,0,1,153,10,0,0,0,7,1
ListenerPrefix,7,6,5,1,5,160,17,0,0,0.3300000131130219,1,4
NetworkCredential,4,2,4,0,2,143,3,0,0,1,0,4
QueryStringCollection,0,1,0,0,1,19,4,0,0,-1,0,1
ReadBufferState,0,1,5,0,1,40,1,0,0,-1,1,1
RequestStream,6,13,5,0,10,230,36,1,0,0.6200000047683716,1,2
ResponseStream,6,14,5,0,10,264,26,0,0,0.5,1,3
WebHeaderCollection,3,55,3,0,24,1478,76,0,0,0.1099999994039536,2,6
SslStream,0,4,1,0,4,47,4,0,0,-1,0,2
HttpListenerWebSocketContext,2,4,18,0,1,285,4,0,1,0,7,2
TcpListenerWebSocketContext,9,6,18,0,1,343,10,0,1,0,13,2
WebSocketContext,0,1,17,0,0,166,1,2,0,-1,0,1
AbstractTargetFollower,4,7,1,0,3,98,16,3,0,0,1,2
UpdateType,0,0,0,0,0,6,0,0,0,-1,0,1
AutoCam,12,1,0,0,0,98,6,0,1,0,0,0
FreeLookCam,13,5,0,0,0,108,10,0,1,0.6000000238418579,2,0
HandHeldCam,4,1,0,0,0,27,1,0,1,0,1,0
LookatTarget,5,2,0,0,0,60,2,1,1,0,1,1
PivotBasedCameraRig,3,1,0,0,0,21,1,2,1,0,0,1
ProtectCameraFromWallClip,14,2,1,6,0,117,8,0,0,0,1,0
RayHitComparer,0,1,0,0,1,7,1,0,0,-1,0,1
TargetFieldOfView,7,4,0,0,2,72,7,0,1,0,1,0
AxisTouchButton,6,5,0,4,2,68,10,0,0,0,2,0
ButtonHandler,1,7,0,1,6,44,7,0,0,0.4300000071525574,1,0
CrossPlatformInputManager,3,24,1,0,22,311,26,0,0,0,4,11
ActiveInputMethod,0,0,0,0,0,5,0,0,0,-1,0,1
VirtualAxis,1,4,4,0,4,45,4,0,0,1,0,8
VirtualButton,3,5,5,0,5,74,6,0,0,0.800000011920929,0,3
InputAxisScrollbar,1,2,0,1,1,11,2,0,0,1,1,0
Joystick,9,8,0,4,3,111,16,0,0,0.25,3,0
AxisOption,0,0,0,0,0,12,0,0,0,-1,0,2
MobileControlRig,0,6,0,0,0,75,9,0,0,-1,0,0
TiltInput,5,3,0,4,0,88,7,0,0,0,5,0
AxisOptions,0,0,0,0,0,5,0,0,0,-1,0,2
AxisMapping,2,0,0,2,0,15,0,0,0,-1,1,2
MappingType,0,0,0,0,0,7,0,0,0,-1,0,4
TiltInputAxisStylePropertyDrawer,0,1,0,0,1,40,3,0,0,-1,0,0
TouchPad,17,8,0,6,2,148,16,0,0,0.25,4,0
ControlStyle,0,0,0,0,0,6,0,0,0,-1,0,1
VirtualInput,3,21,1,0,21,126,25,2,0,0.7099999785423279,2,1
MobileInput,0,13,0,0,11,127,23,0,1,-1,3,0
StandaloneInput,0,11,0,0,11,73,11,0,1,-1,0,0
TiltInput,5,3,0,4,0,88,7,0,0,0,5,0
AxisOptions,0,0,0,0,0,5,0,0,0,-1,0,0
AxisMapping,2,0,0,2,0,15,0,0,0,-1,1,0
MappingType,0,0,0,0,0,7,0,0,0,-1,0,0
TiltInputAxisStylePropertyDrawer,0,1,0,0,1,40,3,0,0,-1,0,0
AAMode,0,0,0,0,0,10,0,0,0,-1,0,2
Antialiasing,22,3,0,15,3,160,7,0,1,0,1,1
Bloom,30,7,0,25,2,352,22,0,1,0,5,1
LensFlareStyle,0,0,0,0,0,6,0,0,0,-1,0,1
TweakMode,0,0,0,0,0,5,0,0,0,-1,0,1
HDRBloomMode,0,0,0,0,0,11,0,0,0,-1,0,2
BloomScreenBlendMode,0,0,0,0,0,9,0,0,0,-1,0,2
BloomQuality,0,0,0,0,0,5,0,0,0,-1,0,1
LensflareStyle34,0,0,0,0,0,6,0,0,0,-1,0,1
TweakMode34,0,0,0,0,0,5,0,0,0,-1,0,1
BloomAndFlares,34,6,0,26,1,282,16,0,1,0,4,1
BloomOptimized,8,3,0,6,1,103,7,0,1,0,2,0
Resolution,0,0,0,0,0,5,0,0,0,-1,0,1
BlurType,0,0,0,0,0,11,0,0,0,-1,0,3
Blur,4,5,1,3,1,102,9,0,0,0.6000000238418579,0,0
BlurOptimized,6,3,0,5,3,87,7,0,1,0,1,0
CameraMotionBlur,30,10,0,18,1,375,30,0,1,0,1,1
MotionBlurFilter,0,0,0,0,0,7,0,0,0,-1,0,1
ColorCorrectionCurves,24,6,0,17,2,175,18,0,1,0.3300000131130219,2,1
ColorCorrectionMode,0,0,0,0,0,5,0,0,0,-1,0,1
ColorCorrectionLookup,4,7,0,3,4,124,24,0,1,0,0,1
ColorCorrectionRamp,1,1,0,1,0,11,1,0,1,0,0,0
ContrastEnhance,7,2,0,5,1,74,4,0,1,0,0,0
ContrastStretch,13,5,4,7,0,194,17,0,0,0.4000000059604645,0,0
CreaseShading,9,2,0,6,1,76,5,0,1,0,0,0
DepthOfField,25,8,0,18,1,381,23,0,1,0,2,1
BlurSampleCount,0,0,0,0,0,5,0,0,0,-1,0,1
DepthOfFieldDeprecated,43,15,0,26,1,421,45,0,1,0.1299999952316284,5,1
Dof34QualitySetting,0,0,0,0,0,5,0,0,0,-1,0,1
DofResolution,0,0,0,0,0,6,0,0,0,-1,0,1
DofBlurriness,0,0,0,0,0,6,0,0,0,-1,0,1
BokehDestination,0,0,0,0,0,6,0,0,0,-1,0,1
EdgeDetection,11,5,0,9,1,83,9,0,1,0,1,0
EdgeDetectMode,0,0,0,0,0,8,0,0,0,-1,0,1
Fisheye,4,2,0,3,1,40,4,0,1,0,0,0
GlobalFog,9,3,0,8,1,144,6,0,1,0,0,0
Grayscale,2,1,0,2,0,15,1,0,1,0,0,0
ImageEffectBase,2,2,1,1,0,49,5,6,0,1,0,1
ImageEffects,0,3,0,0,3,35,4,0,0,-1,0,2
MotionBlur,3,3,0,2,0,65,6,0,1,0.6700000166893005,1,0
NoiseAndGrain,18,3,0,15,1,174,11,0,1,0,0,1
NoiseAndScratches,18,4,1,12,0,135,9,0,0,0.75,0,0
PostEffectsBase,3,13,0,0,2,237,27,22,0,0.2300000041723251,0,1
PostEffectsHelper,0,4,0,0,0,182,10,0,0,-1,0,0
Quads,2,4,0,0,2,116,13,0,0,0,0,1
ScreenOverlay,5,2,0,4,1,63,4,0,1,0,1,0
OverlayBlendMode,0,0,0,0,0,8,0,0,0,-1,0,1
ScreenSpaceAmbientObscurance,8,3,0,7,1,95,8,0,1,0,0,0
ScreenSpaceAmbientOcclusion,11,7,0,9,0,199,15,0,0,0.2899999916553497,1,0
SSAOSamples,0,0,0,0,0,6,0,0,0,-1,0,1
SepiaTone,0,1,0,0,0,10,1,0,1,-1,0,0
SunShafts,14,2,0,12,1,141,10,0,1,0,2,1
SunShaftsResolution,0,0,0,0,0,6,0,0,0,-1,0,1
ShaftsScreenBlendMode,0,0,0,0,0,5,0,0,0,-1,0,1
TiltShift,7,2,0,6,1,69,7,0,1,0,2,0
TiltShiftMode,0,0,0,0,0,5,0,0,0,-1,0,1
TiltShiftQuality,0,0,0,0,0,6,0,0,0,-1,0,1
Tonemapping,13,5,0,9,2,268,28,0,1,0,2,1
TonemapperType,0,0,0,0,0,10,0,0,0,-1,0,2
AdaptiveTexSize,0,0,0,0,0,10,0,0,0,-1,0,1
Triangles,2,4,0,0,0,105,13,0,0,0,0,0
Twirl,3,1,0,3,0,16,1,0,1,0,1,0
VignetteAndChromaticAberration,14,2,0,11,1,108,8,0,1,0,1,0
AberrationMode,0,0,0,0,0,5,0,0,0,-1,0,1
Vortex,3,1,0,3,0,14,1,0,1,0,1,0
WaterBasic,0,1,0,0,0,26,3,0,0,-1,0,0
Displace,0,3,0,0,3,30,4,1,0,-1,0,0
GerstnerDisplace,0,0,0,0,0,3,0,0,1,-1,0,1
MeshContainer,3,2,0,3,2,21,2,0,0,0,0,0
PlanarReflection,9,15,0,5,6,277,31,0,0,0.2000000029802322,1,2
SpecularLighting,2,2,0,1,2,27,4,0,0,0,1,1
Water,14,9,0,6,1,390,39,0,0,0.2199999988079071,1,0
WaterMode,0,0,0,0,0,6,0,0,0,-1,0,1
WaterQuality,0,0,0,0,0,6,0,0,0,-1,0,2
WaterBase,3,3,0,3,3,65,9,0,0,0,1,6
WaterTile,2,4,0,2,3,61,10,0,0,0,2,0
ActivateTrigger,5,2,0,5,0,88,5,0,0,0,1,0
Mode,0,0,0,0,0,9,0,0,0,-1,0,1
AutoMobileShaderSwitch,1,1,0,0,0,72,1,0,0,0,0,0
ReplacementDefinition,2,0,0,2,0,6,0,0,0,-1,0,2
ReplacementList,1,0,0,1,0,5,0,0,0,-1,1,0
ReplacementListDrawer,2,2,0,0,2,111,8,0,0,0,0,0
AutoMoveAndRotate,4,2,0,3,0,35,3,0,0,0,1,0
Vector3andSpace,2,0,0,2,0,6,0,0,0,-1,0,1
CameraRefocus,5,5,0,3,5,52,7,0,0,0,0,0
CurveControlledBob,9,2,0,4,2,47,4,0,0,0,0,0
DragRigidbody,7,3,0,0,0,89,10,0,0,0,0,0
DynamicShadowSettings,11,2,0,8,0,45,4,0,0,0,0,0
FollowTarget,2,1,0,2,0,11,1,0,0,0,0,0
FOVKick,6,5,0,6,4,66,9,0,0,0,0,0
FPSCounter,6,2,0,0,0,31,3,0,0,0,0,0
LerpControlledBob,3,2,0,2,2,38,4,0,0,0,0,0
ObjectResetter,4,3,0,0,2,49,6,0,0,0,0,0
ParticleSystemDestroyer,4,2,0,2,1,54,5,0,0,0,0,0
PlatformSpecificContent,4,5,0,0,0,97,13,0,0,0.6000000238418579,1,0
BuildTargetGroup,0,0,0,0,0,5,0,0,0,-1,0,1
SimpleActivatorMenu,3,2,0,2,1,32,3,0,0,0,0,0
SimpleMouseRotator,10,2,0,6,0,106,7,0,0,0,1,0
SmoothFollow,5,2,0,0,0,56,3,0,0,1,0,0
TimedObjectActivator,1,4,0,1,0,75,6,0,0,0,3,2
Action,0,0,0,0,0,8,0,0,0,-1,0,6
Entry,3,0,0,3,0,7,0,0,0,-1,1,4
Entries,1,0,0,1,0,5,0,0,0,-1,1,2
EntriesDrawer,2,2,0,0,2,123,11,0,0,0,2,0
TimedObjectDestructor,2,2,0,0,0,21,3,0,0,1,0,0
WaypointCircuit,15,8,2,2,2,209,17,0,0,0,2,5
WaypointList,2,0,0,2,0,6,0,0,0,-1,1,4
RoutePoint,2,1,0,2,1,12,1,0,0,0,0,4
WaypointListDrawer,2,2,0,0,2,158,12,0,0,0,2,0
TransformNameComparer,0,1,0,0,1,7,1,0,0,-1,0,0
WaypointProgressTracker,12,4,3,1,1,146,10,0,0,0,3,0
ProgressStyle,0,0,0,0,0,5,0,0,0,-1,0,1
AutoMobileShaderSwitch,1,1,0,0,0,72,1,0,0,0,0,0
ReplacementDefinition,2,0,0,2,0,6,0,0,0,-1,0,0
ReplacementList,1,0,0,1,0,5,0,0,0,-1,1,0
ReplacementListDrawer,2,2,0,0,2,111,8,0,0,0,0,0
TimedObjectActivator,1,4,0,1,0,75,6,0,0,1,3,0
Action,0,0,0,0,0,8,0,0,0,-1,0,0
Entry,3,0,0,3,0,7,0,0,0,-1,1,0
Entries,1,0,0,1,0,5,0,0,0,-1,1,0
EntriesDrawer,2,2,0,0,2,123,11,0,0,0,2,0
WaypointCircuit,15,8,2,2,2,209,17,0,0,0.5,2,0
WaypointList,2,0,0,2,0,6,0,0,0,-1,1,0
RoutePoint,2,1,0,2,1,12,1,0,0,0,1,0
WaypointListDrawer,2,2,0,0,2,158,12,0,0,0,2,0
TransformNameComparer,0,1,0,0,1,7,1,0,0,-1,0,0
BrakeLight,2,2,0,1,0,19,2,0,0,0,1,0
CarAIControl,22,4,0,0,1,226,8,0,0,0,2,0
BrakeCondition,0,0,0,0,0,10,0,0,0,-1,0,1
CarAudio,18,5,0,12,0,177,11,0,0,0,2,0
EngineAudioOptions,0,0,0,0,0,5,0,0,0,-1,0,1
CarDriveType,0,0,0,0,0,6,0,0,0,-1,0,1
SpeedType,0,0,0,0,0,5,0,0,0,-1,0,1
CarController,40,22,8,2,7,492,45,0,0,0.09000000357627869,4,6
CarSample,7,0,0,7,0,10,0,0,0,-1,0,1
CarRemoteControl,2,2,2,0,0,30,3,0,0,0,2,0
CarSelfRighting,4,3,0,0,0,39,5,0,0,0,0,0
CarUserControl,2,2,0,0,0,20,2,0,0,0,2,0
Mudguard,2,2,0,1,0,18,2,0,0,0,1,0
SkidTrail,1,1,0,0,0,18,3,0,0,0,0,0
Steering,2,2,3,2,2,82,6,0,0,0,1,2
Suspension,3,2,0,1,0,21,2,0,0,0,0,0
WheelEffects,6,6,2,3,5,88,11,0,0,0,0,1
AntialiasingEditor,9,2,0,0,1,68,4,0,0,0,2,0
BloomAndFlaresEditor,20,2,0,0,1,150,10,0,0,0,1,0
BloomEditor,22,2,0,0,1,155,9,0,0,0,1,0
CameraMotionBlurEditor,15,2,0,0,1,92,6,0,0,0,1,0
ColorCorrectionCurvesEditor,15,5,0,0,1,117,11,0,0,0,1,0
ColorCorrectionLookupEditor,2,2,0,0,1,83,8,0,0,0,1,0
CreaseShadingEditor,6,2,2,0,1,52,4,0,0,0,0,0
DepthOfFieldDeprecatedEditor,23,2,0,0,1,142,8,0,0,0,1,0
DepthOfFieldEditor,21,4,4,0,1,153,9,0,0,0,1,0
EdgeDetectionEditor,9,2,0,0,1,65,3,0,0,0,0,0
NoiseAndGrainEditor,14,2,0,0,1,104,7,0,0,0,1,0
SunShaftsEditor,11,2,0,0,1,98,6,0,0,0,1,0
TonemappingEditor,8,2,0,0,1,74,5,0,0,0,2,0
VignetteAndChromaticAberrationEditor,9,2,0,0,1,55,4,0,0,0,0,0
GerstnerDisplaceEditor,1,2,0,0,2,100,4,0,0,0,2,0
PlanarReflectionEditor,5,2,0,0,2,61,9,0,0,0,1,0
SpecularLightingEditor,2,2,0,0,2,46,6,0,0,0,2,0
WaterBaseEditor,7,2,0,3,2,189,13,0,0,0,2,0
Rider,2,5,0,0,0,174,19,0,0,0,1,0
User32Dll,0,5,0,0,4,42,5,0,0,-1,0,1
RiderAssetPostprocessor,0,1,0,0,1,40,5,0,0,-1,0,0
