Type,NOF,NOM,NOP,NOPF,NOPM,LOC,WMC,NC,DIT,LCOM,Fan-Out,Fan-In
ControllerProviderFactory,0,1,0,0,0,19,1,0,0,-1,1,0
DummyControllerProvider,1,4,0,0,3,9,4,0,1,1,1,0
EmulatorControllerProvider,4,13,0,0,3,149,21,0,1,0.3100000023841858,12,1
ControllerState,17,2,0,0,2,54,2,0,0,0,0,3
EmulatorClientSocket,7,8,1,0,1,182,23,0,0,0,5,1
EmulatorConfig,4,0,1,3,0,40,0,0,0,-1,1,2
Mode,0,0,0,0,0,5,0,0,0,-1,0,3
EmulatorGyroEvent,2,1,0,2,1,9,1,0,0,0,1,2
EmulatorAccelEvent,2,1,0,2,1,9,1,0,0,0,1,2
EmulatorTouchEvent,6,7,0,2,5,114,13,0,0,0,4,2
Action,0,0,0,0,0,11,0,0,0,-1,0,3
Pointer,3,2,0,3,2,16,2,0,0,0,0,2
EmulatorOrientationEvent,2,1,0,2,1,10,1,0,0,0,1,2
EmulatorButtonEvent,2,1,0,2,1,18,1,0,0,0,2,2
ButtonCode,0,0,0,0,0,8,0,0,0,-1,0,2
EmulatorManager,9,9,2,0,2,206,18,0,0,0.2199999988079071,11,2
IControllerProvider,0,3,0,0,0,10,3,2,0,-1,1,0
BaseVRDevice,19,35,1,4,32,226,42,2,0,0.7400000095367432,0,1
EditorDevice,6,17,1,0,17,98,19,0,1,0.9399999976158142,0,0
GvrDevice,14,32,0,0,12,225,37,0,1,0,1,0
PhoneEvent,26,23,19,7,19,3468,45,0,0,0.8299999833106995,9,0
Types,0,0,0,0,0,3114,0,0,0,-1,0,0
Type,0,0,0,0,0,10,0,0,0,-1,0,0
MotionEvent,12,22,11,3,19,749,34,0,0,0.7699999809265137,3,0
Pointer,13,21,11,3,18,355,31,0,0,0.8600000143051147,2,0
Builder,16,164,96,0,148,1958,274,0,0,0.1400000005960464,11,0
GyroscopeEvent,16,21,13,4,18,401,34,0,0,0.8600000143051147,2,0
AccelerometerEvent,16,21,13,4,18,401,34,0,0,0.8600000143051147,2,0
DepthMapEvent,16,22,13,4,19,425,37,0,0,0.7699999809265137,2,0
OrientationEvent,19,21,15,5,18,447,37,0,0,0.8600000143051147,2,0
KeyEvent,10,21,9,2,18,309,28,0,0,0.8600000143051147,2,0
PhoneEvent,26,23,19,7,19,3468,45,0,0,0.3499999940395355,8,5
Types,0,0,0,0,0,3114,0,0,0,-1,0,3
Type,0,0,0,0,0,10,0,0,0,-1,0,5
MotionEvent,12,22,11,3,19,749,34,0,0,0.2700000107288361,2,7
Pointer,13,21,11,3,18,355,31,0,0,0.3300000131130219,1,6
Builder,16,164,96,0,148,1958,274,0,0,0,10,18
GyroscopeEvent,16,21,13,4,18,401,34,0,0,0.3300000131130219,1,6
AccelerometerEvent,16,21,13,4,18,401,34,0,0,0.3300000131130219,1,6
DepthMapEvent,16,22,13,4,19,425,37,0,0,0.2700000107288361,1,5
OrientationEvent,19,21,15,5,18,447,37,0,0,0.3300000131130219,1,6
KeyEvent,10,21,9,2,18,309,28,0,0,0.3300000131130219,1,6
AnimateWithTrigger,3,4,0,2,1,35,7,0,0,0,0,0
ArtPlayerBase<T>,7,9,1,7,2,90,13,0,0,1,1,0
ShakeData,9,0,0,9,0,31,0,0,0,-1,0,2
CameraShaker,6,5,0,4,1,73,10,0,0,0,1,1
CameraShakeTrigger,8,1,0,8,1,48,2,0,0,0,2,0
CollisionSoundPlayer,3,3,0,3,0,28,6,0,1,1,0,0
Counter,6,5,0,5,3,53,7,0,0,0,0,1
DestroyOnCollision,1,2,0,1,0,16,4,0,0,0,0,0
Explodable,10,8,1,5,3,85,13,0,1,0,2,0
ExplodablePart,2,5,0,1,4,50,7,0,1,0,1,1
ExplosionForce,1,1,0,1,1,11,1,2,0,0,0,1
Hitbox,8,4,0,6,0,65,11,0,0,0.5,1,0
InteractableObject,2,12,0,2,11,92,24,0,1,0,1,5
InteractableProperty,0,11,1,0,11,47,11,3,0,-1,1,4
IRemoteInputEventHandler,0,9,0,0,0,19,9,1,0,-1,0,1
IResetable,0,1,0,0,0,7,1,1,0,-1,0,1
LinearMotor,4,4,0,3,2,34,6,0,0,0,0,1
ObjectFlash,2,2,0,1,0,18,3,0,0,0,0,0
ParticlePlayer,2,3,0,2,1,26,7,0,0,1,0,0
PickupProperty,4,6,0,2,4,78,10,0,1,0,3,0
PickUpMode,0,0,0,0,0,4,0,0,0,-1,0,1
RandomExplosionForce,3,1,0,3,1,14,1,0,1,0,0,0
RandomTorqueExplosion,0,1,0,0,1,10,1,0,1,-1,0,0
ResetPosition,2,2,0,0,1,19,2,2,1,0,0,1
SceneReseter,1,2,0,0,1,14,2,0,0,0,1,0
SlotableObject,5,3,0,5,0,59,9,0,0,0,2,0
SlotDescription,4,0,0,4,0,14,0,0,0,-1,0,1
SoundCycle,2,2,1,1,1,32,5,0,1,1,1,0
SoundEventListener,2,5,0,2,4,61,9,0,0,0,0,2
SoundPlayerBase,5,2,0,5,1,41,5,3,0,0,0,1
SoundRandomizer,4,2,0,3,1,37,6,0,0,0,1,0
TargetableProperty,5,4,0,5,4,47,5,0,1,0,4,0
TouchRotatableProperty,9,7,0,3,5,93,12,0,1,0,2,0
TransformMode,0,0,0,0,0,17,0,0,0,-1,0,1
TriggerSoundPlayer,3,3,0,3,0,28,6,0,1,1,0,0
AnimEvent,2,0,0,2,0,9,0,0,0,-1,0,1
AnimationEventListener,1,1,0,1,1,12,3,0,0,0,1,0
AnimationStateChangeTrigger,2,3,0,2,2,32,6,0,0,0,2,0
StateEvent,0,0,0,0,0,4,0,0,0,-1,0,1
HandednessListener,5,3,2,2,1,41,6,0,0,0,0,4
PositionSwapper,2,12,0,1,2,69,13,0,0,0.1700000017881393,0,0
ToggleAction,7,4,0,5,2,50,8,0,0,0,0,0
TriggerContract,0,0,0,0,0,2,0,0,0,-1,0,3
TriggerListener,3,2,0,3,0,29,6,0,0,0,2,0
TriggerListenerBase<T>,1,4,0,1,0,29,8,0,0,0.75,1,0
TriggerListenerGameObject,2,2,0,2,0,12,2,0,0,0,2,0
TriggerListenerTransform,2,2,0,2,0,12,2,0,0,0,2,0
TriggerObject,5,4,0,5,4,24,4,2,0,1,1,1
TriggerObjectGameObject,1,0,0,1,0,3,0,0,1,-1,0,1
TriggerObjectTransform,1,0,0,1,0,3,0,0,1,-1,0,1
Assert,0,4,0,0,4,59,9,0,0,-1,0,2
CustomProjector,5,6,0,1,0,45,8,0,0,0,2,1
EnvironmentProperties,19,7,1,12,1,103,10,0,0,0,2,0
ImageFXBase,11,5,0,0,2,60,7,1,0,0,2,2
MeshBlit,0,1,0,0,1,21,3,0,0,-1,0,1
OffscreenBuffer,20,6,2,7,3,137,10,0,0,0,0,2
OutlinedObject,2,1,3,0,0,21,1,0,0,0,0,2
OutlinedObjectFX,10,7,0,0,3,74,9,0,1,0.2899999916553497,7,1
RenderTextureCamera,3,2,0,3,1,16,2,0,0,0,0,0
ScreenSpaceQuad,20,7,0,2,0,129,9,0,0,0.2899999916553497,2,1
ShaderLib,0,0,0,0,0,25,0,0,0,-1,0,3
Variables,11,0,0,11,0,13,0,0,0,-1,0,3
Keywords,1,0,0,1,0,3,0,0,0,-1,0,0
WorldSpaceProjectorBounds,3,4,0,1,0,26,4,0,0,0.5,1,1
AnimatorCallback,1,1,0,1,1,13,2,0,0,0,0,1
ControllerInputModule,10,4,0,8,1,157,12,0,0,0,0,0
ControllerWarning,5,1,0,4,0,43,4,0,0,0,1,0
FillTextWithTextAsset,2,1,0,2,0,15,2,0,0,0,0,0
LevelSelectButton,4,4,0,4,1,56,6,0,0,0,2,1
LevelSelectMenu,15,16,2,5,8,206,32,0,0,0.3100000023841858,5,1
SceneDataEvent,0,0,0,0,0,2,0,0,0,-1,0,1
LevelSelectMenuListener,3,0,1,3,0,17,0,0,0,-1,0,9
SelectableScene,8,2,1,7,1,27,2,0,0,0,0,2
AppButtonInput,2,1,0,2,0,12,3,0,0,0,1,0
ClickInput,4,1,0,4,0,30,5,0,0,0,1,0
ControllerOrientation,2,3,0,2,0,24,6,0,0,0,0,0
DirectionalSlashInput,9,2,0,7,0,51,6,0,0,0,0,0
ElbowOrientation,5,3,0,5,0,44,8,0,0,0,0,0
FlickInput,8,1,1,6,0,52,8,0,0,0,1,0
GyroInput,1,1,0,1,0,10,2,0,0,0,1,0
Vector3Event,0,0,0,0,0,3,0,0,0,-1,0,4
Vector2Event,0,0,0,0,0,3,0,0,0,-1,0,1
FloatEvent,0,0,0,0,0,3,0,0,0,-1,0,0
BoolEvent,0,0,0,0,0,3,0,0,0,-1,0,0
ButtonEvent,0,0,0,0,0,3,0,0,0,-1,0,2
TouchPadEvent,0,0,0,0,0,3,0,0,0,-1,0,1
TransformEvent,0,0,0,0,0,3,0,0,0,-1,0,2
GameObjectEvent,0,0,0,0,0,3,0,0,0,-1,0,1
MaskedOrientationInput,2,3,0,2,0,28,5,0,0,0,0,0
OrientationInput,2,1,0,1,0,14,2,0,0,0,1,0
RawAccelerometerInput,1,1,0,1,0,10,2,0,0,0,1,0
TouchInput,2,1,0,2,0,15,3,0,0,0,1,0
AdventurePlayerAnimationController,8,7,0,5,3,67,10,0,1,0,1,0
CharacterMover,17,9,0,10,2,216,26,0,0,0,3,1
CircularNavigationInput,1,2,0,1,2,27,4,0,1,1,0,0
ComboCounter,4,2,0,2,1,49,4,0,0,0,1,0
ComboTier,3,0,0,3,0,12,0,0,0,-1,0,1
DropShadow,5,3,0,5,1,47,7,0,0,0,0,0
ICharacterAnimatorController,0,2,0,0,0,4,2,1,0,-1,0,1
IPlayerInputProvider,0,2,0,0,0,4,2,1,0,-1,0,1
OnAnimatorMoveRelay,1,1,0,1,0,7,1,0,0,0,1,0
Spawnable,3,3,0,1,2,33,4,0,0,0,0,0
Artifact,6,3,0,5,1,58,8,0,0,0,3,0
DiscoveryJoint,2,0,0,2,0,8,0,0,0,-1,0,1
DustKicker,12,7,0,9,0,121,18,0,0,0,2,0
DustSpawn,3,2,0,2,1,21,3,0,0,0,1,1
RemoteController,12,8,0,7,2,86,13,0,0,0,1,1
Dragon_AnimController,2,5,0,1,1,31,6,0,0,0.4000000059604645,1,0
FloatMotion,7,2,0,4,0,38,4,0,0,0,0,0
ForwardMotor,4,2,0,2,0,38,4,0,0,0,1,1
GrowlVolume,3,1,0,3,0,15,1,0,0,0,0,0
IntervalTrigger,3,2,0,2,0,22,3,0,0,0,0,0
OrientTowards,4,4,0,3,2,46,7,0,0,0,1,0
RandomAngularVelocity,4,2,0,4,1,26,3,0,0,0,0,0
SpeedBooster,4,3,0,2,1,30,4,0,0,0,1,0
Dragonling,7,5,1,6,3,61,10,0,0,0,3,1
DragonlingAnimController,4,6,0,3,3,45,8,0,0,0,0,1
MovingPlatformController,12,7,0,9,3,110,14,0,0,0,2,0
PositionType,0,0,0,0,0,4,0,0,0,-1,0,1
SubTrigger,3,0,0,3,0,7,0,0,0,-1,0,1
MultiTrigger,3,5,0,3,1,54,13,0,0,0,1,0
NavmeshAgentController,4,4,1,3,2,46,8,0,0,0,0,2
OrientConstraint,5,1,0,5,0,32,4,0,0,0,0,0
PooledObjectActivator,6,2,0,4,1,37,5,0,0,0,0,0
RaycastPositioner,8,1,0,6,0,53,6,0,0,0,0,0
Selectable,7,4,2,3,2,50,6,0,0,0,0,3
Selection_Input,16,14,0,10,7,225,32,0,0,0.1400000005960464,4,0
SelectionManager,2,7,0,1,6,49,12,0,0,0.2899999916553497,1,1
Fish,1,3,0,0,2,31,3,0,0,0,0,2
FishCollector,3,2,0,2,1,23,3,0,0,0,1,1
FishingController,10,10,0,8,1,125,19,0,0,0.2000000029802322,1,0
FishingLineRenderer,12,10,0,8,1,139,23,0,0,0,1,0
FishingLure,22,14,4,13,5,214,23,0,0,0.1400000005960464,4,1
FishingLureState,0,0,0,0,0,28,0,0,0,-1,0,2
FishingLureStateEvent,0,0,0,0,0,3,0,0,0,-1,0,1
Marble,11,4,0,8,1,46,4,0,0,0,0,0
MazeController,5,2,0,3,0,55,4,0,0,0,0,0
Bamboo,10,11,0,3,6,83,14,0,0,0.1800000071525574,2,1
BambooHopper,19,9,0,13,6,159,23,0,0,0,1,1
HopperSetting,9,0,0,9,0,12,0,0,0,-1,0,1
HopperDifficultyRamper,4,4,0,3,3,47,6,0,0,0,3,0
Ninja_AnimController,1,7,0,1,7,31,7,0,0,0,0,1
Ninja_InputProcessor,10,1,0,3,0,44,1,0,0,0,1,0
Ninja_Poser,4,1,0,2,1,25,1,0,0,0,1,0
PancakeCookedDetector,14,6,3,10,1,130,14,0,0,0,4,0
PancakeDispenser,3,1,0,3,1,21,2,0,0,0,3,1
PancakeLimiter,3,1,0,3,0,25,3,0,0,0,0,1
PanController,2,3,0,2,0,24,5,0,0,0.6700000166893005,0,0
Rotator,3,1,0,3,0,16,3,0,0,0,0,0
SculptTool,10,4,0,6,3,55,6,0,0,0,0,0
Obstacle,9,7,2,5,2,90,16,0,0,0.2899999916553497,2,1
ObstacleCycler,0,1,0,0,1,13,2,0,1,-1,0,2
ObstacleManager,13,4,0,8,0,102,13,0,0,0,2,0
PushZone,2,1,0,2,1,17,2,0,0,0,0,0
SkyShipController,11,5,0,7,0,76,6,0,0,0,1,0
SkyShipPropeller,15,6,0,11,1,110,12,0,0,0,1,1
StarCoin,1,3,0,1,2,24,5,0,0,0.6700000166893005,3,1
LaserPointer,4,4,1,1,0,43,8,0,0,0,0,1
RemoteController,5,3,2,2,0,90,12,0,0,0,2,0
Ball,1,1,0,1,1,9,1,0,0,0,0,0
BallSpawner,14,2,0,10,0,85,4,0,0,0,3,0
LaunchMethod,0,0,0,0,0,4,0,0,0,-1,0,1
BlockTarget,7,4,0,6,2,64,8,1,0,0.5,0,1
CollisionSoundPlayer,2,2,0,1,0,16,2,0,0,0,0,0
ObjectRecycler,2,1,0,1,1,14,2,0,0,0,0,2
ObjectRecyclerGravitySim,3,2,0,2,0,23,4,0,0,0,1,0
RaquetBouncer,15,4,0,8,0,96,8,0,0,0,0,0
AnchorAxis,0,0,0,0,0,5,0,0,0,-1,0,1
RemoteParent,10,2,0,8,0,73,3,0,0,0,1,0
SignBlockTarget,1,2,0,1,0,15,2,0,1,1,1,0
DelayTimer,3,3,1,0,3,36,5,0,0,0.6700000166893005,0,1
MagicHitBox,2,4,0,2,1,28,7,0,0,0,2,1
MagicHitEvent,0,0,0,0,0,2,0,0,0,-1,0,1
MagicProjectile,14,10,1,8,0,180,19,0,0,0,2,2
MagicStrength,0,0,0,0,0,4,0,0,0,-1,0,2
ParticleSystemInfo,1,1,3,0,1,28,1,0,0,0,0,1
MagicVulnerable,13,14,0,8,1,155,25,0,0,0.1400000005960464,4,0
AnimatedThrowable,5,4,0,5,2,57,6,0,1,0,2,0
HeadLookThrowable,12,3,0,7,1,80,9,0,1,0,2,0
Throwable,2,5,1,2,4,56,6,2,0,0.800000011920929,0,3
ThrowController,12,12,2,10,5,154,24,0,0,0,4,0
ThrowTarget,0,0,0,0,0,2,0,0,0,-1,0,1
VisualHandFlip,2,2,0,2,1,21,2,0,0,0,1,1
ChildActivator,0,2,0,0,2,21,4,0,0,-1,0,0
CircleConstraint,3,2,0,3,0,34,4,0,0,0,0,0
PositionConstraint,2,1,0,2,0,9,1,0,0,0,0,0
PositionSwapper,2,11,0,1,1,65,12,0,0,0,0,0
SignedCircleConstraint,4,2,0,4,0,49,6,0,0,0,0,2
TransformConnector,2,1,0,2,0,9,1,0,0,0,0,0
TransformProjectionToggle,7,6,1,5,3,60,8,0,0,0.3300000131130219,1,0
TransformProjector,5,4,0,4,1,37,5,0,0,0,0,1
EffectPlayer,2,2,0,2,2,28,8,0,0,0,0,5
ObjectPool,2,4,0,1,3,40,9,1,0,0,0,6
PooledEffect,3,4,0,0,2,42,9,0,0,0,2,1
VRPlatformManager,1,1,0,1,0,11,2,0,0,0,0,0
HandOffset,1,4,0,1,2,27,5,0,0,0,1,0
MaterialCycle,4,1,0,4,1,18,2,0,0,0,0,1
Orbiter,6,1,0,5,0,33,3,0,0,0,0,0
RemoteOrbit,1,1,0,0,0,10,1,0,0,0,0,0
ScreenFade,8,5,0,4,2,75,11,0,0,0,0,1
SpringDepress,5,3,1,1,1,35,4,0,0,0,0,0
TouchClickReaction,5,2,0,3,0,18,2,0,0,0,0,0
ValueRelay,1,1,0,1,1,7,1,0,0,0,0,0
ModelProcessor,0,1,0,0,0,7,1,0,0,-1,0,0
MaterialEditor,1,2,1,0,1,38,5,0,0,0,0,0
OptionalTextureDrawer,1,3,0,0,3,26,5,0,0,0.6700000166893005,0,0
