Type,NOF,NOM,NOP,NOPF,NOPM,LOC,WMC,NC,DIT,LCOM,Fan-Out,Fan-In
AAMode,0,0,0,0,0,10,0,0,0,-1,0,1
Antialiasing,22,3,0,15,3,160,7,0,1,0,1,0
Bloom,30,7,0,25,2,352,22,0,1,0,5,0
LensFlareStyle,0,0,0,0,0,6,0,0,0,-1,0,1
TweakMode,0,0,0,0,0,5,0,0,0,-1,0,1
HDRBloomMode,0,0,0,0,0,11,0,0,0,-1,0,2
BloomScreenBlendMode,0,0,0,0,0,9,0,0,0,-1,0,2
BloomQuality,0,0,0,0,0,5,0,0,0,-1,0,1
LensflareStyle34,0,0,0,0,0,6,0,0,0,-1,0,1
TweakMode34,0,0,0,0,0,5,0,0,0,-1,0,1
BloomAndFlares,34,6,0,26,1,282,16,0,1,0,4,0
BloomOptimized,8,3,0,6,1,103,7,0,1,0,2,0
Resolution,0,0,0,0,0,5,0,0,0,-1,0,1
BlurType,0,0,0,0,0,11,0,0,0,-1,0,3
Blur,4,5,1,3,1,100,9,0,0,0.6000000238418579,0,0
BlurOptimized,6,3,0,5,3,87,7,0,1,0,1,0
CameraMotionBlur,30,10,0,18,1,375,30,0,1,0,1,0
MotionBlurFilter,0,0,0,0,0,7,0,0,0,-1,0,1
ColorCorrectionCurves,24,6,0,17,2,175,18,0,1,0.3300000131130219,2,0
ColorCorrectionMode,0,0,0,0,0,5,0,0,0,-1,0,1
ColorCorrectionLookup,4,7,0,3,4,124,24,0,1,0,0,0
ColorCorrectionRamp,1,1,0,1,0,11,1,0,1,0,0,0
ContrastEnhance,7,2,0,5,1,71,4,0,1,0,0,0
ContrastStretch,13,5,4,7,0,191,17,0,0,0.4000000059604645,0,0
CreaseShading,9,2,0,6,1,76,5,0,1,0,0,0
DepthOfField,24,8,0,18,1,379,23,0,1,0.25,2,0
BlurSampleCount,0,0,0,0,0,5,0,0,0,-1,0,1
DepthOfFieldDeprecated,43,15,0,26,1,421,45,0,1,0.1299999952316284,5,0
Dof34QualitySetting,0,0,0,0,0,5,0,0,0,-1,0,1
DofResolution,0,0,0,0,0,6,0,0,0,-1,0,1
DofBlurriness,0,0,0,0,0,6,0,0,0,-1,0,1
BokehDestination,0,0,0,0,0,6,0,0,0,-1,0,1
EdgeDetection,11,5,0,9,1,83,9,0,1,0,1,0
EdgeDetectMode,0,0,0,0,0,8,0,0,0,-1,0,1
Fisheye,4,2,0,3,1,38,4,0,1,0,0,0
GlobalFog,8,3,0,7,1,141,6,0,1,0,0,0
Grayscale,2,1,0,2,0,13,1,0,1,0,0,0
ImageEffectBase,2,2,1,1,0,49,5,6,0,1,0,1
ImageEffects,0,3,0,0,3,35,4,0,0,-1,0,2
MotionBlur,3,3,0,2,0,64,6,0,1,0.6700000166893005,1,0
NoiseAndGrain,18,3,0,15,1,174,11,0,1,0,0,0
NoiseAndScratches,18,4,1,12,0,128,9,0,0,0.75,0,0
PostEffectsBase,3,13,0,0,2,237,27,22,0,0.2300000041723251,0,1
PostEffectsHelper,0,4,0,0,0,182,10,0,0,-1,0,0
Quads,2,4,0,0,2,116,13,0,0,0,0,1
ScreenOverlay,5,2,0,4,1,63,4,0,1,0,1,0
OverlayBlendMode,0,0,0,0,0,8,0,0,0,-1,0,1
ScreenSpaceAmbientObscurance,8,3,0,7,1,95,8,0,1,0,0,0
ScreenSpaceAmbientOcclusion,11,7,0,9,0,193,15,0,0,0.2899999916553497,1,0
SSAOSamples,0,0,0,0,0,6,0,0,0,-1,0,1
SepiaTone,0,1,0,0,0,10,1,0,1,-1,0,0
SunShafts,14,2,0,12,1,141,10,0,1,0,2,0
SunShaftsResolution,0,0,0,0,0,6,0,0,0,-1,0,1
ShaftsScreenBlendMode,0,0,0,0,0,5,0,0,0,-1,0,1
TiltShift,7,2,0,6,1,69,7,0,1,0,2,0
TiltShiftMode,0,0,0,0,0,5,0,0,0,-1,0,1
TiltShiftQuality,0,0,0,0,0,6,0,0,0,-1,0,1
Tonemapping,13,5,0,9,2,268,28,0,1,0,2,0
TonemapperType,0,0,0,0,0,10,0,0,0,-1,0,1
AdaptiveTexSize,0,0,0,0,0,10,0,0,0,-1,0,1
Triangles,2,4,0,0,0,105,13,0,0,0,0,0
Twirl,3,1,0,3,0,15,1,0,1,0,1,0
VignetteAndChromaticAberration,14,2,0,11,1,108,8,0,1,0,1,0
AberrationMode,0,0,0,0,0,5,0,0,0,-1,0,1
Vortex,3,1,0,3,0,14,1,0,1,0,1,0
GizmoType,0,0,0,0,0,7,0,0,0,-1,0,1
GizmoTypeDrawer,0,1,0,0,1,23,2,0,0,-1,1,0
IPunObservable,0,1,0,0,0,29,1,0,0,-1,0,0
IPunCallbacks,0,27,0,0,0,310,27,0,0,-1,0,0
IPunPrefabPool,0,2,0,0,0,21,2,0,0,-1,0,0
MonoBehaviour,1,0,2,0,0,49,0,3,0,-1,0,0
PunBehaviour,0,27,0,0,27,364,27,1,1,-1,0,0
PhotonMessageInfo,3,2,1,2,2,28,2,0,0,0,0,0
PunEvent,12,0,0,12,0,15,0,0,0,-1,0,0
PhotonStream,4,17,3,0,16,292,31,0,0,0,0,0
HelpURL,0,1,0,0,1,6,1,0,0,-1,0,0
EditorSceneManager,0,3,1,0,3,22,3,0,0,-1,0,0
SceneManager,0,2,0,0,2,12,2,0,0,-1,0,0
SceneManagerHelper,0,0,3,0,0,42,0,0,0,-1,0,0
WebRpcResponse,0,2,4,0,2,40,2,0,0,-1,0,0
IPunObservable,0,1,0,0,0,29,1,0,0,-1,0,0
IPunCallbacks,0,27,0,0,0,310,27,0,0,-1,0,0
IPunPrefabPool,0,2,0,0,0,21,2,0,0,-1,0,0
MonoBehaviour,1,0,2,0,0,49,0,0,0,-1,0,0
PunBehaviour,0,27,0,0,27,364,27,0,1,-1,0,0
PhotonMessageInfo,3,2,1,2,2,28,2,0,0,0,0,0
PunEvent,12,0,0,12,0,15,0,0,0,-1,0,0
PhotonStream,4,17,3,0,16,292,31,0,0,0,0,0
HelpURL,0,1,0,0,1,6,1,0,0,-1,0,0
EditorSceneManager,0,3,1,0,3,22,3,0,0,-1,0,0
SceneManager,0,2,0,0,2,12,2,0,0,-1,0,0
SceneManagerHelper,0,0,3,0,0,42,0,0,0,-1,0,0
WebRpcResponse,0,2,4,0,2,40,2,0,0,-1,0,0
IPunObservable,0,1,0,0,0,29,1,0,0,-1,0,0
IPunCallbacks,0,27,0,0,0,310,27,0,0,-1,0,0
IPunPrefabPool,0,2,0,0,0,21,2,0,0,-1,0,0
MonoBehaviour,1,0,2,0,0,49,0,0,0,-1,0,0
PunBehaviour,0,27,0,0,27,364,27,0,1,-1,0,0
PhotonMessageInfo,3,2,1,2,2,28,2,0,0,0,0,0
PunEvent,12,0,0,12,0,15,0,0,0,-1,0,0
PhotonStream,4,17,3,0,16,292,31,0,0,0,0,0
HelpURL,0,1,0,0,1,6,1,0,0,-1,0,0
EditorSceneManager,0,3,1,0,3,22,3,0,0,-1,0,0
SceneManager,0,2,0,0,2,12,2,0,0,-1,0,1
SceneManagerHelper,0,0,3,0,0,42,0,0,0,-1,0,0
WebRpcResponse,0,2,4,0,2,40,2,0,0,-1,0,0
SocketUdp,2,8,0,0,7,203,13,0,0,0.3799999952316284,0,0
PlayerRoomIndexing,8,10,1,3,7,185,23,0,2,0.2000000029802322,0,2
PlayerRoomIndexingExtensions,0,1,0,0,1,15,2,0,0,-1,1,0
ButtonInsideScrollList,1,3,0,0,0,32,5,0,0,0,0,0
TextButtonTransition,3,3,0,2,3,23,3,0,0,0,0,0
TextToggleIsOnTransition,7,5,0,5,5,46,5,0,0,0,0,0
TimeKeeper,2,2,3,0,2,37,2,0,0,1,0,0
ChatChannel,4,6,2,4,6,75,8,0,0,0.3300000131130219,0,1
ChatClient,12,38,12,4,20,1022,102,0,0,0,11,0
ChatDisconnectCause,0,0,0,0,0,25,0,0,0,-1,0,1
ChatEventCode,7,0,0,7,0,10,0,0,0,-1,0,1
ChatOperationCode,9,0,0,9,0,24,0,0,0,-1,0,2
ChatParameterCode,16,0,0,16,0,37,0,0,0,-1,0,1
ChatPeer,3,5,2,2,3,154,16,0,0,0.800000011920929,4,1
CustomAuthenticationType,0,0,0,0,0,23,0,0,0,-1,0,2
AuthenticationValues,1,6,5,0,6,67,6,0,0,1,1,2
ParameterCode,9,0,0,9,0,21,0,0,0,-1,0,2
ErrorCode,15,0,0,15,0,78,0,0,0,-1,0,1
ChatState,0,0,0,0,0,27,0,0,0,-1,0,2
ChatUserStatus,7,0,0,7,0,17,0,0,0,-1,0,0
IChatClientListener,0,9,0,0,0,73,9,0,0,-1,1,1
BaseController,8,11,0,1,0,97,15,2,0,0.2700000107288361,2,2
BetterToggle,1,2,0,0,1,20,3,0,0,0,0,1
ChangePOV,10,10,0,0,0,100,14,0,0,0.300000011920929,5,3
CharacterInstantiation,0,1,0,0,1,27,4,0,0,-1,0,3
FirstPersonController,3,4,1,0,0,39,4,0,1,0,1,1
Highlighter,7,7,0,0,0,60,9,0,0,0.5699999928474426,3,0
OrthographicController,2,4,0,1,0,31,4,0,1,0.5,1,1
PushToTalkPrivateButton,5,5,0,2,3,82,11,0,0,0,2,1
PushToTalkScript,6,12,0,0,10,168,25,0,0,0.25,3,1
ThirdPersonController,1,1,0,0,0,10,1,1,1,0,0,2
VoiceDemoUI,19,11,1,0,0,333,29,0,0,0.449999988079071,6,1
AxisTouchButton,6,5,0,4,2,68,10,0,0,0,2,0
CrossPlatformInputManager,3,24,1,0,22,311,26,0,0,0,4,6
ActiveInputMethod,0,0,0,0,0,5,0,0,0,-1,0,1
VirtualAxis,1,4,4,0,4,45,4,0,0,1,0,6
VirtualButton,3,5,5,0,5,74,6,0,0,0.800000011920929,0,3
InputAxisScrollbar,1,2,0,1,1,11,2,0,0,1,1,0
Joystick,9,7,0,4,3,107,15,0,0,0.2899999916553497,3,0
AxisOption,0,0,0,0,0,12,0,0,0,-1,0,2
MobileControlRig,0,5,0,0,0,57,6,0,0,-1,0,0
TouchPad,17,7,0,6,2,144,15,0,0,0,4,0
ControlStyle,0,0,0,0,0,6,0,0,0,-1,0,1
VirtualInput,3,21,1,0,21,126,25,2,0,0.7099999785423279,2,1
MobileInput,0,13,0,0,11,127,23,0,1,-1,3,0
StandaloneInput,0,11,0,0,11,73,11,0,1,-1,0,0
BodyCollider,2,2,0,1,0,22,2,0,0,0,0,0
CircularDrive,38,15,0,20,0,514,44,0,0,0.1299999952316284,5,0
Axis_t,0,0,0,0,0,6,0,0,0,-1,0,0
ComplexThrowable,8,8,0,4,0,176,23,0,0,0,4,0
AttachMode,0,0,0,0,0,5,0,0,0,-1,0,1
ControllerHoverHighlight,8,12,0,2,2,180,29,0,0,0.1700000017881393,2,0
CustomEvents,0,0,0,0,0,15,0,0,0,-1,0,0
UnityEventSingleFloat,0,0,0,0,0,4,0,0,0,-1,0,0
UnityEventHand,0,0,0,0,0,4,0,0,0,-1,0,1
DebugUI,2,2,1,0,0,34,2,0,0,0,1,0
DestroyOnDetachedFromHand,0,1,0,0,0,9,1,0,0,-1,1,0
DestroyOnParticleSystemDeath,1,2,0,0,0,23,3,0,0,0,0,0
DestroyOnTriggerEnter,2,2,0,1,0,25,4,0,0,0,0,0
DistanceHaptics,4,1,0,4,0,29,3,0,0,0,0,0
DontDestroyOnLoad,0,1,0,0,0,8,1,0,0,-1,0,0
EnumFlags,0,1,0,0,1,4,1,0,0,-1,0,3
EnumFlagsPropertyDrawer,0,1,0,0,1,8,1,0,0,-1,0,0
FallbackCameraController,6,3,0,3,0,83,11,0,0,0.6700000166893005,0,0
Hand,25,27,4,14,11,856,85,0,0,0,13,28
HandType,0,0,0,0,0,6,0,0,0,-1,0,4
AttachmentFlags,0,0,0,0,0,8,0,0,0,-1,0,3
AttachedObject,3,0,0,3,0,6,0,0,0,-1,0,2
HandEditor,0,1,0,0,1,36,6,0,0,-1,2,0
HapticRack,7,5,0,5,0,69,8,0,0,0,2,0
HideOnHandFocusLost,0,1,0,0,0,8,1,0,0,-1,1,0
IgnoreHovering,1,0,0,1,0,5,0,0,0,-1,0,1
InputModule,2,5,1,0,5,65,7,0,0,0.6000000238418579,0,2
Interactable,0,2,0,0,0,29,4,0,0,-1,1,4
InteractableButtonEvents,8,1,0,8,0,65,11,0,0,0,3,0
InteractableHoverEvents,4,4,0,4,0,35,4,0,0,1,1,0
ItemPackage,6,0,0,6,0,11,0,0,0,-1,1,3
ItemPackageType,0,0,0,0,0,1,0,0,0,-1,0,2
ItemPackageReference,1,0,0,1,0,4,0,0,0,-1,1,2
ItemPackageSpawner,16,14,1,11,0,329,49,0,0,0.1400000005960464,8,0
LinearAnimation,5,2,0,2,0,51,5,0,0,0,1,0
LinearAnimator,4,2,0,2,0,46,5,0,0,0,1,0
LinearAudioPitch,6,3,0,5,0,44,6,0,0,0,1,0
LinearBlendshape,3,2,0,2,0,38,5,0,0,0,2,0
LinearDisplacement,3,2,0,2,0,28,4,0,0,0,1,0
LinearDrive,12,7,0,6,0,135,18,0,0,0,2,0
LinearMapping,1,0,0,1,0,4,0,0,0,-1,0,9
Player,9,7,10,8,3,389,20,0,0,0.4300000071525574,2,10
PlaySound,21,8,0,19,6,203,21,0,0,0.25,0,1
SeeThru,5,6,0,1,0,137,16,0,0,0,2,0
SleepOnAwake,0,1,0,0,0,12,2,0,0,-1,0,0
SoundDeparent,2,2,0,1,0,24,3,0,0,0,0,0
SoundPlayOneshot,7,4,0,6,3,62,8,0,0,0,1,5
SpawnAndAttachAfterControllerIsTracking,2,2,0,1,0,36,5,0,0,0,1,0
SpawnAndAttachToHand,2,1,0,2,1,24,3,0,0,0,1,0
SpawnRenderModel,8,9,0,1,0,152,22,0,0,0,3,0
Throwable,17,10,0,11,0,244,25,0,0,0.2000000029802322,8,0
UIElement,2,5,0,1,0,53,7,0,0,0.6000000238418579,5,1
UIElementEditor,0,1,0,0,1,17,2,0,0,-1,2,0
Unparent,1,3,0,0,1,27,4,0,0,0,0,0
Util,10,46,0,10,46,668,93,0,0,0.9599999785423279,1,15
AfterTimer_Component,4,3,0,0,1,45,5,0,0,0,0,1
VelocityEstimator,7,7,0,3,5,149,18,0,0,0,0,1
ControllerButtonHints,16,32,1,4,8,757,87,0,0,0,7,6
OffsetType,0,0,0,0,0,7,0,0,0,-1,0,1
ButtonHintInfo,14,0,0,14,0,21,0,0,0,-1,0,1
ArcheryTarget,8,4,0,6,0,67,8,0,0,0,1,0
Arrow,17,6,0,8,1,250,27,0,0,0,6,1
ArrowHand,17,11,0,8,0,282,27,0,0,0.3600000143051147,6,1
ArrowheadRotation,0,1,0,0,0,9,1,0,0,-1,0,0
Balloon,15,8,0,7,1,209,24,0,0,0.25,5,2
BalloonColor,0,0,0,0,0,1,0,0,0,-1,0,2
BalloonColliders,4,4,0,1,0,74,9,0,0,0,0,0
BalloonHapticBump,1,1,0,1,0,18,3,0,0,0,2,1
BalloonSpawner,15,4,0,14,2,108,16,0,0,0,3,0
ExplosionWobble,0,1,0,0,1,12,2,0,0,-1,0,1
FireSource,11,5,0,8,0,99,13,0,0,0,1,1
Longbow,46,21,0,18,6,428,40,0,0,0.1899999976158142,11,1
Handedness,0,0,0,0,0,1,0,0,0,-1,0,1
SoundBowClick,5,2,0,4,1,26,2,0,0,0,0,1
ControllerHintsExample,2,5,0,0,3,101,12,0,0,0,4,0
InteractableExample,5,9,0,0,0,116,11,0,0,0.4399999976158142,3,0
AllowTeleportWhileAttachedToHand,2,0,0,2,0,5,0,0,0,-1,0,2
ChaperoneInfo,2,2,5,1,1,73,5,0,0,0,2,1
IgnoreTeleportTrace,0,0,0,0,0,3,0,0,0,-1,0,0
Teleport,79,31,1,42,7,1137,121,0,0,0,13,2
TeleportArc,17,12,0,7,6,295,26,0,0,0,1,1
TeleportArea,6,10,1,0,8,145,17,0,1,0.300000011920929,1,2
TeleportAreaEditor,0,2,0,0,1,32,6,0,0,-1,1,0
TeleportMarkerBase,2,7,1,2,7,45,7,2,0,0.8600000143051147,0,1
TeleportPoint,25,13,1,7,10,297,22,0,1,0.3100000023841858,3,2
TeleportPointType,0,0,0,0,0,5,0,0,0,-1,0,2
TeleportPointEditor,0,2,0,0,1,29,5,0,0,-1,1,0
IVRSystem,44,0,0,0,0,224,0,0,0,-1,0,1
IVRExtendedDisplay,3,0,0,0,0,19,0,0,0,-1,0,1
IVRTrackedCamera,12,0,0,0,0,64,0,0,0,-1,0,1
IVRApplications,31,0,0,0,0,159,0,0,0,-1,0,1
IVRChaperone,8,0,0,0,0,44,0,0,0,-1,0,1
IVRChaperoneSetup,20,0,0,0,0,104,0,0,0,-1,0,1
IVRCompositor,41,0,0,0,0,209,0,0,0,-1,0,1
IVROverlay,75,0,0,0,0,379,0,0,0,-1,0,1
IVRRenderModels,18,0,0,0,0,94,0,0,0,-1,0,1
IVRNotifications,2,0,0,0,0,14,0,0,0,-1,0,1
IVRSettings,12,0,0,0,0,64,0,0,0,-1,0,1
IVRScreenshots,7,0,0,0,0,39,0,0,0,-1,0,1
IVRResources,2,0,0,0,0,14,0,0,0,-1,0,1
CVRSystem,1,45,0,0,44,275,47,0,0,0,23,4
GetControllerStateUnion,2,0,0,2,0,8,0,0,0,-1,0,1
GetControllerStateWithPoseUnion,2,0,0,2,0,8,0,0,0,-1,0,1
CVRExtendedDisplay,1,4,0,0,3,30,4,0,0,0,2,1
CVRTrackedCamera,1,13,0,0,12,76,13,0,0,0,7,1
CVRApplications,1,32,0,0,31,163,32,0,0,0,5,1
CVRChaperone,1,9,0,0,8,46,9,0,0,0,4,2
CVRChaperoneSetup,1,21,0,0,20,116,21,0,0,0,4,1
CVRCompositor,1,42,0,0,41,195,42,0,0,0,11,3
CVROverlay,1,76,0,0,75,404,76,0,0,0,19,1
CVRRenderModels,1,19,0,0,18,119,20,0,0,0,7,2
GetComponentStateUnion,2,0,0,2,0,8,0,0,0,-1,0,1
CVRNotifications,1,3,0,0,2,19,3,0,0,0,5,0
CVRSettings,1,13,0,0,12,61,13,0,0,0,2,1
CVRScreenshots,1,8,0,0,7,45,8,0,0,0,4,1
CVRResources,1,3,0,0,2,18,3,0,0,0,1,0
OpenVRInterop,0,8,0,0,0,19,8,0,0,-1,2,2
EVREye,0,0,0,0,0,5,0,0,0,-1,0,3
ETextureType,0,0,0,0,0,8,0,0,0,-1,0,2
EColorSpace,0,0,0,0,0,6,0,0,0,-1,0,2
ETrackingResult,0,0,0,0,0,8,0,0,0,-1,0,1
ETrackedDeviceClass,0,0,0,0,0,8,0,0,0,-1,0,2
ETrackedControllerRole,0,0,0,0,0,6,0,0,0,-1,0,1
ETrackingUniverseOrigin,0,0,0,0,0,6,0,0,0,-1,0,4
ETrackedDeviceProperty,0,0,0,0,0,112,0,0,0,-1,0,2
ETrackedPropertyError,0,0,0,0,0,15,0,0,0,-1,0,1
EVRSubmitFlags,0,0,0,0,0,7,0,0,0,-1,0,1
EVRState,0,0,0,0,0,12,0,0,0,-1,0,0
EVREventType,0,0,0,0,0,112,0,0,0,-1,0,2
EDeviceActivityLevel,0,0,0,0,0,8,0,0,0,-1,0,1
EVRButtonId,0,0,0,0,0,21,0,0,0,-1,0,11
EVRMouseButton,0,0,0,0,0,6,0,0,0,-1,0,0
EHiddenAreaMeshType,0,0,0,0,0,7,0,0,0,-1,0,1
EVRControllerAxisType,0,0,0,0,0,7,0,0,0,-1,0,1
EVRControllerEventOutputType,0,0,0,0,0,5,0,0,0,-1,0,0
ECollisionBoundsStyle,0,0,0,0,0,9,0,0,0,-1,0,0
EVROverlayError,0,0,0,0,0,24,0,0,0,-1,0,1
EVRApplicationType,0,0,0,0,0,11,0,0,0,-1,0,2
EVRFirmwareError,0,0,0,0,0,6,0,0,0,-1,0,1
EVRNotificationError,0,0,0,0,0,8,0,0,0,-1,0,1
EVRInitError,0,0,0,0,0,81,0,0,0,-1,0,3
EVRScreenshotType,0,0,0,0,0,9,0,0,0,-1,0,1
EVRScreenshotPropertyFilenames,0,0,0,0,0,5,0,0,0,-1,0,1
EVRTrackedCameraError,0,0,0,0,0,20,0,0,0,-1,0,1
EVRTrackedCameraFrameType,0,0,0,0,0,7,0,0,0,-1,0,2
EVRApplicationError,0,0,0,0,0,23,0,0,0,-1,0,1
EVRApplicationProperty,0,0,0,0,0,18,0,0,0,-1,0,1
EVRApplicationTransitionState,0,0,0,0,0,7,0,0,0,-1,0,1
ChaperoneCalibrationState,0,0,0,0,0,13,0,0,0,-1,0,1
EChaperoneConfigFile,0,0,0,0,0,5,0,0,0,-1,0,1
EChaperoneImportFlags,0,0,0,0,0,4,0,0,0,-1,0,0
EVRCompositorError,0,0,0,0,0,14,0,0,0,-1,0,2
VROverlayInputMethod,0,0,0,0,0,5,0,0,0,-1,0,1
VROverlayTransformType,0,0,0,0,0,7,0,0,0,-1,0,1
VROverlayFlags,0,0,0,0,0,19,0,0,0,-1,0,1
VRMessageOverlayResponse,0,0,0,0,0,10,0,0,0,-1,0,1
EGamepadTextInputMode,0,0,0,0,0,6,0,0,0,-1,0,0
EGamepadTextInputLineMode,0,0,0,0,0,5,0,0,0,-1,0,0
EOverlayDirection,0,0,0,0,0,8,0,0,0,-1,0,1
EVROverlayIntersectionMaskPrimitiveType,0,0,0,0,0,5,0,0,0,-1,0,1
EVRRenderModelError,0,0,0,0,0,16,0,0,0,-1,0,1
EVRComponentProperty,0,0,0,0,0,8,0,0,0,-1,0,0
EVRNotificationType,0,0,0,0,0,6,0,0,0,-1,0,1
EVRNotificationStyle,0,0,0,0,0,8,0,0,0,-1,0,1
EVRSettingsError,0,0,0,0,0,9,0,0,0,-1,0,1
EVRScreenshotError,0,0,0,0,0,9,0,0,0,-1,0,1
VREvent_Data_t,19,0,0,19,0,22,0,0,0,-1,0,1
VROverlayIntersectionMaskPrimitive_Data_t,2,0,0,2,0,5,0,0,0,-1,0,1
HmdMatrix34_t,12,0,0,12,0,15,0,0,0,-1,0,5
HmdMatrix44_t,16,0,0,16,0,19,0,0,0,-1,0,3
HmdVector3_t,3,0,0,3,0,6,0,0,0,-1,0,5
HmdVector4_t,4,0,0,4,0,7,0,0,0,-1,0,0
HmdVector3d_t,3,0,0,3,0,6,0,0,0,-1,0,0
HmdVector2_t,2,0,0,2,0,5,0,0,0,-1,0,4
HmdQuaternion_t,4,0,0,4,0,7,0,0,0,-1,0,0
HmdColor_t,4,0,0,4,0,7,0,0,0,-1,0,2
HmdQuad_t,4,0,0,4,0,7,0,0,0,-1,1,2
HmdRect2_t,2,0,0,2,0,5,0,0,0,-1,1,1
DistortionCoordinates_t,6,0,0,6,0,9,0,0,0,-1,0,1
Texture_t,3,0,0,3,0,6,0,0,0,-1,2,2
TrackedDevicePose_t,6,0,0,6,0,11,0,0,0,-1,3,5
VRTextureBounds_t,4,0,0,4,0,7,0,0,0,-1,0,3
VRVulkanTextureData_t,10,0,0,10,0,13,0,0,0,-1,0,0
D3D12TextureData_t,3,0,0,3,0,6,0,0,0,-1,0,0
VREvent_Controller_t,1,0,0,1,0,4,0,0,0,-1,0,0
VREvent_Mouse_t,3,0,0,3,0,6,0,0,0,-1,0,0
VREvent_Scroll_t,3,0,0,3,0,6,0,0,0,-1,0,0
VREvent_TouchPadMove_t,6,0,0,6,0,10,0,0,0,-1,0,0
VREvent_Notification_t,2,0,0,2,0,5,0,0,0,-1,0,0
VREvent_Process_t,3,0,0,3,0,7,0,0,0,-1,0,0
VREvent_Overlay_t,1,0,0,1,0,4,0,0,0,-1,0,0
VREvent_Status_t,1,0,0,1,0,4,0,0,0,-1,0,0
VREvent_Keyboard_t,9,0,0,9,0,5,0,0,0,-1,0,0
VREvent_Ipd_t,1,0,0,1,0,4,0,0,0,-1,0,0
VREvent_Chaperone_t,2,0,0,2,0,5,0,0,0,-1,0,0
VREvent_Reserved_t,2,0,0,2,0,5,0,0,0,-1,0,0
VREvent_PerformanceTest_t,1,0,0,1,0,4,0,0,0,-1,0,0
VREvent_SeatedZeroPoseReset_t,1,0,0,1,0,5,0,0,0,-1,0,0
VREvent_Screenshot_t,2,0,0,2,0,5,0,0,0,-1,0,0
VREvent_ScreenshotProgress_t,1,0,0,1,0,4,0,0,0,-1,0,0
VREvent_ApplicationLaunch_t,2,0,0,2,0,5,0,0,0,-1,0,0
VREvent_EditingCameraSurface_t,2,0,0,2,0,5,0,0,0,-1,0,0
VREvent_MessageOverlay_t,1,0,0,1,0,4,0,0,0,-1,0,0
VREvent_Property_t,2,0,0,2,0,5,0,0,0,-1,1,0
VREvent_t,4,0,0,4,0,7,0,0,0,-1,1,2
HiddenAreaMesh_t,2,0,0,2,0,5,0,0,0,-1,0,1
VRControllerAxis_t,2,0,0,2,0,5,0,0,0,-1,0,2
VRControllerState_t,8,0,0,8,0,11,0,0,0,-1,1,3
VRControllerState_t_Packed,8,1,0,8,1,22,1,0,0,0,2,2
Compositor_OverlaySettings,14,0,0,14,0,19,0,0,0,-1,1,0
CameraVideoStreamFrameHeader_t,6,0,0,6,0,9,0,0,0,-1,2,1
AppOverrideKeys_t,2,0,0,2,0,5,0,0,0,-1,0,1
Compositor_FrameTiming,24,0,0,24,0,27,0,0,0,-1,1,1
Compositor_CumulativeStats,15,0,0,15,0,18,0,0,0,-1,0,1
VROverlayIntersectionParams_t,3,0,0,3,0,6,0,0,0,-1,2,1
VROverlayIntersectionResults_t,4,0,0,4,0,7,0,0,0,-1,2,1
IntersectionMaskRectangle_t,4,0,0,4,0,7,0,0,0,-1,0,0
IntersectionMaskCircle_t,3,0,0,3,0,6,0,0,0,-1,0,0
VROverlayIntersectionMaskPrimitive_t,2,0,0,2,0,5,0,0,0,-1,2,1
RenderModel_ComponentState_t,3,0,0,3,0,6,0,0,0,-1,1,1
RenderModel_Vertex_t,4,0,0,4,0,7,0,0,0,-1,1,0
RenderModel_TextureMap_t,3,0,0,3,0,6,0,0,0,-1,0,1
RenderModel_TextureMap_t_Packed,3,1,0,3,1,12,1,0,0,0,1,0
RenderModel_t,5,0,0,5,0,8,0,0,0,-1,0,1
RenderModel_t_Packed,5,1,0,5,1,16,1,0,0,0,1,0
RenderModel_ControllerMode_State_t,1,0,0,1,0,5,0,0,0,-1,0,2
NotificationBitmap_t,4,0,0,4,0,7,0,0,0,-1,0,1
COpenVRContext,23,14,0,12,13,197,37,0,0,0,13,1
OpenVR,173,10,13,171,10,454,12,0,0,0.6000000238418579,5,5
Arrow,8,11,0,2,4,97,13,0,0,0,0,2
ArrowNotch,2,3,0,0,0,35,4,0,0,0,4,0
ArrowSpawner,4,4,0,2,0,44,6,0,0,0,5,0
BowAim,20,13,0,6,4,175,22,0,0,0,9,3
BowAnimation,1,1,0,1,1,11,1,0,0,0,0,1
BowHandle,3,0,0,3,0,7,0,0,0,-1,1,2
Follow,3,1,0,3,0,26,4,0,0,0,0,0
AutoRotation,2,2,0,2,0,20,2,0,0,0,0,0
Breakable_Cube,1,5,0,0,0,54,10,0,0,0.4000000059604645,1,0
ButtonReactor,3,2,0,2,0,25,3,0,0,1,3,0
Controller_Hand,8,7,0,1,0,76,8,0,0,0,3,0
Hands,0,0,0,0,0,5,0,0,0,-1,0,1
Controller_Menu,4,5,0,1,0,49,7,0,0,0,2,0
ControlReactor,2,2,0,1,0,22,3,0,0,1,3,0
ExcludeTeleport,0,0,0,0,0,3,0,0,0,-1,0,0
FireExtinguisher_Base,4,5,0,2,2,50,6,0,1,0,4,1
FireExtinguisher_Sprayer,5,3,0,3,1,49,7,0,1,0.6700000166893005,2,1
Gun,3,3,0,0,1,27,3,0,1,0,1,0
HandLift,8,2,0,6,1,48,4,0,1,0,2,0
Lamp,0,3,0,0,2,22,4,0,1,-1,1,0
LightSaber,8,6,0,0,2,64,8,0,1,0,1,0
Menu_Color_Changer,1,3,0,1,1,25,4,0,1,0,2,0
Menu_Container_Object_Colors,0,2,0,0,1,16,3,0,1,-1,1,1
Menu_Object_Spawner,2,4,0,1,2,49,6,0,1,0,2,1
PrimitiveTypes,0,0,0,0,0,5,0,0,0,-1,0,1
ModelVillage_TeleportLocation,2,1,0,1,0,20,3,0,1,0,2,0
Openable_Door,9,5,0,2,1,52,6,0,1,0,1,0
RC_Car,11,12,0,2,3,112,16,0,0,0,0,1
RC_Car_Controller,2,6,0,1,0,42,6,0,0,0,3,0
RealGun,14,9,0,2,3,146,14,0,1,0,9,0
RealGun_SafetySwitch,3,4,0,1,1,38,5,0,1,0,1,1
RealGun_Slide,4,3,0,0,1,43,7,0,1,0,1,1
Remote_Beam,4,2,0,0,1,19,2,0,0,0,0,1
Remote_Beam_Controller,2,3,0,1,0,23,3,0,0,0,3,0
RendererOffOnDash,2,5,0,0,0,60,12,0,0,0.4000000059604645,4,0
SnapDropZoneGroup_Switcher,2,5,0,0,0,41,5,0,0,0,2,0
Sphere_Spawner,2,4,0,0,0,37,6,0,0,0.75,2,0
Sword,4,4,0,0,2,38,5,0,1,0.5,3,1
UI_Interactions,1,6,0,0,6,87,7,0,0,1,0,0
UI_Keyboard,1,4,0,0,3,28,5,0,0,0,0,0
UseRotate,5,4,0,0,2,44,5,0,1,0,1,0
VRTK_ControllerAppearance_Example,4,15,0,1,0,174,26,0,0,0,6,0
VRTK_ControllerEvents_ListenerExample,0,38,0,0,0,254,39,0,0,-1,2,0
VRTK_ControllerInteract_ListenerExample,0,6,0,0,0,54,11,0,0,-1,3,0
VRTK_ControllerPointerEvents_ListenerExample,0,5,0,0,0,38,6,0,0,-1,2,0
VRTK_ControllerUIPointerEvents_ListenerExample,1,6,0,1,0,58,10,0,0,0.6700000166893005,4,0
VRTK_RoomExtender_ControllerExample,1,6,0,0,0,74,11,0,0,0,4,0
Whirlygig,2,4,0,0,2,28,4,0,1,0,1,0
Zipline,9,3,0,6,1,57,6,0,1,0,2,0
PanelMenuDemoFlyingSaucer,1,1,0,0,1,20,1,0,0,0,0,0
PanelMenuDemoSphere,1,1,0,0,1,21,1,0,0,0,0,0
PanelMenuUIGrid,5,10,0,0,1,142,16,0,0,0,3,0
Direction,0,0,0,0,0,8,0,0,0,-1,0,1
PanelMenuUISlider,1,4,0,0,0,46,5,0,0,0,2,0
SceneChanger,2,5,0,0,0,69,13,0,0,0,3,0
VRTK_ConsoleViewer,15,7,0,6,2,100,9,0,0,0.2899999916553497,0,0
VRTK_ControllerRigidbodyActivator,1,3,0,1,0,24,4,0,0,0,1,2
VRTK_ControllerTooltips,26,14,0,15,3,337,32,0,0,0,11,1
TooltipButtons,0,0,0,0,0,10,0,0,0,-1,0,2
VRTK_DestinationPoint,15,18,0,6,1,259,40,0,1,0,7,0
VRTK_FramesPerSecondViewer,11,2,0,7,0,57,5,0,0,0,0,0
VRTK_ObjectTooltip,10,8,0,9,2,104,11,0,0,0,0,1
SnapDropZoneEventArgs,1,0,0,1,0,4,0,0,0,-1,0,3
VRTK_SnapDropZone,23,42,0,8,8,709,104,0,0,0.07000000029802322,8,3
SnapTypes,0,0,0,0,0,6,0,0,0,-1,0,2
PanelMenuController,24,30,0,6,4,496,68,0,0,0,7,0
TouchpadPressPosition,0,0,0,0,0,8,0,0,0,-1,0,1
PanelMenuItemControllerEventArgs,1,0,0,1,0,4,0,0,0,-1,0,3
PanelMenuItemController,0,15,0,0,14,141,22,0,0,-1,1,3
RadialButtonIcon,0,0,0,0,0,4,0,0,0,-1,0,1
RadialMenu,16,17,0,14,10,335,39,0,0,0.119999997317791,4,3
RadialMenuButton,5,0,0,5,0,9,0,0,0,-1,0,1
ButtonEvent,0,0,0,0,0,7,0,0,0,-1,0,1
UICircle,5,3,2,4,0,110,7,0,0,0,0,1
VRTK_IndependentRadialMenuController,15,18,0,6,1,364,45,0,1,0,6,0
RadialMenuController,4,16,0,1,0,132,20,1,0,0.119999997317791,4,0
VRTK_ContentHandler,3,2,0,3,0,43,6,0,0,0,3,0
VRTK_Button,13,13,0,5,1,448,34,0,1,0.1500000059604645,6,1
ButtonEvents,1,0,0,1,0,9,0,0,0,-1,0,1
ButtonDirection,0,0,0,0,0,10,0,0,0,-1,0,1
VRTK_Chest,17,11,0,7,0,298,31,0,1,0,6,0
Control3DEventArgs,2,0,0,2,0,5,0,0,0,-1,0,6
VRTK_Control,12,16,0,2,5,247,27,8,0,0.119999997317791,7,7
ValueChangedEvent,0,0,0,0,0,3,0,0,0,-1,0,2
DefaultControlEvents,1,0,0,1,0,9,0,0,0,-1,1,1
ControlValueRange,2,0,0,2,0,5,0,0,0,-1,0,9
Direction,0,0,0,0,0,7,0,0,0,-1,0,4
VRTK_Door,23,16,0,13,0,486,46,0,1,0,7,0
VRTK_Drawer,20,11,0,8,0,302,32,0,1,0.1800000071525574,7,0
VRTK_Knob,13,7,0,5,0,241,22,0,1,0.2899999916553497,5,0
KnobDirection,0,0,0,0,0,6,0,0,0,-1,0,1
VRTK_Lever,10,11,0,7,0,172,21,1,1,0,6,1
LeverDirection,0,0,0,0,0,6,0,0,0,-1,0,1
VRTK_Slider,16,12,0,9,0,267,30,0,1,0,5,0
VRTK_SpringLever,6,6,0,4,0,86,9,0,2,0,2,0
VRTK_Wheel,20,13,0,11,0,244,27,0,1,0,5,0
GrabTypes,0,0,0,0,0,5,0,0,0,-1,0,1
VRTK_ControllerModelElementPaths,9,0,0,9,0,13,0,0,0,-1,0,1
VRTK_ControllerElementHighlighers,9,0,0,9,0,13,0,0,0,-1,1,1
ControllerActionsEventArgs,1,0,0,1,0,4,0,0,0,-1,0,3
VRTK_ControllerActions,8,31,0,2,19,546,79,0,0,0.1000000014901161,11,14
ControllerInteractionEventArgs,4,0,0,4,0,7,0,0,0,-1,0,22
VRTK_ControllerEvents,37,71,0,32,59,1825,181,0,0,0.07999999821186066,6,31
ButtonAlias,0,0,0,0,0,19,0,0,0,-1,0,9
InteractableObjectEventArgs,1,0,0,1,0,4,0,0,0,-1,0,11
VRTK_InteractableObject,37,70,1,18,38,988,143,17,0,0.05999999865889549,16,50
AllowedController,0,0,0,0,0,6,0,0,0,-1,0,2
ValidDropTypes,0,0,0,0,0,6,0,0,0,-1,0,1
VRTK_InteractControllerAppearance,10,7,0,6,3,119,15,0,0,0.2899999916553497,2,3
VRTK_InteractGrab,12,35,0,4,5,415,69,0,0,0,13,15
VRTK_InteractHaptics,10,5,0,9,3,83,10,0,0,0.4000000059604645,1,4
ObjectInteractEventArgs,2,0,0,2,0,5,0,0,0,-1,0,9
VRTK_InteractTouch,16,36,0,1,11,472,74,0,0,0,12,9
VRTK_InteractUse,4,20,0,0,5,232,43,0,0,0,9,2
VRTK_ObjectAutoGrab,5,3,0,4,1,91,12,0,0,0,3,0
VRTK_ControllerTracker,1,2,0,0,0,25,4,0,0,0,2,0
Bezier,0,4,0,0,4,41,4,0,0,-1,0,1
VRTK_CurveGenerator,7,12,3,0,4,301,34,0,0,0.1700000017881393,3,2
BezierControlPointMode,0,0,0,0,0,6,0,0,0,-1,0,1
VRTK_EventSystem,4,8,0,0,2,116,16,0,0,0.25,1,1
VRTK_ObjectCache,4,0,0,4,0,7,0,0,0,-1,2,9
VRTK_PlayerObject,1,2,0,1,2,47,5,0,0,0,1,22
ObjectTypes,0,0,0,0,0,10,0,0,0,-1,0,19
VRTK_RoomExtender_PlayAreaGizmo,5,4,0,3,0,78,8,0,0,0,3,0
VRTK_ScreenFade,5,4,0,1,2,69,9,0,0,0,0,0
VRTKTrackedControllerEventArgs,2,0,0,2,0,5,0,0,0,-1,0,2
VRTK_TrackedController,4,9,0,1,3,101,17,0,0,0.2199999988079071,3,2
VRTK_TrackedHeadset,0,1,0,0,0,7,1,0,0,-1,1,0
VRTK_UIGraphicRaycaster,4,4,1,0,1,149,19,0,0,0,1,1
VRTK_VRInputModule,1,17,0,1,3,325,48,0,0,0.119999997317791,5,2
VRTK_BaseObjectControlAction,8,9,0,2,0,123,17,4,0,0.4399999976158142,5,1
AxisListeners,0,0,0,0,0,5,0,0,0,-1,0,1
VRTK_RotateObjectControlAction,2,2,0,2,0,21,3,0,1,0,0,0
VRTK_SlideObjectControlAction,5,4,0,4,0,70,8,0,1,0,0,0
VRTK_SnapRotateObjectControlAction,6,3,0,5,0,41,5,0,1,0,0,0
VRTK_WarpObjectControlAction,7,3,0,5,0,64,6,0,1,0,2,0
VRTK_BasicTeleport,14,17,0,5,3,237,34,1,0,0,9,8
VRTK_ButtonControl,13,14,0,4,0,138,21,0,1,0.2099999934434891,5,0
DashTeleportEventArgs,1,0,0,1,0,4,0,0,0,-1,0,3
VRTK_DashTeleport,7,6,0,5,2,126,15,0,1,0,2,2
VRTK_HeightAdjustTeleport,1,4,0,1,0,43,6,1,1,0.75,1,1
VRTK_MoveInPlace,30,16,0,11,3,418,42,0,0,0.119999997317791,7,0
ControlOptions,0,0,0,0,0,6,0,0,0,-1,0,1
DirectionalMethod,0,0,0,0,0,7,0,0,0,-1,0,1
ObjectControlEventArgs,7,0,0,7,0,10,0,0,0,-1,0,3
VRTK_ObjectControl,18,16,0,5,2,191,26,2,0,0.1899999976158142,5,4
DirectionDevices,0,0,0,0,0,7,0,0,0,-1,0,1
PlayerClimbEventArgs,2,0,0,2,0,5,0,0,0,-1,0,2
VRTK_PlayerClimb,11,18,0,1,0,226,33,0,0,0.1099999994039536,10,1
VRTK_RoomExtender,12,6,0,7,0,123,14,0,0,0,2,2
MovementFunction,0,0,0,0,0,5,0,0,0,-1,0,2
VRTK_TeleportDisableOnControllerObscured,2,5,0,0,0,52,9,0,0,0,4,0
VRTK_TeleportDisableOnHeadsetCollision,2,5,0,0,0,51,9,0,0,0,4,0
VRTK_TouchpadControl,5,11,0,3,0,111,19,0,1,0.1800000071525574,5,0
TouchpadMovementAxisEventArgs,2,0,0,2,0,5,0,0,0,-1,2,1
VRTK_TouchpadMovement,46,21,0,24,0,490,45,0,0,0,13,0
VerticalAxisMovement,0,0,0,0,0,7,0,0,0,-1,0,1
HorizontalAxisMovement,0,0,0,0,0,10,0,0,0,-1,0,1
AxisMovementType,0,0,0,0,0,6,0,0,0,-1,0,2
AxisMovementDirection,0,0,0,0,0,8,0,0,0,-1,0,2
VRTK_TouchpadWalking,24,14,0,8,0,205,25,0,0,0,7,0
VRTK_BasePointerRenderer,26,36,0,7,9,486,68,2,0,0.05999999865889549,11,4
VisibilityStates,0,0,0,0,0,6,0,0,0,-1,0,3
PointerOriginSmoothingSettings,8,0,0,8,0,25,0,0,0,-1,0,2
VRTK_BezierPointerRenderer,18,17,0,12,1,352,42,0,1,0,6,0
VRTK_StraightPointerRenderer,11,12,0,7,1,224,26,0,1,0,4,0
VRTK_BasePointer,32,40,0,12,3,567,83,2,1,0.119999997317791,14,2
pointerVisibilityStates,0,0,0,0,0,6,0,0,0,-1,0,2
VRTK_BezierPointer,20,15,0,12,0,327,37,0,2,0,6,0
DestinationMarkerEventArgs,7,0,0,7,0,10,0,0,0,-1,0,9
VRTK_DestinationMarker,4,9,0,1,6,97,12,5,0,1,3,7
VRTK_PlayAreaCursor,13,16,0,4,9,281,30,0,0,0,5,3
VRTK_PlayAreaCollider,2,6,0,0,2,44,9,0,0,0,3,1
VRTK_Pointer,19,32,0,10,6,412,69,0,1,0,9,5
VRTK_SimplePointer,14,10,0,6,0,256,27,0,2,0,4,0
BodyPhysicsEventArgs,1,0,0,1,0,4,0,0,0,-1,0,2
VRTK_BodyPhysics,39,58,0,11,8,842,122,0,1,0,11,6
FallingRestrictors,0,0,0,0,0,8,0,0,0,-1,0,1
HeadsetCollisionEventArgs,2,0,0,2,0,5,0,0,0,-1,0,6
VRTK_HeadsetCollision,9,9,0,4,3,155,22,0,0,0.3300000131130219,6,6
VRTK_HeadsetCollider,2,8,0,0,3,61,11,0,0,0,4,1
VRTK_HeadsetCollisionFade,4,4,0,2,0,36,4,0,0,0,3,0
HeadsetControllerAwareEventArgs,2,0,0,2,0,5,0,0,0,-1,0,4
VRTK_HeadsetControllerAware,16,16,0,5,8,220,30,0,0,0.119999997317791,3,4
HeadsetFadeEventArgs,2,0,0,2,0,5,0,0,0,-1,0,2
VRTK_HeadsetFade,3,12,0,0,8,137,17,0,0,0,4,2
VRTK_HipTracking,4,2,0,3,0,56,6,0,0,0,1,0
VRTK_PositionRewind,15,10,0,3,0,151,22,0,0,0,3,0
VRTK_UICanvas,6,9,0,2,0,190,25,0,0,0.3300000131130219,4,1
VRTK_UIPointerAutoActivator,0,2,0,0,0,21,4,0,0,-1,3,0
VRTK_UIDraggableItem,11,7,0,4,3,138,19,0,0,0,3,1
VRTK_UIDropZone,1,2,0,0,2,26,5,0,0,0,1,1
UIPointerEventArgs,4,0,0,4,0,7,0,0,0,-1,0,3
VRTK_UIPointer,22,18,0,15,13,358,40,0,0,0.2199999988079071,7,6
ActivationMethods,0,0,0,0,0,6,0,0,0,-1,0,2
ClickMethods,0,0,0,0,0,5,0,0,0,-1,0,1
VRTK_ObjectFollow,11,12,3,11,1,148,18,2,0,0,0,2
VRTK_RigidbodyFollow,3,8,0,1,0,94,11,0,1,0.25,2,0
MovementOption,0,0,0,0,0,6,0,0,0,-1,0,1
VRTK_TransformFollow,4,9,0,1,0,98,15,0,1,0.2199999988079071,3,2
FollowMoment,0,0,0,0,0,6,0,0,0,-1,0,1
VRTK_AdaptiveQuality,28,19,3,13,4,822,52,0,0,0,7,1
AdaptiveSetting<T>,3,1,3,2,1,33,1,0,0,0,0,0
CommandLineArguments,8,0,0,8,0,15,0,0,0,-1,0,1
KeyboardShortcuts,5,0,0,5,0,8,0,0,0,-1,0,1
ShaderPropertyIDs,5,0,0,5,0,8,0,0,0,-1,0,1
Timing,2,6,0,0,5,85,15,0,0,0,0,1
VRTK_DeviceFinder,0,22,0,0,22,328,33,0,0,-1,5,45
Devices,0,0,0,0,0,6,0,0,0,-1,0,1
Headsets,0,0,0,0,0,8,0,0,0,-1,0,2
VRTK_PolicyList,3,6,0,3,2,178,16,0,0,0,2,7
OperationTypes,0,0,0,0,0,5,0,0,0,-1,0,1
CheckTypes,0,0,0,0,0,6,0,0,0,-1,0,1
VRTK_SDKManager,16,8,0,16,4,244,20,0,0,0.5,6,7
SupportedSDKs,0,0,0,0,0,8,0,0,0,-1,0,2
VRTK_SDKDetails,3,1,0,3,1,13,1,0,0,0,0,1
VRTK_SharedMethods,0,8,0,0,7,166,25,0,0,-1,2,20
VRTK_Simulator,8,3,0,4,0,109,7,0,0,0,2,0
Keys,9,0,0,9,0,13,0,0,0,-1,0,1
SDK_BaseBoundaries,1,6,0,0,5,47,7,2,0,1,1,3
SDK_BaseController,0,75,0,0,66,617,83,2,0,-1,4,8
ButtonPressTypes,0,0,0,0,0,9,0,0,0,-1,0,1
ControllerElements,0,0,0,0,0,13,0,0,0,-1,0,7
ControllerHand,0,0,0,0,0,6,0,0,0,-1,0,11
SDK_ControllerHapticModifiers,2,0,0,2,0,5,0,0,0,-1,0,4
SDK_BaseHeadset,2,9,0,0,8,67,10,2,0,1,1,3
SDK_BaseSystem,0,3,0,0,3,20,3,2,0,-1,0,2
SDK_DaydreamBoundaries,0,0,0,0,0,3,0,0,1,-1,0,0
SDK_DaydreamController,0,0,0,0,0,3,0,0,1,-1,0,0
SDK_DaydreamHeadset,0,0,0,0,0,3,0,0,1,-1,0,0
SDK_DaydreamSystem,0,0,0,0,0,3,0,0,1,-1,0,0
SDK_FallbackBoundaries,0,6,0,0,5,63,6,3,1,-1,0,0
SDK_FallbackController,0,67,0,0,66,668,67,3,1,-1,3,0
SDK_FallbackHeadset,0,9,0,0,8,79,9,3,1,-1,0,0
SDK_FallbackSystem,0,4,0,0,3,33,4,3,1,-1,0,0
SDK_OculusVRBoundaries,0,0,0,0,0,3,0,0,2,-1,0,0
SDK_OculusVRController,0,0,0,0,0,3,0,0,2,-1,0,0
SDK_OculusVRHeadset,0,0,0,0,0,3,0,0,2,-1,0,0
SDK_OculusVRSystem,0,0,0,0,0,3,0,0,2,-1,0,0
SDK_ControllerSim,5,4,1,0,2,66,8,0,0,0,0,1
SDK_InputSimulator,28,9,0,18,1,275,24,0,0,0,1,0
SDK_SimBoundaries,0,0,0,0,0,3,0,0,2,-1,0,0
SDK_SimController,0,0,0,0,0,3,0,0,2,-1,0,0
SDK_SimHeadset,0,0,0,0,0,3,0,0,2,-1,0,0
SDK_SimSystem,0,0,0,0,0,3,0,0,2,-1,0,0
SDK_SteamVRBoundaries,0,5,0,0,5,68,9,0,1,-1,0,0
SDK_SteamVRController,3,77,0,0,66,991,112,0,1,0.3400000035762787,11,0
SDK_SteamVRHeadset,0,8,0,0,8,105,14,0,1,-1,0,0
SDK_SteamVRSystem,0,3,0,0,3,32,4,0,1,-1,3,0
VRTK_SDK_Bridge,4,85,0,0,85,460,89,0,0,0.05000000074505806,8,22
VRTK_BaseGrabAttach,16,20,0,6,11,265,34,4,0,0.449999988079071,3,14
VRTK_BaseJointGrabAttach,3,10,0,1,3,119,16,3,1,0.300000011920929,2,3
VRTK_ChildOfControllerGrabAttach,0,5,0,0,2,59,8,0,1,-1,2,0
VRTK_ClimbableGrabAttach,1,1,0,1,0,13,1,0,1,0,0,1
VRTK_CustomJointGrabAttach,2,4,0,1,0,49,6,0,2,0.5,2,0
VRTK_FixedJointGrabAttach,1,1,0,1,0,12,1,0,2,0,2,0
VRTK_RotatorTrackGrabAttach,0,3,0,0,2,27,3,0,1,-1,1,0
VRTK_SpringJointGrabAttach,3,1,0,3,0,19,1,0,2,0,2,0
VRTK_TrackObjectGrabAttach,4,6,0,3,4,130,15,1,1,0.5,2,2
VRTK_BaseHighlighter,3,8,0,2,7,88,12,2,0,0.8799999952316284,0,4
VRTK_MaterialColorSwapHighlighter,6,7,0,2,4,167,25,1,1,0,1,1
VRTK_MaterialPropertyBlockColorSwapHighlighter,2,5,0,0,2,118,18,0,2,0,2,0
VRTK_OutlineObjectCopyHighlighter,7,12,0,4,4,254,42,0,1,0,3,0
VRTK_AxisScaleGrabAction,8,7,0,5,3,103,10,0,1,0.2899999916553497,3,0
VRTK_BaseGrabAction,8,8,0,0,7,89,9,3,0,0.75,2,4
VRTK_ControlDirectionGrabAction,7,9,0,3,5,167,18,0,1,0.2199999988079071,4,0
VRTK_SwapControllerGrabAction,0,1,0,0,0,8,1,0,1,-1,0,0
VRTK_BasicTeleport_UnityEvents,3,5,0,2,0,59,8,0,0,0.6000000238418579,3,0
UnityObjectEvent,0,0,0,0,0,20,0,0,0,-1,0,21
VRTK_BodyPhysics_UnityEvents,7,9,0,6,0,103,12,0,0,0.7799999713897705,3,0
VRTK_Button_UnityEvents,2,4,0,1,0,48,7,0,0,0.5,3,1
VRTK_Control_UnityEvents,2,4,0,1,0,48,7,0,0,0.5,3,1
VRTK_ControllerActions_UnityEvents,3,5,0,2,0,59,8,0,0,0.6000000238418579,3,0
VRTK_ControllerEvents_UnityEvents,48,50,0,47,0,574,53,0,0,0.9599999785423279,3,0
VRTK_DashTeleport_UnityEvents,3,5,0,2,0,59,8,0,0,0.6000000238418579,3,0
VRTK_DestinationMarker_UnityEvents,4,6,0,3,0,70,9,0,0,0.6700000166893005,3,0
VRTK_HeadsetCollision_UnityEvents,3,5,0,2,0,59,8,0,0,0.6000000238418579,3,0
VRTK_HeadsetControllerAware_UnityEvents,5,7,0,4,0,82,10,0,0,0.7099999785423279,3,0
VRTK_HeadsetFade_UnityEvents,5,7,0,4,0,81,10,0,0,0.7099999785423279,3,0
VRTK_InteractableObject_UnityEvents,7,9,0,6,0,103,12,0,0,0.7799999713897705,3,0
VRTK_InteractGrab_UnityEvents,3,5,0,2,0,59,8,0,0,0.6000000238418579,3,0
VRTK_InteractTouch_UnityEvents,3,5,0,2,0,59,8,0,0,0.6000000238418579,3,0
VRTK_InteractUse_UnityEvents,3,5,0,2,0,59,8,0,0,0.6000000238418579,3,0
VRTK_ObjectControl_UnityEvents,3,5,0,2,0,60,8,0,0,0.6000000238418579,3,0
VRTK_PlayerClimb_UnityEvents,3,5,0,2,0,59,8,0,0,0.6000000238418579,3,0
VRTK_SnapDropZone_UnityEvents,5,7,0,4,0,81,10,0,0,0.7099999785423279,3,0
VRTK_UIPointer_UnityEvents,6,8,0,5,0,91,11,0,0,0.75,3,0
Extensions,0,5,0,0,5,117,18,0,0,-1,0,0
FriendInfo,0,1,4,0,1,12,1,0,0,-1,0,1
ClientState,0,0,0,0,0,62,0,0,0,-1,0,6
JoinType,0,0,0,0,0,11,0,0,0,-1,0,1
DisconnectCause,0,0,0,0,0,27,0,0,0,-1,0,1
ServerConnection,0,0,0,0,0,9,0,0,0,-1,0,1
EncryptionMode,0,0,0,0,0,11,0,0,0,-1,0,2
EncryptionDataParameters,3,0,0,3,0,15,0,0,0,-1,0,1
LoadBalancingClient,22,48,29,9,33,2310,111,1,0,0.05999999865889549,26,3
LoadBalancingPeer,1,19,0,0,15,722,89,0,0,0.3700000047683716,16,5
OpJoinRandomRoomParams,6,0,0,6,0,9,0,0,0,-1,2,2
EnterRoomParams,8,0,0,8,0,11,0,0,0,-1,2,2
ErrorCode,29,0,0,29,0,150,0,0,0,-1,0,1
ActorProperties,3,0,0,3,0,12,0,0,0,-1,0,2
GamePropertyKey,9,0,0,9,0,30,0,0,0,-1,0,3
EventCode,14,0,0,14,0,50,0,0,0,-1,0,2
ParameterCode,66,0,0,66,0,218,0,0,0,-1,0,4
OperationCode,19,0,0,19,0,61,0,0,0,-1,0,2
JoinMode,0,0,0,0,0,14,0,0,0,-1,0,1
MatchmakingMode,0,0,0,0,0,12,0,0,0,-1,0,3
ReceiverGroup,0,0,0,0,0,12,0,0,0,-1,0,3
EventCaching,0,0,0,0,0,41,0,0,0,-1,0,2
PropertyTypeFlag,0,0,0,0,0,15,0,0,0,-1,0,0
RoomOptions,9,0,6,6,0,93,0,0,0,-1,0,4
RaiseEventOptions,7,0,0,7,0,32,0,0,0,-1,3,3
LobbyType,0,0,0,0,0,9,0,0,0,-1,0,1
TypedLobby,3,3,1,3,3,27,3,1,0,0,1,4
TypedLobbyInfo,2,1,0,2,1,10,1,0,1,0,0,1
AuthModeOption,0,0,0,0,0,1,0,0,0,-1,0,1
CustomAuthenticationType,0,0,0,0,0,23,0,0,0,-1,0,2
AuthenticationValues,1,6,5,0,6,67,6,0,0,1,1,2
Player,4,13,7,2,9,351,28,0,0,0.4600000083446503,5,3
Room,3,16,10,0,9,483,29,0,1,0.5,6,2
RoomInfo,9,6,8,0,4,222,16,1,0,0,1,1
WebRpcResponse,0,2,4,0,2,29,2,0,0,-1,1,0
WebFlags,6,1,4,6,1,47,1,0,0,0,0,5
Bandwidth,0,0,0,0,0,23,0,0,0,-1,0,0
Channels,0,0,0,0,0,11,0,0,0,-1,0,3
Complexity,0,0,0,0,0,14,0,0,0,-1,0,0
Delay,0,0,0,0,0,27,0,0,0,-1,0,1
ForceChannels,0,0,0,0,0,6,0,0,0,-1,0,0
OpusApplicationType,0,0,0,0,0,20,0,0,0,-1,0,3
OpusCtlGetRequest,0,0,0,0,0,22,0,0,0,-1,0,1
OpusCtlSetRequest,0,0,0,0,0,17,0,0,0,-1,0,1
OpusStatusCode,0,0,0,0,0,11,0,0,0,-1,0,4
SamplingRate,0,0,0,0,0,8,0,0,0,-1,0,4
SignalHint,0,0,0,0,0,15,0,0,0,-1,0,0
OpusDecoder,10,4,2,0,4,159,18,0,0,0,4,1
OpusEncoder,10,4,14,1,4,259,12,0,0,0,6,4
OpusException,1,1,1,0,1,18,1,0,0,0,1,0
Wrapper,0,29,0,0,15,310,46,0,0,-1,6,2
UnsupportedSampleTypeException,0,1,0,0,1,4,1,0,0,-1,0,0
EventCode,0,0,0,0,0,4,0,0,0,-1,0,1
IAudioStreamBase,0,0,1,0,0,5,0,1,0,-1,0,3
IAudioStream,0,1,0,0,0,8,1,2,1,-1,0,4
IAudioStreamFloat,0,0,0,0,0,1,0,0,2,-1,0,0
IAudioStreamShort,0,0,0,0,0,1,0,0,2,-1,0,0
FrameDuration,0,0,0,0,0,9,0,0,0,-1,0,0
VoiceInfo,0,1,7,0,1,27,1,0,0,-1,0,8
RemoteVoiceInfo,0,1,5,0,0,21,1,0,0,-1,1,0
EventSubcode,0,0,0,0,0,7,0,0,0,-1,0,1
EventParam,0,0,0,0,0,10,0,0,0,-1,0,1
LocalVoice,11,9,8,1,3,137,15,3,0,0.2199999988079071,7,3
LocalVoice<T>,5,6,3,0,1,80,13,0,1,0.5,8,0
LocalVoiceFloat,0,3,0,0,0,19,3,0,1,-1,4,0
LocalVoiceShort,0,3,0,0,0,19,3,0,1,-1,4,0
RemoteVoice,6,6,2,0,1,99,14,0,0,0,5,1
IVoiceFrontend,0,10,1,0,0,15,10,1,0,-1,0,3
VoiceClient,8,18,16,0,4,611,68,0,0,0,8,6
VoiceUtil,0,4,0,0,0,47,9,0,0,-1,1,2
Processor,0,1,0,0,0,4,1,2,0,-1,0,0
LevelMeter,0,1,3,0,0,26,1,3,0,-1,0,4
LevelMeter<T>,7,3,3,0,2,32,3,0,1,1,1,0
LevelMeterFloat,0,2,0,0,1,30,6,0,1,-1,0,0
LevelMeterShort,0,2,0,0,1,30,6,0,1,-1,0,0
VoiceDetector,0,0,4,0,0,13,0,3,0,-1,0,2
VoiceDetector<T>,4,2,4,0,1,27,2,0,1,1,1,0
VoiceDetectorFloat,0,2,0,0,1,30,6,0,1,-1,0,0
VoiceDetectorShort,0,2,0,0,1,30,6,0,1,-1,0,0
LoadBalancingFrontend,3,19,15,0,16,291,27,0,1,0.5299999713897705,13,0
ReorderableListResources,4,7,8,0,2,220,9,0,0,0.2899999916553497,0,0
ResourceName,0,0,0,0,0,10,0,0,0,-1,0,0
PlayerRoomIndexingInspector,2,4,0,0,1,48,6,0,0,0.5,1,0
PunTeamsInspector,1,1,0,0,1,38,7,0,0,0,0,0
CrossPlatformInitialize,2,7,0,0,0,139,13,0,0,0,0,0
VRTK_AdaptiveQualityEditor,4,1,0,0,1,137,7,0,0,0,2,0
VRTK_EditorUtilities,0,3,0,0,3,24,3,0,0,-1,0,2
VRTK_ObjectSetup,11,3,0,0,0,166,14,0,0,0.6700000166893005,8,0
PrimaryGrab,0,0,0,0,0,10,0,0,0,-1,0,1
SecondaryGrab,0,0,0,0,0,6,0,0,0,-1,0,1
VRTK_PolicyListEditor,2,3,0,0,1,36,4,0,0,0,0,0
VRTK_SDKManagerEditor,4,13,0,0,1,267,34,0,0,0,8,0
RadialMenuInspector,0,1,0,0,1,14,2,0,0,-1,1,0
