Type,NOF,NOM,NOP,NOPF,NOPM,LOC,WMC,NC,DIT,LCOM,Fan-Out,Fan-In
NVRExampleColorLever,4,1,0,4,0,15,1,0,0,0,1,0
NVRExampleColorSlider,4,1,0,4,0,14,1,0,0,0,1,0
NVRExampleDegreeResult,2,2,0,1,0,16,2,0,0,0,1,0
NVRExampleGun,3,1,0,3,1,19,1,0,1,0,1,0
NVRExampleLetterResult,2,2,0,1,0,16,2,0,0,0,1,0
NVRExampleRGBResult,4,1,0,4,0,14,1,0,0,0,1,0
NVRExampleSwitchResult,2,2,0,1,0,16,2,0,0,0,1,0
NVRExampleLeverResultRocket,3,4,0,2,1,53,6,0,0,0,2,0
NVRAttachJoint,5,5,1,5,0,69,10,0,0,0,3,1
NVRAttachPoint,4,6,0,4,3,66,9,0,0,0,3,2
AttachPointMapper,1,3,0,0,3,23,3,0,0,0,1,2
NVRButton,10,3,0,6,0,69,8,0,0,0,0,0
NVRButtonInputs,8,0,0,8,0,26,0,0,0,-1,0,1
NVRDrawer,2,4,1,1,2,61,8,0,1,0,2,0
NVRHand,32,22,2,13,9,543,75,0,0,0,9,10
VisibilityLevel,0,0,0,0,0,6,0,0,0,-1,0,1
HandState,0,0,0,0,0,7,0,0,0,-1,0,1
NVRHead,0,0,0,0,0,3,0,0,0,-1,0,1
NVRHelpers,1,2,1,0,2,53,5,0,0,1,0,2
NVRInteractable,9,12,1,7,6,151,27,5,0,0.1700000017881393,2,8
NVRInteractableItem,5,4,0,1,2,90,11,1,1,0,2,5
NVRInteractableRotator,2,4,1,1,2,62,8,1,1,0,2,1
NVRInteractables,3,4,0,0,4,40,5,0,0,0,2,3
NVRLetterSpinner,4,4,0,0,2,77,10,0,2,0,2,1
NVRLever,13,9,1,6,2,145,17,0,1,0,3,2
LeverPosition,0,0,0,0,0,6,0,0,0,-1,0,1
RotationAxis,0,0,0,0,0,6,0,0,0,-1,0,0
NVRPhysicalController,9,8,1,1,4,196,16,0,0,0,2,1
NVRPlayer,7,4,0,6,3,63,10,0,0,0,4,2
NVRSlider,6,5,0,3,2,92,12,0,1,0,2,2
NVRSwitch,9,4,0,6,0,77,8,0,0,0,0,1
NVRTeleporter,1,1,0,0,0,9,1,0,0,0,1,0
IVRSystem,46,0,0,0,0,234,0,0,0,-1,0,1
IVRExtendedDisplay,3,0,0,0,0,19,0,0,0,-1,0,1
IVRApplications,23,0,0,0,0,119,0,0,0,-1,0,1
IVRChaperone,8,0,0,0,0,44,0,0,0,-1,0,1
IVRChaperoneSetup,20,0,0,0,0,104,0,0,0,-1,0,1
IVRCompositor,27,0,0,0,0,139,0,0,0,-1,0,1
IVROverlay,63,0,0,0,0,319,0,0,0,-1,0,1
IVRRenderModels,15,0,0,0,0,79,0,0,0,-1,0,1
IVRNotifications,2,0,0,0,0,14,0,0,0,-1,0,1
IVRSettings,12,0,0,0,0,64,0,0,0,-1,0,1
IVRTrackedCamera,24,0,0,0,0,124,0,0,0,-1,0,1
CVRSystem,1,47,0,0,46,235,47,0,0,0,20,2
CVRExtendedDisplay,1,4,0,0,3,30,4,0,0,0,2,1
CVRApplications,1,24,0,0,23,123,24,0,0,0,4,1
CVRChaperone,1,9,0,0,8,46,9,0,0,0,4,1
CVRChaperoneSetup,1,21,0,0,20,116,21,0,0,0,4,1
CVRCompositor,1,28,0,0,27,130,28,0,0,0,9,1
CVROverlay,1,64,0,0,63,336,64,0,0,0,16,1
CVRRenderModels,1,16,0,0,15,80,16,0,0,0,5,1
CVRNotifications,1,3,0,0,2,19,3,0,0,0,5,0
CVRSettings,1,13,0,0,12,61,13,0,0,0,2,1
CVRTrackedCamera,1,25,0,0,24,133,25,0,0,0,4,0
OpenVRInterop,0,8,0,0,0,19,8,0,0,-1,2,2
EVREye,0,0,0,0,0,5,0,0,0,-1,0,3
EGraphicsAPIConvention,0,0,0,0,0,5,0,0,0,-1,0,2
EColorSpace,0,0,0,0,0,6,0,0,0,-1,0,2
ETrackingResult,0,0,0,0,0,8,0,0,0,-1,0,1
ETrackedDeviceClass,0,0,0,0,0,8,0,0,0,-1,0,1
ETrackedControllerRole,0,0,0,0,0,6,0,0,0,-1,0,1
ETrackingUniverseOrigin,0,0,0,0,0,6,0,0,0,-1,0,4
ETrackedDeviceProperty,0,0,0,0,0,83,0,0,0,-1,0,1
ETrackedPropertyError,0,0,0,0,0,13,0,0,0,-1,0,1
EVRSubmitFlags,0,0,0,0,0,6,0,0,0,-1,0,1
EVRState,0,0,0,0,0,10,0,0,0,-1,0,0
EVREventType,0,0,0,0,0,83,0,0,0,-1,0,1
EDeviceActivityLevel,0,0,0,0,0,8,0,0,0,-1,0,1
EVRButtonId,0,0,0,0,0,20,0,0,0,-1,0,2
EVRMouseButton,0,0,0,0,0,6,0,0,0,-1,0,0
EVRControllerAxisType,0,0,0,0,0,7,0,0,0,-1,0,1
EVRControllerEventOutputType,0,0,0,0,0,5,0,0,0,-1,0,0
ECollisionBoundsStyle,0,0,0,0,0,9,0,0,0,-1,0,0
EVROverlayError,0,0,0,0,0,22,0,0,0,-1,0,1
EVRApplicationType,0,0,0,0,0,8,0,0,0,-1,0,2
EVRFirmwareError,0,0,0,0,0,6,0,0,0,-1,0,1
EVRNotificationError,0,0,0,0,0,7,0,0,0,-1,0,1
EVRInitError,0,0,0,0,0,61,0,0,0,-1,0,3
EVRApplicationError,0,0,0,0,0,21,0,0,0,-1,0,1
EVRApplicationProperty,0,0,0,0,0,15,0,0,0,-1,0,1
EVRApplicationTransitionState,0,0,0,0,0,7,0,0,0,-1,0,1
ChaperoneCalibrationState,0,0,0,0,0,13,0,0,0,-1,0,1
EChaperoneConfigFile,0,0,0,0,0,5,0,0,0,-1,0,1
EChaperoneImportFlags,0,0,0,0,0,4,0,0,0,-1,0,0
EVRCompositorError,0,0,0,0,0,12,0,0,0,-1,0,1
VROverlayInputMethod,0,0,0,0,0,5,0,0,0,-1,0,1
VROverlayTransformType,0,0,0,0,0,7,0,0,0,-1,0,1
VROverlayFlags,0,0,0,0,0,12,0,0,0,-1,0,1
EGamepadTextInputMode,0,0,0,0,0,6,0,0,0,-1,0,0
EGamepadTextInputLineMode,0,0,0,0,0,5,0,0,0,-1,0,0
EOverlayDirection,0,0,0,0,0,8,0,0,0,-1,0,1
EVRRenderModelError,0,0,0,0,0,13,0,0,0,-1,0,1
EVRComponentProperty,0,0,0,0,0,8,0,0,0,-1,0,0
EVRNotificationType,0,0,0,0,0,5,0,0,0,-1,0,1
EVRNotificationStyle,0,0,0,0,0,8,0,0,0,-1,0,1
EVRSettingsError,0,0,0,0,0,7,0,0,0,-1,0,1
ECameraVideoStreamFormat,0,0,0,0,0,8,0,0,0,-1,0,2
VREvent_Data_t,14,0,0,14,0,17,0,0,0,-1,0,1
HmdMatrix34_t,12,0,0,12,0,15,0,0,0,-1,0,6
HmdMatrix44_t,16,0,0,16,0,19,0,0,0,-1,0,3
HmdVector3_t,3,0,0,3,0,6,0,0,0,-1,0,5
HmdVector4_t,4,0,0,4,0,7,0,0,0,-1,0,0
HmdVector3d_t,3,0,0,3,0,6,0,0,0,-1,0,0
HmdVector2_t,2,0,0,2,0,5,0,0,0,-1,0,3
HmdQuaternion_t,4,0,0,4,0,7,0,0,0,-1,0,0
HmdColor_t,4,0,0,4,0,7,0,0,0,-1,0,1
HmdQuad_t,4,0,0,4,0,7,0,0,0,-1,1,2
HmdRect2_t,2,0,0,2,0,5,0,0,0,-1,1,1
DistortionCoordinates_t,6,0,0,6,0,9,0,0,0,-1,0,1
Texture_t,3,0,0,3,0,6,0,0,0,-1,2,2
TrackedDevicePose_t,6,0,0,6,0,11,0,0,0,-1,3,3
VRTextureBounds_t,4,0,0,4,0,7,0,0,0,-1,0,2
VREvent_Controller_t,1,0,0,1,0,4,0,0,0,-1,0,0
VREvent_Mouse_t,3,0,0,3,0,6,0,0,0,-1,0,0
VREvent_Scroll_t,3,0,0,3,0,6,0,0,0,-1,0,0
VREvent_TouchPadMove_t,6,0,0,6,0,10,0,0,0,-1,0,0
VREvent_Notification_t,2,0,0,2,0,5,0,0,0,-1,0,0
VREvent_Process_t,3,0,0,3,0,7,0,0,0,-1,0,0
VREvent_Overlay_t,1,0,0,1,0,4,0,0,0,-1,0,0
VREvent_Status_t,1,0,0,1,0,4,0,0,0,-1,0,0
VREvent_Keyboard_t,2,0,0,2,0,6,0,0,0,-1,0,0
VREvent_Ipd_t,1,0,0,1,0,4,0,0,0,-1,0,0
VREvent_Chaperone_t,2,0,0,2,0,5,0,0,0,-1,0,0
VREvent_Reserved_t,2,0,0,2,0,5,0,0,0,-1,0,0
VREvent_PerformanceTest_t,1,0,0,1,0,4,0,0,0,-1,0,0
VREvent_SeatedZeroPoseReset_t,1,0,0,1,0,5,0,0,0,-1,0,0
VREvent_t,4,0,0,4,0,7,0,0,0,-1,1,2
HiddenAreaMesh_t,2,0,0,2,0,5,0,0,0,-1,0,1
VRControllerAxis_t,2,0,0,2,0,5,0,0,0,-1,0,1
VRControllerState_t,8,0,0,8,0,11,0,0,0,-1,1,2
Compositor_OverlaySettings,14,0,0,14,0,19,0,0,0,-1,1,0
Compositor_FrameTiming,22,0,0,22,0,25,0,0,0,-1,1,1
VROverlayIntersectionParams_t,3,0,0,3,0,6,0,0,0,-1,2,1
VROverlayIntersectionResults_t,4,0,0,4,0,7,0,0,0,-1,2,1
RenderModel_ComponentState_t,3,0,0,3,0,6,0,0,0,-1,1,1
RenderModel_Vertex_t,4,0,0,4,0,7,0,0,0,-1,1,0
RenderModel_TextureMap_t,3,0,0,3,0,6,0,0,0,-1,0,0
RenderModel_t,5,0,0,5,0,8,0,0,0,-1,0,0
RenderModel_ControllerMode_State_t,1,0,0,1,0,5,0,0,0,-1,0,1
NotificationBitmap_t,4,0,0,4,0,7,0,0,0,-1,0,1
CameraVideoStreamFrame_t,26,0,0,26,0,30,0,0,0,-1,2,1
COpenVRContext,18,12,0,9,11,164,31,0,0,0,11,1
OpenVR,102,10,11,100,10,351,12,0,0,0.6000000238418579,5,0
