Type,NOF,NOM,NOP,NOPF,NOPM,LOC,WMC,NC,DIT,LCOM,Fan-Out,Fan-In
AvatarLogger,2,4,0,2,4,33,4,0,0,0,0,0
ovrAvatarCapabilities,0,0,0,0,0,9,0,0,0,-1,0,0
ovrAvatarMessageType,0,0,0,0,0,5,0,0,0,-1,0,0
ovrAvatarMessage_AvatarSpecification,2,0,0,2,0,4,0,0,0,-1,0,0
ovrAvatarMessage_AssetLoaded,2,0,0,2,0,4,0,0,0,-1,0,0
ovrAvatarAssetType,0,0,0,0,0,9,0,0,0,-1,0,0
ovrAvatarMeshVertex,14,0,0,14,0,21,0,0,0,-1,0,0
ovrAvatarMeshVertexV2,18,0,0,18,0,25,0,0,0,-1,0,0
ovrAvatarMeshAssetData,5,0,0,5,0,8,0,0,0,-1,0,0
ovrAvatarMeshAssetDataV2,5,0,0,5,0,8,0,0,0,-1,0,0
ovrAvatarTextureFormat,0,0,0,0,0,8,0,0,0,-1,0,0
ovrAvatarTextureAssetData,6,0,0,6,0,8,0,0,0,-1,0,0
ovrAvatarRenderPartType,0,0,0,0,0,8,0,0,0,-1,0,0
ovrAvatarTransform,3,0,0,3,0,6,0,0,0,-1,0,0
ovrAvatarButton,0,0,0,0,0,8,0,0,0,-1,0,0
ovrAvatarTouch,0,0,0,0,0,11,0,0,0,-1,0,0
ovrAvatarHandInputState,8,0,0,8,0,12,0,0,0,-1,0,0
ovrAvatarComponent,4,0,0,4,0,9,0,0,0,-1,0,0
ovrAvatarBaseComponent,2,0,0,2,0,5,0,0,0,-1,0,0
ovrAvatarBodyComponent,4,0,0,4,0,6,0,0,0,-1,0,0
ovrAvatarControllerComponent,2,0,0,2,0,5,0,0,0,-1,0,0
ovrAvatarHandComponent,2,0,0,2,0,4,0,0,0,-1,0,0
ovrAvatarMaterialLayerBlendMode,0,0,0,0,0,5,0,0,0,-1,0,0
ovrAvatarMaterialLayerSampleMode,0,0,0,0,0,7,0,0,0,-1,0,0
ovrAvatarMaterialMaskType,0,0,0,0,0,8,0,0,0,-1,0,0
ovrAvatarControllerType,0,0,0,0,0,8,0,0,0,-1,0,0
ovrAvatarAssetLevelOfDetail,0,0,0,0,0,6,0,0,0,-1,0,0
ovrAvatarLookAndFeelVersion,0,0,0,0,0,6,0,0,0,-1,0,0
ovrAvatarMaterialLayerState,9,3,0,9,2,47,13,0,0,0.6700000166893005,0,0
ovrAvatarMaterialState,15,3,0,15,2,77,21,0,0,0.6700000166893005,0,0
ovrAvatarPBSMaterialState,13,3,0,13,2,59,17,0,0,0.6700000166893005,0,0
OvrAvatarAssetMaterial,1,1,0,1,1,10,1,0,0,0,1,0
ovrAvatarSkinnedMeshPose,4,0,0,4,0,13,0,0,0,-1,0,0
ovrAvatarVisibilityFlags,0,0,0,0,0,7,0,0,0,-1,0,0
ovrAvatarRenderPart_SkinnedMeshRender,5,0,0,5,0,8,0,0,0,-1,0,0
ovrAvatarRenderPart_SkinnedMeshRenderPBS,6,0,0,6,0,9,0,0,0,-1,0,0
ovrAvatarRenderPart_ProjectorRender,4,0,0,4,0,7,0,0,0,-1,0,0
ovrAvatarRenderPart_SkinnedMeshRenderPBS_V2,5,0,0,5,0,8,0,0,0,-1,0,0
ovrAvatarHandGesture,0,0,0,0,0,6,0,0,0,-1,0,0
ovrAvatarBodyPartType,0,0,0,0,0,9,0,0,0,-1,0,0
CAPI,1,106,0,0,87,494,108,0,0,0,0,1
AchievementType,0,0,0,0,0,15,0,0,0,-1,0,1
AndroidPlatform,0,2,0,0,2,28,2,0,0,-1,1,1
ApplicationOptions,1,2,0,0,2,22,2,0,0,0,1,1
Callback,4,8,0,0,0,157,17,0,0,0,4,10
RequestCallback,1,3,0,0,3,19,4,1,0,0.6700000166893005,2,2
RequestCallback<T>,1,2,0,0,2,31,5,0,1,0,4,0
CallbackRunner,1,4,0,1,0,32,6,0,0,0.75,1,0
CAPI,3,664,0,2,540,2593,678,0,0,0.009999999776482582,16,144
ovrKeyValuePair,5,3,0,4,3,36,3,0,0,0,1,3
ovrMatchmakingCriterion,4,1,0,4,1,17,1,0,0,0,1,1
ovrMatchmakingCustomQueryData,4,0,0,4,0,8,0,0,0,-1,0,1
OculusInitParams,5,0,0,5,0,9,0,0,0,-1,0,2
CloudStorageDataStatus,0,0,0,0,0,24,0,0,0,-1,0,1
CloudStorageUpdateStatus,0,0,0,0,0,15,0,0,0,-1,0,1
IMicrophone,0,3,0,0,0,8,3,2,0,-1,0,0
IVoipPCMSource,0,4,0,0,0,10,4,1,0,-1,0,2
KeyValuePairType,0,0,0,0,0,15,0,0,0,-1,0,1
LaunchType,0,0,0,0,0,18,0,0,0,-1,0,1
LeaderboardFilterType,0,0,0,0,0,12,0,0,0,-1,0,2
LeaderboardStartAt,0,0,0,0,0,15,0,0,0,-1,0,2
LivestreamingAudience,0,0,0,0,0,15,0,0,0,-1,0,1
LivestreamingMicrophoneStatus,0,0,0,0,0,12,0,0,0,-1,0,1
LivestreamingStartStatus,0,0,0,0,0,21,0,0,0,-1,0,1
MatchmakingCriterionImportance,0,0,0,0,0,18,0,0,0,-1,0,2
MatchmakingOptions,1,13,0,0,13,66,13,0,0,0,2,1
MatchmakingStatApproach,0,0,0,0,0,12,0,0,0,-1,0,2
MediaContentType,0,0,0,0,0,9,0,0,0,-1,0,2
Message<T>,1,2,1,0,1,14,3,0,1,1,0,0
Message,3,54,4,0,53,581,58,55,0,0.9599999785423279,5,16
MessageType,0,0,0,0,0,178,0,0,0,-1,0,16
MessageWithAchievementDefinitions,0,3,0,0,2,12,3,0,1,-1,2,0
MessageWithAchievementProgressList,0,3,0,0,2,12,3,0,1,-1,2,0
MessageWithAchievementUpdate,0,3,0,0,2,12,3,0,1,-1,2,0
MessageWithApplicationVersion,0,3,0,0,2,12,3,0,1,-1,2,0
MessageWithAssetFileDeleteResult,0,3,0,0,2,12,3,0,1,-1,2,0
MessageWithAssetFileDownloadCancelResult,0,3,0,0,2,12,3,0,1,-1,2,0
MessageWithAssetFileDownloadResult,0,3,0,0,2,12,3,0,1,-1,2,0
MessageWithAssetFileDownloadUpdate,0,3,0,0,2,12,3,0,1,-1,2,0
MessageWithCloudStorageConflictMetadata,0,3,0,0,2,12,3,0,1,-1,2,0
MessageWithCloudStorageData,0,3,0,0,2,12,3,0,1,-1,2,0
MessageWithCloudStorageMetadataUnderLocal,0,3,0,0,2,12,3,0,1,-1,2,0
MessageWithCloudStorageMetadataList,0,3,0,0,2,12,3,0,1,-1,2,0
MessageWithCloudStorageUpdateResponse,0,3,0,0,2,12,3,0,1,-1,2,0
MessageWithInstalledApplicationList,0,3,0,0,2,12,3,0,1,-1,2,0
MessageWithLeaderboardEntryList,0,3,0,0,2,12,3,0,1,-1,2,0
MessageWithLivestreamingApplicationStatus,0,3,0,0,2,12,3,0,1,-1,2,0
MessageWithLivestreamingStartResult,0,3,0,0,2,12,3,0,1,-1,2,0
MessageWithLivestreamingStatus,0,3,0,0,2,12,3,0,1,-1,2,0
MessageWithLivestreamingVideoStats,0,3,0,0,2,12,3,0,1,-1,2,0
MessageWithMatchmakingAdminSnapshot,0,3,0,0,2,12,3,0,1,-1,2,0
MessageWithMatchmakingEnqueueResult,0,3,0,0,2,12,3,0,1,-1,2,0
MessageWithMatchmakingEnqueueResultAndRoom,0,3,0,0,2,12,3,0,1,-1,2,0
MessageWithMatchmakingStatsUnderMatchmakingStats,0,3,0,0,2,12,3,0,1,-1,2,0
MessageWithOrgScopedID,0,3,0,0,2,12,3,0,1,-1,2,0
MessageWithParty,0,3,0,0,2,12,3,0,1,-1,2,0
MessageWithPartyUnderCurrentParty,0,3,0,0,2,12,3,0,1,-1,2,0
MessageWithPartyID,0,3,0,0,2,12,3,0,1,-1,2,0
MessageWithPidList,0,3,0,0,2,12,3,0,1,-1,2,0
MessageWithProductList,0,3,0,0,2,12,3,0,1,-1,2,0
MessageWithPurchase,0,3,0,0,2,12,3,0,1,-1,2,0
MessageWithPurchaseList,0,3,0,0,2,12,3,0,1,-1,2,0
MessageWithRoom,0,3,0,0,2,12,3,0,1,-1,2,0
MessageWithRoomUnderCurrentRoom,0,3,0,0,2,12,3,0,1,-1,2,0
MessageWithRoomUnderViewerRoom,0,3,0,0,2,12,3,0,1,-1,2,0
MessageWithRoomList,0,3,0,0,2,12,3,0,1,-1,2,0
MessageWithRoomInviteNotification,0,3,0,0,2,12,3,0,1,-1,2,0
MessageWithRoomInviteNotificationList,0,3,0,0,2,12,3,0,1,-1,2,0
MessageWithSdkAccountList,0,3,0,0,2,12,3,0,1,-1,2,0
MessageWithShareMediaResult,0,3,0,0,2,12,3,0,1,-1,2,0
MessageWithString,0,3,0,0,2,9,3,0,1,-1,1,0
MessageWithSystemPermission,0,3,0,0,2,12,3,0,1,-1,2,0
MessageWithSystemVoipState,0,3,0,0,2,12,3,0,1,-1,2,0
MessageWithUser,0,3,0,0,2,12,3,0,1,-1,2,0
MessageWithUserAndRoomList,0,3,0,0,2,12,3,0,1,-1,2,0
MessageWithUserList,0,3,0,0,2,12,3,0,1,-1,2,0
MessageWithUserProof,0,3,0,0,2,12,3,0,1,-1,2,0
MessageWithUserReportID,0,3,0,0,2,12,3,0,1,-1,2,0
MessageWithNetworkingPeer,0,3,0,0,2,13,3,0,1,-1,2,0
MessageWithPingResult,0,3,0,0,2,14,3,0,1,-1,2,0
MessageWithLeaderboardDidUpdate,0,3,0,0,2,11,3,0,1,-1,1,0
MessageWithMatchmakingNotification,0,3,0,0,2,11,3,0,1,-1,2,0
MessageWithMatchmakingBrowseResult,0,4,0,0,3,14,4,0,1,-1,4,0
MessageWithHttpTransferUpdate,0,3,0,0,2,11,3,0,1,-1,2,0
MessageWithPlatformInitialize,0,3,0,0,2,11,3,0,1,-1,2,0
MicrophoneInput,3,4,0,0,4,48,6,0,1,0.75,0,0
MicrophoneInputNative,3,4,0,0,4,39,5,0,1,0.5,1,0
Packet,2,3,3,0,3,57,4,0,0,0,1,1
PeerConnectionState,0,0,0,0,0,22,0,0,0,-1,0,1
PermissionGrantStatus,0,0,0,0,0,15,0,0,0,-1,0,1
PermissionType,0,0,0,0,0,12,0,0,0,-1,0,1
Core,2,6,0,1,3,131,15,0,0,0,5,17
ApplicationLifecycle,0,1,0,0,1,6,1,0,0,-1,2,0
Rooms,0,24,0,0,24,374,46,0,0,-1,11,0
Livestreaming,0,4,0,0,4,50,7,0,0,-1,6,0
Matchmaking,0,18,0,0,18,385,36,0,0,-1,10,0
CustomQuery,2,1,0,2,1,71,5,0,0,0,4,1
Criterion,3,1,0,3,1,14,1,0,0,0,1,1
Net,0,12,0,0,12,112,22,0,0,-1,8,0
Leaderboards,0,5,0,0,5,71,10,0,0,-1,8,0
Voip,0,11,0,0,11,108,22,0,0,-1,8,0
Achievements,0,9,0,0,9,132,20,0,0,-1,7,0
Application,0,2,0,0,2,32,4,0,0,-1,4,0
AssetFile,0,3,0,0,3,46,6,0,0,-1,3,0
Avatar,0,0,0,0,0,3,0,0,0,-1,0,0
CloudStorage,0,10,0,0,10,163,21,0,0,-1,6,0
Entitlements,0,1,0,0,1,15,2,0,0,-1,3,0
GraphAPI,0,0,0,0,0,3,0,0,0,-1,0,0
HTTP,0,1,0,0,1,12,1,0,0,-1,3,0
IAP,0,6,0,0,6,103,15,0,0,-1,7,0
Media,0,1,0,0,1,24,2,0,0,-1,4,0
Notifications,0,3,0,0,3,52,7,0,0,-1,6,0
Parties,0,1,0,0,1,15,2,0,0,-1,3,0
Users,0,12,0,0,12,202,26,0,0,-1,8,0
PlatformInitializeResult,0,0,0,0,0,33,0,0,0,-1,0,1
PlatformInternal,0,2,0,0,1,139,3,0,0,-1,4,1
MessageTypeInternal,0,0,0,0,0,35,0,0,0,-1,0,1
PlatformSettings,4,0,4,0,0,77,0,0,0,-1,0,3
Request<T>,0,2,0,0,2,10,2,0,1,-1,2,0
Request,0,3,1,0,3,29,4,1,0,-1,1,23
RoomJoinability,0,0,0,0,0,24,0,0,0,-1,0,1
RoomJoinPolicy,0,0,0,0,0,21,0,0,0,-1,0,4
RoomMembershipLockStatus,0,0,0,0,0,12,0,0,0,-1,0,2
RoomOptions,1,9,0,0,9,50,9,0,0,0,3,1
RoomType,0,0,0,0,0,18,0,0,0,-1,0,1
SdkAccountType,0,0,0,0,0,12,0,0,0,-1,0,1
SendPolicy,0,0,0,0,0,22,0,0,0,-1,0,2
ShareMediaStatus,0,0,0,0,0,12,0,0,0,-1,0,1
StandalonePlatform,0,1,0,0,1,40,4,0,0,-1,5,1
StandalonePlatformSettings,0,0,2,0,0,38,0,0,0,-1,0,2
SystemVoipStatus,0,0,0,0,0,15,0,0,0,-1,0,2
TimeWindow,0,0,0,0,0,21,0,0,0,-1,0,3
UserOptions,1,3,0,0,3,26,3,0,0,0,2,1
UserOrdering,0,0,0,0,0,15,0,0,0,-1,0,2
UserPresenceStatus,0,0,0,0,0,12,0,0,0,-1,0,1
VoipAudioSourceHiLevel,6,7,1,2,0,145,12,0,0,0.2899999916553497,4,1
FilterReadDelegate,2,2,0,1,0,63,9,0,0,0,3,1
VoipMuteState,0,0,0,0,0,12,0,0,0,-1,0,3
VoipPCMSourceNative,1,4,0,0,4,20,4,0,1,0.5,1,0
VoipSampleRate,0,0,0,0,0,15,0,0,0,-1,0,2
WindowsPlatform,0,4,0,0,2,38,6,0,0,-1,2,1
AchievementDefinition,4,1,0,4,1,16,1,0,0,0,2,0
AchievementDefinitionList,0,1,0,0,1,12,2,0,0,-1,1,2
AchievementProgress,5,1,0,5,1,18,1,0,0,0,1,0
AchievementProgressList,0,1,0,0,1,12,2,0,0,-1,1,2
AchievementUpdate,2,1,0,2,1,12,1,0,0,0,1,1
ApplicationVersion,4,1,0,4,1,16,1,0,0,0,1,1
AssetFileDeleteResult,2,1,0,2,1,12,1,0,0,0,1,1
AssetFileDownloadCancelResult,2,1,0,2,1,12,1,0,0,0,1,1
AssetFileDownloadResult,1,1,0,1,1,10,1,0,0,0,1,1
AssetFileDownloadUpdate,4,1,0,4,1,16,1,0,0,0,1,1
CloudStorageConflictMetadata,2,1,0,2,1,12,1,0,0,0,2,1
CloudStorageData,4,1,0,4,1,16,1,0,0,0,1,1
CloudStorageMetadata,8,1,0,8,1,24,1,0,0,0,2,2
CloudStorageMetadataList,0,1,0,0,1,12,2,0,0,-1,1,2
CloudStorageUpdateResponse,4,1,0,4,1,16,1,0,0,0,2,1
DeserializableList<T>,3,11,7,0,9,46,11,0,0,0.2700000107288361,0,0
Error,3,1,0,3,1,13,1,0,0,0,0,1
HttpTransferUpdate,3,1,0,3,1,17,1,0,0,0,1,1
InstalledApplication,5,1,0,5,1,18,1,0,0,0,1,0
InstalledApplicationList,0,1,0,0,1,11,2,0,0,-1,1,1
LaunchDetails,6,1,0,6,1,29,2,0,0,0,3,1
LeaderboardEntry,5,1,0,5,1,18,1,0,0,0,2,0
LeaderboardEntryList,1,1,0,1,1,15,2,0,0,0,1,2
LivestreamingApplicationStatus,1,1,0,1,1,10,1,0,0,0,1,1
LivestreamingStartResult,1,1,0,1,1,10,1,0,0,0,2,1
LivestreamingStatus,5,1,0,5,1,18,1,0,0,0,1,1
LivestreamingVideoStats,3,1,0,3,1,14,1,0,0,0,1,1
MatchmakingAdminSnapshot,2,1,0,2,1,12,1,0,0,0,2,2
MatchmakingAdminSnapshotCandidate,5,1,0,5,1,18,1,0,0,0,1,0
MatchmakingAdminSnapshotCandidateList,0,1,0,0,1,11,2,0,0,-1,1,1
MatchmakingBrowseResult,2,1,0,2,1,12,1,0,0,0,3,1
MatchmakingEnqueuedUser,3,1,0,3,1,23,2,0,0,0,2,0
MatchmakingEnqueuedUserList,0,1,0,0,1,11,2,0,0,-1,1,1
MatchmakingEnqueueResult,8,1,0,8,1,33,2,0,0,0,2,4
MatchmakingEnqueueResultAndRoom,2,1,0,2,1,12,1,0,0,0,3,1
MatchmakingStats,4,1,0,4,1,16,1,0,0,0,1,1
NetworkingPeer,0,1,2,0,1,10,1,0,0,-1,1,1
OrgScopedID,1,1,0,1,1,10,1,0,0,0,1,1
Party,9,1,0,9,1,62,5,0,0,0,4,2
PartyID,1,1,0,1,1,10,1,0,0,0,1,1
Pid,1,1,0,1,1,10,1,0,0,0,1,0
PidList,0,1,0,0,1,11,2,0,0,-1,1,1
PingResult,1,1,3,0,1,21,1,0,0,0,0,1
PlatformInitialize,1,1,0,1,1,10,1,0,0,0,2,1
Product,4,1,0,4,1,16,1,0,0,0,1,0
ProductList,0,1,0,0,1,12,2,0,0,-1,1,2
Purchase,4,1,0,4,1,16,1,0,0,0,1,1
PurchaseList,0,1,0,0,1,12,2,0,0,-1,1,2
Room,19,1,0,19,1,82,5,0,0,0,7,7
RoomList,0,1,0,0,1,12,2,0,0,-1,1,4
RoomInviteNotification,3,1,0,3,1,14,1,0,0,0,1,1
RoomInviteNotificationList,0,1,0,0,1,12,2,0,0,-1,1,2
SdkAccount,2,1,0,2,1,12,1,0,0,0,2,0
SdkAccountList,0,1,0,0,1,11,2,0,0,-1,1,1
ShareMediaResult,1,1,0,1,1,10,1,0,0,0,2,1
SystemPermission,2,1,0,2,1,12,1,0,0,0,2,1
SystemVoipState,2,1,0,2,1,12,1,0,0,0,3,1
User,7,1,0,7,1,22,1,0,0,0,2,6
UserList,0,1,0,0,1,12,2,0,0,-1,1,5
UserAndRoom,3,1,0,3,1,23,2,0,0,0,3,0
UserAndRoomList,0,1,0,0,1,12,2,0,0,-1,1,2
UserProof,1,1,0,1,1,10,1,0,0,0,1,1
UserReportID,1,1,0,1,1,10,1,0,0,0,1,1
OVRInputModule,24,29,7,13,6,882,84,0,0,0.1700000017881393,2,0
InputMode,0,0,0,0,0,6,0,0,0,-1,0,0
OVRPhysicsRaycaster,3,4,5,1,3,155,14,0,0,1,0,1
OVRPointerEventData,2,2,0,2,2,28,2,0,0,1,0,2
PointerEventDataExtension,0,4,0,0,4,33,4,0,0,-1,1,0
Record,2,1,0,2,1,10,1,2,0,0,0,0
RangedRecord,3,1,0,3,1,13,1,0,1,0,0,0
FixRecord,4,1,0,4,1,16,1,0,1,0,0,0
GUIHelper,0,3,0,0,2,38,3,0,0,-1,0,1
OculusPlatformSettingsEditor,2,7,0,0,2,177,12,0,0,0.2899999916553497,3,0
