Type,NOF,NOM,NOP,NOPF,NOPM,LOC,WMC,NC,DIT,LCOM,Fan-Out,Fan-In
AntiAliasing,4,5,3,0,0,85,5,0,0,0.800000011920929,3,4
Method,0,0,0,0,0,5,0,0,0,-1,0,0
FXAA,4,5,3,2,5,247,8,0,1,1,5,2
QualitySettings,18,0,0,18,0,182,0,0,0,-1,1,5
ConsoleSettings,4,0,0,4,0,19,0,0,0,-1,0,1
Preset,7,0,5,2,0,128,0,0,0,-1,1,2
LayoutAttribute,0,0,0,0,0,5,0,0,0,-1,0,2
IAntiAliasing,0,5,0,0,0,8,5,2,0,-1,1,4
SMAA,12,6,4,4,5,474,19,0,1,0.3300000131130219,11,2
SettingsGroup,0,0,0,0,0,9,0,0,0,-1,0,7
TopLevelSettings,0,0,0,0,0,5,0,0,0,-1,0,4
ExperimentalGroup,0,0,0,0,0,3,0,0,0,-1,0,1
DebugPass,0,0,0,0,0,7,0,0,0,-1,0,1
QualityPreset,0,0,0,0,0,17,0,0,0,-1,0,4
EdgeDetectionMethod,0,0,0,0,0,6,0,0,0,-1,0,1
GlobalSettings,8,0,2,8,0,57,0,0,0,-1,0,4
TemporalSettings,2,1,1,2,1,31,1,0,0,0,0,1
PredicationSettings,4,0,1,4,0,32,0,0,0,-1,1,1
AmbientOcclusion,5,7,15,1,0,467,20,0,0,0,5,1
PropertyObserver,5,2,0,0,2,32,2,0,0,0,2,1
SampleCount,0,0,0,0,0,4,0,0,0,-1,0,2
OcclusionSource,0,0,0,0,0,4,0,0,0,-1,0,3
Settings,13,0,4,13,0,111,0,0,0,-1,0,3
Bloom,6,3,2,1,0,205,13,0,0,1,2,1
ImageEffectHelper,0,2,1,0,2,55,8,0,0,-1,0,9
MinAttribute,1,1,0,1,1,9,1,0,0,0,0,5
RenderTextureUtility,1,3,0,0,3,38,6,0,0,0,0,3
DepthOfField,24,13,9,5,0,923,39,0,0,0,16,1
Passes,0,0,0,0,0,32,0,0,0,-1,0,1
MedianPasses,0,0,0,0,0,5,0,0,0,-1,0,1
BokehTexturesPasses,0,0,0,0,0,5,0,0,0,-1,0,1
TweakMode,0,0,0,0,0,6,0,0,0,-1,0,2
ApertureShape,0,0,0,0,0,6,0,0,0,-1,0,1
FilterQuality,0,0,0,0,0,6,0,0,0,-1,0,1
AllTweakModes,0,0,0,0,0,3,0,0,0,-1,0,1
Basic,0,0,0,0,0,3,0,0,0,-1,0,3
Advanced,0,0,0,0,0,3,0,0,0,-1,0,3
Explicit,0,0,0,0,0,3,0,0,0,-1,0,2
FocusSettings,6,0,1,6,0,37,0,0,0,-1,2,1
BokehTextureSettings,5,0,1,5,0,33,0,0,0,-1,1,1
BlurSettings,5,0,1,5,0,33,0,0,0,-1,2,1
LensAberrations,6,3,2,3,0,305,15,0,0,0,7,1
AdvancedSetting,0,0,0,0,0,3,0,0,0,-1,0,1
DistortionSettings,7,0,1,7,0,40,0,0,0,-1,0,1
VignetteSettings,8,0,1,8,0,45,0,0,0,-1,1,1
ChromaticAberrationSettings,3,0,1,3,0,26,0,0,0,-1,0,1
Pass,0,0,0,0,0,26,0,0,0,-1,0,2
ScreenSpaceReflection,15,4,2,1,1,710,28,0,0,0.5,9,1
SSRDebugMode,0,0,0,0,0,18,0,0,0,-1,0,0
SSRResolution,0,0,0,0,0,6,0,0,0,-1,0,1
SSRSettings,7,0,3,4,0,164,0,0,0,-1,1,2
BasicSettings,6,0,0,6,0,28,0,0,0,-1,0,1
ReflectionSettings,8,0,0,8,0,36,0,0,0,-1,0,1
AdvancedSettings,12,0,0,12,0,41,0,0,0,-1,0,1
DebugSettings,1,0,0,1,0,7,0,0,0,-1,0,1
PassIndex,0,0,0,0,0,20,0,0,0,-1,0,1
TonemappingColorGrading,19,17,16,2,3,1064,55,0,0,0.1800000071525574,11,1
IndentedGroup,0,0,0,0,0,2,0,0,0,-1,0,0
ChannelMixer,0,0,0,0,0,2,0,0,0,-1,0,0
ColorWheelGroup,2,2,0,2,2,14,2,0,0,1,0,1
Curve,1,2,0,1,2,12,2,0,0,1,0,2
EyeAdaptationSettings,6,0,1,6,0,36,0,0,0,-1,1,1
Tonemapper,0,0,0,0,0,10,0,0,0,-1,0,2
TonemappingSettings,10,0,1,10,0,53,0,0,0,-1,1,2
LUTSettings,3,0,1,3,0,24,0,0,0,-1,0,2
ColorWheelsSettings,3,0,1,3,0,25,0,0,0,-1,0,1
BasicsSettings,9,0,1,9,0,49,0,0,0,-1,0,1
ChannelMixerSettings,2,0,1,2,0,23,0,0,0,-1,0,1
CurvesSettings,4,0,2,4,0,34,0,0,0,-1,1,2
ColorGradingPrecision,0,0,0,0,0,5,0,0,0,-1,0,0
ColorGradingSettings,8,1,1,8,0,49,1,0,0,0,1,2
DragByChangingPhysics,20,11,0,9,7,407,52,0,1,0,6,0
MoveBy,0,0,0,0,0,6,0,0,0,-1,0,1
AttachMode,0,0,0,0,0,6,0,0,0,-1,0,1
AttachCondition,0,0,0,0,0,5,0,0,0,-1,0,1
DragByParenting,2,5,0,0,4,67,10,0,1,0.4000000059604645,2,0
DragWithJoint,5,4,0,3,2,152,21,0,1,0,2,0
IForceGauge,0,0,1,0,0,5,0,2,0,-1,0,2
InputController,3,6,1,0,5,97,11,0,0,0.3300000131130219,3,3
Interactable,3,8,0,1,8,72,15,3,0,0.3799999952316284,1,2
PlaySoundOnCollision,2,2,0,1,1,24,3,0,0,0,0,0
SliderGauge,2,2,1,0,0,38,3,0,1,0,0,0
SphereGauge,1,2,1,0,0,39,2,0,1,1,0,0
IVRSystem,44,0,0,0,0,224,0,0,0,-1,0,1
IVRExtendedDisplay,3,0,0,0,0,19,0,0,0,-1,0,1
IVRTrackedCamera,12,0,0,0,0,64,0,0,0,-1,0,1
IVRApplications,30,0,0,0,0,154,0,0,0,-1,0,1
IVRChaperone,8,0,0,0,0,44,0,0,0,-1,0,1
IVRChaperoneSetup,20,0,0,0,0,104,0,0,0,-1,0,1
IVRCompositor,35,0,0,0,0,179,0,0,0,-1,0,1
IVROverlay,72,0,0,0,0,364,0,0,0,-1,0,1
IVRRenderModels,18,0,0,0,0,94,0,0,0,-1,0,1
IVRNotifications,2,0,0,0,0,14,0,0,0,-1,0,1
IVRSettings,12,0,0,0,0,64,0,0,0,-1,0,1
IVRScreenshots,7,0,0,0,0,39,0,0,0,-1,0,1
IVRResources,2,0,0,0,0,14,0,0,0,-1,0,1
CVRSystem,1,45,0,0,44,227,45,0,0,0,20,3
CVRExtendedDisplay,1,4,0,0,3,30,4,0,0,0,2,1
CVRTrackedCamera,1,13,0,0,12,76,13,0,0,0,7,1
CVRApplications,1,31,0,0,30,158,31,0,0,0,5,1
CVRChaperone,1,9,0,0,8,46,9,0,0,0,4,1
CVRChaperoneSetup,1,21,0,0,20,116,21,0,0,0,4,1
CVRCompositor,1,36,0,0,35,166,36,0,0,0,10,1
CVROverlay,1,73,0,0,72,388,73,0,0,0,17,1
CVRRenderModels,1,19,0,0,18,95,19,0,0,0,5,1
CVRNotifications,1,3,0,0,2,19,3,0,0,0,5,0
CVRSettings,1,13,0,0,12,61,13,0,0,0,2,1
CVRScreenshots,1,8,0,0,7,45,8,0,0,0,4,1
CVRResources,1,3,0,0,2,18,3,0,0,0,1,0
OpenVRInterop,0,8,0,0,0,19,8,0,0,-1,2,2
EVREye,0,0,0,0,0,5,0,0,0,-1,0,3
EGraphicsAPIConvention,0,0,0,0,0,5,0,0,0,-1,0,3
EColorSpace,0,0,0,0,0,6,0,0,0,-1,0,2
ETrackingResult,0,0,0,0,0,8,0,0,0,-1,0,1
ETrackedDeviceClass,0,0,0,0,0,9,0,0,0,-1,0,2
ETrackedControllerRole,0,0,0,0,0,6,0,0,0,-1,0,1
ETrackingUniverseOrigin,0,0,0,0,0,6,0,0,0,-1,0,4
ETrackedDeviceProperty,0,0,0,0,0,90,0,0,0,-1,0,1
ETrackedPropertyError,0,0,0,0,0,13,0,0,0,-1,0,1
EVRSubmitFlags,0,0,0,0,0,6,0,0,0,-1,0,1
EVRState,0,0,0,0,0,12,0,0,0,-1,0,0
EVREventType,0,0,0,0,0,105,0,0,0,-1,0,1
EDeviceActivityLevel,0,0,0,0,0,8,0,0,0,-1,0,1
EVRButtonId,0,0,0,0,0,20,0,0,0,-1,0,2
EVRMouseButton,0,0,0,0,0,6,0,0,0,-1,0,0
EVRControllerAxisType,0,0,0,0,0,7,0,0,0,-1,0,1
EVRControllerEventOutputType,0,0,0,0,0,5,0,0,0,-1,0,0
ECollisionBoundsStyle,0,0,0,0,0,9,0,0,0,-1,0,0
EVROverlayError,0,0,0,0,0,22,0,0,0,-1,0,1
EVRApplicationType,0,0,0,0,0,11,0,0,0,-1,0,2
EVRFirmwareError,0,0,0,0,0,6,0,0,0,-1,0,1
EVRNotificationError,0,0,0,0,0,8,0,0,0,-1,0,1
EVRInitError,0,0,0,0,0,79,0,0,0,-1,0,3
EVRScreenshotType,0,0,0,0,0,9,0,0,0,-1,0,1
EVRScreenshotPropertyFilenames,0,0,0,0,0,5,0,0,0,-1,0,1
EVRTrackedCameraError,0,0,0,0,0,20,0,0,0,-1,0,1
EVRTrackedCameraFrameType,0,0,0,0,0,7,0,0,0,-1,0,2
EVRApplicationError,0,0,0,0,0,23,0,0,0,-1,0,1
EVRApplicationProperty,0,0,0,0,0,17,0,0,0,-1,0,1
EVRApplicationTransitionState,0,0,0,0,0,7,0,0,0,-1,0,1
ChaperoneCalibrationState,0,0,0,0,0,13,0,0,0,-1,0,1
EChaperoneConfigFile,0,0,0,0,0,5,0,0,0,-1,0,1
EChaperoneImportFlags,0,0,0,0,0,4,0,0,0,-1,0,0
EVRCompositorError,0,0,0,0,0,13,0,0,0,-1,0,1
VROverlayInputMethod,0,0,0,0,0,5,0,0,0,-1,0,1
VROverlayTransformType,0,0,0,0,0,7,0,0,0,-1,0,1
VROverlayFlags,0,0,0,0,0,18,0,0,0,-1,0,1
EGamepadTextInputMode,0,0,0,0,0,6,0,0,0,-1,0,0
EGamepadTextInputLineMode,0,0,0,0,0,5,0,0,0,-1,0,0
EOverlayDirection,0,0,0,0,0,8,0,0,0,-1,0,1
EVRRenderModelError,0,0,0,0,0,16,0,0,0,-1,0,1
EVRComponentProperty,0,0,0,0,0,8,0,0,0,-1,0,0
EVRNotificationType,0,0,0,0,0,6,0,0,0,-1,0,1
EVRNotificationStyle,0,0,0,0,0,8,0,0,0,-1,0,1
EVRSettingsError,0,0,0,0,0,7,0,0,0,-1,0,1
EVRScreenshotError,0,0,0,0,0,9,0,0,0,-1,0,1
VREvent_Data_t,15,0,0,15,0,18,0,0,0,-1,0,1
HmdMatrix34_t,12,0,0,12,0,15,0,0,0,-1,0,5
HmdMatrix44_t,16,0,0,16,0,19,0,0,0,-1,0,3
HmdVector3_t,3,0,0,3,0,6,0,0,0,-1,0,5
HmdVector4_t,4,0,0,4,0,7,0,0,0,-1,0,0
HmdVector3d_t,3,0,0,3,0,6,0,0,0,-1,0,0
HmdVector2_t,2,0,0,2,0,5,0,0,0,-1,0,4
HmdQuaternion_t,4,0,0,4,0,7,0,0,0,-1,0,0
HmdColor_t,4,0,0,4,0,7,0,0,0,-1,0,1
HmdQuad_t,4,0,0,4,0,7,0,0,0,-1,1,2
HmdRect2_t,2,0,0,2,0,5,0,0,0,-1,1,1
DistortionCoordinates_t,6,0,0,6,0,9,0,0,0,-1,0,1
Texture_t,3,0,0,3,0,6,0,0,0,-1,2,2
TrackedDevicePose_t,6,0,0,6,0,11,0,0,0,-1,3,4
VRTextureBounds_t,4,0,0,4,0,7,0,0,0,-1,0,3
VREvent_Controller_t,1,0,0,1,0,4,0,0,0,-1,0,0
VREvent_Mouse_t,3,0,0,3,0,6,0,0,0,-1,0,0
VREvent_Scroll_t,3,0,0,3,0,6,0,0,0,-1,0,0
VREvent_TouchPadMove_t,6,0,0,6,0,10,0,0,0,-1,0,0
VREvent_Notification_t,2,0,0,2,0,5,0,0,0,-1,0,0
VREvent_Process_t,3,0,0,3,0,7,0,0,0,-1,0,0
VREvent_Overlay_t,1,0,0,1,0,4,0,0,0,-1,0,0
VREvent_Status_t,1,0,0,1,0,4,0,0,0,-1,0,0
VREvent_Keyboard_t,9,0,0,9,0,5,0,0,0,-1,0,0
VREvent_Ipd_t,1,0,0,1,0,4,0,0,0,-1,0,0
VREvent_Chaperone_t,2,0,0,2,0,5,0,0,0,-1,0,0
VREvent_Reserved_t,2,0,0,2,0,5,0,0,0,-1,0,0
VREvent_PerformanceTest_t,1,0,0,1,0,4,0,0,0,-1,0,0
VREvent_SeatedZeroPoseReset_t,1,0,0,1,0,5,0,0,0,-1,0,0
VREvent_Screenshot_t,2,0,0,2,0,5,0,0,0,-1,0,0
VREvent_ScreenshotProgress_t,1,0,0,1,0,4,0,0,0,-1,0,0
VREvent_ApplicationLaunch_t,2,0,0,2,0,5,0,0,0,-1,0,0
VREvent_t,4,0,0,4,0,7,0,0,0,-1,1,2
HiddenAreaMesh_t,2,0,0,2,0,5,0,0,0,-1,0,1
VRControllerAxis_t,2,0,0,2,0,5,0,0,0,-1,0,1
VRControllerState_t,8,0,0,8,0,11,0,0,0,-1,1,2
Compositor_OverlaySettings,14,0,0,14,0,19,0,0,0,-1,1,0
CameraVideoStreamFrameHeader_t,6,0,0,6,0,9,0,0,0,-1,2,1
AppOverrideKeys_t,2,0,0,2,0,5,0,0,0,-1,0,1
Compositor_FrameTiming,23,0,0,23,0,26,0,0,0,-1,1,1
Compositor_CumulativeStats,15,0,0,15,0,18,0,0,0,-1,0,1
VROverlayIntersectionParams_t,3,0,0,3,0,6,0,0,0,-1,2,1
VROverlayIntersectionResults_t,4,0,0,4,0,7,0,0,0,-1,2,1
RenderModel_ComponentState_t,3,0,0,3,0,6,0,0,0,-1,1,1
RenderModel_Vertex_t,4,0,0,4,0,7,0,0,0,-1,1,0
RenderModel_TextureMap_t,3,0,0,3,0,6,0,0,0,-1,0,0
RenderModel_t,5,0,0,5,0,8,0,0,0,-1,0,0
RenderModel_ControllerMode_State_t,1,0,0,1,0,5,0,0,0,-1,0,1
NotificationBitmap_t,4,0,0,4,0,7,0,0,0,-1,0,1
COpenVRContext,23,14,0,12,13,197,37,0,0,0,13,1
OpenVR,149,10,13,147,10,430,12,0,0,0.6000000238418579,5,1
AntiAliasingEditor,5,2,0,0,1,58,6,0,0,0,4,0
IAntiAliasingEditor,0,2,0,0,0,5,2,2,0,-1,1,1
FXAAEditor,1,2,0,0,2,52,6,0,1,1,3,1
SMAAEditor,2,2,0,0,2,95,15,0,1,0,9,1
InfoMap,4,0,0,4,0,8,0,0,0,-1,0,1
AmbientOcclusionEditor,12,2,0,0,1,83,6,0,0,0,3,0
BloomEditor,1,2,0,0,1,25,4,0,0,0,1,0
EditorGUIHelper,1,2,0,0,1,53,5,0,0,0,1,2
Styles,5,3,0,5,0,36,3,0,0,0.6700000166893005,0,4
FieldFinder<T>,0,1,0,0,1,18,3,0,0,-1,0,0
MinDrawer,0,1,0,0,1,23,2,0,0,-1,1,0
DepthOfFieldEditor,3,2,1,0,1,101,18,0,0,0,11,0
LensAberrationsEditor,1,4,1,0,1,72,11,0,0,0,3,0
LayoutDrawer,2,3,0,0,2,67,9,0,0,0,1,0
ScreenSpaceReflectionEditor,1,4,0,0,1,77,10,0,0,0.5,3,0
SettingsMode,0,0,0,0,0,7,0,0,0,-1,0,1
TonemappingColorGradingEditor,13,11,3,4,4,726,44,0,0,0.3600000143051147,10,0
ColorWheelGroupDrawer,2,2,0,0,2,38,6,0,0,0,2,0
IndentedGroupDrawer,0,2,0,0,2,20,3,0,0,-1,0,0
ChannelMixerDrawer,0,2,0,0,2,42,6,0,0,-1,0,0
CurveDrawer,0,1,0,0,1,16,2,0,0,-1,1,0
HistogramMode,0,0,0,0,0,8,0,0,0,-1,0,1
ColorWheel,6,7,0,0,2,206,18,0,0,0.2899999916553497,1,1
