Type,NOF,NOM,NOP,NOPF,NOPM,LOC,WMC,NC,DIT,LCOM,Fan-Out,Fan-In
BodyCollider,2,2,0,1,0,22,2,0,0,0,0,0
CircularDrive,38,15,0,20,0,514,44,0,0,0.1299999952316284,5,0
Axis_t,0,0,0,0,0,6,0,0,0,-1,0,0
ComplexThrowable,8,8,0,4,0,176,23,0,0,0,4,0
AttachMode,0,0,0,0,0,5,0,0,0,-1,0,1
ControllerHoverHighlight,8,12,0,2,2,184,29,0,0,0.1700000017881393,2,0
CustomEvents,0,0,0,0,0,15,0,0,0,-1,0,0
UnityEventSingleFloat,0,0,0,0,0,4,0,0,0,-1,0,0
UnityEventHand,0,0,0,0,0,4,0,0,0,-1,0,1
DebugUI,2,2,1,0,0,34,2,0,0,0,1,0
DestroyOnDetachedFromHand,0,1,0,0,0,9,1,0,0,-1,1,0
DestroyOnParticleSystemDeath,1,2,0,0,0,23,3,0,0,0,0,0
DestroyOnTriggerEnter,2,2,0,1,0,25,4,0,0,0,0,0
DistanceHaptics,4,1,0,4,0,29,3,0,0,0,0,0
DontDestroyOnLoad,0,1,0,0,0,8,1,0,0,-1,0,0
EnumFlags,0,1,0,0,1,4,1,0,0,-1,0,3
EnumFlagsPropertyDrawer,0,1,0,0,1,8,1,0,0,-1,0,0
FallbackCameraController,6,3,0,3,0,83,11,0,0,0.6700000166893005,0,0
Hand,25,27,4,14,11,858,85,0,0,0,13,28
HandType,0,0,0,0,0,6,0,0,0,-1,0,4
AttachmentFlags,0,0,0,0,0,8,0,0,0,-1,0,3
AttachedObject,3,0,0,3,0,6,0,0,0,-1,0,2
HandEditor,0,1,0,0,1,36,6,0,0,-1,2,0
HapticRack,7,5,0,5,0,69,8,0,0,0,2,0
HideOnHandFocusLost,0,1,0,0,0,8,1,0,0,-1,1,0
IgnoreHovering,1,0,0,1,0,5,0,0,0,-1,0,1
InputModule,2,5,1,0,5,65,7,0,0,0.6000000238418579,0,2
Interactable,0,2,0,0,0,29,4,0,0,-1,1,4
InteractableButtonEvents,8,1,0,8,0,65,11,0,0,0,3,0
InteractableHoverEvents,4,4,0,4,0,35,4,0,0,1,1,0
ItemPackage,6,0,0,6,0,11,0,0,0,-1,1,3
ItemPackageType,0,0,0,0,0,1,0,0,0,-1,0,2
ItemPackageReference,1,0,0,1,0,4,0,0,0,-1,1,2
ItemPackageSpawner,16,14,1,11,0,329,49,0,0,0.1400000005960464,8,0
LinearAnimation,5,2,0,2,0,51,5,0,0,0,1,0
LinearAnimator,4,2,0,2,0,46,5,0,0,0,1,0
LinearAudioPitch,6,3,0,5,0,44,6,0,0,0,1,0
LinearBlendshape,3,2,0,2,0,38,5,0,0,0,2,0
LinearDisplacement,3,2,0,2,0,28,4,0,0,0,1,0
LinearDrive,12,7,0,6,0,135,18,0,0,0,2,0
LinearMapping,1,0,0,1,0,4,0,0,0,-1,0,9
Player,9,7,10,8,3,389,20,0,0,0.4300000071525574,2,10
PlaySound,21,8,0,19,6,203,21,0,0,0.25,0,1
SeeThru,5,6,0,1,0,137,16,0,0,0,2,0
SleepOnAwake,0,1,0,0,0,12,2,0,0,-1,0,0
SoundDeparent,2,2,0,1,0,24,3,0,0,0,0,0
SoundPlayOneshot,7,4,0,6,3,62,8,0,0,0,1,5
SpawnAndAttachAfterControllerIsTracking,2,2,0,1,0,36,5,0,0,0,1,0
SpawnAndAttachToHand,2,1,0,2,1,24,3,0,0,0,1,0
SpawnRenderModel,8,9,0,1,0,154,22,0,0,0,3,0
Throwable,17,10,0,11,0,244,25,0,0,0.2000000029802322,8,0
UIElement,2,5,0,1,0,53,7,0,0,0.6000000238418579,5,1
UIElementEditor,0,1,0,0,1,17,2,0,0,-1,2,0
Unparent,1,3,0,0,1,27,4,0,0,0,0,0
Util,10,46,0,10,46,668,93,0,0,0.9599999785423279,1,15
AfterTimer_Component,4,3,0,0,1,45,5,0,0,0,0,1
VelocityEstimator,7,7,0,3,5,149,18,0,0,0,0,1
ControllerButtonHints,16,32,1,4,8,759,87,0,0,0,7,6
OffsetType,0,0,0,0,0,7,0,0,0,-1,0,1
ButtonHintInfo,14,0,0,14,0,21,0,0,0,-1,0,1
ArcheryTarget,8,4,0,6,0,67,8,0,0,0,1,0
Arrow,17,6,0,8,1,250,27,0,0,0,6,1
ArrowHand,17,11,0,8,0,282,27,0,0,0.3600000143051147,6,1
ArrowheadRotation,0,1,0,0,0,9,1,0,0,-1,0,0
Balloon,15,8,0,7,1,209,24,0,0,0.25,5,2
BalloonColor,0,0,0,0,0,1,0,0,0,-1,0,2
BalloonColliders,4,4,0,1,0,74,9,0,0,0,0,0
BalloonHapticBump,1,1,0,1,0,18,3,0,0,0,2,1
BalloonSpawner,15,4,0,14,2,108,16,0,0,0,3,0
ExplosionWobble,0,1,0,0,1,12,2,0,0,-1,0,1
FireSource,11,5,0,8,0,99,13,0,0,0,1,1
Longbow,46,21,0,18,6,428,40,0,0,0.1899999976158142,11,1
Handedness,0,0,0,0,0,1,0,0,0,-1,0,1
SoundBowClick,5,2,0,4,1,26,2,0,0,0,0,1
ControllerHintsExample,2,5,0,0,3,101,12,0,0,0,4,0
InteractableExample,5,9,0,0,0,116,11,0,0,0.4399999976158142,3,0
AllowTeleportWhileAttachedToHand,2,0,0,2,0,5,0,0,0,-1,0,2
ChaperoneInfo,2,2,5,1,1,73,5,0,0,0,2,1
IgnoreTeleportTrace,0,0,0,0,0,3,0,0,0,-1,0,0
Teleport,79,31,1,42,7,1137,121,0,0,0,13,2
TeleportArc,17,12,0,7,6,295,26,0,0,0,1,1
TeleportArea,6,10,1,0,8,145,17,0,1,0.300000011920929,1,2
TeleportAreaEditor,0,2,0,0,1,32,6,0,0,-1,1,0
TeleportMarkerBase,2,7,1,2,7,45,7,2,0,0.8600000143051147,0,1
TeleportPoint,25,13,1,7,10,297,22,0,1,0.3100000023841858,3,2
TeleportPointType,0,0,0,0,0,5,0,0,0,-1,0,2
TeleportPointEditor,0,2,0,0,1,29,5,0,0,-1,1,0
IVRSystem,45,0,0,0,0,229,0,0,0,-1,0,1
IVRExtendedDisplay,3,0,0,0,0,19,0,0,0,-1,0,1
IVRTrackedCamera,12,0,0,0,0,64,0,0,0,-1,0,1
IVRApplications,31,0,0,0,0,159,0,0,0,-1,0,1
IVRChaperone,8,0,0,0,0,44,0,0,0,-1,0,1
IVRChaperoneSetup,20,0,0,0,0,104,0,0,0,-1,0,1
IVRCompositor,41,0,0,0,0,209,0,0,0,-1,0,1
IVROverlay,80,0,0,0,0,404,0,0,0,-1,0,1
IVRRenderModels,18,0,0,0,0,94,0,0,0,-1,0,1
IVRNotifications,2,0,0,0,0,14,0,0,0,-1,0,1
IVRSettings,12,0,0,0,0,64,0,0,0,-1,0,1
IVRScreenshots,7,0,0,0,0,39,0,0,0,-1,0,1
IVRResources,2,0,0,0,0,14,0,0,0,-1,0,1
IVRDriverManager,2,0,0,0,0,14,0,0,0,-1,0,1
CVRSystem,1,46,0,0,45,304,49,0,0,0,26,3
PollNextEventUnion,2,0,0,2,0,8,0,0,0,-1,0,1
GetControllerStateUnion,2,0,0,2,0,8,0,0,0,-1,0,1
GetControllerStateWithPoseUnion,2,0,0,2,0,8,0,0,0,-1,0,1
CVRExtendedDisplay,1,4,0,0,3,30,4,0,0,0,2,1
CVRTrackedCamera,1,13,0,0,12,76,13,0,0,0,7,1
CVRApplications,1,32,0,0,31,163,32,0,0,0,5,1
CVRChaperone,1,9,0,0,8,46,9,0,0,0,4,2
CVRChaperoneSetup,1,21,0,0,20,116,21,0,0,0,4,1
CVRCompositor,1,42,0,0,41,195,42,0,0,0,11,2
CVROverlay,1,81,0,0,80,454,82,0,0,0,22,1
PollNextOverlayEventUnion,2,0,0,2,0,8,0,0,0,-1,0,1
CVRRenderModels,1,19,0,0,18,119,20,0,0,0,7,2
GetComponentStateUnion,2,0,0,2,0,8,0,0,0,-1,0,1
CVRNotifications,1,3,0,0,2,19,3,0,0,0,5,0
CVRSettings,1,13,0,0,12,61,13,0,0,0,2,1
CVRScreenshots,1,8,0,0,7,45,8,0,0,0,4,1
CVRResources,1,3,0,0,2,18,3,0,0,0,1,0
CVRDriverManager,1,3,0,0,2,18,3,0,0,0,1,0
OpenVRInterop,0,8,0,0,0,19,8,0,0,-1,2,2
EVREye,0,0,0,0,0,5,0,0,0,-1,0,3
ETextureType,0,0,0,0,0,8,0,0,0,-1,0,3
EColorSpace,0,0,0,0,0,6,0,0,0,-1,0,2
ETrackingResult,0,0,0,0,0,8,0,0,0,-1,0,1
ETrackedDeviceClass,0,0,0,0,0,9,0,0,0,-1,0,2
ETrackedControllerRole,0,0,0,0,0,6,0,0,0,-1,0,1
ETrackingUniverseOrigin,0,0,0,0,0,6,0,0,0,-1,0,4
ETrackedDeviceProperty,0,0,0,0,0,121,0,0,0,-1,0,2
ETrackedPropertyError,0,0,0,0,0,15,0,0,0,-1,0,1
EVRSubmitFlags,0,0,0,0,0,7,0,0,0,-1,0,1
EVRState,0,0,0,0,0,12,0,0,0,-1,0,0
EVREventType,0,0,0,0,0,115,0,0,0,-1,0,1
EDeviceActivityLevel,0,0,0,0,0,8,0,0,0,-1,0,1
EVRButtonId,0,0,0,0,0,21,0,0,0,-1,0,10
EVRMouseButton,0,0,0,0,0,6,0,0,0,-1,0,0
EHiddenAreaMeshType,0,0,0,0,0,7,0,0,0,-1,0,1
EVRControllerAxisType,0,0,0,0,0,7,0,0,0,-1,0,1
EVRControllerEventOutputType,0,0,0,0,0,5,0,0,0,-1,0,0
ECollisionBoundsStyle,0,0,0,0,0,9,0,0,0,-1,0,0
EVROverlayError,0,0,0,0,0,24,0,0,0,-1,0,1
EVRApplicationType,0,0,0,0,0,12,0,0,0,-1,0,2
EVRFirmwareError,0,0,0,0,0,6,0,0,0,-1,0,1
EVRNotificationError,0,0,0,0,0,8,0,0,0,-1,0,1
EVRInitError,0,0,0,0,0,84,0,0,0,-1,0,3
EVRScreenshotType,0,0,0,0,0,9,0,0,0,-1,0,1
EVRScreenshotPropertyFilenames,0,0,0,0,0,5,0,0,0,-1,0,1
EVRTrackedCameraError,0,0,0,0,0,20,0,0,0,-1,0,1
EVRTrackedCameraFrameType,0,0,0,0,0,7,0,0,0,-1,0,2
EVRApplicationError,0,0,0,0,0,23,0,0,0,-1,0,1
EVRApplicationProperty,0,0,0,0,0,18,0,0,0,-1,0,1
EVRApplicationTransitionState,0,0,0,0,0,7,0,0,0,-1,0,1
ChaperoneCalibrationState,0,0,0,0,0,13,0,0,0,-1,0,1
EChaperoneConfigFile,0,0,0,0,0,5,0,0,0,-1,0,1
EChaperoneImportFlags,0,0,0,0,0,4,0,0,0,-1,0,0
EVRCompositorError,0,0,0,0,0,15,0,0,0,-1,0,2
VROverlayInputMethod,0,0,0,0,0,5,0,0,0,-1,0,1
VROverlayTransformType,0,0,0,0,0,7,0,0,0,-1,0,1
VROverlayFlags,0,0,0,0,0,19,0,0,0,-1,0,1
VRMessageOverlayResponse,0,0,0,0,0,10,0,0,0,-1,0,1
EGamepadTextInputMode,0,0,0,0,0,6,0,0,0,-1,0,0
EGamepadTextInputLineMode,0,0,0,0,0,5,0,0,0,-1,0,0
EOverlayDirection,0,0,0,0,0,8,0,0,0,-1,0,1
EVROverlayIntersectionMaskPrimitiveType,0,0,0,0,0,5,0,0,0,-1,0,1
EVRRenderModelError,0,0,0,0,0,16,0,0,0,-1,0,1
EVRComponentProperty,0,0,0,0,0,8,0,0,0,-1,0,0
EVRNotificationType,0,0,0,0,0,6,0,0,0,-1,0,1
EVRNotificationStyle,0,0,0,0,0,8,0,0,0,-1,0,1
EVRSettingsError,0,0,0,0,0,9,0,0,0,-1,0,1
EVRScreenshotError,0,0,0,0,0,9,0,0,0,-1,0,1
VREvent_Data_t,19,0,0,19,0,22,0,0,0,-1,0,2
VROverlayIntersectionMaskPrimitive_Data_t,2,0,0,2,0,5,0,0,0,-1,0,1
HmdMatrix34_t,12,0,0,12,0,15,0,0,0,-1,0,5
HmdMatrix44_t,16,0,0,16,0,19,0,0,0,-1,0,3
HmdVector3_t,3,0,0,3,0,6,0,0,0,-1,0,5
HmdVector4_t,4,0,0,4,0,7,0,0,0,-1,0,0
HmdVector3d_t,3,0,0,3,0,6,0,0,0,-1,0,0
HmdVector2_t,2,0,0,2,0,5,0,0,0,-1,0,4
HmdQuaternion_t,4,0,0,4,0,7,0,0,0,-1,0,0
HmdColor_t,4,0,0,4,0,7,0,0,0,-1,0,3
HmdQuad_t,4,0,0,4,0,7,0,0,0,-1,1,2
HmdRect2_t,2,0,0,2,0,5,0,0,0,-1,1,1
DistortionCoordinates_t,6,0,0,6,0,9,0,0,0,-1,0,1
Texture_t,3,0,0,3,0,6,0,0,0,-1,2,2
TrackedDevicePose_t,6,0,0,6,0,11,0,0,0,-1,3,5
VRTextureBounds_t,4,0,0,4,0,7,0,0,0,-1,0,3
VRVulkanTextureData_t,10,0,0,10,0,13,0,0,0,-1,0,0
D3D12TextureData_t,3,0,0,3,0,6,0,0,0,-1,0,0
VREvent_Controller_t,1,0,0,1,0,4,0,0,0,-1,0,0
VREvent_Mouse_t,3,0,0,3,0,6,0,0,0,-1,0,0
VREvent_Scroll_t,3,0,0,3,0,6,0,0,0,-1,0,0
VREvent_TouchPadMove_t,6,0,0,6,0,10,0,0,0,-1,0,0
VREvent_Notification_t,2,0,0,2,0,5,0,0,0,-1,0,0
VREvent_Process_t,3,0,0,3,0,7,0,0,0,-1,0,0
VREvent_Overlay_t,1,0,0,1,0,4,0,0,0,-1,0,0
VREvent_Status_t,1,0,0,1,0,4,0,0,0,-1,0,0
VREvent_Keyboard_t,9,0,0,9,0,5,0,0,0,-1,0,0
VREvent_Ipd_t,1,0,0,1,0,4,0,0,0,-1,0,0
VREvent_Chaperone_t,2,0,0,2,0,5,0,0,0,-1,0,0
VREvent_Reserved_t,2,0,0,2,0,5,0,0,0,-1,0,0
VREvent_PerformanceTest_t,1,0,0,1,0,4,0,0,0,-1,0,0
VREvent_SeatedZeroPoseReset_t,1,0,0,1,0,5,0,0,0,-1,0,0
VREvent_Screenshot_t,2,0,0,2,0,5,0,0,0,-1,0,0
VREvent_ScreenshotProgress_t,1,0,0,1,0,4,0,0,0,-1,0,0
VREvent_ApplicationLaunch_t,2,0,0,2,0,5,0,0,0,-1,0,0
VREvent_EditingCameraSurface_t,2,0,0,2,0,5,0,0,0,-1,0,0
VREvent_MessageOverlay_t,1,0,0,1,0,4,0,0,0,-1,0,0
VREvent_Property_t,2,0,0,2,0,5,0,0,0,-1,1,0
VREvent_t,4,0,0,4,0,7,0,0,0,-1,1,3
VREvent_t_Packed,4,2,0,4,2,21,2,0,0,0,2,2
HiddenAreaMesh_t,2,0,0,2,0,5,0,0,0,-1,0,1
VRControllerAxis_t,2,0,0,2,0,5,0,0,0,-1,0,2
VRControllerState_t,8,0,0,8,0,11,0,0,0,-1,1,3
VRControllerState_t_Packed,8,2,0,8,2,33,2,0,0,0,2,2
Compositor_OverlaySettings,14,0,0,14,0,19,0,0,0,-1,1,0
CameraVideoStreamFrameHeader_t,6,0,0,6,0,9,0,0,0,-1,2,1
AppOverrideKeys_t,2,0,0,2,0,5,0,0,0,-1,0,1
Compositor_FrameTiming,24,0,0,24,0,27,0,0,0,-1,1,1
Compositor_CumulativeStats,15,0,0,15,0,18,0,0,0,-1,0,1
VROverlayIntersectionParams_t,3,0,0,3,0,6,0,0,0,-1,2,1
VROverlayIntersectionResults_t,4,0,0,4,0,7,0,0,0,-1,2,1
IntersectionMaskRectangle_t,4,0,0,4,0,7,0,0,0,-1,0,0
IntersectionMaskCircle_t,3,0,0,3,0,6,0,0,0,-1,0,0
VROverlayIntersectionMaskPrimitive_t,2,0,0,2,0,5,0,0,0,-1,2,1
RenderModel_ComponentState_t,3,0,0,3,0,6,0,0,0,-1,1,1
RenderModel_Vertex_t,4,0,0,4,0,7,0,0,0,-1,1,0
RenderModel_TextureMap_t,3,0,0,3,0,6,0,0,0,-1,0,1
RenderModel_TextureMap_t_Packed,3,2,0,3,2,18,2,0,0,0,1,0
RenderModel_t,5,0,0,5,0,8,0,0,0,-1,0,1
RenderModel_t_Packed,5,2,0,5,2,24,2,0,0,0,1,0
RenderModel_ControllerMode_State_t,1,0,0,1,0,5,0,0,0,-1,0,1
NotificationBitmap_t,4,0,0,4,0,7,0,0,0,-1,0,1
COpenVRContext,24,14,0,13,13,198,37,0,0,0,13,1
OpenVR,175,10,13,173,10,456,12,0,0,0.6000000238418579,5,3
Benchmark01,10,1,0,3,0,120,6,0,0,0,0,0
Benchmark01_UGUI,10,1,0,4,0,125,6,0,0,0,0,0
Benchmark02,3,1,0,2,0,85,3,0,0,0,1,0
Benchmark03,3,2,0,3,0,71,4,0,0,1,0,0
Benchmark04,5,1,0,4,0,77,4,0,0,0,0,0
CameraController,25,4,0,14,0,283,33,0,0,0,1,0
CameraModes,0,0,0,0,0,1,0,0,0,-1,0,1
ObjectSpin,10,2,0,3,0,61,3,0,0,0,1,0
MotionType,0,0,0,0,0,1,0,0,0,-1,0,1
ShaderPropAnimator,4,3,0,2,0,43,4,0,0,0,0,0
SimpleScript,3,2,0,0,0,50,2,0,0,0,0,0
SkewTextExample,4,4,0,3,0,150,9,0,0,0,0,0
TeleType,3,2,0,0,0,75,4,0,0,0,0,0
TextConsoleSimulator,2,7,0,0,0,114,13,0,0,0.5699999928474426,0,0
TextMeshProFloatingText,10,4,0,2,2,204,11,0,0,0,0,2
TextMeshSpawner,4,2,0,3,0,71,4,0,0,1,1,0
TMP_ExampleScript_01,5,2,0,2,0,54,4,0,0,0,1,0
objectType,0,0,0,0,0,1,0,0,0,-1,0,1
TMP_FrameRateCounter,10,4,0,2,0,125,9,0,0,0,1,0
FpsCounterAnchorPositions,0,0,0,0,0,1,0,0,0,-1,0,3
TMP_TextEventCheck,1,6,0,1,0,50,8,0,0,0.8299999833106995,5,0
TMP_TextInfoDebugTool,9,11,0,7,0,493,32,0,0,0,0,0
TMP_TextSelector_A,6,4,0,0,2,147,12,0,0,0,0,0
TMP_TextSelector_B,14,10,0,1,4,534,23,0,0,0.5,0,0
TMP_UiFrameRateCounter,9,4,0,2,0,117,9,0,0,0,1,0
TMPro_InstructionOverlay,6,2,0,1,0,76,4,0,0,0,1,0
VertexColorCycler,1,3,0,0,0,73,6,0,0,0,0,0
VertexJitter,5,6,0,3,0,167,14,0,0,0.5,1,0
VertexAnim,3,0,0,3,0,6,0,0,0,-1,0,1
VertexShakeA,6,6,0,4,0,153,16,0,0,0.5,0,0
VertexShakeB,5,6,0,3,0,177,16,0,0,0.5,0,0
VertexZoom,5,6,0,3,0,182,13,0,0,0.5,0,0
WarpTextExample,5,4,0,4,0,136,9,0,0,0,0,0
TMP_DigitValidator,0,1,0,0,1,16,2,0,0,-1,0,0
TMP_TextEventHandler,11,8,4,0,2,208,21,0,0,0.3799999952316284,4,1
CharacterSelectionEvent,0,0,0,0,0,2,0,0,0,-1,0,2
WordSelectionEvent,0,0,0,0,0,2,0,0,0,-1,0,2
LineSelectionEvent,0,0,0,0,0,2,0,0,0,-1,0,2
LinkSelectionEvent,0,0,0,0,0,2,0,0,0,-1,0,2
BackspaceKey,0,2,0,0,2,12,2,0,1,-1,2,0
CancelKey,0,2,0,0,2,10,2,0,1,-1,2,0
ClearKey,0,2,0,0,2,12,2,0,1,-1,2,0
Controller,1,3,0,0,2,16,3,2,0,1,1,2
EnterKey,0,2,0,0,2,10,2,0,1,-1,2,0
DemoScene,2,8,0,1,3,112,14,0,0,0.25,4,0
HandCollider,2,2,0,2,0,17,4,0,0,0,1,2
Key,15,12,0,10,7,175,23,7,0,0.1700000017881393,4,3
Keyboard,37,29,0,34,18,551,58,0,0,0,8,10
KeyboardUpdateEvent,0,0,0,0,0,2,0,0,0,-1,0,2
KeyboardSubmitEvent,0,0,0,0,0,2,0,0,0,-1,0,2
Layout,19,1,0,19,1,46,1,2,0,0,0,9
KeyboardLayout,0,0,0,0,0,5,0,0,0,-1,0,3
LayoutList,0,1,0,0,1,20,2,0,0,-1,4,1
LetterKey,4,2,1,3,2,28,2,0,1,0,1,1
Mallet,7,4,1,3,2,69,6,0,0,0.5,4,4
MalletHand,0,0,0,0,0,6,0,0,0,-1,0,3
Placement,16,6,0,7,0,159,16,0,0,0,6,0
PlacementSettings,3,0,0,3,0,6,0,0,0,-1,0,1
OculusController,1,4,1,0,2,32,4,0,1,0.75,0,0
OpenVRController,1,2,1,0,2,30,4,0,1,1,0,0
ShiftKey,1,4,0,0,4,23,4,0,1,0.75,3,1
SpaceKey,0,2,0,0,2,12,2,0,1,-1,2,0
Dvorak,0,1,0,0,1,20,1,0,1,-1,0,1
French,0,1,0,0,1,42,1,0,1,-1,0,1
