Type,NOF,NOM,NOP,NOPF,NOPM,LOC,WMC,NC,DIT,LCOM,Fan-Out,Fan-In
AssetBundleDownloader,6,14,1,0,3,226,25,0,1,0.1400000005960464,5,1
AssetBundlePersistenceStrategy,0,2,0,0,2,12,2,0,1,-1,0,0
AssetMetadataPersistenceStrategy,1,2,0,0,2,25,2,0,1,0,2,0
CacheEntry,4,0,0,4,0,8,0,0,0,-1,0,2
Container,1,0,0,1,0,5,0,0,0,-1,0,1
AssetDatabaseStrategy,0,0,0,0,0,5,0,0,0,-1,0,2
BehaviourWorkerCompatibilityCache,1,3,0,0,2,44,7,0,0,0,2,1
CachingAssetDatabase,2,4,0,0,4,41,5,0,1,0,1,0
ExponentialBackoffRetryAssetLoader,3,3,0,2,3,38,3,0,1,0,2,1
GameObjectFromAssetBundleLoader,3,6,0,0,4,114,13,0,1,0,2,0
OnLoadCallback,2,0,0,2,0,5,0,0,0,-1,0,1
LocalAssetBundleLoader,2,4,0,0,3,49,6,0,1,0.5,1,0
PrefabCompiler,2,8,0,0,2,91,18,0,0,0,5,1
PrefabGameObjectLoader,2,4,0,0,3,35,5,0,1,0,1,0
PreprocessingGameObjectLoader,2,3,0,0,3,25,3,0,1,0,4,0
ConcurrentAssetPrecacher,9,9,0,0,2,95,14,0,0,0,1,1
DefaultTemplateProvider,7,9,1,2,3,178,18,0,1,0.3300000131130219,12,0
AssetDatabaseTemplateProvider,1,4,0,0,4,30,5,0,1,0,1,1
EntityObjectDictionary,0,2,1,0,1,17,2,0,0,-1,1,1
EntityBuilder,3,11,0,0,10,102,13,0,1,0.1800000071525574,1,1
EntityObject,1,8,5,0,8,144,18,0,1,0.8799999952316284,11,1
EntityObjectStorage,0,3,1,0,2,40,6,0,0,-1,4,3
EntityVisualizers,8,29,3,0,5,408,57,0,1,0,5,3
DefaultMonobehaviourActivator,0,2,0,0,2,12,2,0,1,-1,0,1
IComponentAdder,0,3,0,0,0,17,3,1,0,-1,0,1
IComponentInterestOverridesUpdateReceiver,0,1,0,0,0,7,1,1,0,-1,0,2
IEntityComponentInterestOverridesUpdater,0,4,0,0,0,22,4,1,0,-1,2,4
IEntityComponents,0,4,1,0,0,28,4,1,0,-1,2,3
IEntityInterestedComponentsInvalidator,0,1,0,0,0,7,1,1,0,-1,0,4
IEntityObject,0,0,5,0,0,27,0,1,1,-1,0,21
IEntityTemplateProvider,0,3,0,0,0,29,3,2,0,-1,0,6
IEntityVisualizers,0,4,3,0,0,41,4,1,0,-1,1,2
IInterestedComponentUpdaterProvider,0,1,0,0,0,7,1,1,0,-1,0,3
ILocalEntities,0,0,0,0,0,1,0,1,1,-1,0,6
IMetadataAdder,0,1,0,0,0,8,1,1,0,-1,0,1
IMutableLocalEntities,0,0,0,0,0,1,0,1,2,-1,0,1
IMutableUniverse,0,3,0,0,0,18,3,1,1,-1,1,3
IWorkerComponentInterestOverrider,0,3,0,0,0,26,3,1,0,-1,1,1
WorkerComponentInterest,0,0,0,0,0,17,0,0,0,-1,0,3
WorkerComponentInterestOverriderImpl,2,5,2,0,4,140,17,0,1,0,3,1
IPersistenceSetter,0,1,0,0,0,8,1,1,0,-1,0,1
IPipelineEntityComponentOpsReceiver,0,4,0,0,0,22,4,2,0,-1,4,0
IPositionAdder,0,3,0,0,0,20,3,1,0,-1,0,1
IPrefabFactory,0,2,0,0,0,17,2,3,0,-1,0,2
IReadAclSetter,0,1,0,0,0,7,1,1,0,-1,0,1
IUniverse,0,4,0,0,0,23,4,2,0,-1,0,2
LocalEntities,2,7,2,0,7,80,11,0,3,0,2,7
FilePersistenceStrategy,0,2,0,0,2,12,2,0,1,-1,0,0
IAssetDatabase,0,1,0,0,0,17,1,1,1,-1,0,1
IAssetLoader,0,2,0,0,0,18,2,8,0,-1,0,6
IMachineCache,0,3,0,0,0,6,3,1,0,-1,0,1
"MachineCache<TIn,TOut>",2,9,1,0,4,206,11,0,1,0.7799999713897705,1,0
IPersistenceStrategy,0,2,0,0,0,17,2,3,0,-1,0,1
Platform,7,3,0,0,3,82,5,0,0,0.6700000166893005,1,3
BuildPlatform,0,0,0,0,0,8,0,0,0,-1,0,2
EditorCompatibilityExtensions,0,5,0,0,5,44,6,0,0,-1,0,0
ISpatialOsComponent,0,0,5,0,0,28,0,1,0,-1,0,0
ISpatialOsComponentInternal,0,1,0,0,0,12,1,1,1,-1,2,5
SpatialOsComponentBase,10,13,7,0,8,266,24,0,2,0.3100000023841858,9,0
SpatialOsComponentEditorBase<TComponent>,0,0,3,0,0,27,0,0,0,-1,0,0
ComponentEditorDataObject<TComponent>,22,6,4,2,6,164,8,0,1,0.3300000131130219,1,0
ICanAttachEditorDataObject,0,2,0,0,0,12,2,1,0,-1,1,0
IComponentEditorDataObject,0,3,0,0,0,6,3,1,0,-1,0,3
CommandDelivery,0,0,0,0,0,8,0,0,0,-1,0,7
Commander,5,41,0,0,31,366,47,0,1,0,4,1
EntityComponentId,2,3,0,0,3,27,4,0,0,0.6700000166893005,0,1
CommandResponseHandler<TResponse>,2,6,0,0,4,71,9,0,1,0.6700000166893005,1,0
ComponentCommander,6,29,0,1,19,294,35,0,1,0,4,2
ICommandCallbackWrapper,0,2,0,0,0,5,2,1,0,-1,0,1
CommandCallbackWrapper<TResponse>,1,4,0,0,4,46,6,0,1,0.5,0,0
ICommandCallbackResponse,0,0,1,0,0,7,0,1,1,-1,0,1
ICommandErrorDetails,0,0,2,0,0,12,0,1,0,-1,0,2
CommandCallbackResponse,0,0,3,0,0,17,0,0,2,-1,0,0
ICommandResponseHandler,0,2,0,0,0,12,2,1,0,-1,0,1
ICommandSender,0,14,0,0,0,96,14,1,0,-1,1,3
IComponentCommander,0,1,0,0,0,10,1,1,1,-1,1,2
IDescriptorCommander,0,2,0,0,0,20,2,1,0,-1,1,0
IWorkerCommandSender,0,0,0,0,0,1,0,1,1,-1,0,1
IWorldCommander,0,12,0,0,0,85,12,2,0,-1,0,0
SpatialCommunicator,3,31,0,0,31,218,34,0,1,0.1000000014901161,3,2
CloudAssemblyArtifactResolver,10,4,0,0,3,146,5,0,0,0,8,1
State,0,0,0,0,0,7,0,0,0,-1,0,1
AssemblyResponse,1,0,1,0,0,13,0,0,0,-1,0,1
ArtifactId,1,0,1,0,0,13,0,0,0,-1,0,1
AssemblyArtifact,2,0,2,0,0,24,0,0,0,-1,0,1
ConnectionCoroutineHost,0,0,0,0,0,1,0,0,0,-1,0,1
ConnectionLifecycle,12,20,7,0,1,431,43,0,0,0.1500000059604645,21,1
CountBasedSpawnLimiter,2,4,0,0,4,31,5,0,1,0,1,0
DeferredActionDispatcher,2,3,0,0,3,43,4,0,1,0,0,0
DispatchEventHandler,4,9,1,0,4,123,11,0,1,0.4399999976158142,8,2
EntityAclExtensions,0,1,0,0,1,10,1,0,0,-1,1,0
GreedySpawnLimiter,0,3,0,0,3,11,3,0,1,-1,0,2
IAuthorityChangedReceiver,0,1,0,0,0,7,1,1,0,-1,0,1
IDeferredActionDispatcher,0,2,0,0,0,12,2,1,0,-1,0,2
IDispatchEventHandler,0,0,0,0,0,9,0,1,0,-1,0,0
IEntitySpawnLimiter,0,3,0,0,0,17,3,3,0,-1,0,4
ISpatialCommunicator,0,27,0,0,0,146,27,1,0,-1,1,9
LegacyEntityPipelineConfiguration,2,1,11,0,1,67,1,0,1,0,2,1
ProjectDescriptor,4,2,2,2,2,39,3,0,0,1,0,4
SaveAndRestoreScene,1,2,0,0,2,15,2,0,0,0,0,0
SpatialOS,19,15,24,2,6,716,31,0,0,0,11,17
TimeBasedSpawnLimiter,2,4,0,0,4,28,5,0,1,0.5,1,0
WorkerConnection,2,9,4,0,5,190,13,0,0,0.5600000023841858,4,1
WorkerConnectionParameters,6,0,0,6,0,9,0,0,0,-1,0,2
EmptyEntityBlock,0,8,1,0,8,29,8,0,1,-1,7,1
EntityPipeline,9,8,3,0,6,211,19,0,1,0,3,4
RegisterHandler,1,2,0,0,2,23,3,0,0,0,2,0
UnregisterHandler,1,2,0,0,2,22,3,0,0,0,1,0
EntityPipelineExtensions,0,2,0,0,2,91,3,0,0,-1,4,0
FactoryCallbackWrapper,1,5,0,0,0,29,5,0,0,0,1,1
PipelineOpType,0,0,0,0,0,10,0,0,0,-1,0,1
IEntityPipelineOp,0,0,1,0,0,7,0,7,0,-1,0,3
AddEntityPipelineOp,1,0,2,1,0,21,0,0,1,-1,0,6
RemoveEntityPipelineOp,1,0,2,1,0,21,0,0,1,-1,0,6
CriticalSectionPipelineOp,1,0,2,1,0,21,0,0,1,-1,0,6
AddComponentPipelineOp,3,0,1,3,0,23,0,0,1,-1,0,11
RemoveComponentPipelineOp,3,0,1,3,0,23,0,0,1,-1,0,11
ChangeAuthorityPipelineOp,4,0,2,4,0,37,0,0,1,-1,0,12
UpdateComponentPipelineOp,3,0,1,3,0,23,0,0,1,-1,0,10
IEntityPipeline,0,1,0,0,0,7,1,1,0,-1,1,2
IEntityPipelineBlock,0,8,1,0,0,87,8,5,0,-1,7,11
IEntityPipelineInternal,0,4,1,0,0,31,4,1,1,-1,1,2
PassOpsBlock,0,8,1,0,8,50,8,3,1,-1,8,0
AssetPreloader,6,7,1,0,3,104,13,0,0,0.2899999916553497,3,1
AuthorityChangedNotifier,2,5,0,0,4,59,9,0,2,0,5,1
CriticalSectionPipelineBlock,2,10,1,0,8,100,15,0,1,0.2000000029802322,9,1
EntityComponentUpdater,1,5,0,0,5,69,9,0,2,0,7,1
ILegacyEntityPipelineConfiguration,0,0,11,0,0,57,0,1,0,-1,0,1
LegacyComponentPipeline,1,4,0,0,4,56,8,0,2,0.5,7,1
LegacyEntityCreator,12,17,1,0,10,318,41,0,1,0.1800000071525574,19,1
EntitySpawnData,1,1,3,0,0,12,1,0,0,0,0,1
LegacyEntityPipelineSetup,8,4,0,0,4,117,10,0,0,0,12,1
ThrottledEntityDispatcher,6,11,1,0,9,176,21,0,1,0.1800000071525574,13,1
CommandLineConfigNames,9,0,0,9,0,13,0,0,0,-1,0,2
Defaults,22,0,0,22,0,34,0,0,0,-1,0,0
EditableConfigNames,29,0,0,29,0,45,0,0,0,-1,0,1
WorkerConfiguration,4,9,34,0,4,316,20,0,0,0.2199999988079071,11,7
WorkerConfigurationData,4,0,0,4,0,11,0,0,0,-1,4,3
SpatialOsApplication,5,0,0,5,0,29,0,0,0,-1,1,2
Unity,3,0,0,3,0,24,0,0,0,-1,0,2
Networking,9,0,0,9,0,21,0,0,0,-1,0,2
Debugging,11,0,0,11,0,26,0,0,0,-1,0,2
Acl,3,13,0,0,11,200,23,0,0,0.1500000059604645,1,7
CommonAttributeSets,2,1,0,2,1,25,2,0,0,0,1,2
CommonClaims,2,1,0,2,1,26,2,0,0,0,1,0
CommonPredicates,3,1,0,3,1,31,2,0,0,0,2,0
CommonRequirementSets,3,1,0,3,1,30,2,0,0,0,2,2
EntityExtensions,0,2,0,0,2,30,4,0,0,-1,1,0
ConstraintExtensions,1,5,0,0,4,67,8,0,0,0.800000011920929,1,0
Query,4,7,0,3,6,81,9,0,0,0.7099999785423279,0,2
CreateEntityResult,1,1,1,0,1,17,1,0,0,0,0,0
DeleteEntityResult,1,1,1,0,1,17,1,0,0,0,0,0
EntityQueryResult,2,1,2,0,1,28,1,0,0,0,0,1
ReserveEntityIdResult,1,1,1,0,1,17,1,0,0,0,0,0
ReserveEntityIdsResult,1,1,1,0,1,25,2,0,0,0,0,0
Vector3dUnityExtension,0,2,0,0,2,12,2,0,0,-1,0,0
Vector3UnityExtension,0,4,0,0,4,23,4,0,0,-1,0,0
GameObjectAuthorityExtensions,0,4,0,0,4,73,7,0,0,-1,2,0
GameObjectExtensions,2,7,0,0,5,115,14,0,0,0,2,1
EntityComponentInterestOverridesUpdater,7,11,0,0,6,163,23,0,1,0,6,1
EntityComponents,1,6,1,0,5,60,9,0,1,0,2,0
IMonobehaviourActivator,0,2,0,0,0,12,2,1,0,-1,0,1
WorkerPlatform,0,0,0,0,0,6,0,0,0,-1,0,14
WorkerTypeUtils,4,2,0,2,2,27,2,0,0,1,1,7
IPrefabExportProcessor,0,1,0,0,0,4,1,0,0,-1,1,1
KeepOnExportedPrefabAttribute,0,0,0,0,0,1,0,0,0,-1,0,1
PooledPrefabContainer,6,14,1,0,7,198,22,0,0,0,1,1
PooledObject,0,1,2,0,1,10,1,0,0,-1,0,1
PooledPrefabFactory,3,15,0,1,6,201,29,0,1,0,1,1
PrefabFactoryMetrics,2,4,0,0,3,34,4,0,1,0,2,0
UnityPrefabFactory,1,2,0,0,2,21,3,0,1,1,0,0
ILogFilterReceiver,0,1,0,0,0,7,1,1,0,-1,0,2
LogSender,4,4,0,0,3,99,10,0,1,0.75,3,1
LogAction,0,0,0,0,0,17,0,0,0,-1,0,1
LogListener,0,1,0,0,1,8,1,0,0,-1,0,0
EndTimer,0,3,1,0,0,19,3,0,0,-1,1,1
ScriptLifecycleAnalytics,18,25,2,0,16,238,27,0,0,0,2,3
ScriptLifecycleLoadMetricProvider,10,5,1,1,0,79,8,0,1,0,1,0
StartTimer,0,3,1,0,0,19,3,0,0,-1,1,1
UnityFixedFrameLoadMetricProvider,4,6,1,0,2,60,10,0,1,0,0,0
ILoadMetricProvider,0,0,1,0,0,4,0,2,0,-1,0,1
WorkerMetrics,1,5,3,0,5,88,6,0,0,0,0,8
MetricsReporter,4,2,0,0,2,26,3,0,0,0,3,0
CircularBuffer<T>,3,3,0,0,3,41,5,0,0,0,0,0
CircularIntBuffer,0,2,0,0,2,21,3,0,0,-1,0,1
CommandLineUtil,0,4,0,0,4,92,9,0,0,-1,0,3
IWWWRequest,0,2,0,0,0,22,2,1,0,-1,0,2
MetricsUnityGui,4,3,0,0,0,58,5,0,0,0,2,0
PathUtil,0,4,0,0,4,42,6,0,0,-1,0,7
TaskRunnerWithExponentialBackoff<TResult>,9,4,0,0,2,70,6,0,0,0.5,1,0
TaskResult,2,0,0,2,0,5,0,0,0,-1,0,3
WorkerMetricsFPS,4,3,0,0,3,72,5,0,0,0,1,0
FPSMetric,6,3,0,0,0,41,4,0,0,0,2,1
WorkerMetricsMemoryUsage,0,1,0,0,0,7,1,0,0,-1,2,0
WorkerTypeDisplay,2,2,0,0,0,15,2,0,0,0,3,0
WWWRequest,0,3,0,0,2,60,4,0,1,-1,2,0
WWWRequestWrapper,4,4,1,0,4,41,5,0,0,0.5,0,4
WWWResponse,9,1,7,1,1,77,1,0,0,0,1,3
IMemberAdapter,0,2,2,0,0,7,2,2,0,-1,0,3
FieldInfoAdapter,1,3,2,0,3,29,3,0,1,0,0,1
InjectionCache,4,10,0,0,7,150,23,0,0,0,2,1
MemberReflectionUtil,3,6,0,0,0,65,11,0,0,0.5,2,1
PropertyInfoAdapter,1,3,2,0,3,29,3,0,1,0,0,1
AssemblyDependencyResolver,0,4,0,0,0,61,10,0,0,-1,0,1
DontAutoEnableAttribute,0,0,0,0,0,1,0,0,0,-1,0,1
RequireAttribute,0,0,0,0,0,2,0,0,0,-1,0,19
VisualizerMetadataLookup,11,20,2,0,10,267,36,0,0,0,5,2
WorkerTypeAttribute,0,1,1,0,1,10,1,0,0,-1,1,1
EntityTemplateFactory,0,5,0,0,5,80,5,0,0,-1,8,2
Bootstrap,2,9,0,1,4,80,11,0,0,0.6700000166893005,11,1
PlayerCreatingBehaviour,1,9,0,0,0,68,10,0,0,0.2199999988079071,5,0
SimulationSettings,24,0,0,24,0,35,0,0,0,-1,0,8
TransformReceiver,2,4,0,0,0,37,6,0,0,0,1,0
TransformSender,2,3,0,0,0,28,5,0,0,0,2,0
GrabbableRequestHandler,1,3,0,0,2,47,8,0,0,0,1,2
GrabbableRigidbodyHandler,2,2,0,0,0,17,2,0,0,0,1,0
GrabbableTransformHandler,7,13,0,0,1,135,22,0,0,0,5,0
GrabbableVisualizer,6,5,0,0,1,89,12,0,0,0,5,1
GrabbingReceiver,1,4,0,0,0,62,9,0,0,0.75,6,0
GrabbingSender,5,9,0,0,2,97,13,0,0,0,2,1
ClientCameraEnabler,2,1,0,0,0,11,1,0,0,0,1,0
HandCollisionHandler,4,8,0,0,1,83,15,0,0,0,4,1
HandGrabbingVisualiser,5,4,0,0,1,42,7,0,0,0,0,1
HandleClientConnection,2,7,0,0,0,62,9,0,0,0,6,0
PlayerControllers,2,1,0,0,1,17,2,0,0,0,0,2
PlayerDisconnectCleanup,2,1,0,0,1,15,2,0,0,0,5,1
SendClientConnection,2,4,0,0,0,31,5,0,0,0.5,5,0
SpectatorFlycam,6,4,0,0,0,55,8,0,0,0.5,1,0
TeleportationHandler,8,9,0,0,0,103,14,0,0,0.2199999988079071,2,0
VrPeripheralHandler,5,2,0,0,0,48,6,0,0,1,2,0
VRPeripheralVisualiser,4,4,0,0,0,44,7,0,0,0.5,1,0
CursorHoverEffect,1,3,0,0,3,27,4,0,0,0,0,0
Spinner,1,1,0,0,0,18,2,0,0,0,0,0
SplashScreenController,5,10,0,0,3,86,15,0,0,0,4,1
TeleportTargeterRotation,0,1,0,0,0,7,1,0,0,-1,1,0
MathUtils,1,7,0,0,7,47,7,0,0,0.7099999785423279,0,2
QuaternionExtensions,0,2,0,0,2,12,2,0,0,-1,0,0
Vector3Extensions,0,2,0,0,2,12,2,0,0,-1,0,0
TimerUtils,0,2,0,0,2,17,3,0,0,-1,0,3
VRUtils,0,1,0,0,1,14,2,0,0,-1,0,0
BodyCollider,2,2,0,1,0,22,2,0,0,0,0,0
CircularDrive,38,15,0,20,0,514,44,0,0,0.1299999952316284,5,0
Axis_t,0,0,0,0,0,6,0,0,0,-1,0,0
ComplexThrowable,8,8,0,4,0,176,23,0,0,0,4,0
AttachMode,0,0,0,0,0,5,0,0,0,-1,0,1
ControllerHoverHighlight,8,12,0,2,2,184,29,0,0,0.1700000017881393,2,0
CustomEvents,0,0,0,0,0,15,0,0,0,-1,0,0
UnityEventSingleFloat,0,0,0,0,0,4,0,0,0,-1,0,0
UnityEventHand,0,0,0,0,0,4,0,0,0,-1,0,1
DebugUI,2,2,1,0,0,34,2,0,0,0,1,0
DestroyOnDetachedFromHand,0,1,0,0,0,9,1,0,0,-1,1,0
DestroyOnParticleSystemDeath,1,2,0,0,0,23,3,0,0,0,0,0
DestroyOnTriggerEnter,2,2,0,1,0,25,4,0,0,0,0,0
DistanceHaptics,4,1,0,4,0,29,3,0,0,0,0,0
DontDestroyOnLoad,0,1,0,0,0,8,1,0,0,-1,0,0
EnumFlags,0,1,0,0,1,4,1,0,0,-1,0,3
EnumFlagsPropertyDrawer,0,1,0,0,1,8,1,0,0,-1,0,0
FallbackCameraController,6,3,0,3,0,83,11,0,0,0.6700000166893005,0,0
Hand,25,27,4,14,11,858,85,0,0,0,13,28
HandType,0,0,0,0,0,6,0,0,0,-1,0,4
AttachmentFlags,0,0,0,0,0,8,0,0,0,-1,0,3
AttachedObject,3,0,0,3,0,6,0,0,0,-1,0,2
HandEditor,0,1,0,0,1,36,6,0,0,-1,2,0
HapticRack,7,5,0,5,0,69,8,0,0,0,2,0
HideOnHandFocusLost,0,1,0,0,0,8,1,0,0,-1,1,0
IgnoreHovering,1,0,0,1,0,5,0,0,0,-1,0,1
InputModule,2,5,1,0,5,65,7,0,0,0.6000000238418579,0,2
Interactable,0,2,0,0,0,29,4,0,0,-1,1,4
InteractableButtonEvents,8,1,0,8,0,65,11,0,0,0,3,0
InteractableHoverEvents,4,4,0,4,0,35,4,0,0,1,1,0
ItemPackage,6,0,0,6,0,11,0,0,0,-1,1,3
ItemPackageType,0,0,0,0,0,1,0,0,0,-1,0,2
ItemPackageReference,1,0,0,1,0,4,0,0,0,-1,1,2
ItemPackageSpawner,16,14,1,11,0,329,49,0,0,0.1400000005960464,8,0
LinearAnimation,5,2,0,2,0,51,5,0,0,0,1,0
LinearAnimator,4,2,0,2,0,46,5,0,0,0,1,0
LinearAudioPitch,6,3,0,5,0,44,6,0,0,0,1,0
LinearBlendshape,3,2,0,2,0,38,5,0,0,0,2,0
LinearDisplacement,3,2,0,2,0,28,4,0,0,0,1,0
LinearDrive,12,7,0,6,0,135,18,0,0,0,2,0
LinearMapping,1,0,0,1,0,4,0,0,0,-1,0,9
Player,9,7,10,8,3,389,20,0,0,0.4300000071525574,2,10
PlaySound,21,8,0,19,6,203,21,0,0,0.25,0,1
SeeThru,5,6,0,1,0,137,16,0,0,0,2,0
SleepOnAwake,0,1,0,0,0,12,2,0,0,-1,0,0
SoundDeparent,2,2,0,1,0,24,3,0,0,0,0,0
SoundPlayOneshot,7,4,0,6,3,62,8,0,0,0,1,5
SpawnAndAttachAfterControllerIsTracking,2,2,0,1,0,36,5,0,0,0,1,0
SpawnAndAttachToHand,2,1,0,2,1,24,3,0,0,0,1,0
SpawnRenderModel,8,9,0,1,0,154,22,0,0,0,3,0
Throwable,17,10,0,11,0,244,25,0,0,0.2000000029802322,8,0
UIElement,2,5,0,1,0,53,7,0,0,0.6000000238418579,5,1
UIElementEditor,0,1,0,0,1,17,2,0,0,-1,2,0
Unparent,1,3,0,0,1,27,4,0,0,0,0,0
Util,10,46,0,10,46,668,93,0,0,0.9599999785423279,1,15
AfterTimer_Component,4,3,0,0,1,45,5,0,0,0,0,1
VelocityEstimator,7,7,0,3,5,149,18,0,0,0,0,1
ControllerButtonHints,16,32,1,4,8,759,87,0,0,0,7,6
OffsetType,0,0,0,0,0,7,0,0,0,-1,0,1
ButtonHintInfo,14,0,0,14,0,21,0,0,0,-1,0,1
ArcheryTarget,8,4,0,6,0,67,8,0,0,0,1,0
Arrow,17,6,0,8,1,250,27,0,0,0,6,1
ArrowHand,17,11,0,8,0,282,27,0,0,0.3600000143051147,6,1
ArrowheadRotation,0,1,0,0,0,9,1,0,0,-1,0,0
Balloon,15,8,0,7,1,209,24,0,0,0.25,5,2
BalloonColor,0,0,0,0,0,1,0,0,0,-1,0,2
BalloonColliders,4,4,0,1,0,74,9,0,0,0,0,0
BalloonHapticBump,1,1,0,1,0,18,3,0,0,0,2,1
BalloonSpawner,15,4,0,14,2,108,16,0,0,0,3,0
ExplosionWobble,0,1,0,0,1,12,2,0,0,-1,0,1
FireSource,11,5,0,8,0,99,13,0,0,0,1,1
Longbow,46,21,0,18,6,428,40,0,0,0.1899999976158142,11,1
Handedness,0,0,0,0,0,1,0,0,0,-1,0,1
SoundBowClick,5,2,0,4,1,26,2,0,0,0,0,1
ControllerHintsExample,2,5,0,0,3,101,12,0,0,0,4,0
InteractableExample,5,9,0,0,0,116,11,0,0,0.4399999976158142,3,0
AllowTeleportWhileAttachedToHand,2,0,0,2,0,5,0,0,0,-1,0,2
ChaperoneInfo,2,2,5,1,1,73,5,0,0,0,2,1
IgnoreTeleportTrace,0,0,0,0,0,3,0,0,0,-1,0,0
Teleport,79,31,1,42,7,1137,121,0,0,0,13,2
TeleportArc,17,12,0,7,6,295,26,0,0,0,1,1
TeleportArea,6,10,1,0,8,145,17,0,1,0.300000011920929,1,2
TeleportAreaEditor,0,2,0,0,1,32,6,0,0,-1,1,0
TeleportMarkerBase,2,7,1,2,7,45,7,2,0,0.8600000143051147,0,1
TeleportPoint,25,13,1,7,10,297,22,0,1,0.3100000023841858,3,2
TeleportPointType,0,0,0,0,0,5,0,0,0,-1,0,2
TeleportPointEditor,0,2,0,0,1,29,5,0,0,-1,1,0
IVRSystem,45,0,0,0,0,229,0,0,0,-1,0,1
IVRExtendedDisplay,3,0,0,0,0,19,0,0,0,-1,0,1
IVRTrackedCamera,12,0,0,0,0,64,0,0,0,-1,0,1
IVRApplications,31,0,0,0,0,159,0,0,0,-1,0,1
IVRChaperone,8,0,0,0,0,44,0,0,0,-1,0,1
IVRChaperoneSetup,20,0,0,0,0,104,0,0,0,-1,0,1
IVRCompositor,41,0,0,0,0,209,0,0,0,-1,0,1
IVROverlay,80,0,0,0,0,404,0,0,0,-1,0,1
IVRRenderModels,18,0,0,0,0,94,0,0,0,-1,0,1
IVRNotifications,2,0,0,0,0,14,0,0,0,-1,0,1
IVRSettings,12,0,0,0,0,64,0,0,0,-1,0,1
IVRScreenshots,7,0,0,0,0,39,0,0,0,-1,0,1
IVRResources,2,0,0,0,0,14,0,0,0,-1,0,1
IVRDriverManager,2,0,0,0,0,14,0,0,0,-1,0,1
CVRSystem,1,46,0,0,45,304,49,0,0,0,26,3
PollNextEventUnion,2,0,0,2,0,8,0,0,0,-1,0,1
GetControllerStateUnion,2,0,0,2,0,8,0,0,0,-1,0,1
GetControllerStateWithPoseUnion,2,0,0,2,0,8,0,0,0,-1,0,1
CVRExtendedDisplay,1,4,0,0,3,30,4,0,0,0,2,1
CVRTrackedCamera,1,13,0,0,12,76,13,0,0,0,7,1
CVRApplications,1,32,0,0,31,163,32,0,0,0,5,1
CVRChaperone,1,9,0,0,8,46,9,0,0,0,4,2
CVRChaperoneSetup,1,21,0,0,20,116,21,0,0,0,4,1
CVRCompositor,1,42,0,0,41,195,42,0,0,0,11,2
CVROverlay,1,81,0,0,80,454,82,0,0,0,22,1
PollNextOverlayEventUnion,2,0,0,2,0,8,0,0,0,-1,0,1
CVRRenderModels,1,19,0,0,18,119,20,0,0,0,7,2
GetComponentStateUnion,2,0,0,2,0,8,0,0,0,-1,0,1
CVRNotifications,1,3,0,0,2,19,3,0,0,0,5,0
CVRSettings,1,13,0,0,12,61,13,0,0,0,2,1
CVRScreenshots,1,8,0,0,7,45,8,0,0,0,4,1
CVRResources,1,3,0,0,2,18,3,0,0,0,1,0
CVRDriverManager,1,3,0,0,2,18,3,0,0,0,1,0
OpenVRInterop,0,8,0,0,0,19,8,0,0,-1,2,2
EVREye,0,0,0,0,0,5,0,0,0,-1,0,3
ETextureType,0,0,0,0,0,8,0,0,0,-1,0,3
EColorSpace,0,0,0,0,0,6,0,0,0,-1,0,2
ETrackingResult,0,0,0,0,0,8,0,0,0,-1,0,1
ETrackedDeviceClass,0,0,0,0,0,9,0,0,0,-1,0,2
ETrackedControllerRole,0,0,0,0,0,6,0,0,0,-1,0,1
ETrackingUniverseOrigin,0,0,0,0,0,6,0,0,0,-1,0,4
ETrackedDeviceProperty,0,0,0,0,0,121,0,0,0,-1,0,2
ETrackedPropertyError,0,0,0,0,0,15,0,0,0,-1,0,1
EVRSubmitFlags,0,0,0,0,0,7,0,0,0,-1,0,1
EVRState,0,0,0,0,0,12,0,0,0,-1,0,0
EVREventType,0,0,0,0,0,115,0,0,0,-1,0,1
EDeviceActivityLevel,0,0,0,0,0,8,0,0,0,-1,0,1
EVRButtonId,0,0,0,0,0,21,0,0,0,-1,0,10
EVRMouseButton,0,0,0,0,0,6,0,0,0,-1,0,0
EHiddenAreaMeshType,0,0,0,0,0,7,0,0,0,-1,0,1
EVRControllerAxisType,0,0,0,0,0,7,0,0,0,-1,0,1
EVRControllerEventOutputType,0,0,0,0,0,5,0,0,0,-1,0,0
ECollisionBoundsStyle,0,0,0,0,0,9,0,0,0,-1,0,0
EVROverlayError,0,0,0,0,0,24,0,0,0,-1,0,1
EVRApplicationType,0,0,0,0,0,12,0,0,0,-1,0,2
EVRFirmwareError,0,0,0,0,0,6,0,0,0,-1,0,1
EVRNotificationError,0,0,0,0,0,8,0,0,0,-1,0,1
EVRInitError,0,0,0,0,0,84,0,0,0,-1,0,3
EVRScreenshotType,0,0,0,0,0,9,0,0,0,-1,0,1
EVRScreenshotPropertyFilenames,0,0,0,0,0,5,0,0,0,-1,0,1
EVRTrackedCameraError,0,0,0,0,0,20,0,0,0,-1,0,1
EVRTrackedCameraFrameType,0,0,0,0,0,7,0,0,0,-1,0,2
EVRApplicationError,0,0,0,0,0,23,0,0,0,-1,0,1
EVRApplicationProperty,0,0,0,0,0,18,0,0,0,-1,0,1
EVRApplicationTransitionState,0,0,0,0,0,7,0,0,0,-1,0,1
ChaperoneCalibrationState,0,0,0,0,0,13,0,0,0,-1,0,1
EChaperoneConfigFile,0,0,0,0,0,5,0,0,0,-1,0,1
EChaperoneImportFlags,0,0,0,0,0,4,0,0,0,-1,0,0
EVRCompositorError,0,0,0,0,0,15,0,0,0,-1,0,2
VROverlayInputMethod,0,0,0,0,0,5,0,0,0,-1,0,1
VROverlayTransformType,0,0,0,0,0,7,0,0,0,-1,0,1
VROverlayFlags,0,0,0,0,0,19,0,0,0,-1,0,1
VRMessageOverlayResponse,0,0,0,0,0,10,0,0,0,-1,0,1
EGamepadTextInputMode,0,0,0,0,0,6,0,0,0,-1,0,0
EGamepadTextInputLineMode,0,0,0,0,0,5,0,0,0,-1,0,0
EOverlayDirection,0,0,0,0,0,8,0,0,0,-1,0,1
EVROverlayIntersectionMaskPrimitiveType,0,0,0,0,0,5,0,0,0,-1,0,1
EVRRenderModelError,0,0,0,0,0,16,0,0,0,-1,0,1
EVRComponentProperty,0,0,0,0,0,8,0,0,0,-1,0,0
EVRNotificationType,0,0,0,0,0,6,0,0,0,-1,0,1
EVRNotificationStyle,0,0,0,0,0,8,0,0,0,-1,0,1
EVRSettingsError,0,0,0,0,0,9,0,0,0,-1,0,1
EVRScreenshotError,0,0,0,0,0,9,0,0,0,-1,0,1
VREvent_Data_t,19,0,0,19,0,22,0,0,0,-1,0,2
VROverlayIntersectionMaskPrimitive_Data_t,2,0,0,2,0,5,0,0,0,-1,0,1
HmdMatrix34_t,12,0,0,12,0,15,0,0,0,-1,0,5
HmdMatrix44_t,16,0,0,16,0,19,0,0,0,-1,0,3
HmdVector3_t,3,0,0,3,0,6,0,0,0,-1,0,5
HmdVector4_t,4,0,0,4,0,7,0,0,0,-1,0,0
HmdVector3d_t,3,0,0,3,0,6,0,0,0,-1,0,0
HmdVector2_t,2,0,0,2,0,5,0,0,0,-1,0,4
HmdQuaternion_t,4,0,0,4,0,7,0,0,0,-1,0,0
HmdColor_t,4,0,0,4,0,7,0,0,0,-1,0,3
HmdQuad_t,4,0,0,4,0,7,0,0,0,-1,1,2
HmdRect2_t,2,0,0,2,0,5,0,0,0,-1,1,1
DistortionCoordinates_t,6,0,0,6,0,9,0,0,0,-1,0,1
Texture_t,3,0,0,3,0,6,0,0,0,-1,2,2
TrackedDevicePose_t,6,0,0,6,0,11,0,0,0,-1,3,5
VRTextureBounds_t,4,0,0,4,0,7,0,0,0,-1,0,3
VRVulkanTextureData_t,10,0,0,10,0,13,0,0,0,-1,0,0
D3D12TextureData_t,3,0,0,3,0,6,0,0,0,-1,0,0
VREvent_Controller_t,1,0,0,1,0,4,0,0,0,-1,0,0
VREvent_Mouse_t,3,0,0,3,0,6,0,0,0,-1,0,0
VREvent_Scroll_t,3,0,0,3,0,6,0,0,0,-1,0,0
VREvent_TouchPadMove_t,6,0,0,6,0,10,0,0,0,-1,0,0
VREvent_Notification_t,2,0,0,2,0,5,0,0,0,-1,0,0
VREvent_Process_t,3,0,0,3,0,7,0,0,0,-1,0,0
VREvent_Overlay_t,1,0,0,1,0,4,0,0,0,-1,0,0
VREvent_Status_t,1,0,0,1,0,4,0,0,0,-1,0,0
VREvent_Keyboard_t,9,0,0,9,0,5,0,0,0,-1,0,0
VREvent_Ipd_t,1,0,0,1,0,4,0,0,0,-1,0,0
VREvent_Chaperone_t,2,0,0,2,0,5,0,0,0,-1,0,0
VREvent_Reserved_t,2,0,0,2,0,5,0,0,0,-1,0,0
VREvent_PerformanceTest_t,1,0,0,1,0,4,0,0,0,-1,0,0
VREvent_SeatedZeroPoseReset_t,1,0,0,1,0,5,0,0,0,-1,0,0
VREvent_Screenshot_t,2,0,0,2,0,5,0,0,0,-1,0,0
VREvent_ScreenshotProgress_t,1,0,0,1,0,4,0,0,0,-1,0,0
VREvent_ApplicationLaunch_t,2,0,0,2,0,5,0,0,0,-1,0,0
VREvent_EditingCameraSurface_t,2,0,0,2,0,5,0,0,0,-1,0,0
VREvent_MessageOverlay_t,1,0,0,1,0,4,0,0,0,-1,0,0
VREvent_Property_t,2,0,0,2,0,5,0,0,0,-1,1,0
VREvent_t,4,0,0,4,0,7,0,0,0,-1,1,3
VREvent_t_Packed,4,2,0,4,2,21,2,0,0,0,2,2
HiddenAreaMesh_t,2,0,0,2,0,5,0,0,0,-1,0,1
VRControllerAxis_t,2,0,0,2,0,5,0,0,0,-1,0,2
VRControllerState_t,8,0,0,8,0,11,0,0,0,-1,1,3
VRControllerState_t_Packed,8,2,0,8,2,33,2,0,0,0,2,2
Compositor_OverlaySettings,14,0,0,14,0,19,0,0,0,-1,1,0
CameraVideoStreamFrameHeader_t,6,0,0,6,0,9,0,0,0,-1,2,1
AppOverrideKeys_t,2,0,0,2,0,5,0,0,0,-1,0,1
Compositor_FrameTiming,24,0,0,24,0,27,0,0,0,-1,1,1
Compositor_CumulativeStats,15,0,0,15,0,18,0,0,0,-1,0,1
VROverlayIntersectionParams_t,3,0,0,3,0,6,0,0,0,-1,2,1
VROverlayIntersectionResults_t,4,0,0,4,0,7,0,0,0,-1,2,1
IntersectionMaskRectangle_t,4,0,0,4,0,7,0,0,0,-1,0,0
IntersectionMaskCircle_t,3,0,0,3,0,6,0,0,0,-1,0,0
VROverlayIntersectionMaskPrimitive_t,2,0,0,2,0,5,0,0,0,-1,2,1
RenderModel_ComponentState_t,3,0,0,3,0,6,0,0,0,-1,1,1
RenderModel_Vertex_t,4,0,0,4,0,7,0,0,0,-1,1,0
RenderModel_TextureMap_t,3,0,0,3,0,6,0,0,0,-1,0,1
RenderModel_TextureMap_t_Packed,3,2,0,3,2,18,2,0,0,0,1,0
RenderModel_t,5,0,0,5,0,8,0,0,0,-1,0,1
RenderModel_t_Packed,5,2,0,5,2,24,2,0,0,0,1,0
RenderModel_ControllerMode_State_t,1,0,0,1,0,5,0,0,0,-1,0,1
NotificationBitmap_t,4,0,0,4,0,7,0,0,0,-1,0,1
COpenVRContext,24,14,0,13,13,198,37,0,0,0,13,1
OpenVR,175,10,13,173,10,456,12,0,0,0.6000000238418579,5,3
SnapshotMenu,0,2,0,0,0,43,2,0,0,-1,2,0
SpatialCommand,8,14,7,1,2,272,29,0,1,0.2899999916553497,3,6
EditorPrefabGameObjectLoader,1,5,0,0,3,78,10,0,1,0.4000000059604645,2,0
DefaultPlayerBuildConfiguration,1,1,0,0,0,47,1,0,0,0,3,1
IPackager,0,1,0,0,0,12,1,1,0,-1,0,1
IPlayerBuildEvents,0,4,0,0,0,34,4,1,0,-1,2,3
IWorkerProvider,0,1,0,0,0,4,1,1,0,-1,0,1
PlayerBuildConfiguation,3,0,0,3,0,12,0,0,0,-1,1,2
GlobalConfig,1,0,0,1,0,6,0,0,0,-1,1,0
PluginConfig,1,0,0,1,0,6,0,0,0,-1,0,1
Enviroment,2,0,0,2,0,6,0,0,0,-1,1,2
Config,3,3,0,2,1,30,4,0,0,0.6700000166893005,0,5
PlayerCompression,0,0,0,0,0,5,0,0,0,-1,0,4
ReloadAssemblies,0,1,0,0,0,90,8,0,0,-1,8,1
CompareBuilders,0,2,0,0,2,17,3,0,0,-1,1,0
SimpleBuildSystem,6,12,2,5,4,257,26,0,0,0.4199999868869781,9,4
SimplePackager,0,1,0,0,1,7,1,0,1,-1,0,1
SingleScenePlayerBuildEvents,2,6,1,0,6,68,7,0,1,0.5,4,1
SpatialZip,1,2,0,0,0,39,3,0,0,0,3,1
UnityPlayerBuilder,7,12,9,4,6,216,18,0,0,0.3300000131130219,9,7
PlatformData,4,1,0,4,1,16,1,0,0,0,0,1
UnityPlayerBuilders,3,11,1,1,6,168,18,0,0,0.2700000107288361,12,6
UnityPlayerBuilderMenu,2,7,0,0,6,71,8,0,0,0.4300000071525574,3,2
ConfigNames,1,0,0,1,0,7,0,0,0,-1,0,1
DefaultWorkerProvider,3,2,0,0,1,41,4,0,1,0,1,0
ISpatialOsEditorAddon,0,0,2,0,0,12,0,5,0,-1,0,2
ISpatialOsEditorAddonBuild,0,1,0,0,0,7,1,4,0,-1,0,2
ISpatialOsEditorAddonSettings,0,1,0,0,0,7,1,2,0,-1,0,2
ISpatialOsEditorAddonToolbar,0,1,0,0,0,7,1,0,0,-1,0,0
SpatialOsAuxWindow,5,4,0,0,3,156,13,0,0,0.5,8,1
AddonUiState,3,0,0,3,0,7,0,0,0,-1,0,1
AddonUiStateDictinoary,0,0,0,0,0,2,0,0,0,-1,0,1
SpatialOsEditor,5,8,6,0,5,202,13,0,0,0.5,7,9
SpatialOsWorker,0,4,1,0,3,52,9,0,0,-1,0,3
WorkerSelection,1,2,2,0,2,46,3,0,0,0,1,2
SharedGuiContent,0,0,2,0,0,18,0,0,0,-1,0,4
SpatialOsWindow,8,6,1,0,3,139,12,0,0,0.5,6,3
SupportPopup,0,2,0,0,2,28,2,0,0,-1,0,0
SpatialRunner,4,3,0,2,2,105,6,0,0,0,0,3
SpatialBuild,7,15,3,0,2,354,23,0,1,0.2000000029802322,12,0
SpatialConnect,1,2,2,0,1,40,2,0,1,1,5,0
SpatialLocal,1,2,2,0,1,41,2,0,1,1,3,0
SpatialUpload,1,2,2,0,1,37,2,0,1,1,4,0
InitializeSDKLogging,0,1,0,0,0,8,1,0,0,-1,0,0
EditorObjectStateManager,1,2,0,0,2,16,2,0,0,0,1,0
EntityPrefabDirectoryCleaner,0,1,0,0,1,15,3,0,0,-1,1,0
EntityPrefabExporter,1,17,0,0,10,178,26,0,0,0.1800000071525574,7,3
EntityPrefabExportMenus,5,6,0,5,5,77,6,0,0,1,1,2
EditorPaths,11,0,0,11,0,19,0,0,0,-1,0,6
EditorTaskRunnerWithRetries,4,4,0,2,1,74,8,0,0,0,1,0
FailedEditorTask,4,1,0,4,1,15,1,0,0,0,0,1
GuiUtil,3,0,0,3,0,6,0,0,0,-1,0,0
JsonUtil,0,2,0,0,0,71,5,0,0,-1,0,0
"SerializableDictionary<TKey,TValue>",2,2,0,0,2,38,5,0,0,0,0,0
TempFolder,1,2,2,0,2,37,3,0,0,1,0,0
UnityPathUtil,0,5,0,0,5,47,9,0,0,-1,1,3
