Type,NOF,NOM,NOP,NOPF,NOPM,LOC,WMC,NC,DIT,LCOM,Fan-Out,Fan-In
VRTKExample_ControllerEventsDelegateListeners,18,50,0,18,0,641,96,0,0,0.03999999910593033,6,0
EventQuickSelect,0,0,0,0,0,17,0,0,0,-1,0,2
VRTKExample_PointerObjectHighlighterActivator,7,8,0,7,0,97,16,0,0,0.25,6,0
VRTKExample_BezierPointerChanger,2,3,0,2,1,29,4,3,1,0.6700000166893005,1,0
VRTKExample_BezierPointerCustomStyles,6,1,0,6,0,26,2,0,2,0,1,0
VRTKExample_BezierPointerDefaults,0,1,0,0,0,7,1,0,2,-1,1,0
VRTKExample_BezierPointerLineRenderer,1,1,0,1,0,15,2,0,2,0,1,0
ControllableReactor,4,4,0,4,0,39,7,0,0,1,2,0
SnapDropZoneToggle,2,6,0,2,0,63,10,0,0,0,2,0
ToggleCustomHands,5,9,0,4,0,137,21,0,0,0,8,0
TogglePointerInteraction,6,5,0,6,0,70,10,0,0,0.4000000059604645,5,0
OptionType,0,0,0,0,0,5,0,0,0,-1,0,1
ClimbableHandLift,9,4,0,8,0,61,8,0,0,0.5,2,0
ElevatorControl,3,3,0,3,0,30,6,0,0,0.6700000166893005,2,0
IgnoreTeleportDummy,0,0,0,0,0,3,0,0,0,-1,0,0
OptionsMenu,4,5,0,3,0,52,7,0,0,0,3,0
ToggleGameObject,8,8,0,7,0,81,15,0,0,0.3799999952316284,4,0
ToggleGameObjectSliderOptions,2,0,0,2,0,6,0,0,0,-1,0,1
ToggleGameObjectSlider,3,4,0,3,0,40,7,0,0,0,3,0
PanelMenuSaucerGrid,8,9,0,4,0,122,16,0,0,0,3,0
Direction,0,0,0,0,0,8,0,0,0,-1,0,1
PanelMenuSphereSlider,4,5,0,4,0,51,10,0,0,0.4000000059604645,2,0
BeamRotator,2,2,0,2,0,18,2,0,0,0,0,0
FireExtinguisher_Base,3,5,0,2,2,49,6,0,1,0,6,1
FireExtinguisher_Sprayer,5,4,0,3,1,55,7,0,1,0.5,2,1
GunShoot,5,4,0,5,0,47,8,0,0,0.5,2,0
InteractableLamp,2,5,0,1,0,46,8,0,0,0,2,0
ScaleOnUse,7,7,0,5,0,78,13,0,0,0,2,0
InteractableWhirlyGig,4,5,0,2,0,49,8,0,0,0,2,0
VRTKExample_OptionTile,3,3,0,2,3,26,5,1,0,0.6700000166893005,0,1
VRTKExample_OptionTilePointerSelector,1,5,0,1,0,66,13,0,0,0.800000011920929,5,0
AutoRotation,2,2,0,2,0,20,2,0,0,0,0,0
Breakable_Cube,1,5,0,0,0,54,10,0,0,0.4000000059604645,1,0
ButtonReactor,2,3,0,0,0,37,7,0,0,0.6700000166893005,5,0
Controller_Hand,8,7,0,1,0,76,8,0,0,0,4,0
Hands,0,0,0,0,0,5,0,0,0,-1,0,1
Controller_Menu,4,5,0,1,0,55,9,0,0,0,2,0
ControlReactor,3,6,0,1,0,72,11,0,0,0.3300000131130219,5,0
ControlsMenu,5,5,0,4,0,54,9,0,0,0.4000000059604645,4,0
ExcludeTeleport,0,0,0,0,0,3,0,0,0,-1,0,0
Gun,3,3,0,0,1,27,3,0,1,0,2,0
HandLift,8,2,0,6,1,48,4,0,1,0,2,0
Lamp,0,3,0,0,2,22,4,0,1,-1,2,0
LightSaber,8,6,0,0,2,64,8,0,1,0,2,0
Menu_Color_Changer,1,3,0,1,1,25,4,0,1,0,3,0
Menu_Container_Object_Colors,0,2,0,0,1,16,3,0,1,-1,1,1
Menu_Object_Spawner,2,4,0,1,2,49,6,0,1,0,3,1
PrimitiveTypes,0,0,0,0,0,5,0,0,0,-1,0,1
ModelVillage_TeleportLocation,2,1,0,1,0,20,3,0,1,0,2,0
Openable_Door,9,5,0,2,1,52,6,0,1,0,2,0
PusherStickyToggle,6,9,0,4,0,100,13,0,0,0,4,0
RC_Car,11,12,0,2,3,112,16,0,0,0,0,1
RC_Car_Controller,2,6,0,1,0,42,6,0,0,0,3,0
RealGun,13,9,0,2,3,143,14,0,1,0,12,0
RealGun_SafetySwitch,3,4,0,1,1,38,5,0,1,0,2,1
RealGun_Slide,4,3,0,0,1,43,7,0,1,0,1,1
Remote_Beam,4,2,0,0,1,19,2,0,0,0,0,1
Remote_Beam_Controller,2,3,0,1,0,23,3,0,0,0,3,0
RendererOffOnDash,2,5,0,0,0,60,12,0,0,0.4000000059604645,4,0
SnapDropZoneGroup_Switcher,2,5,0,0,0,53,9,0,0,0,2,0
Sphere_Spawner,2,4,0,0,0,37,6,0,0,0.75,4,0
Sword,4,5,0,0,3,45,6,0,1,0,6,1
UI_Interactions,1,7,0,0,6,92,8,0,0,0.8600000143051147,1,0
UI_Keyboard,1,4,0,0,3,28,5,0,0,0,1,0
UseRotate,5,4,0,0,2,44,5,0,1,0,2,0
VRTK_ControllerAppearance_Example,13,18,0,2,0,219,31,0,0,0,12,0
VRTK_ControllerEvents_ListenerExample,17,46,0,16,0,595,88,0,0,0.03999999910593033,6,0
VRTK_ControllerInteract_ListenerExample,0,6,0,0,0,54,11,0,0,-1,6,0
VRTK_ControllerPointerEvents_ListenerExample,1,6,0,1,0,49,8,0,0,0.3300000131130219,5,0
VRTK_ControllerUIPointerEvents_ListenerExample,1,6,0,1,0,58,10,0,0,0.6700000166893005,7,0
VRTK_RoomExtender_ControllerExample,1,6,0,0,0,75,11,0,0,0,6,0
Whirlygig,2,4,0,0,2,28,4,0,1,0,2,0
Zipline,9,3,0,6,1,57,6,0,1,0,2,0
VRTKExample_FixSetup,2,5,0,1,1,122,6,0,0,0.4000000059604645,0,1
VRTKExample_ObjectListToggle,5,6,0,4,0,75,15,0,0,0,3,0
VRTKExample_SceneSwitcher,6,8,0,2,0,103,15,0,0,0.25,6,0
SceneChanger,2,5,0,0,0,79,12,0,0,0,6,0
SceneLoader,5,4,0,4,0,45,6,0,0,0,2,0
Arrow,10,11,0,3,4,105,14,0,0,0,0,2
ArrowNotch,2,3,0,0,0,35,4,0,0,0,4,0
ArrowSpawner,4,4,0,2,0,55,7,0,0,0,4,0
BowAim,19,14,0,6,4,178,24,0,0,0,9,3
BowAnimation,1,1,0,1,1,11,1,0,0,0,0,1
BowHandle,3,0,0,3,0,7,0,0,0,-1,1,2
Follow,3,1,0,3,0,26,4,0,0,0,2,0
FireExtinguisher_Base,3,5,0,2,2,47,6,0,1,0,6,1
FireExtinguisher_Sprayer,5,3,0,3,1,49,7,0,1,0.6700000166893005,2,1
PanelMenuDemoFlyingSaucer,1,1,0,0,1,20,1,0,0,0,0,0
PanelMenuDemoSphere,1,1,0,0,1,21,1,0,0,0,0,0
PanelMenuUIGrid,5,10,0,0,1,142,16,0,0,0,5,0
Direction,0,0,0,0,0,8,0,0,0,-1,0,1
PanelMenuUISlider,1,4,0,0,0,46,5,0,0,0,4,0
VRTK_BaseTest,2,7,0,0,0,56,9,1,0,0.4300000071525574,0,1
VRTK_ControllerReference_Setup,10,12,0,5,0,203,20,0,1,0,5,0
AxisOverrides,12,0,0,12,0,81,0,0,0,-1,0,1
ApplyOverrideType,0,0,0,0,0,27,0,0,0,-1,0,1
VRTK_AvatarHandController,56,48,0,32,0,689,91,0,0,0,17,0
OverrideState,0,0,0,0,0,7,0,0,0,-1,0,1
VRTK_ConsoleViewer,15,7,0,6,2,100,9,0,0,0.2899999916553497,0,0
ControllerRigidbodyActivatorEventArgs,1,0,0,1,0,4,0,0,0,-1,1,2
VRTK_ControllerRigidbodyActivator,3,6,0,3,2,84,14,0,0,0,3,4
ControllerTooltipsEventArgs,1,0,0,1,0,4,0,0,0,-1,1,2
VRTK_ControllerTooltips,27,21,0,22,5,428,46,0,0,0.1400000005960464,16,2
TooltipButtons,0,0,0,0,0,11,0,0,0,-1,0,3
VRTK_DesktopCamera,6,4,0,4,0,129,14,0,0,0,9,0
VRTK_DestinationPoint,22,28,0,10,6,434,64,0,1,0.1099999994039536,11,1
RotationTypes,0,0,0,0,0,15,0,0,0,-1,0,1
VRTK_FramesPerSecondViewer,12,6,0,7,0,99,14,0,0,0.3300000131130219,3,0
ObjectTooltipEventArgs,1,0,0,1,0,4,0,0,0,-1,0,2
VRTK_ObjectTooltip,12,13,0,10,4,156,19,0,0,0.2300000041723251,3,2
VRTK_PanelMenuController,25,32,0,6,4,484,72,0,0,0.05999999865889549,10,0
TouchpadPressPosition,0,0,0,0,0,8,0,0,0,-1,0,1
PanelMenuItemControllerEventArgs,1,0,0,1,0,4,0,0,0,-1,0,5
VRTK_PanelMenuItemController,0,15,0,0,14,164,22,0,0,-1,1,5
VRTK_PointerDirectionIndicator,12,9,0,7,6,148,15,0,0,0.3300000131130219,4,6
VisibilityState,0,0,0,0,0,11,0,0,0,-1,0,1
RadialButtonIcon,0,0,0,0,0,4,0,0,0,-1,0,1
UICircle,5,3,2,4,0,105,6,0,0,0,0,1
VRTK_IndependentRadialMenuController,15,19,0,6,1,352,45,0,1,0.1099999994039536,12,0
TouchAngleDeflection,2,1,0,2,1,16,1,0,0,0,0,3
VRTK_RadialMenu,18,20,0,15,13,409,45,0,0,0.25,6,3
RadialMenuButton,5,0,0,5,0,9,0,0,0,-1,0,1
ButtonEvent,0,0,0,0,0,7,0,0,0,-1,0,1
VRTK_RadialMenuController,4,16,0,1,0,131,20,1,0,0,8,0
VRTK_SDKSetupSwitcher,11,10,0,0,0,170,15,0,0,0,7,1
ViewingState,0,0,0,0,0,5,0,0,0,-1,0,1
SnapDropZoneEventArgs,1,0,0,1,0,4,0,0,0,-1,0,4
VRTK_SnapDropZone,33,73,0,12,17,1156,181,0,0,0.02999999932944775,12,4
SnapTypes,0,0,0,0,0,15,0,0,0,-1,0,2
VRTK_ContentHandler,3,2,0,3,0,49,7,0,0,0,3,0
VRTK_Button,12,21,0,4,2,485,41,0,1,0.1000000014901161,5,1
ButtonDirection,0,0,0,0,0,31,0,0,0,-1,0,1
VRTK_Chest,17,11,0,7,0,300,31,0,1,0,6,0
Control3DEventArgs,2,0,0,2,0,5,0,0,0,-1,0,5
VRTK_Control,11,16,0,1,5,231,27,8,0,0.119999997317791,5,7
ControlValueRange,2,0,0,2,0,5,0,0,0,-1,0,9
Direction,0,0,0,0,0,19,0,0,0,-1,0,4
VRTK_Door,23,16,0,13,0,488,46,0,1,0,7,0
VRTK_Drawer,20,11,0,8,0,304,32,0,1,0.1800000071525574,7,0
VRTK_Knob,13,7,0,5,0,255,22,0,1,0.2899999916553497,5,0
KnobDirection,0,0,0,0,0,15,0,0,0,-1,0,1
VRTK_Lever,10,11,0,7,0,186,21,1,1,0,6,1
LeverDirection,0,0,0,0,0,15,0,0,0,-1,0,1
VRTK_Slider,16,12,0,9,0,267,30,0,1,0,5,0
VRTK_SpringLever,6,6,0,4,0,88,9,0,2,0,2,0
VRTK_Wheel,20,13,0,11,0,254,27,0,1,0,5,0
GrabTypes,0,0,0,0,0,11,0,0,0,-1,0,1
VRTK_IgnoreInteractTouchColliders,5,8,0,2,0,103,20,0,1,0,6,0
VRTK_InteractableListener,1,5,0,0,0,31,7,4,0,0,0,0
InteractableObjectEventArgs,1,0,0,1,0,4,0,0,0,-1,0,26
VRTK_InteractableObject,42,103,1,21,61,1544,219,19,0,0.07999999821186066,20,72
InteractionType,0,0,0,0,0,39,0,0,0,-1,0,6
AllowedController,0,0,0,0,0,15,0,0,0,-1,0,2
ValidDropTypes,0,0,0,0,0,15,0,0,0,-1,0,3
InteractControllerAppearanceEventArgs,2,0,0,2,0,6,0,0,0,-1,0,2
VRTK_InteractControllerAppearance,9,17,0,6,11,264,37,0,0,0.119999997317791,5,4
InteractHapticsEventArgs,1,0,0,1,0,4,0,0,0,-1,1,2
VRTK_InteractHaptics,22,24,0,21,9,346,43,0,1,0.2099999934434891,8,2
InteractObjectAppearanceEventArgs,4,0,0,4,0,7,0,0,0,-1,2,2
VRTK_InteractObjectAppearance,29,27,0,23,4,480,59,0,1,0,12,1
ValidInteractingObject,0,0,0,0,0,23,0,0,0,-1,0,1
InteractObjectHighlighterEventArgs,5,0,0,5,0,8,0,0,0,-1,2,2
VRTK_InteractObjectHighlighter,12,22,0,8,7,309,38,0,1,0,7,3
VRTK_ObjectTouchAutoInteract,10,12,0,7,0,175,24,0,1,0,8,0
AutoInteractions,0,0,0,0,0,15,0,0,0,-1,0,1
ControllerInteractionEventArgs,6,0,0,6,0,9,0,0,0,-1,1,34
VRTK_ControllerEvents,51,100,0,38,78,2582,221,0,0,0.1000000014901161,15,40
ButtonAlias,0,0,0,0,0,103,0,0,0,-1,0,16
Vector2AxisAlias,0,0,0,0,0,15,0,0,0,-1,0,3
AxisType,0,0,0,0,0,15,0,0,0,-1,0,2
VRTK_ControllerHighlighter,45,24,0,16,6,503,49,0,0,0.119999997317791,15,1
VRTK_ControllerTrackedCollider,14,13,0,4,2,213,30,0,1,0,15,2
VRTK_InteractGrab,16,47,1,7,11,588,96,0,0,0.03999999910593033,18,24
VRTK_InteractNearTouch,6,10,0,3,5,171,21,0,0,0,4,4
VRTK_InteractNearTouchCollider,2,8,0,0,4,63,12,0,0,0,5,1
ObjectInteractEventArgs,2,0,0,2,0,5,0,0,0,-1,1,12
VRTK_InteractTouch,11,40,1,1,16,514,79,0,0,0.1000000014901161,17,19
VRTK_InteractUse,8,30,1,4,11,389,65,0,0,0,11,17
VRTK_ObjectAutoGrab,11,6,0,9,2,155,21,0,0,0,8,1
VRTK_ControllerHaptics,2,12,0,0,4,154,23,0,0,0,5,8
VRTK_ObjectAppearance,2,19,0,0,7,306,51,0,0,0.1099999994039536,7,6
MinMaxRangeAttribute,2,1,0,2,1,11,1,0,0,0,0,1
ObsoleteInspectorAttribute,0,0,0,0,0,3,0,0,0,-1,0,0
Limits2D,2,4,1,2,4,36,4,0,0,0,0,9
Vector3State,3,1,2,3,1,30,1,0,0,0,0,2
CollisionTrackerEventArgs,3,0,0,3,0,6,0,0,0,-1,0,2
VRTK_CollisionTracker,0,13,0,0,0,96,19,0,0,-1,1,1
VRTK_ControllerReference,2,17,5,1,13,201,29,0,0,0.3499999940395355,4,58
Bezier,0,4,0,0,4,41,4,0,0,-1,0,1
VRTK_CurveGenerator,10,16,3,0,4,368,46,0,0,0,3,1
BezierControlPointMode,0,0,0,0,0,6,0,0,0,-1,0,1
VRTK_Defines,4,4,1,4,0,75,7,0,0,0,1,1
VRTK_EventSystem,5,7,0,0,0,95,14,0,0,0.2899999916553497,1,1
VRTK_Logger,5,11,0,5,10,178,18,0,0,0,3,65
LogLevels,0,0,0,0,0,10,0,0,0,-1,0,1
CommonMessageKeys,0,0,0,0,0,15,0,0,0,-1,0,53
VRTK_ObjectCache,3,0,0,3,0,6,0,0,0,-1,0,7
VRTK_PlayerObject,1,2,0,1,2,73,5,0,0,0,1,20
ObjectTypes,0,0,0,0,0,31,0,0,0,-1,0,16
VRTK_RoomExtender_PlayAreaGizmo,5,6,0,3,0,93,11,0,0,0.5,6,0
VRTK_ScreenFade,5,4,0,1,2,69,9,0,0,0,0,2
VRTK_SDKControllerReady,1,11,0,0,0,109,14,5,0,0,7,5
VRTKTrackedControllerEventArgs,2,0,0,2,0,5,0,0,0,-1,0,5
VRTK_TrackedController,6,24,1,1,5,247,41,0,0,0.1700000017881393,9,6
VRTK_TrackedHeadset,0,2,0,0,0,12,2,0,0,-1,1,0
VRTK_TunnelEffect,1,2,0,0,1,14,2,0,0,0,0,1
VRTK_UIGraphicRaycaster,4,4,1,0,1,128,19,0,0,0,3,1
VRTK_VRInputModule,1,17,0,1,3,336,48,0,0,0.119999997317791,5,2
VRTK_BaseObjectControlAction,12,14,0,2,0,214,29,4,0,0.5699999928474426,12,2
AxisListeners,0,0,0,0,0,11,0,0,0,-1,0,1
VRTK_RotateObjectControlAction,2,2,0,2,0,26,3,0,1,0,0,0
VRTK_SlideObjectControlAction,6,5,0,5,0,89,10,0,1,0,1,0
VRTK_SnapRotateObjectControlAction,6,3,0,5,0,46,5,0,1,0,0,0
VRTK_WarpObjectControlAction,8,3,0,6,0,75,7,0,1,0,2,0
VRTK_BasicTeleport,19,30,0,7,8,406,55,1,0,0.1000000014901161,13,10
VRTK_ButtonControl,13,14,0,4,0,139,21,0,1,0.2099999934434891,5,1
DashTeleportEventArgs,1,0,0,1,0,4,0,0,0,-1,0,3
VRTK_DashTeleport,8,12,0,5,2,167,22,0,1,0.3300000131130219,4,2
VRTK_DragWorld,42,27,0,20,0,424,44,0,0,0.1099999994039536,11,0
ActivationRequirement,0,0,0,0,0,27,0,0,0,-1,0,1
TrackingController,0,0,0,0,0,19,0,0,0,-1,0,1
VRTK_HeightAdjustTeleport,3,6,0,3,0,73,11,1,1,0.3300000131130219,2,1
VRTK_MoveInPlace,32,26,0,12,3,510,52,0,0,0.119999997317791,10,1
ControlOptions,0,0,0,0,0,15,0,0,0,-1,0,1
DirectionalMethod,0,0,0,0,0,31,0,0,0,-1,0,1
ObjectControlEventArgs,7,0,0,7,0,10,0,0,0,-1,0,3
VRTK_ObjectControl,18,18,0,6,2,218,29,2,0,0.2800000011920929,8,4
DirectionDevices,0,0,0,0,0,19,0,0,0,-1,0,1
PlayerClimbEventArgs,2,0,0,2,0,5,0,0,0,-1,1,2
VRTK_PlayerClimb,14,22,0,5,1,302,44,0,0,0.09000000357627869,16,2
VRTK_RoomExtender,12,8,0,7,0,133,15,0,0,0.3799999952316284,5,2
MovementFunction,0,0,0,0,0,21,0,0,0,-1,0,3
VRTK_SlingshotJump,22,23,0,3,4,296,39,0,0,0.1299999952316284,10,2
VRTK_StepMultiplier,14,11,0,5,0,169,21,0,0,0.2700000107288361,6,1
VRTK_TeleportDisableOnControllerObscured,3,5,0,2,0,67,10,0,0,0,5,0
VRTK_TeleportDisableOnHeadsetCollision,3,5,0,2,0,68,10,0,0,0,5,0
VRTK_TouchpadControl,8,11,0,4,0,138,20,0,1,0.1800000071525574,6,1
VRTK_TunnelOverlay,29,7,0,10,0,193,16,0,0,0.2899999916553497,4,0
VRTK_BasePointerRenderer,31,50,0,8,14,663,93,2,0,0.119999997317791,21,5
VisibilityStates,0,0,0,0,0,15,0,0,0,-1,0,3
PointerOriginSmoothingSettings,4,0,0,4,0,13,0,0,0,-1,0,1
VRTK_BezierPointerRenderer,18,18,0,12,2,369,45,0,1,0,8,4
VRTK_StraightPointerRenderer,12,13,0,8,2,239,27,0,1,0,6,1
DestinationMarkerEventArgs,8,0,0,8,0,11,0,0,0,-1,1,15
VRTK_DestinationMarker,7,11,0,2,8,135,16,4,0,0.6399999856948853,4,8
PlayAreaCursorEventArgs,1,0,0,1,0,4,0,0,0,-1,0,2
VRTK_PlayAreaCursor,28,27,0,9,11,456,55,0,0,0.1099999994039536,11,3
VRTK_PlayAreaCollider,2,6,0,0,2,44,9,0,0,0,3,1
VRTK_Pointer,33,60,0,16,17,732,115,0,1,0.05000000074505806,15,8
BodyPhysicsEventArgs,2,0,0,2,0,5,0,0,0,-1,0,3
VRTK_BodyPhysics,67,97,0,21,18,1389,196,0,1,0.02999999932944775,18,7
FallingRestrictors,0,0,0,0,0,27,0,0,0,-1,0,1
HeadsetCollisionEventArgs,2,0,0,2,0,5,0,0,0,-1,0,6
VRTK_HeadsetCollision,10,12,0,5,4,175,25,0,0,0.4199999868869781,7,6
VRTK_HeadsetCollider,2,8,0,0,3,71,13,0,0,0,4,1
VRTK_HeadsetCollisionFade,6,6,0,6,0,78,11,0,0,0,6,0
HeadsetControllerAwareEventArgs,2,0,0,2,0,5,0,0,0,-1,1,4
VRTK_HeadsetControllerAware,17,18,0,6,8,233,32,0,0,0.2199999988079071,5,3
HeadsetFadeEventArgs,2,0,0,2,0,5,0,0,0,-1,0,2
VRTK_HeadsetFade,3,14,0,0,8,144,18,0,0,0.2099999934434891,5,2
VRTK_HipTracking,4,4,0,3,0,60,7,0,0,0.75,2,0
PositionRewindEventArgs,2,0,0,2,0,5,0,0,0,-1,0,2
VRTK_PositionRewind,20,25,0,9,3,293,41,0,0,0.119999997317791,9,2
CollisionDetectors,0,0,0,0,0,15,0,0,0,-1,0,1
VRTK_UICanvas,7,9,0,2,0,203,26,0,0,0.3300000131130219,6,1
VRTK_UIPointerAutoActivator,0,2,0,0,0,21,4,0,0,-1,3,0
UIDraggableItemEventArgs,1,0,0,1,0,4,0,0,0,-1,0,2
VRTK_UIDraggableItem,11,10,0,4,5,174,24,0,0,0,6,2
VRTK_UIDropZone,1,2,0,0,2,27,5,0,0,0,1,1
UIPointerEventArgs,5,0,0,5,0,8,0,0,0,-1,1,3
VRTK_UIPointer,29,32,0,19,19,516,61,0,0,0.1899999976158142,15,8
ActivationMethods,0,0,0,0,0,15,0,0,0,-1,0,2
ClickMethods,0,0,0,0,0,11,0,0,0,-1,0,1
VRTK_ControllerElementHighlighters,10,0,0,10,0,24,0,0,0,-1,0,1
VRTK_ControllerModelElementPaths,10,0,0,10,0,24,0,0,0,-1,0,1
VRTK_ObjectFollow,11,12,3,11,1,161,19,2,0,0,0,3
VRTK_RigidbodyFollow,5,11,0,2,1,177,20,0,1,0,2,1
MovementOption,0,0,0,0,0,19,0,0,0,-1,0,2
VRTK_TransformFollow,3,13,1,0,1,181,21,0,1,0.1500000059604645,3,2
FollowMoment,0,0,0,0,0,23,0,0,0,-1,0,3
VRTK_SDKInfo,4,10,3,0,8,202,20,0,0,0.6000000238418579,6,4
VRTK_SDKManager,21,34,12,11,19,1153,107,0,0,0.09000000357627869,13,60
ScriptingDefineSymbolPredicateInfo,2,1,0,2,1,22,1,0,0,0,1,2
LoadedSetupChangeEventArgs,3,1,0,3,1,13,1,0,0,0,1,7
VRTK_SDKSetup,15,11,10,7,4,544,32,0,0,0.449999988079071,13,14
VRTK_AdaptiveQuality,29,21,3,14,4,838,54,0,0,0.1400000005960464,9,1
AdaptiveSetting<T>,3,1,3,2,1,33,1,0,0,0,0,0
CommandLineArguments,8,0,0,8,0,15,0,0,0,-1,0,1
KeyboardShortcuts,5,0,0,5,0,8,0,0,0,-1,0,1
ShaderPropertyIDs,5,0,0,5,0,8,0,0,0,-1,0,1
Timing,2,6,0,0,5,85,15,0,0,0,1,1
VRTK_CustomRaycast,2,8,0,2,8,156,12,0,0,0,0,5
VRTK_DeviceFinder,1,31,0,0,31,507,49,0,0,0.7099999785423279,10,63
Devices,0,0,0,0,0,15,0,0,0,-1,0,1
Headsets,0,0,0,0,0,32,0,0,0,-1,0,1
VRTK_NavMeshData,2,0,0,2,0,8,0,0,0,-1,0,4
VRTK_PolicyList,3,6,0,3,2,189,16,0,0,0,2,7
OperationTypes,0,0,0,0,0,11,0,0,0,-1,0,1
CheckTypes,0,0,0,0,0,15,0,0,0,-1,0,1
VRTK_SDKInputOverrideType,2,0,0,2,0,10,0,2,0,-1,0,0
VRTK_SDKButtonInputOverrideType,1,0,0,1,0,8,0,0,1,-1,0,1
VRTK_SDKVector2AxisInputOverrideType,1,0,0,1,0,8,0,0,1,-1,0,1
VRTK_SDKInputOverride,28,19,0,28,1,389,52,0,1,0.1599999964237213,22,0
VRTK_SDKObjectAlias,1,4,0,1,0,66,7,0,0,0.5,4,0
SDKObject,0,0,0,0,0,11,0,0,0,-1,0,1
VRTK_SDKObjectState,6,12,0,5,1,129,23,0,1,0,9,0
VRTK_SDKTransformModifiers,5,0,0,5,0,19,0,0,0,-1,0,1
VRTK_SDKTransformModify,6,6,0,3,2,89,12,0,1,0,6,1
VRTK_SharedMethods,0,45,0,0,43,815,81,0,0,-1,2,80
VRTK_Simulator,8,5,0,4,0,121,9,0,0,0.6000000238418579,5,0
Keys,9,0,0,9,0,13,0,0,0,-1,0,1
VRTK_VelocityEstimator,7,9,0,3,5,158,20,0,0,0,0,4
SDK_Base,0,4,0,0,4,38,4,4,0,-1,1,3
SDK_BaseBoundaries,1,8,0,0,7,56,9,3,1,1,2,2
VRTKSDKBaseControllerEventArgs,1,0,0,1,0,4,0,0,0,-1,1,3
SDK_BaseController,2,44,0,0,32,628,57,3,1,0.8399999737739563,9,26
ButtonTypes,0,0,0,0,0,51,0,0,0,-1,0,9
ButtonPressTypes,0,0,0,0,0,27,0,0,0,-1,0,9
ControllerElements,0,0,0,0,0,47,0,0,0,-1,0,11
ControllerHand,0,0,0,0,0,15,0,0,0,-1,0,24
ControllerType,0,0,0,0,0,63,0,0,0,-1,0,13
SDK_ControllerHapticModifiers,4,0,0,4,0,7,0,0,0,-1,0,5
SDK_BaseHeadset,2,13,0,0,10,172,15,3,1,0.9200000166893005,2,5
HeadsetType,0,0,0,0,0,47,0,0,0,-1,0,3
SDK_BaseSystem,0,3,0,0,3,20,3,3,1,-1,0,2
SDK_DescriptionAttribute,5,3,1,5,3,134,10,0,0,0,2,5
SDK_ScriptingDefineSymbolPredicateAttribute,4,6,0,3,4,105,11,0,0,0.5,1,3
SDK_DaydreamBoundaries,0,0,0,0,0,78,0,0,1,-1,0,0
SDK_DaydreamController,0,0,0,0,0,412,0,0,1,-1,0,0
SDK_DaydreamDefines,1,1,0,1,0,13,1,0,0,0,1,0
SDK_DaydreamHeadset,0,0,0,0,0,124,0,0,1,-1,0,0
SDK_DaydreamSystem,0,0,0,0,0,36,0,0,1,-1,0,0
SDK_FallbackBoundaries,0,7,0,0,7,63,7,6,2,-1,0,0
SDK_FallbackController,0,30,0,0,30,312,30,6,2,-1,8,0
SDK_FallbackHeadset,0,10,0,0,10,92,10,6,2,-1,0,0
SDK_FallbackSystem,0,3,0,0,3,29,3,6,2,-1,0,1
SDK_HyperealVRBoundaries,0,0,0,0,0,99,0,0,3,-1,0,0
SDK_HyperealVRController,0,0,0,0,0,600,0,0,3,-1,0,0
SDK_HyperealVRDefines,2,1,0,1,0,16,1,0,0,0,1,0
SDK_HyperealVRHeadset,0,0,0,0,0,118,0,0,3,-1,0,0
SDK_HyperealVRSystem,0,0,0,0,0,36,0,0,3,-1,0,0
SDK_OculusBoundaries,0,0,0,0,0,126,0,0,3,-1,0,0
SDK_OculusController,0,0,0,0,0,925,0,0,3,-1,0,0
SDK_OculusDefines,2,4,0,2,0,56,6,0,0,0,1,0
SDK_OculusHeadset,0,0,0,0,0,151,0,0,3,-1,0,0
SDK_OculusSystem,0,0,0,0,0,37,0,0,3,-1,0,0
SDK_ControllerSim,4,4,0,1,2,34,5,0,0,0,1,2
SDK_InputSimulator,55,16,0,37,1,587,56,0,0,0.119999997317791,12,3
MouseInputMode,0,0,0,0,0,11,0,0,0,-1,0,1
SDK_SimBoundaries,1,7,0,0,7,88,9,0,2,1,1,0
SDK_SimController,5,40,0,0,31,614,60,0,2,0.6200000047683716,11,1
SDK_SimHeadset,4,12,0,0,10,127,16,0,2,0.5,3,0
SDK_SimSystem,0,3,0,0,3,30,3,0,2,-1,0,0
SDK_SteamVRBoundaries,0,0,0,0,0,148,0,0,3,-1,0,0
SDK_SteamVRController,0,0,0,0,0,878,0,0,3,-1,0,0
SDK_SteamVRDefines,2,4,0,1,0,91,13,0,0,0,1,0
SDK_SteamVRHeadset,0,0,0,0,0,153,0,0,3,-1,0,0
SDK_SteamVRSystem,0,0,0,0,0,40,0,0,3,-1,0,0
SDK_UnityBoundaries,0,7,0,0,7,78,9,0,2,-1,1,0
SDK_UnityCameraRig,1,1,0,1,0,13,2,0,0,0,0,0
SDK_UnityController,22,44,0,0,30,833,88,0,2,0.449999988079071,18,0
SDK_UnityControllerTracker,6,4,0,6,0,46,4,0,0,0.75,2,1
SDK_UnityHeadset,1,11,0,0,10,124,15,0,2,0.6399999856948853,3,0
SDK_UnityHeadsetTracker,0,0,0,0,0,3,0,0,0,-1,0,0
SDK_UnitySystem,0,3,0,0,3,34,3,0,2,-1,0,0
VRTK_SDK_Bridge,4,56,0,0,56,358,65,0,0,0,13,30
WindowsMR_Camera,2,4,1,0,0,85,10,0,0,0.5,0,0
WindowsMR_ControllerManager,0,0,0,0,0,3,0,0,0,-1,0,0
WindowsMR_TrackedObject,0,0,0,0,0,502,0,0,0,-1,0,0
SDK_WindowsMRBoundaries,0,0,0,0,0,127,0,0,3,-1,0,0
SDK_WindowsMRController,0,0,0,0,0,620,0,0,3,-1,0,0
SDK_WindowsMRDefines,2,2,0,1,0,25,2,0,0,0,1,0
SDK_WindowsMRHeadset,0,0,0,0,0,154,0,0,3,-1,0,0
SDK_WindowsMR,0,0,0,0,0,39,0,0,3,-1,0,0
SDK_XimmerseBoundaries,0,0,0,0,0,91,0,0,3,-1,0,0
SDK_XimmerseController,0,0,0,0,0,665,0,0,3,-1,0,0
SDK_XimmerseDefines,1,1,0,1,0,14,1,0,0,0,1,0
SDK_XimmerseHeadset,0,0,0,0,0,142,0,0,3,-1,0,0
SDK_XimmerseSystem,0,0,0,0,0,37,0,0,3,-1,0,0
VRTK_BaseHighlighter,4,8,0,2,7,88,11,2,0,0.8799999952316284,1,6
VRTK_MaterialColorSwapHighlighter,6,7,0,2,4,183,26,1,1,0,1,1
VRTK_MaterialPropertyBlockColorSwapHighlighter,2,5,0,0,2,133,18,0,2,0,2,0
VRTK_OutlineObjectCopyHighlighter,7,12,0,4,4,267,43,0,1,0,5,0
VRTK_ArtificialPusher,14,25,0,6,7,285,37,0,1,0.07999999821186066,5,2
VRTK_ArtificialRotator,28,34,0,17,11,464,58,0,1,0,9,0
VRTK_ArtificialSlider,23,30,0,14,10,407,48,0,1,0,10,1
VRTK_BasePhysicsControllable,4,14,0,1,2,124,23,3,1,0.1400000005960464,2,3
VRTK_PhysicsPusher,12,18,0,7,5,266,30,0,2,0.1700000017881393,4,2
VRTK_PhysicsRotator,32,38,0,19,10,523,61,0,2,0,9,0
GrabMechanic,0,0,0,0,0,11,0,0,0,-1,0,1
VRTK_PhysicsSlider,23,39,0,14,10,477,56,0,2,0.05000000074505806,9,0
ControllableEventArgs,4,0,0,4,0,7,0,0,0,-1,1,16
VRTK_BaseControllable,15,34,0,4,17,322,49,4,0,0.3199999928474426,3,12
OperatingAxis,0,0,0,0,0,15,0,0,0,-1,0,3
VRTK_BaseGrabAttach,16,20,0,6,12,277,37,7,0,0.449999988079071,5,17
VRTK_BaseJointGrabAttach,3,10,0,1,3,119,16,3,1,0.300000011920929,3,3
VRTK_ChildOfControllerGrabAttach,0,5,0,0,2,60,8,0,1,-1,2,0
VRTK_ClimbableGrabAttach,1,1,0,1,0,15,1,0,1,0,0,1
ControlAnimationGrabAttachEventArgs,2,0,0,2,0,5,0,0,0,-1,0,2
VRTK_ControlAnimationGrabAttach,13,17,0,7,9,252,32,0,1,0.119999997317791,5,1
VRTK_CustomJointGrabAttach,2,4,0,1,0,50,6,0,2,0.5,4,0
VRTK_FixedJointGrabAttach,1,1,0,1,0,13,1,0,2,0,2,0
MoveTransformGrabAttachEventArgs,5,0,0,5,0,8,0,0,0,-1,0,3
VRTK_MoveTransformGrabAttach,20,40,0,11,24,568,69,0,1,0.07999999821186066,5,2
RotateTransformGrabAttachEventArgs,4,0,0,4,0,7,0,0,0,-1,0,3
VRTK_RotateTransformGrabAttach,19,31,0,11,13,498,53,0,1,0.05999999865889549,9,2
RotationAxis,0,0,0,0,0,15,0,0,0,-1,0,1
RotationType,0,0,0,0,0,19,0,0,0,-1,0,1
VRTK_RotatorTrackGrabAttach,0,3,0,0,2,29,3,0,1,-1,1,0
VRTK_SpringJointGrabAttach,3,1,0,3,0,20,1,0,2,0,2,0
VRTK_TrackObjectGrabAttach,5,6,0,4,4,121,14,1,1,0.6700000166893005,3,4
VRTK_AxisScaleGrabAction,9,7,0,6,3,121,11,0,1,0.2899999916553497,4,0
VRTK_BaseGrabAction,8,8,0,0,7,89,9,3,0,0.75,2,4
VRTK_ControlDirectionGrabAction,7,9,0,3,5,171,18,0,1,0.2199999988079071,4,0
VRTK_SwapControllerGrabAction,0,1,0,0,0,9,1,0,1,-1,0,4
VRTK_BaseControllable_UnityEvents,6,8,0,6,0,63,8,0,0,1,3,0
BaseControllablEvent,0,0,0,0,0,2,0,0,0,-1,0,1
VRTK_BasicTeleport_UnityEvents,2,4,0,2,0,31,4,0,0,1,3,0
TeleportEvent,0,0,0,0,0,2,0,0,0,-1,0,1
VRTK_BodyPhysics_UnityEvents,10,12,0,10,0,107,12,0,0,1,3,0
BodyPhysicsEvent,0,0,0,0,0,2,0,0,0,-1,0,1
VRTK_Button_UnityEvents,2,4,0,2,1,32,4,0,0,1,3,0
Button3DEvent,0,0,0,0,0,2,0,0,0,-1,0,1
VRTK_Control_UnityEvents,1,3,0,1,0,24,3,0,0,1,3,1
Control3DEvent,0,0,0,0,0,2,0,0,0,-1,0,2
VRTK_ControlAnimationGrabAttach_UnityEvents,3,5,0,3,0,39,5,0,0,1,3,0
ControlAnimationGrabAttachEvent,0,0,0,0,0,2,0,0,0,-1,0,1
VRTK_ControllerEvents_UnityEvents,50,52,0,50,0,415,52,0,0,1,3,0
ControllerInteractionEvent,0,0,0,0,0,2,0,0,0,-1,0,5
VRTK_ControllerRigidbodyActivator_UnityEvents,2,4,0,2,0,31,4,0,0,1,3,0
ControllerRigidbodyActivatorEvent,0,0,0,0,0,2,0,0,0,-1,0,1
VRTK_ControllerTooltips_UnityEvents,2,4,0,2,0,31,4,0,0,1,3,0
ControllerTooltipsEvent,0,0,0,0,0,2,0,0,0,-1,0,1
VRTK_DashTeleport_UnityEvents,2,4,0,2,0,31,4,0,0,1,3,0
DashTeleportEvent,0,0,0,0,0,2,0,0,0,-1,0,1
VRTK_DestinationMarker_UnityEvents,4,6,0,4,0,47,6,0,0,1,3,0
DestinationMarkerEvent,0,0,0,0,0,2,0,0,0,-1,0,2
VRTK_DestinationPoint_UnityEvents,5,7,0,5,0,55,7,0,0,1,2,0
DestinationPointEvent,0,0,0,0,0,2,0,0,0,-1,0,1
VRTK_HeadsetCollision_UnityEvents,2,4,0,2,0,31,4,0,0,1,3,0
HeadsetCollisionEvent,0,0,0,0,0,2,0,0,0,-1,0,1
VRTK_HeadsetControllerAware_UnityEvents,4,6,0,4,0,50,6,0,0,1,3,0
HeadsetControllerAwareEvent,0,0,0,0,0,2,0,0,0,-1,0,1
VRTK_HeadsetFade_UnityEvents,4,6,0,4,0,50,6,0,0,1,3,0
HeadsetFadeEvent,0,0,0,0,0,2,0,0,0,-1,0,1
VRTK_InteractableObject_UnityEvents,14,16,0,14,0,142,16,0,0,1,3,0
InteractableObjectEvent,0,0,0,0,0,2,0,0,0,-1,0,1
VRTK_InteractControllerAppearance_UnityEvents,8,10,0,8,0,80,10,0,0,1,3,0
InteractControllerAppearanceEvent,0,0,0,0,0,2,0,0,0,-1,0,1
VRTK_InteractGrab_UnityEvents,6,8,0,6,0,63,8,0,0,1,5,0
ObjectInteractEvent,0,0,0,0,0,5,0,0,0,-1,0,4
VRTK_InteractHaptics_UnityEvents,4,6,0,4,0,47,6,0,0,1,3,0
InteractHapticsEvent,0,0,0,0,0,2,0,0,0,-1,0,1
VRTK_InteractNearTouch_UnityEvents,2,4,0,2,0,31,4,0,0,1,3,0
VRTK_InteractObjectAppearance_UnityEvents,4,6,0,4,0,47,6,0,0,1,3,0
InteractObjectAppearanceEvent,0,0,0,0,0,2,0,0,0,-1,0,1
VRTK_InteractObjectHighlighter_UnityEvents,2,4,0,2,0,31,4,0,0,1,3,0
InteractObjectHighlighterEvent,0,0,0,0,0,2,0,0,0,-1,0,1
VRTK_InteractTouch_UnityEvents,6,8,0,6,0,63,8,0,0,1,3,0
VRTK_InteractUse_UnityEvents,6,8,0,6,0,63,8,0,0,1,5,0
VRTK_MoveTransformGrabAttach_UnityEvents,13,15,0,13,0,119,15,0,0,1,3,0
MoveTransformGrabAttachEvent,0,0,0,0,0,2,0,0,0,-1,0,1
VRTK_ObjectAutoGrab_UnityEvents,1,3,0,1,0,23,3,0,0,1,2,0
ObjectAutoGrabEvent,0,0,0,0,0,2,0,0,0,-1,0,1
VRTK_ObjectControl_UnityEvents,2,4,0,2,0,31,4,0,0,1,3,0
ObjectControlEvent,0,0,0,0,0,2,0,0,0,-1,0,1
VRTK_ObjectTooltip_UnityEvents,2,4,0,2,0,31,4,0,0,1,3,0
ObjectTooltipEvent,0,0,0,0,0,2,0,0,0,-1,0,1
VRTK_PlayAreaCursor_UnityEvents,2,4,0,2,0,31,4,0,0,1,3,0
PlayAreaCursorEvent,0,0,0,0,0,2,0,0,0,-1,0,1
VRTK_PlayerClimb_UnityEvents,2,4,0,2,0,31,4,0,0,1,3,0
PlayerClimbEvent,0,0,0,0,0,2,0,0,0,-1,0,1
VRTK_Pointer_UnityEvents,6,8,0,6,0,60,8,0,0,1,5,0
VRTK_PointerDirectionIndicator_UnityEvents,1,3,0,1,0,23,3,0,0,1,2,0
PointerDirectionIndicatorEvent,0,0,0,0,0,2,0,0,0,-1,0,1
VRTK_PositionRewind_UnityEvents,1,3,0,1,0,23,3,0,0,1,3,0
PositionRewindEvent,0,0,0,0,0,2,0,0,0,-1,0,1
VRTK_RotateTransformGrabAttach_UnityEvents,5,7,0,5,0,55,7,0,0,1,3,0
RotateTransformGrabAttachEvent,0,0,0,0,0,2,0,0,0,-1,0,1
VRTK_SDKManager_UnityEvents,1,3,0,1,0,22,3,0,0,1,3,0
LoadedSetupChangeEvent,0,0,0,0,0,2,0,0,0,-1,0,1
VRTK_SDKSetup_UnityEvents,2,4,0,2,0,30,4,0,0,1,3,0
LoadEvent,0,0,0,0,0,2,0,0,0,-1,0,1
VRTK_SlingshotJump_UnityEvents,1,3,0,1,0,23,3,0,0,1,2,0
SlingshotJumpEvent,0,0,0,0,0,2,0,0,0,-1,0,1
VRTK_SnapDropZone_UnityEvents,4,6,0,4,0,50,6,0,0,1,3,0
SnapDropZoneEvent,0,0,0,0,0,2,0,0,0,-1,0,1
VRTK_UIDraggableItem_UnityEvents,2,4,0,2,0,31,4,0,0,1,3,0
UIDraggableItemEvent,0,0,0,0,0,2,0,0,0,-1,0,1
VRTK_UIPointer_UnityEvents,9,11,0,9,0,87,11,0,0,1,5,0
UIPointerEvent,0,0,0,0,0,2,0,0,0,-1,0,1
VRTK_UnityEvents<T>,1,4,0,0,0,31,6,0,0,0.75,1,0
InteractionSourceExtensions,1,0,0,0,0,98,0,0,0,-1,0,0
WindowsApiChecker,0,1,3,0,0,30,1,0,0,-1,0,0
VRTKExample_FixSetupEditor,0,1,0,0,1,14,2,0,0,-1,1,0
MinMaxRangeDrawer,0,3,0,0,1,72,7,0,0,-1,4,0
ObsoleteInspectorDrawer,0,1,0,0,1,10,1,0,0,-1,0,0
Limits2DDrawer,0,1,0,0,1,29,1,0,0,-1,1,0
Vector3StateDrawer,0,1,0,0,1,35,1,0,0,-1,1,0
VRTK_AdaptiveQualityEditor,4,1,0,0,1,109,6,0,0,0,3,0
VRTK_EditorUtilities,0,6,0,0,6,69,7,0,0,-1,0,7
VRTK_InteractHapticsEditor,21,2,0,0,1,116,6,0,0,0,0,0
VRTK_NavMeshDataEditor,2,2,1,0,1,40,5,0,0,0,2,0
VRTK_ObjectSetup,11,9,0,0,0,205,22,0,0,0.2199999988079071,9,0
PrimaryGrab,0,0,0,0,0,10,0,0,0,-1,0,1
SecondaryGrab,0,0,0,0,0,6,0,0,0,-1,0,1
VRTK_PolicyListEditor,2,4,0,0,1,44,5,0,0,0,0,0
VRTK_RadialMenuEditor,0,1,0,0,1,14,2,0,0,-1,1,0
VRTK_SDKManagerEditor,2,6,0,0,1,437,7,0,0,0.3300000131130219,10,1
VRTK_SDKSetupEditor,3,8,0,0,1,462,10,0,0,0.3799999952316284,6,0
SDKSetupGameObjectsDisabler,1,3,0,0,0,85,5,0,0,0,3,0
VRTK_SupportInfoWindow,4,5,0,0,1,170,8,0,0,0.4000000059604645,4,0
SerializedPropertyExtensions,0,7,0,0,7,162,23,0,0,-1,0,1
