Type,NOF,NOM,NOP,NOPF,NOPM,LOC,WMC,NC,DIT,LCOM,Fan-Out,Fan-In
Config,2,1,10,1,0,193,1,0,0,0,2,8
StartupOptions,0,0,0,0,0,12,0,0,0,-1,0,2
CsQueryConfig,7,2,10,0,1,239,2,0,0,1,9,1
CQ,5,289,11,0,234,8187,490,0,0,0.2599999904632568,37,88
CSSRuleType,0,0,0,0,0,31,0,0,0,-1,0,0
IFormReassociateableElement,0,0,0,0,0,3,0,6,1,-1,0,0
IFormSubmittableElement,0,0,0,0,0,3,0,5,1,-1,0,0
IFormAssociatedElement,0,0,1,0,0,7,0,3,0,-1,0,0
IHTMLButtonElement,0,0,0,0,0,3,0,1,2,-1,0,1
IHTMLTextAreaElement,0,0,0,0,0,3,0,1,2,-1,0,1
ICSSRule,0,0,4,0,0,29,0,2,0,-1,0,3
ICSSStyleRule,0,0,2,0,0,15,0,1,1,-1,0,0
ICSSStyleSheet,0,0,5,0,0,37,0,1,0,-1,0,2
IHTMLFormElement,0,0,9,0,0,65,0,1,1,-1,0,1
IHTMLLabelElement,0,0,2,0,0,14,0,1,2,-1,0,2
RelLink,0,0,0,0,0,85,0,0,0,-1,0,0
IHTMLMeterElement,0,0,7,0,0,44,0,1,1,-1,0,0
IHTMLLIElement,0,0,1,0,0,8,0,1,1,-1,0,0
IHTMLProgressElement,0,0,4,0,0,28,0,1,1,-1,0,0
IHTMLOptionElement,0,0,2,0,0,24,0,1,1,-1,0,3
IHTMLInputElement,0,0,2,0,0,15,0,1,2,-1,0,1
IHTMLAnchorElement,0,0,5,0,0,36,0,1,1,-1,0,2
RelAnchor,0,0,0,0,0,85,0,0,0,-1,0,1
INodeList,0,3,2,0,0,60,3,3,1,-1,0,21
IHTMLSelectElement,0,0,5,0,0,51,0,1,2,-1,0,6
DomIndexProviders,3,1,3,0,0,57,1,0,0,0,1,1
SimpleDomIndexProvider,0,1,0,0,1,17,1,0,1,-1,1,0
RangedDomIndexProvider,0,1,0,0,1,15,1,0,1,-1,1,0
NoDomIndexProvider,0,1,0,0,1,15,1,0,1,-1,1,0
IDomObject,0,25,39,0,0,797,25,6,1,-1,0,97
IHTMLOptionsCollection,0,2,0,0,0,78,2,1,0,-1,0,0
HtmlParsingOptions,0,0,0,0,0,28,0,0,0,-1,0,8
HtmlParsingMode,0,0,0,0,0,27,0,0,0,-1,0,10
HtmlEncoders,5,0,1,5,0,48,0,0,0,-1,1,7
OutputFormatters,0,4,7,0,3,155,5,0,0,-1,5,9
When,0,6,1,0,6,120,6,0,0,-1,4,3
CSSStyleType,0,0,0,0,0,42,0,0,0,-1,0,2
DocType,0,0,0,0,0,33,0,0,0,-1,0,10
DomRenderingOptions,0,0,0,0,0,37,0,0,0,-1,0,10
NodeType,0,0,0,0,0,37,0,0,0,-1,0,24
ICSSStyle,0,0,5,0,0,33,0,1,0,-1,0,0
ICSSStyleDeclaration,0,7,3,0,0,126,7,1,0,-1,0,0
IAttributeCollection,0,2,1,0,0,31,2,1,0,-1,0,1
IDomCData,0,0,0,0,0,4,0,1,1,-1,0,0
IDomComment,0,0,1,0,0,8,0,1,1,-1,0,1
IDomContainer,0,1,0,0,0,12,1,3,2,-1,0,31
IDomDocument,0,12,6,0,0,260,12,2,3,-1,1,35
IDomDocumentType,0,0,1,0,0,8,0,1,1,-1,0,2
IDomElement,0,1,2,0,0,29,1,12,3,-1,0,44
IDomFragment,0,0,0,0,0,4,0,1,4,-1,0,3
IDomIndexedNode,0,1,1,0,0,21,1,1,1,-1,0,4
IDomInnerText,0,0,0,0,0,4,0,0,1,-1,0,0
IDomInvalidElement,0,0,0,0,0,5,0,0,1,-1,0,0
IDomText,0,0,0,0,0,4,0,3,2,-1,0,8
IDomNode,0,8,10,0,0,170,8,4,0,-1,2,0
IDomSpecialElement,0,0,1,0,0,9,0,3,2,-1,0,1
JsObject,0,28,8,0,13,570,37,0,0,-1,2,11
Objects,1,55,0,0,47,1797,121,0,0,0.25,11,15
CSSRule,0,1,4,0,1,65,1,1,1,-1,2,0
CSSStyleChangedArgs,0,1,1,0,1,24,1,0,0,-1,0,2
CSSStyleRule,0,1,3,0,1,61,1,0,2,-1,2,0
CSSStyleSheet,1,1,5,0,1,108,1,0,1,0,1,0
FormSubmittableElement,0,1,1,0,0,43,1,4,2,-1,0,1
HTMLButtonElement,0,1,1,0,1,32,1,0,3,-1,0,1
FormAssociatedElement,0,1,1,0,0,29,1,1,1,-1,0,0
FormReassociateableElement,0,1,1,0,0,37,1,1,2,-1,0,0
HTMLStyleElement,0,1,0,0,1,15,1,0,1,-1,0,1
HTMLScriptElement,0,1,0,0,1,15,1,0,1,-1,0,1
HTMLLabelElement,0,1,2,0,1,53,1,0,3,-1,0,1
NodeEventArgs,0,1,1,0,1,21,1,0,0,-1,1,1
StyleSheet,0,0,0,0,0,3,0,0,0,-1,0,0
IReadOnlyCollection,0,0,1,0,0,8,0,2,0,-1,0,0
HtmlFormElement,0,5,11,0,4,284,5,0,2,-1,2,1
HTMLMeterElement,0,1,7,0,1,121,1,0,2,-1,0,1
HTMLLIElement,0,1,1,0,1,31,1,0,2,-1,0,1
HTMLProgressElement,0,1,4,0,1,77,1,0,2,-1,0,1
HTMLTextAreaElement,0,1,3,0,1,63,1,0,3,-1,0,1
HTMLOptionElement,0,4,5,0,1,172,5,0,2,-1,5,1
HTMLInputElement,0,2,4,0,2,145,2,0,3,-1,1,1
HtmlAnchorElement,0,1,5,0,1,94,1,0,2,-1,0,1
HTMLSelectElement,0,2,7,0,1,158,3,0,3,-1,2,2
NodeList<T>,1,14,3,0,13,265,14,0,2,0.2899999916553497,0,0
HTMLOptionsCollection,0,9,3,0,4,301,13,0,1,-1,5,2
OptionElement,2,0,0,2,0,6,0,0,0,-1,1,1
AttributeCollection,1,28,5,0,15,495,37,0,0,0.1099999994039536,1,1
IReadOnlyList,0,0,0,0,0,16,0,1,1,-1,0,0
CombinedStream,2,3,1,0,3,68,6,0,1,0.6700000166893005,0,0
BaseStream,0,7,5,0,7,86,7,1,0,-1,0,0
CombinedTextReader,3,14,1,0,12,368,27,0,0,0.2099999934434891,0,2
PathKeyComparer,1,5,1,0,3,152,11,0,0,1,0,4
Link,2,0,0,2,0,5,0,0,0,-1,0,2
"MonoDictionary<TKey,TValue>",16,44,13,0,15,1312,112,0,0,0.5899999737739563,3,0
ShimEnumerator,1,4,4,0,4,46,4,0,0,0,1,1
Enumerator,6,15,11,0,6,192,21,0,0,0,1,4
KeyCollection,1,10,4,0,3,124,12,0,0,0.4000000059604645,1,0
ValueCollection,1,10,4,0,3,123,12,0,0,0.4000000059604645,1,0
SelectionSetComparer,1,2,0,0,2,47,3,0,0,0,3,0
IRangeSortedDictionary,0,2,0,0,0,18,2,1,0,-1,0,0
CssStyle,0,0,5,0,0,33,0,0,1,-1,0,2
DomFragment,0,4,3,0,4,107,4,0,5,-1,6,4
DomCData,1,5,6,0,3,137,5,0,2,0.6000000238418579,0,1
DomComment,1,5,7,0,3,172,5,0,2,0.6000000238418579,0,2
DomContainer<T>,1,11,8,0,7,334,15,0,3,1,3,0
DomDocumentType,3,8,10,0,4,301,11,0,2,0.5,1,1
CSSStyleDeclaration,2,32,13,0,21,916,64,0,1,0.4399999976158142,10,4
DomObject,3,47,52,0,37,1841,59,6,2,0.7400000095367432,13,2
DocumentInfo,0,0,0,0,0,20,0,0,0,-1,0,1
DomObject<T>,0,5,0,0,2,46,5,0,3,-1,0,0
DomDocument,2,26,17,0,23,866,34,1,4,0.7699999809265137,20,8
DomText,1,4,5,0,4,119,4,0,3,1,0,2
SelectionSet<T>,6,30,8,0,22,709,38,0,0,0.8299999833106995,1,0
ChildNodeList,1,20,5,0,13,508,38,0,2,0.3499999940395355,6,3
"RangeSortedDictionary<TKey,TValue>",3,17,5,0,16,526,29,0,1,0.4099999964237213,1,0
DomElement,4,61,34,0,26,2146,127,10,4,0.3400000035762787,27,8
SelectionSetOrder,0,0,0,0,0,15,0,0,0,-1,0,3
IDomIndexSimple,0,1,0,0,0,17,1,2,0,-1,0,4
DomIndexNone,0,8,3,0,8,164,8,0,1,-1,1,1
IDomIndexRanged,0,1,0,0,0,23,1,1,0,-1,0,1
IDomIndexQueue,0,0,1,0,0,9,0,1,0,-1,0,3
DomIndexSimple,1,8,2,0,8,230,19,0,1,0.25,5,1
IndexValue,2,2,0,2,2,15,2,0,0,0,0,1
DomIndexFeatures,0,0,0,0,0,16,0,0,0,-1,0,1
IDomIndexProvider,0,1,0,0,0,8,1,3,0,-1,0,4
DomIndexRanged,2,14,6,0,8,406,29,0,1,0.2899999916553497,7,1
IDomIndex,0,5,1,0,0,65,5,3,0,-1,1,7
CharacterEqualityComparer,0,3,0,0,3,60,3,1,0,-1,0,0
CaseSensitiveCharacterEqualityComparer,0,2,0,0,2,39,2,0,1,-1,0,0
QuotingRule,0,0,0,0,0,15,0,0,0,-1,0,3
PseudoSelectorFilter,0,2,0,0,2,36,2,9,1,-1,1,0
IPseudoSelector,0,0,4,0,0,36,0,3,0,-1,0,3
PseudoSelectorChild,0,2,0,0,2,40,2,8,1,-1,2,0
PseudoSelector,1,6,5,0,0,297,15,10,1,0.3300000131130219,4,0
IPseudoSelectorChild,0,2,0,0,0,30,2,2,1,-1,2,1
IPseudoSelectorFilter,0,1,0,0,0,17,1,8,1,-1,0,1
IndexOperationType,0,0,0,0,0,15,0,0,0,-1,0,2
IndexOperation,3,0,0,3,0,6,0,0,0,-1,2,1
AttributeSelectors,0,2,0,0,1,128,4,0,0,-1,5,1
PseudoSelectors,1,12,1,0,8,261,22,0,0,0.1700000017881393,5,2
SelectorType,0,0,0,0,0,41,0,0,0,-1,0,7
AttributeSelectorType,0,0,0,0,0,39,0,0,0,-1,0,4
CombinatorType,0,0,0,0,0,21,0,0,0,-1,0,4
TraversalType,0,0,0,0,0,28,0,0,0,-1,0,4
PseudoClassType,0,0,0,0,0,109,0,0,0,-1,0,0
SelectorParser,5,12,1,0,2,485,24,0,0,0.1700000017881393,12,1
SelectorClause,4,8,25,0,6,521,19,0,0,0.6200000047683716,5,5
MatchElement,0,3,2,0,2,18,3,0,0,-1,1,1
NthChildMatcher,10,24,3,0,13,826,47,0,0,0.07999999821186066,9,5
CacheInfo,4,1,0,4,1,36,1,0,0,0,1,1
SelectorEngine,2,19,2,0,4,880,76,0,0,0.1599999964237213,26,1
IndexMode,0,0,0,0,0,6,0,0,0,-1,0,0
Selector,1,23,4,0,21,564,35,0,0,0.5699999928474426,9,7
RegexExtension,3,3,4,0,1,140,6,0,2,0.6700000166893005,4,0
Modes,0,0,0,0,0,6,0,0,0,-1,0,1
Contains,0,4,2,0,2,116,9,0,2,-1,5,0
Lang,0,1,0,0,1,32,1,0,2,-1,1,0
Hidden,0,1,0,0,1,21,1,0,2,-1,2,0
Visible,0,3,0,0,2,79,9,0,2,-1,5,1
LastOfType,0,2,0,0,2,48,4,0,2,-1,3,0
FirstOfType,0,2,0,0,2,48,4,0,2,-1,3,0
OnlyChild,0,3,0,0,2,53,5,0,2,-1,4,0
FirstChild,0,2,0,0,2,42,3,0,2,-1,2,0
LastChild,0,2,0,0,2,42,3,0,2,-1,3,0
Not,0,2,2,0,1,72,3,0,2,-1,2,0
Has,1,2,3,0,1,150,9,0,2,0,2,0
Last,0,1,0,0,1,23,2,0,2,-1,1,0
First,0,1,0,0,1,23,2,0,2,-1,1,0
Even,0,1,0,0,1,28,3,0,2,-1,0,0
Odd,0,1,0,0,1,27,3,0,2,-1,0,0
Indexed,2,1,3,0,1,71,1,3,2,0,0,0
Gt,0,2,0,0,1,32,4,0,3,-1,0,0
Lt,0,2,0,0,1,32,4,0,3,-1,0,0
Eq,0,2,0,0,1,49,6,0,3,-1,1,0
OnlyOfType,0,3,0,0,2,65,5,0,2,-1,3,0
Header,0,1,0,0,1,23,1,0,2,-1,1,0
Parent,0,1,0,0,1,24,1,0,2,-1,2,0
Empty,0,2,0,0,2,53,3,0,2,-1,3,1
NthLastOfType,0,2,0,0,2,38,2,0,1,-1,4,0
NthChildSelector,1,2,3,0,2,85,2,4,2,1,3,0
NthLastChild,0,2,0,0,2,37,2,0,3,-1,4,0
NthOfType,0,2,0,0,2,39,2,0,3,-1,4,0
NthChild,0,2,0,0,2,41,2,0,3,-1,4,0
AssociationType,0,0,0,0,0,20,0,0,0,-1,0,2
OperationType,0,0,0,0,0,27,0,0,0,-1,0,2
Equations,0,13,0,0,13,172,17,0,0,-1,8,6
IClause,0,1,0,0,0,18,1,0,1,-1,0,0
IEquation,0,12,2,0,0,178,12,2,1,-1,0,4
IEquationParser,0,5,1,0,0,11,5,1,0,-1,1,1
IFunction,0,2,5,0,0,17,2,10,1,-1,0,5
ILiteral,0,4,0,0,0,9,4,2,1,-1,0,6
"OrderedDictionary<TKey,TValue>",0,0,0,0,0,4,0,0,1,-1,0,0
"OrderedDictionary<T,TKey,TValue>",3,24,7,0,20,318,35,0,0,0.5400000214576721,0,0
INativeOperation,0,0,0,0,0,3,0,1,2,-1,0,1
IOperand,0,2,3,0,0,11,2,6,0,-1,0,18
IOperation,0,2,1,0,0,11,2,5,2,-1,1,2
IOperator,0,4,3,0,0,11,4,1,0,-1,0,2
IOrderedDictionary,0,1,0,0,0,16,1,1,0,-1,0,1
IVariable,0,2,3,0,0,19,2,2,1,-1,0,9
IVariableContainer,0,0,1,0,0,4,0,4,0,-1,0,1
Equation,2,17,4,0,11,324,23,1,2,0.4099999964237213,6,4
EquationParserEngine,5,8,3,0,4,275,20,0,1,0.25,15,0
Equation<T>,0,16,1,0,8,142,21,0,3,-1,4,0
Function,1,6,8,0,5,166,7,3,2,0.8299999833106995,3,1
Function<T>,0,3,1,0,2,25,3,0,3,-1,1,0
IntegerValue,0,34,0,0,34,172,34,0,1,-1,0,0
Literal,1,8,0,0,5,64,8,1,2,0.6200000047683716,3,3
Literal<T>,0,8,1,0,4,83,8,0,3,-1,2,0
Operand,6,25,6,0,18,234,28,5,1,0.3600000143051147,2,1
Operand<T>,0,3,2,0,3,38,3,0,2,-1,1,0
Operator,3,9,4,0,8,154,13,0,1,0.5600000023841858,5,0
IIntegerValue,0,0,0,0,0,11,0,2,0,-1,0,0
INumericValue,0,0,0,0,0,6,0,0,1,-1,0,0
ITextValue,0,0,0,0,0,6,0,0,0,-1,0,0
IBooleanValue,0,0,0,0,0,5,0,0,0,-1,0,0
Utils,0,14,0,0,14,196,18,0,0,-1,5,9
Variable,1,10,5,0,6,130,12,1,2,0.699999988079071,3,3
Variable<T>,0,5,1,0,4,40,5,0,3,-1,2,0
VariableReadEventArgs,1,1,3,0,1,30,1,0,0,0,0,3
Abs,0,3,3,0,1,48,4,0,3,-1,2,1
Power,0,3,5,0,2,46,3,0,3,-1,1,1
Difference,0,1,2,0,1,24,1,1,1,-1,1,2
Difference<T>,0,3,1,0,2,22,3,0,2,-1,2,0
NativeOperation,1,12,6,0,6,190,22,5,3,0.5,8,0
NativeOperation<T>,1,5,2,0,2,54,6,0,4,1,2,0
Product,0,3,3,0,2,29,3,1,4,-1,0,3
Product<T>,0,5,1,0,3,29,5,0,5,-1,1,0
Quotient,0,3,3,0,2,29,3,1,4,-1,0,1
Quotient<T>,0,5,1,0,3,28,5,0,5,-1,1,0
Sum,0,3,3,0,2,29,3,2,4,-1,0,3
Sum<T>,0,5,1,0,3,32,5,0,5,-1,1,0
CqXmlDocument,0,1,0,0,1,45,3,0,0,-1,2,0
CqXmlNode,5,5,5,0,2,146,8,0,0,0.4000000059604645,4,1
ExtensionMethods,0,2,0,0,1,28,2,0,0,-1,1,0
CqXmlNodeList,2,4,1,0,3,71,5,0,0,0,2,0
BOMReader,5,6,6,0,2,256,12,0,0,0.3300000131130219,1,1
CsQueryTreeBuilder,3,18,0,0,1,447,31,0,0,0.6100000143051147,9,1
ElementFactory,12,19,4,0,4,738,49,0,0,0.1599999964237213,15,2
ReEncodeAction,0,0,0,0,0,11,0,0,0,-1,0,1
HtmlEncoding,1,2,1,0,2,73,4,0,0,0,0,2
HtmlStyles,3,1,0,1,0,69,3,0,0,0,3,1
TokenProperties,0,0,0,0,0,63,0,0,0,-1,0,1
HtmlData,65,29,1,55,22,1324,45,0,0,0.07000000029802322,2,16
IHttpWebRequest,0,11,35,0,0,505,11,2,0,-1,0,7
IHttpWebRequestFactory,0,1,0,0,0,16,1,3,0,-1,0,2
IHttpWebResponse,0,3,15,0,0,194,3,3,0,-1,0,6
BasicAuthHttpWebRequestFactory,2,3,0,0,3,55,3,0,1,0.6700000166893005,2,0
HttpWebRequestFactory,0,2,0,0,2,34,2,0,1,-1,1,0
HttpWebRequestMethod,5,3,0,2,2,51,4,0,0,0.6700000166893005,0,1
WebResponseStub,9,1,9,0,1,151,1,0,1,0,0,1
HttpWebRequestAdapter,1,12,35,0,12,642,12,0,1,0,1,2
HttpWebResponseAdapter,1,5,15,0,5,320,5,0,1,0,1,1
SortedSet<T>,3,47,7,0,26,675,93,0,0,0.7200000286102295,5,0
Node,6,5,2,3,5,85,7,0,0,0.800000011920929,0,7
NodeHelper,2,4,0,1,3,29,5,0,1,0.5,1,2
Enumerator,4,5,2,0,2,54,6,0,0,0,3,2
SortedSubSet,3,12,0,0,5,111,20,0,0,0,5,1
RBTree,4,23,1,0,8,756,71,0,0,0.09000000357627869,3,4
INodeHelper,0,2,0,0,0,5,2,1,0,-1,1,1
NodeEnumerator,4,7,2,0,3,93,14,0,0,0,2,3
HtmlEncoderFull,3,4,0,0,1,135,8,0,1,0.5,1,0
HtmlEncoderMinimumNbsp,0,1,0,0,0,31,2,0,1,-1,1,0
HtmlEncoderNone,0,1,0,0,1,19,1,0,1,-1,0,0
FormatDefault,4,21,1,0,6,558,36,0,1,0,12,3
NodeStackElement,3,1,0,3,1,41,1,0,0,0,1,1
HtmlEncoderMinimum,0,2,0,0,0,58,3,1,1,-1,0,1
HtmlEncoderBase,0,3,0,0,1,93,6,2,1,-1,0,0
HtmlEncoderBasic,0,3,0,0,0,93,4,1,2,-1,0,1
IHtmlEncoder,0,1,0,0,0,16,1,2,0,-1,0,3
IOutputFormatter,0,2,0,0,0,29,2,2,0,-1,1,4
FormatPlainText,1,6,0,0,2,231,17,0,1,0,8,0
Timeout<T>,6,16,0,0,11,295,18,0,1,0.25,2,0
IPromise,0,7,0,0,0,122,7,5,0,-1,0,8
Timeout,0,4,0,0,4,67,4,0,1,-1,0,3
WhenAll,7,12,1,0,7,261,12,0,1,0,3,1
Deferred<T>,0,2,0,0,2,44,2,0,1,-1,2,0
Deferred,6,12,3,0,8,446,18,1,1,0.1700000017881393,2,6
CharacterData,17,20,0,1,8,414,25,0,0,0.300000011920929,3,19
CharacterType,0,0,0,0,0,124,0,0,0,-1,0,14
ICharacterInfo,0,0,5,0,0,34,0,1,1,-1,0,7
IExpectPattern,0,2,2,0,0,46,2,1,0,-1,0,2
IStringInfo,0,0,2,0,0,14,0,1,1,-1,0,2
IStringScanner,0,50,15,0,0,434,50,1,0,-1,1,8
IValueInfo,0,0,11,0,0,71,0,2,0,-1,0,1
MatchFunctions,0,14,3,0,14,289,16,0,0,-1,9,6
Scanner,0,1,0,0,1,19,1,0,0,-1,1,7
ExtensionMethods,0,2,0,0,2,48,4,0,0,-1,0,0
CharacterInfo,0,4,17,0,4,268,4,0,2,-1,0,3
ExpectPattern,4,6,2,0,2,273,17,4,1,0.3300000131130219,3,2
StringInfo,10,5,14,0,4,295,7,0,2,1,1,1
StringScannerEngine,8,70,19,0,54,1128,115,0,1,0.09000000357627869,8,2
Bounded,10,3,5,0,2,196,15,0,2,0,3,2
HtmlIDSelector,0,2,0,0,1,34,2,0,1,-1,2,1
HTMLTagSelectorName,0,2,0,0,1,29,3,0,1,-1,2,1
HTMLAttributeName,0,2,0,0,1,30,3,0,1,-1,2,1
CssClassName,0,2,0,0,1,32,3,0,1,-1,2,0
EscapedString,3,4,0,0,3,114,7,4,2,0.75,2,0
Number,2,3,1,0,2,124,7,0,2,0,2,1
OptionallyQuoted,1,7,1,0,4,138,10,0,1,0.2899999916553497,3,3
Quoted,1,3,0,0,1,89,7,1,2,0,1,2
ExtensionMethods,0,15,0,0,10,390,25,0,0,-1,6,0
FastActivator,2,2,0,0,2,62,4,0,0,0,0,3
SelectorCache,2,2,1,0,2,65,3,0,0,0,2,0
Types,0,1,0,0,1,23,1,0,0,-1,0,0
Browser,1,1,4,0,1,63,1,0,0,0,0,1
IJsonSerializer,0,3,0,0,0,50,3,1,0,-1,0,1
JsonSerializer,2,6,1,0,3,190,8,0,1,0.5,2,1
Support,0,29,0,0,28,783,62,0,0,-1,2,13
JSON,2,19,0,0,13,539,36,0,0,0.1099999994039536,4,7
RequestState,0,0,0,0,0,24,0,0,0,-1,0,0
ICsqWebRequestMetadata,0,0,2,0,0,14,0,1,0,-1,0,0
WebForms,0,2,0,0,2,57,2,0,0,-1,1,0
AsyncWebRequestManager,3,6,1,0,5,173,10,0,0,0.6700000166893005,3,1
ICsqWebResponse,0,0,9,0,0,56,0,1,1,-1,0,3
AsyncPostbackData,6,3,4,1,3,139,4,0,0,0,2,1
IAsyncRequestQueue,0,3,1,0,0,39,3,0,1,-1,1,0
ICsqWebRequest,0,0,5,0,0,33,0,3,1,-1,0,3
IWebRequestInfo,0,0,0,0,0,3,0,0,0,-1,0,0
CsqWebRequest,3,13,11,0,11,456,15,0,2,0,8,5
AsyncWebRequest,3,6,21,0,4,431,7,0,2,0.6700000166893005,5,2
ServerConfig,1,3,4,0,2,112,8,0,0,0.6700000166893005,1,6
WebRequestState,5,1,0,4,1,45,1,0,0,0,2,1
CsQueryHttpContext,5,4,8,0,4,266,11,0,0,0,3,1
ExtensionMethods,0,43,0,0,43,998,77,0,0,-1,3,0
ExtensionMethods,0,19,0,0,19,522,43,0,0,-1,3,0
