Type,NOF,NOM,NOP,NOPF,NOPM,LOC,WMC,NC,DIT,LCOM,Fan-Out,Fan-In
AssemblyMissingException,0,3,0,0,3,30,3,0,0,-1,0,0
BaseCollection<T>,1,22,3,0,8,315,30,0,0,1,0,0
BaseCollectionEnumerator<TE>,1,4,2,0,4,46,4,0,0,0.5,0,0
BaseList<T>,0,7,0,0,3,93,8,0,0,-1,0,0
QualifiedTypeName,0,2,6,0,2,90,9,0,0,-1,0,1
ReadOnlyException,0,2,0,0,2,20,2,0,0,-1,0,0
ReflectionHelper,0,2,0,0,2,58,4,0,0,-1,0,1
SerializationFormatter,0,2,0,0,2,15,2,1,0,-1,0,2
SerializationMap,2,12,2,0,1,139,21,2,0,0.1700000017881393,3,2
SerializationMapEntry,0,5,2,0,5,59,6,0,0,-1,1,5
SerializeAttribute,0,1,3,0,1,28,1,0,0,-1,0,9
TypeNameManager,1,4,0,0,2,100,12,0,0,0,1,1
XmlConstants,21,1,0,21,1,102,2,0,0,0,0,3
XmlDeserializer,2,16,0,0,2,335,49,0,0,0,7,3
XmlHelper,0,3,0,0,2,87,8,0,0,-1,0,3
XmlSerializer,4,12,0,0,1,229,27,0,0,0,7,1
ObjectXmlReferences,2,4,0,0,3,39,7,0,0,0,1,1
CloneableEM,0,1,0,0,1,15,2,0,0,-1,0,0
SerializeExtent,4,6,0,4,6,96,7,0,0,0,1,0
Resources,2,1,3,0,0,50,1,0,0,0,0,0
Settings,1,0,1,0,0,12,0,0,0,-1,0,0
DimensionType,0,0,0,0,0,27,0,0,0,-1,0,7
FeatureType,0,0,0,0,0,23,0,0,0,-1,0,4
Angle,2,10,3,1,10,261,13,0,0,0.8999999761581421,0,1
BufferStyle,0,0,0,0,0,15,0,0,0,-1,0,5
PrecisionModelType,0,0,0,0,0,20,0,0,0,-1,0,3
LocationType,0,0,0,0,0,29,0,0,0,-1,0,25
Ordinate,0,0,0,0,0,19,0,0,0,-1,0,3
Coordinate,4,19,2,4,18,451,43,2,0,0.1599999964237213,3,150
CoordinateArrays,0,17,0,0,16,357,47,0,0,-1,2,9
BidirectionalComparator,0,1,0,0,1,23,4,0,0,-1,2,0
ForwardComparator,0,1,0,0,1,15,1,0,0,-1,2,0
CoordinateArraySequence,2,21,4,0,18,406,38,0,1,0,5,1
Enumerator,6,7,3,0,6,148,11,0,0,0.2899999916553497,1,2
CoordinateF,4,18,7,0,18,434,30,0,0,0.2199999988079071,3,1
CoordinateList,0,11,0,0,9,139,22,0,0,-1,1,5
CoordinateListSequence,2,18,4,0,15,249,24,0,1,0,4,2
CoordinateMismatchException,0,1,0,0,1,12,1,0,0,-1,0,0
Dimension,0,3,0,0,2,60,5,0,0,-1,1,1
GeometryType,0,0,0,0,0,43,0,0,0,-1,0,0
ShapeGeometryType,0,0,0,0,0,75,0,0,0,-1,0,0
VectorFieldType,0,0,0,0,0,56,0,0,0,-1,0,0
VectorGeometryType,0,0,0,0,0,65,0,0,0,-1,0,0
Envelope,2,26,11,0,22,516,46,0,1,0.3100000023841858,3,25
EnvelopeExt,0,52,0,0,51,893,152,0,0,-1,13,0
EnumerableExt,0,2,0,0,1,37,5,0,0,-1,0,0
InsufficientDimensionsException,0,2,0,0,2,21,2,0,0,-1,0,0
FloatVector3,3,14,2,3,14,333,16,0,0,0.1400000005960464,2,1
Geometry,9,60,25,1,47,1281,100,4,1,0.550000011920929,37,19
GeometryChangedFilter,0,1,0,0,1,9,1,0,1,-1,1,0
GeometryCollection,2,19,16,1,15,629,49,3,2,0.3199999928474426,14,17
GeometryCollectionNotSupportedException,0,1,0,0,1,12,1,0,0,-1,0,0
GeometryFactory,7,30,7,0,29,485,46,0,1,0.4699999988079071,26,4
AnonymousCoordinateOperationImpl,0,1,0,0,1,7,1,0,1,-1,1,0
IBasicGeometry,0,5,6,0,0,70,5,4,0,-1,0,12
IBasicLineString,0,0,0,0,0,3,0,1,1,-1,0,8
IBasicPoint,0,0,0,0,0,3,0,1,1,-1,0,1
IBasicPolygon,0,0,3,0,0,23,0,1,1,-1,0,3
ICoordinate,0,1,6,0,0,56,1,2,0,-1,0,3
ICoordinateF,0,0,3,0,0,31,0,0,0,-1,0,0
ICoordinateFilter,0,1,0,0,0,8,1,3,0,-1,1,6
ICoordinateSequence,0,4,2,0,0,62,4,2,0,-1,2,7
ICoordinateSequenceFactory,0,3,0,0,0,20,3,2,0,-1,1,2
IEnvelope,0,5,4,0,0,69,5,1,1,-1,1,36
IGeometry,0,22,17,0,0,353,22,5,1,-1,5,78
IGeometryCollection,0,0,3,0,0,24,0,4,2,-1,0,16
IGeometryComponentFilter,0,1,0,0,0,8,1,5,0,-1,1,6
IGeometryFactory,0,11,5,0,0,113,11,1,0,-1,5,29
IGeometryFilter,0,1,0,0,0,8,1,4,0,-1,1,6
IIntersectionMatrix,0,20,0,0,0,209,20,1,0,-1,2,4
ILinearRing,0,0,0,0,0,3,0,1,1,-1,0,25
ILineSegment,0,19,4,0,0,184,19,1,1,-1,3,3
ILineSegmentBase,0,0,2,0,0,19,0,1,0,-1,0,8
ILineString,0,3,5,0,0,44,3,2,2,-1,1,23
IMatrix,0,1,2,0,0,27,1,1,0,-1,0,1
IMatrix4,0,4,0,0,0,36,4,1,1,-1,0,3
IMatrixD,0,2,1,0,0,27,2,2,1,-1,0,2
IMultiLineString,0,0,0,0,0,9,0,1,3,-1,0,9
IMultiPoint,0,0,0,0,0,13,0,1,3,-1,0,8
IMultiPolygon,0,0,0,0,0,3,0,1,3,-1,0,13
IntersectionMatrix,1,25,0,0,25,467,53,0,1,0,4,9
IOverlay,0,4,0,0,0,38,4,1,0,-1,1,0
IPoint,0,0,0,0,0,3,0,1,2,-1,0,16
IPolygon,0,1,2,0,0,17,1,1,2,-1,0,27
IRectangle,0,0,4,0,0,28,0,1,0,-1,0,1
IRelate,0,11,0,0,0,134,11,1,0,-1,1,0
ISize,0,0,3,0,0,30,0,1,0,-1,0,0
IVector,0,17,4,0,0,162,17,0,0,-1,1,0
IVectorD,0,6,1,0,0,49,6,0,1,-1,1,0
LinearRing,0,4,3,0,3,83,6,0,2,-1,2,18
LineSegment,2,25,6,0,25,462,48,1,2,0.5199999809265137,6,18
LineString,2,23,17,1,20,587,58,1,3,0.2599999904632568,12,35
Location,0,1,0,0,1,23,2,0,0,-1,1,1
Matrix4,0,9,1,0,9,139,9,0,2,-1,1,1
MatrixD,3,6,5,0,5,133,13,1,2,0,2,0
MultiLineString,1,8,7,1,8,205,11,0,4,0.8799999952316284,7,9
MultiPoint,1,8,7,1,5,176,11,0,4,0.5,7,11
MultiPolygon,1,7,6,1,7,174,12,0,4,0.7099999785423279,8,12
Point,4,23,19,1,21,555,34,0,3,0.7799999713897705,10,23
Polygon,3,22,19,1,17,603,53,0,3,0.1800000071525574,16,28
PolygonException,0,1,0,0,1,12,1,0,0,-1,0,0
PrecisionModel,6,15,5,1,15,343,23,0,0,0.3300000131130219,2,14
SizeD,3,2,3,0,2,55,2,0,1,1,0,0
TopologyException,1,3,1,0,2,41,4,0,0,0.6700000166893005,1,1
Triangle,3,1,4,0,1,62,1,0,0,0,1,1
UnsupportedGeometryException,0,1,0,0,1,10,1,0,0,-1,0,0
Vector,0,38,4,0,37,654,46,0,1,-1,9,2
TopologyText,2,1,26,0,0,257,1,0,0,0,0,5
ClassNotSupportedException,0,1,0,0,1,12,1,0,0,-1,0,0
ShouldNeverReachHereException,0,1,0,0,1,12,1,0,0,-1,0,0
BeBinaryReader,0,8,0,0,8,174,8,0,0,-1,0,0
BeBinaryWriter,0,10,0,0,10,133,10,0,0,-1,0,0
ByteOrder,0,0,0,0,0,11,0,0,0,-1,0,2
CoordinateArraySequenceFactory,1,5,0,1,4,49,5,0,1,1,3,1
CoordinateListSequenceFactory,1,4,0,1,4,45,4,0,1,1,3,0
WkbReader,1,15,1,0,4,248,27,0,0,0.2700000107288361,16,1
GmlWriter,2,22,1,0,2,332,47,0,0,0.1400000005960464,18,1
GeometryEditor,1,5,0,0,3,150,19,0,0,0.4000000059604645,17,2
CoordinateOperation,0,2,0,0,2,31,5,2,1,-1,8,0
IGeometryEditorOperation,0,1,0,0,0,14,1,1,0,-1,2,1
GeometryTransformer,4,12,1,0,1,220,40,2,0,0,14,2
LinearComponentExtracter,1,3,0,0,3,37,4,0,1,0.6700000166893005,2,2
PointExtracter,1,3,0,0,3,36,4,0,1,0.6700000166893005,2,1
PolygonExtracter,1,3,0,0,3,36,4,0,1,0.6700000166893005,2,1
ShortCircuitedGeometryVisitor,1,3,0,0,1,35,6,3,0,0,2,0
WkbGeometryType,0,0,0,0,0,31,0,0,0,-1,0,2
WkbWriter,2,24,0,0,4,330,51,0,0,0.1700000017881393,19,1
WktWriter,3,29,0,0,8,485,40,0,0,0.1400000005960464,14,1
Assert,0,5,0,0,4,47,8,0,0,-1,0,29
AssertionFailedException,0,2,0,0,2,13,2,0,0,-1,0,0
CollectionUtil,0,3,0,0,3,53,7,0,0,-1,0,1
Global,2,2,0,0,1,21,2,0,0,0,0,0
HexConverter,0,2,0,0,1,79,7,0,0,-1,0,2
UniqueCoordinateArrayFilter,2,1,1,0,1,29,2,0,1,0,1,1
Depth,2,13,0,0,13,190,31,0,0,0,3,2
DirectedEdge,9,8,12,0,7,271,18,0,1,0.25,8,12
DirectedEdgeStar,4,15,1,0,13,385,60,0,1,0.800000011920929,11,7
Edge,8,14,16,0,13,428,33,0,1,0.7099999785423279,11,27
EdgeEnd,8,10,8,0,7,205,13,2,0,0.4000000059604645,7,12
EdgeEndStar,3,12,6,0,8,343,40,2,0,0.1700000017881393,9,6
EdgeIntersection,3,5,3,0,5,115,10,0,0,0.800000011920929,1,7
EdgeIntersectionList,2,8,1,0,8,133,16,0,0,0,3,8
EdgeList,2,8,1,0,8,137,17,0,0,0,3,2
EdgeNodingValidator,1,3,0,0,2,35,4,0,0,0,2,0
EdgeRing,10,14,10,0,8,320,26,2,0,0.2099999934434891,14,6
GeometryGraph,7,20,4,0,10,378,40,0,1,0.1500000059604645,27,15
GraphComponent,5,4,7,0,2,117,4,2,0,0.75,3,3
Label,1,25,1,0,25,280,31,0,0,0,3,23
Node,2,10,3,0,10,156,17,1,1,0.6000000238418579,7,17
NodeFactory,0,1,0,0,1,11,1,2,0,-1,2,2
NodeMap,2,8,1,0,8,109,13,0,0,0,6,7
PlanarGraph,3,19,4,0,17,283,34,1,0,0.1599999964237213,13,6
PositionType,0,0,0,0,0,19,0,0,0,-1,0,19
Position,0,1,0,0,1,17,3,0,0,-1,1,2
QuadrantOp,0,7,0,0,6,95,16,0,0,-1,1,6
TopologyLocation,1,18,4,0,17,263,33,0,0,0,3,1
TwoHorizontalEdgesException,0,1,0,0,1,12,1,0,0,-1,0,0
EdgeSetIntersector,0,2,0,0,2,15,2,3,0,-1,1,1
MonotoneChain,2,2,0,0,2,24,2,0,0,0,2,1
MonotoneChainEdge,5,6,2,0,5,137,16,0,0,0,5,3
MonotoneChainIndexer,0,3,0,0,2,55,6,0,0,-1,1,1
SegmentIntersector,10,7,4,1,4,210,24,0,0,0.2899999916553497,4,10
SimpleEdgeSetIntersector,0,3,0,0,2,56,10,0,1,-1,2,0
SimpleMcSweepLineIntersector,2,8,0,0,2,142,20,0,1,0,5,1
SimpleSweepLineIntersector,2,8,0,0,2,130,19,0,1,0,4,0
SweepLineEvent,8,2,6,2,2,124,7,0,0,0,0,2
SweepLineSegment,3,2,2,0,2,50,2,0,0,0,2,1
CentroidArea,3,8,2,0,2,127,12,0,0,0.25,8,0
CentroidLine,2,2,1,0,2,52,4,0,0,1,4,0
CentroidPoint,2,2,1,0,2,46,3,0,0,1,4,0
CgAlgorithms,6,10,0,6,10,364,32,0,0,0.699999988079071,3,25
ConvexHull,2,13,0,0,3,336,49,0,0,0.2300000041723251,11,2
RadialComparator,1,3,0,0,2,51,7,0,0,0,2,0
HCoordinate,3,7,4,0,7,129,9,0,0,0.2899999916553497,1,1
InteriorPointArea,3,8,1,0,3,118,14,0,0,0.25,8,0
InteriorPointLine,3,6,1,0,1,94,11,0,0,0,5,0
InteriorPointPoint,3,3,1,0,1,54,5,0,0,0,4,0
IntersectionType,0,0,0,0,0,15,0,0,0,-1,0,3
IPointInRing,0,1,0,0,0,9,1,3,0,-1,1,1
LineIntersector,6,16,12,0,13,392,28,2,0,0.1899999976158142,4,23
McPointInRing,4,5,0,0,2,128,10,0,1,0,13,1
McSelecter,2,2,0,0,2,23,2,0,1,0,3,1
MinimumDiameter,6,7,4,0,2,189,15,0,0,0.2899999916553497,7,1
NonRobustCgAlgorithms,0,3,0,0,3,119,13,0,0,-1,1,0
NonRobustLineIntersector,0,5,0,0,3,214,21,0,1,-1,3,0
NotRepresentableException,0,1,0,0,1,7,1,0,0,-1,0,0
PointLocator,2,7,0,0,2,141,26,0,0,0,12,4
RobustDeterminant,0,1,0,0,1,285,30,0,0,-1,0,3
RobustLineIntersector,0,6,0,0,2,277,26,0,1,-1,6,0
SimplePointInAreaLocator,0,4,0,0,2,68,15,0,0,-1,9,2
SimplePointInRing,1,2,0,0,2,26,2,0,1,0,3,0
SiRtreePointInRing,3,4,0,0,2,82,10,0,1,0,6,0
ArrayListVisitor,1,1,1,0,1,24,1,0,1,0,0,1
IIndexVisitor,0,1,0,0,0,8,1,0,0,-1,0,0
IItemVisitor,0,1,0,0,0,8,1,3,0,-1,0,5
ISpatialIndex,0,4,0,0,0,31,4,2,0,-1,2,3
Bintree,2,8,3,0,7,140,11,0,0,0.25,2,1
Interval,2,10,3,0,10,139,13,0,0,0.6000000238418579,0,6
Key,3,4,3,0,3,84,5,0,0,0,2,1
Node,3,9,1,0,6,155,17,0,1,0,4,2
NodeBase,2,5,5,0,4,145,14,2,0,0.4000000059604645,2,2
Root,1,3,0,0,1,70,6,0,1,0.6700000166893005,5,1
MonotoneChain,6,6,6,0,4,201,18,0,0,0,6,8
MonotoneChainBuilder,0,6,0,0,4,92,10,0,0,-1,2,2
MonotoneChainOverlapAction,2,2,4,0,2,49,2,1,0,0,3,2
MonotoneChainSelectAction,2,2,0,1,2,24,2,2,0,0,3,2
FarthestNeighborList,1,3,5,0,3,123,6,0,0,0,0,2
HPoint,1,6,1,0,6,114,12,0,1,0.5,0,3
HRect,2,9,4,0,9,204,16,0,0,0.2199999988079071,1,2
KdNode,5,8,1,0,6,408,35,0,0,0,4,1
KdTree,3,10,2,0,10,209,24,0,0,0,5,0
KeyDuplicateException,0,1,0,0,1,10,1,0,0,-1,0,0
KeyMissingException,0,1,0,0,1,10,1,0,0,-1,0,0
KeySizeException,0,1,0,0,1,10,1,0,0,-1,0,0
NearestNeighborList,4,3,5,2,3,113,5,0,0,0,1,2
NeighborsOutOfRangeException,0,1,0,0,1,10,1,0,0,-1,0,0
PriorityQueue,5,13,0,0,9,238,21,0,0,0,0,1
NegativeArgumentException,0,1,0,0,1,11,1,0,0,-1,0,0
DoubleBits,3,10,3,1,10,165,15,0,0,0.300000011920929,1,3
IntervalSize,1,1,0,1,1,26,2,0,0,0,1,2
Key,3,4,4,0,3,98,5,0,0,0,3,1
Node,3,9,1,0,6,178,17,0,1,0,6,2
NodeBase,2,8,9,0,6,284,32,2,0,0.25,4,2
Quadtree,2,8,2,0,7,156,13,0,1,0,7,2
Root,1,3,0,0,1,67,6,0,1,0.6700000166893005,6,1
AbstractNode,3,3,3,0,1,76,3,1,1,1,2,1
AbstractStRtree,4,20,5,0,1,407,57,2,0,0.25,6,2
IIntersectsOp,0,1,0,0,0,12,1,1,0,-1,0,2
IBoundable,0,0,1,0,0,14,0,2,0,-1,0,7
Interval,2,6,1,0,6,71,7,0,0,0.3300000131130219,1,3
ItemBoundable,2,1,2,0,1,37,1,0,1,0,0,1
SiRtree,2,7,1,0,5,138,7,0,1,0.8600000143051147,3,2
AnnonymousComparerImpl,0,1,0,0,1,16,1,0,0,-1,3,0
AnonymousAbstractNodeImpl,0,4,0,0,2,47,8,0,2,-1,3,2
AnonymousIntersectsOpImpl,0,2,0,0,2,29,2,0,1,-1,2,0
StRtree,0,15,1,0,6,298,20,0,1,-1,8,3
AnonymousXComparerImpl,1,2,0,0,2,25,2,0,0,0,2,0
AnonymousYComparerImpl,1,2,0,0,2,25,2,0,0,0,2,1
ISweepLineOverlapAction,0,1,0,0,0,9,1,1,0,-1,1,1
SweepLineEvent,5,2,5,0,2,109,6,0,0,0,2,1
SweepLineEventType,0,0,0,0,0,11,0,0,0,-1,0,1
SweepLineIndex,3,4,0,0,2,75,11,0,0,0,3,1
SweepLineInterval,3,2,3,0,2,36,2,0,0,1,0,5
INoder,0,2,0,0,0,16,2,5,0,-1,0,2
IntersectionAdder,9,4,5,1,2,165,14,0,1,0,3,1
IntersectionFinderAdder,2,2,1,0,2,59,6,0,1,0,3,2
InvalidOctantException,0,1,0,0,1,12,1,0,0,-1,0,0
ISegmentIntersector,0,1,0,0,0,13,1,2,0,-1,1,4
IteratedNoder,4,4,1,1,3,91,4,0,1,0,4,0
McIndexNoder,5,6,2,0,4,130,11,0,1,0.5,6,3
SegmentOverlapAction,1,2,0,0,2,25,2,0,1,0,3,0
NodingValidator,2,11,0,0,2,150,27,0,0,0,3,1
OctantDirection,0,0,0,0,0,39,0,0,0,-1,0,4
Octant,0,2,0,0,2,44,7,0,0,-1,2,1
OrientedCoordinateArray,2,4,0,0,2,68,9,0,0,0,2,1
ScaledNoder,5,8,1,0,4,116,12,0,1,0.5,4,0
SegmentNode,4,4,1,2,4,81,9,0,0,0,4,2
SegmentNodeList,2,11,1,0,5,210,25,0,0,0.1800000071525574,4,2
NodeVertexIterator,6,5,4,0,3,96,10,0,0,0.4000000059604645,3,0
SegmentPointComparator,0,3,0,0,2,75,11,0,0,-1,2,1
SegmentString,3,8,5,0,8,169,13,0,0,0.25,5,19
SegmentStringDissolver,2,6,1,0,4,93,8,0,0,0.5,3,0
ISegmentStringMerger,0,1,0,0,0,14,1,0,0,-1,1,1
SimpleNoder,1,5,0,0,4,55,9,0,1,0.6000000238418579,2,0
SinglePassNoder,1,4,1,0,2,49,4,2,1,1,1,1
HotPixel,12,8,1,0,4,167,21,0,0,0,4,4
McIndexPointSnapper,1,3,0,0,3,116,3,0,0,0,6,1
HotPixelSnapAction,4,2,1,0,2,43,4,0,1,0,4,2
QueryVisitor,2,2,0,0,2,25,2,0,1,0,3,0
McIndexSnapRounder,5,8,0,0,4,112,12,0,1,0,8,0
SimpleSnapRounder,3,10,0,0,5,154,21,0,1,0,7,1
BufferBuilder,6,7,3,0,1,213,16,0,0,0,21,1
BufferOp,7,11,2,0,7,217,14,0,0,0,8,1
BufferSubgraph,4,11,3,0,5,238,26,0,0,0.1800000071525574,8,2
OffsetCurveBuilder,15,19,2,1,4,476,39,0,0,0.1099999994039536,8,2
OffsetCurveSetBuilder,4,12,0,0,2,228,26,0,0,0,24,1
RightmostEdgeFinder,4,6,2,0,1,158,20,0,0,0,9,1
SubgraphDepthLocater,2,5,0,0,2,181,16,0,0,0.4000000059604645,8,1
DepthSegment,2,3,1,0,2,71,5,0,0,0,3,1
ConnectedElementLocationFilter,1,3,0,0,2,35,4,0,1,0.6700000166893005,4,1
ConnectedElementPointFilter,1,3,0,0,2,34,4,0,1,0.6700000166893005,5,0
DistanceOp,5,19,0,0,7,354,53,0,0,0.1099999994039536,16,1
GeometryLocation,4,2,4,1,2,69,2,0,0,1,2,1
GeometryGraphOperation,2,3,3,0,3,73,3,2,0,0,4,0
IsSimpleOp,0,7,0,0,3,175,22,0,0,-1,13,0
EndpointInfo,3,2,3,0,2,49,2,0,0,1,1,1
EdgeString,3,3,1,0,3,58,3,0,0,0.6700000166893005,4,1
LineMergeDirectedEdge,0,1,1,0,1,34,1,0,1,-1,2,2
LineMergeEdge,1,1,1,0,1,88,1,0,1,0,1,0
LineMergeGraph,0,2,0,0,1,39,4,0,1,-1,6,1
LineMerger,4,10,1,0,2,178,20,0,0,0.300000011920929,10,1
AnonymousGeometryComponentFilterImpl,1,2,0,0,2,23,3,0,1,0,3,0
EdgeSetNoder,2,2,1,0,2,43,3,0,0,1,1,0
LineBuilder,5,9,0,0,4,174,24,0,0,0,14,1
MaximalEdgeRing,0,5,0,0,5,63,5,0,1,-1,5,2
MinimalEdgeRing,0,3,0,0,3,28,3,0,1,-1,3,1
OverlayNodeFactory,0,1,0,0,1,12,1,0,1,-1,2,0
SpatialFunction,0,0,0,0,0,19,0,0,0,-1,0,4
OverlayOp,8,22,1,0,7,486,57,0,1,0,22,3
PointBuilder,2,4,0,0,2,71,9,0,0,0,9,1
PolygonBuilder,2,12,1,0,4,269,34,0,0,0,13,2
DuplicateEdgeException,0,1,0,0,1,10,1,0,0,-1,0,0
EdgeRing,5,9,6,0,6,225,25,0,0,0.4399999976158142,9,3
LineStringAdder,1,2,0,0,2,29,3,0,1,0,3,1
NullEdgeException,0,1,0,0,1,10,1,0,0,-1,0,0
PolygonizeDirectedEdge,3,1,4,0,1,78,1,0,1,0,3,1
PolygonizeEdge,1,1,1,0,1,22,1,0,1,0,1,2
PolygonizeGraph,1,18,0,0,6,400,59,0,1,0.2199999988079071,12,1
Polygonizer,8,8,4,0,3,184,18,0,0,0.3799999952316284,5,1
RectangleContains,1,7,0,0,3,120,21,0,0,0,10,1
RectangleIntersects,3,3,0,1,3,58,7,0,0,0,7,2
EnvelopeIntersectsVisitor,2,4,0,0,2,61,8,0,1,0,3,1
ContainsPointVisitor,3,4,0,0,2,51,9,0,1,0,7,1
LineIntersectsVisitor,4,5,0,0,2,64,8,0,1,0,8,1
SegmentIntersectionTester,6,2,0,0,1,49,7,0,0,0,3,1
EdgeEndBuilder,0,4,0,0,4,104,11,0,0,-1,6,2
EdgeEndBundle,1,9,1,0,6,176,24,0,1,0.2199999988079071,7,1
EdgeEndBundleStar,0,2,0,0,2,33,4,0,1,-1,3,1
RelateComputer,5,13,0,0,2,326,31,0,0,0,22,1
RelateNode,0,3,0,0,3,25,3,0,2,-1,6,3
RelateNodeFactory,0,1,0,0,1,12,1,0,1,-1,2,0
RelateNodeGraph,1,5,0,0,5,91,10,0,0,0,11,1
RelateOp,1,2,1,0,2,36,2,0,1,1,3,1
ConnectedInteriorTester,3,9,1,0,2,197,25,0,0,0,16,1
ConsistentAreaTester,4,1,4,0,1,99,1,0,0,0,4,1
IsValidOp,3,24,3,0,3,520,91,0,0,0.07999999821186066,24,3
QuadtreeNestedRingTester,5,4,1,0,3,78,10,0,0,0,9,1
RepeatedPointTester,1,4,1,0,1,80,17,0,0,0.5,11,0
ShellHoleIdentityException,0,1,0,0,1,12,1,0,0,-1,0,0
SimpleNestedRingTester,3,3,1,0,3,60,8,0,0,0,7,0
SweeplineNestedRingTester,4,5,1,0,3,124,8,0,0,0.4000000059604645,11,1
OverlapAction,2,2,1,0,2,39,4,0,1,0,3,1
TopologyValidationError,3,3,3,0,3,78,4,0,0,0.6700000166893005,2,1
TopologyValidationErrorType,0,0,0,0,0,65,0,0,0,-1,0,2
ConnectedSubgraphFinder,1,5,0,0,2,72,11,0,0,0,7,0
DirectedEdge,9,7,11,0,6,258,10,2,1,0.4300000071525574,5,9
DirectedEdgeStar,2,8,4,0,7,147,14,0,0,0,2,5
Edge,0,7,3,0,6,167,11,2,1,-1,2,9
GraphComponent,2,3,3,0,3,145,7,3,0,1,0,1
Node,2,7,4,0,6,117,8,0,1,0.4300000071525574,4,10
NodeMap,1,4,1,0,4,55,5,0,0,0,2,2
PlanarGraph,3,11,3,0,8,173,17,2,0,0,6,2
Subgraph,4,7,0,0,7,85,8,0,0,0.2899999916553497,4,1
CommonBits,4,6,1,0,6,110,10,0,0,0.3300000131130219,1,1
CommonBitsOp,2,10,0,0,7,121,11,0,0,0.2000000029802322,2,1
CommonBitsRemover,2,3,1,0,3,115,4,0,0,0,5,1
CommonCoordinateFilter,2,1,1,0,1,26,1,0,1,0,2,1
Translater,1,2,0,0,2,23,2,0,1,0,1,1
EnhancedPrecisionOp,0,6,0,0,5,195,11,0,0,-1,3,0
SimpleGeometryPrecisionReducer,3,2,2,0,2,128,3,0,0,0,4,2
PrecisionReducerCoordinateOperation,1,2,0,0,2,57,8,0,2,0,7,0
DouglasPeuckerLineSimplifier,4,4,0,0,1,74,12,0,0,0,2,1
DouglasPeuckerSimplifier,2,3,1,0,3,114,3,0,0,0,3,1
DpTransformer,1,5,0,0,1,62,6,0,1,0.4000000059604645,7,1
LineSegmentIndex,1,4,0,0,4,46,5,0,0,0.5,6,2
LineSegmentVisitor,2,2,1,0,2,36,3,0,1,0,2,1
TaggedLineSegment,2,2,2,0,2,44,2,0,3,1,2,3
TaggedLinesSimplifier,3,1,1,0,1,38,3,0,0,0,2,1
TaggedLineString,4,8,6,0,6,149,11,0,0,0.25,7,4
TaggedLineStringSimplifier,6,11,1,0,2,224,28,0,0,0,7,1
TopologyPreservingSimplifier,3,3,1,0,3,121,3,0,0,0,3,2
LineStringMapBuilderFilter,1,2,0,0,2,31,3,0,1,0,5,0
LineStringTransformer,1,2,0,0,1,28,3,0,1,0,5,1
Fortune,3,5,0,3,3,207,39,0,0,0.800000011920929,9,3
HashSet<T>,1,7,2,0,6,77,7,0,0,0,0,0
MathTools,0,2,0,0,2,37,6,0,0,-1,0,2
Vector2,3,9,1,3,8,173,14,0,0,0,1,7
VEvent,0,1,2,0,1,14,2,2,0,-1,0,1
VDataEvent,1,1,2,1,1,22,1,0,1,0,1,2
VCircleEvent,5,0,2,5,0,22,0,0,1,-1,2,2
VNode,3,9,3,0,4,261,26,2,0,0.2199999988079071,9,1
VDataNode,1,1,0,1,1,8,1,0,1,0,1,3
VEdgeNode,2,2,0,2,2,16,3,0,1,0,3,1
VoronoiEdge,5,1,5,4,1,103,2,0,0,0,2,3
VoronoiGraph,2,0,0,2,0,13,0,0,0,-1,0,2
AuthorityCodeHandler,3,10,1,0,4,173,15,0,0,0,1,1
AuxiliarySphereType,0,0,0,0,0,23,0,0,0,-1,0,3
DatNadTable,0,4,0,0,4,76,4,0,1,-1,2,0
DatumTransform,2,4,3,0,3,184,16,0,1,0,5,0
TransformMethod,0,0,0,0,0,9,0,0,0,-1,0,2
DatumTransformStage,14,5,14,0,5,202,5,0,1,0.4000000059604645,2,0
GridShiftTableFormat,0,0,0,0,0,20,0,0,0,-1,0,5
GsbNadTable,0,7,0,0,4,135,11,0,1,-1,3,0
ICoordinateSystemCategoryHolder,0,1,1,0,0,15,1,2,0,-1,0,1
IDatumTransform,0,1,0,0,0,13,1,1,0,-1,1,1
IDatumTransformStage,0,0,14,0,0,59,0,1,0,-1,0,1
LasLosNadTable,1,5,0,0,4,95,5,0,1,0.800000011920929,2,0
LlaNadTable,0,4,0,0,4,96,7,0,1,-1,3,0
ProjCloneableEM,0,1,0,0,1,15,2,0,0,-1,0,0
IProjDescriptor,0,1,0,0,0,11,1,1,1,-1,0,0
IProjMatchable,0,1,0,0,0,12,1,1,0,-1,0,2
IProjRandomizable,0,1,0,0,0,9,1,1,0,-1,0,1
ProjMatchableEM,0,1,0,0,1,16,1,0,0,-1,1,0
AngularUnit,2,3,2,0,3,65,6,0,1,0,0,6
CoordinateSystemCategory,1,4,1,0,4,68,7,50,0,0.75,1,4
ProjCopyBase,0,4,0,0,0,89,15,1,0,-1,2,0
Datum,7,8,7,0,8,389,41,0,1,0.3799999952316284,3,53
DatumType,0,0,0,0,0,23,0,0,0,-1,0,4
ProjDescriptor,0,8,0,0,3,248,38,7,2,-1,3,1
GeocentricGeodetic,10,6,0,0,3,352,12,0,0,0,1,3
GeographicInfo,4,4,4,0,4,93,7,0,3,0.5,3,57
GeographicSystems,13,2,13,0,1,101,3,0,1,1,13,21
GridShift,4,6,0,0,3,268,28,0,0,0,5,2
IEsriString,0,2,0,0,0,17,2,7,0,-1,0,0
IProjectionCategory,0,0,4,0,0,37,0,0,0,-1,0,0
IReproject,0,1,0,0,0,14,1,0,0,-1,1,0
KnownCoordinateSystems,2,0,2,0,0,29,0,0,0,-1,2,58
LinearUnit,2,4,2,0,4,132,7,0,3,0,0,4
Meridian,3,10,4,0,9,299,18,0,3,0.300000011920929,1,5
MeridionalDistance,15,3,0,0,3,72,5,0,0,0.6700000166893005,0,2
NadTable,15,12,13,0,9,301,17,4,0,0.6700000166893005,2,3
NadTables,1,3,1,0,3,75,12,0,0,0,1,1
PhiLam,2,0,0,2,0,11,0,0,0,-1,0,6
Proj4Datum,0,0,0,0,0,43,0,0,0,-1,0,2
Proj4Ellipsoid,0,0,0,0,0,184,0,0,0,-1,0,6
Proj4Meridian,0,0,0,0,0,55,0,0,0,-1,0,3
ProjectedSystems,38,2,38,0,1,225,3,0,1,1,38,43
ProjectionException,1,3,1,0,3,133,4,0,0,0.6700000166893005,1,0
ProjectionInfo,7,19,47,0,14,1116,87,0,3,0.1099999994039536,15,166
InvalidEsriFormatException,1,1,1,0,1,23,1,0,0,0,0,0
ProjectionMessages,2,1,52,0,0,491,1,0,0,0,0,3
ProjectionNames,2,1,3,0,0,50,1,0,0,0,0,0
Reproject,1,9,0,0,3,435,65,0,0,0,13,8
Spheroid,6,16,7,0,15,605,25,0,3,0,1,11
ProjShallowCopy,0,0,0,0,0,3,0,0,0,-1,0,2
Africa,76,1,0,76,1,318,1,0,1,0,3,1
Antarctica,5,1,0,5,1,34,1,0,1,0,3,1
Asia,68,1,0,68,1,286,1,0,1,0,3,1
Australia,6,1,0,6,1,37,1,0,1,0,3,1
CountySystems,158,1,0,158,1,501,1,0,1,0,3,1
Europe,74,1,0,74,1,305,1,0,1,0,3,2
NorthAmerica,27,1,0,27,1,94,1,0,1,0,2,2
Oceans,90,1,0,90,1,373,1,0,1,0,3,1
SolarSystem,71,1,0,71,1,297,1,0,1,0,3,1
SouthAmerica,26,1,0,26,1,117,1,0,1,0,3,1
SpheroidBased,43,1,0,43,1,185,1,0,1,0,3,1
World,16,1,0,16,1,77,1,0,1,0,3,10
Africa,4,1,0,4,1,33,1,0,1,0,3,1
Asia,7,1,0,7,1,48,1,0,1,0,3,1
Europe,7,1,0,7,1,49,1,0,1,0,3,1
GaussKrugerBeijing1954,64,1,0,64,1,285,1,0,1,0,3,1
GaussKrugerOther,15,1,0,15,1,88,1,0,1,0,3,1
GaussKrugerPulkovo1942,178,1,0,178,1,903,1,0,1,0,3,1
GaussKrugerPulkovo1995,178,1,0,178,1,903,1,0,1,0,3,0
KrugerXian1980,64,1,0,64,1,333,1,0,1,0,3,1
Minnesota,188,1,0,188,1,953,1,0,1,0,3,1
Nad1983IntlFeet,15,1,0,15,1,47,1,0,1,0,1,1
NationalGrids,274,1,0,274,1,1323,1,0,1,0,3,4
NationalGridsAustralia,45,1,0,45,1,238,1,0,1,0,3,1
NationalGridsCanada,91,1,0,91,1,468,1,0,1,0,3,2
NationalGridsIndia,25,1,0,25,1,138,1,0,1,0,3,1
NationalGridsJapan,38,1,0,38,1,203,1,0,1,0,3,1
NationalGridsNewZealand,68,1,0,68,1,353,1,0,1,0,3,1
NationalGridsNorway,19,1,0,19,1,108,1,0,1,0,3,1
NationalGridsSweden,25,1,0,25,1,138,1,0,1,0,3,1
NorthAmerica,11,1,0,11,1,68,1,0,1,0,3,2
Polar,17,1,0,17,1,98,1,0,1,0,3,2
SouthAmerica,3,1,0,3,1,28,1,0,1,0,3,1
SpheroidBased,2,1,0,2,1,23,1,0,1,0,1,1
StatePlaneNad1927,123,1,0,123,1,628,1,0,1,0,3,2
StatePlaneNad1983,128,1,0,128,1,783,1,0,1,0,3,2
StatePlaneNad1983Feet,124,1,0,124,1,633,1,0,1,0,3,2
StatePlaneNad1983Harn,111,1,0,111,1,568,1,0,1,0,3,1
StatePlaneNad1983HarnFeet,69,1,0,69,1,358,1,0,1,0,3,1
StatePlaneOther,16,1,0,16,1,93,1,0,1,0,3,1
StateSystems,15,1,0,15,1,88,1,0,1,0,3,2
TransverseMercatorSystems,18,1,0,18,1,49,1,0,1,0,1,1
UtmNad1927,24,1,0,24,1,133,1,0,1,0,3,1
UtmNad1983,120,1,0,120,1,613,1,0,1,0,3,1
UtmOther,289,1,0,289,1,1449,1,0,1,0,3,1
UtmWgs1972,120,1,0,120,1,613,1,0,1,0,3,1
UtmWgs1984,131,1,0,131,1,668,1,0,1,0,3,3
Wisconsin,144,1,0,144,1,733,1,0,1,0,3,1
World,35,1,0,35,1,200,1,0,1,0,6,5
WorldSpheroid,31,1,0,31,1,169,1,0,1,0,3,2
Aitoff,0,2,0,0,1,35,4,0,1,-1,0,0
AlbersConicEqualArea,0,1,0,0,1,13,1,0,1,-1,0,0
AlbersEqualArea,13,6,2,0,1,193,18,2,1,0.3300000131130219,2,0
AnalyticModes,0,0,0,0,0,20,0,0,0,-1,0,3
AzimuthalEquidistant,11,8,0,0,1,349,29,0,1,0.25,3,0
BipolarObliqueConformalConic,19,4,0,0,1,218,26,0,1,0.5,2,0
Bonne,5,6,0,0,1,135,16,0,1,0.3300000131130219,2,0
Cassini,16,6,0,0,1,115,11,0,1,0.3300000131130219,2,0
DoubleStereographic,5,4,0,0,1,85,7,0,1,0.5,3,0
Extensions,0,2,0,0,2,28,3,0,0,-1,0,0
GaussKruger,0,1,0,0,1,13,1,0,1,-1,0,0
HotineObliqueMercatorAzimuthNaturalOrigin,13,5,0,0,1,211,18,0,1,0.4000000059604645,4,0
MercatorAuxiliarySphere,2,8,0,0,1,150,23,0,1,0.25,5,0
CrasterParabolic,5,3,0,0,1,49,5,0,1,0.6700000166893005,0,0
CylindricalEqualArea,3,6,0,0,1,105,15,0,1,0.3300000131130219,2,0
Eckert1,2,3,0,0,1,45,5,0,1,0.6700000166893005,0,0
Eckert2,4,3,0,0,1,63,9,0,1,0.6700000166893005,0,0
Eckert3,4,3,0,0,1,47,5,0,1,0.6700000166893005,1,0
Eckert4,5,3,0,0,1,71,8,0,1,0.6700000166893005,1,0
Eckert5,4,3,0,0,1,46,5,0,1,0.6700000166893005,0,0
Eckert6,0,2,0,0,1,25,2,0,1,-1,1,0
EllipticalTransform,0,6,0,0,0,71,8,12,1,-1,0,0
EquidistantConic,7,5,0,0,1,125,15,0,1,0.4000000059604645,4,0
EquidistantCylindrical,1,4,0,0,1,52,8,0,1,0.5,1,0
Factors,13,0,0,13,0,55,0,0,0,-1,1,4
Foucaut,0,2,0,0,1,23,2,0,1,-1,1,0
GallStereographic,4,3,0,0,1,47,5,0,1,0.6700000166893005,0,0
Gauss,6,4,0,0,1,73,9,0,1,0,0,2
GeneralSinusoidal,0,2,0,0,1,31,3,0,1,-1,1,0
GeostationarySatellite,7,6,0,0,1,175,17,0,2,0.3300000131130219,2,0
Gnomonic,3,4,0,0,1,141,11,0,1,0.5,3,0
GoodeHomolosine,4,4,0,0,1,74,8,0,1,0.5,3,0
HammerAitoff,3,3,0,0,1,62,8,0,1,0.6700000166893005,1,0
HotineObliqueMercatorAzimuthCenter,13,5,0,0,1,219,21,0,1,0.4000000059604645,4,0
ITransform,0,4,3,0,0,56,4,1,0,-1,2,6
Kavraisky5,0,2,0,0,1,23,2,0,1,-1,1,0
Kavraisky7,4,3,0,0,1,47,5,0,1,0.6700000166893005,1,0
KnownTransform,0,0,0,0,0,239,0,0,0,-1,0,1
Krovak,1,4,0,0,1,179,10,0,1,0.5,1,0
LambertAzimuthalEqualArea,9,6,0,0,1,292,27,0,2,0.3300000131130219,3,0
LambertConformalConic,7,5,0,0,1,196,20,0,1,0.4000000059604645,7,0
LambertEqualAreaConic,0,2,0,0,1,25,2,0,2,-1,1,0
LongLat,2,4,0,0,1,55,6,0,1,0.5,3,0
Loximuthal,4,4,0,0,1,76,10,0,1,0.5,1,0
McBrydeThomasFlatPolarSine,0,2,0,0,1,23,2,0,1,-1,1,0
Mercator,0,6,0,0,1,110,17,0,2,-1,2,0
MillerCylindrical,0,3,0,0,1,45,5,0,1,-1,0,0
Mollweide,5,5,3,0,1,110,10,2,1,0.4000000059604645,2,1
NewZealandMapGrid,8,4,0,0,1,117,11,0,1,0.5,2,0
ObliqueCylindricalEqualArea,5,4,0,0,1,92,8,0,1,0.5,1,0
ObliqueMercator,18,5,0,0,1,289,24,1,1,0.4000000059604645,4,0
ObliqueStereographicAlternative,5,4,0,0,1,85,7,0,1,0.5,3,0
Orthographic,3,4,0,0,1,165,11,0,1,0.5,3,0
Polyconic,7,6,0,0,1,181,15,0,2,0.3300000131130219,2,0
Proj,4,17,0,0,17,284,27,0,0,0.8799999952316284,1,34
PutinsP1,4,3,0,0,1,47,5,0,1,0.6700000166893005,1,0
QuarticAuthalic,4,5,0,0,1,88,9,3,1,0.4000000059604645,2,0
Robinson,9,5,0,0,1,151,11,0,1,0,0,0
Sinusoidal,5,7,2,0,1,132,13,2,2,0.2899999916553497,2,1
Stereographic,8,7,0,0,1,303,26,2,2,0.2899999916553497,3,1
StereographicNorthPole,0,1,0,0,1,12,1,0,3,-1,0,0
SwissObliqueMercator,8,4,0,0,1,103,9,0,1,0.5,2,0
Transform,19,10,18,0,6,319,18,41,1,0.6000000238418579,9,0
Modes,0,0,0,0,0,19,0,0,0,-1,0,5
TransformManager,2,3,2,0,3,146,11,0,0,0,1,3
TransverseMercator,11,6,0,0,1,224,20,2,2,0.3300000131130219,2,1
TwoPointEquidistant,17,4,0,0,1,117,9,0,2,0.5,2,0
UniversalPolarStereographic,0,2,0,0,1,29,3,0,3,-1,2,0
UniversalTransverseMercator,0,2,0,0,1,46,4,0,3,-1,3,0
VanderGrinten1,7,3,0,0,1,124,11,0,2,0.6700000166893005,0,0
Wagner4,0,2,0,0,1,21,2,0,2,-1,1,0
Wagner5,0,2,0,0,1,25,2,0,2,-1,1,0
Wagner6,4,3,0,0,1,49,5,0,2,0.6700000166893005,1,0
Winkel1,1,4,0,0,1,52,6,0,2,0.5,1,0
Winkel2,4,3,0,0,1,58,7,0,2,0.6700000166893005,1,0
WinkelTripel,1,3,0,0,1,56,7,0,2,0.6700000166893005,1,0
MemberInfoExtensions,0,2,0,0,2,19,2,0,0,-1,0,0
