Type,NOF,NOM,NOP,NOPF,NOPM,LOC,WMC,NC,DIT,LCOM,Fan-Out,Fan-In
FormattedDatabaseTraceListenerData,4,3,4,0,3,90,3,0,1,1,0,5
FormattedDatabaseTraceListenerAssembler,0,1,0,0,1,32,1,0,1,-1,9,0
FormattedDatabaseTraceListener,3,10,0,0,4,236,16,0,1,0.2000000029802322,5,2
AddExceptionTypeNodeCommand,0,2,1,0,1,42,3,1,1,-1,6,0
ExceptionHandlingCommandRegistrar,0,8,0,0,2,79,8,0,1,-1,9,1
ExceptionHandlingNodeMapRegistrar,0,2,0,0,2,22,2,0,1,-1,7,1
ExceptionHandlingSettingsBuilder,3,5,0,0,2,51,8,0,0,0,9,1
ExceptionHandlingSettingsNodeBuilder,1,5,0,0,2,46,8,0,1,0,9,1
CustomHandlerNode,2,2,3,0,2,82,4,0,1,1,1,3
ExceptionHandlerNode,0,1,1,0,0,21,1,5,1,-1,0,6
ExceptionHandlingConfigurationDesignManager,0,4,0,0,2,59,7,0,1,-1,11,1
ExceptionHandlingSettingsNode,0,1,1,0,1,25,1,0,1,-1,0,7
ExceptionPolicyNode,0,2,0,0,2,22,2,0,1,-1,1,6
ExceptionTypeNode,2,2,4,0,2,113,3,0,1,1,2,9
ReplaceHandlerNode,2,2,3,0,2,67,3,0,2,1,1,3
WrapHandlerNode,2,2,3,0,2,68,3,0,2,1,1,4
Resources,2,1,30,0,0,294,1,0,0,0,0,3
AddLoggingExceptionHandlerCommand,0,2,0,0,1,21,4,0,1,-1,6,1
ExceptionHandlingLoggingCommandRegistrar,0,3,0,0,2,22,3,0,1,-1,5,0
ExceptionHandlingLoggingConfigurationDesignManager,0,2,0,0,1,38,5,0,1,-1,8,0
ExceptionHandlingLoggingNodeMapRegistrar,0,2,0,0,2,13,2,0,1,-1,3,0
LoggingExceptionHandlerNode,9,5,7,0,2,182,8,0,2,0.4000000059604645,5,6
Resources,2,1,13,0,0,141,1,0,0,0,0,2
AddConnectionStringSettingsNodeCommand,0,2,0,0,1,18,2,0,1,-1,2,1
AddConnectionStringsSectionNodeCommand,0,2,0,0,1,15,2,0,1,-1,2,1
AddDatabaseSectionNodeCommand,1,3,0,0,2,45,4,0,1,0,4,4
ConnectionStringNameValuePair,2,1,2,0,1,21,1,0,0,0,0,3
ConnectionStringParser,0,2,0,0,2,25,5,0,0,-1,1,3
ConnectionStringsCommandRegistrar,0,5,0,0,2,45,5,0,1,-1,6,1
ConnectionStringSettingsNode,1,2,3,0,2,77,3,0,1,1,0,17
ConnectionStringsSectionNode,0,1,1,0,1,24,1,0,1,-1,0,7
ConnectionStringsConfigurationDesignManager,0,4,0,0,2,68,9,0,1,-1,12,0
AddOracleConnectionElementNodeCommand,0,2,0,0,1,16,2,0,1,-1,2,0
ConnectionStringsSectionBuilder,3,4,0,0,2,40,6,0,0,0,6,1
ConnectionStringsSectionNodeBuilder,4,3,0,0,2,38,6,0,1,0,5,1
DatabaseSectionBuilder,2,2,0,0,2,21,4,0,0,0,6,1
DatabaseSectionNodeBuilder,1,2,0,0,2,22,3,0,1,0,3,1
IDatabaseProviderName,0,0,1,0,0,10,0,2,0,-1,0,1
OracleConnectionSettingsBuilder,2,2,0,0,2,27,4,0,0,0,7,1
OracleConnectionNodeBuilder,2,2,0,0,2,39,6,0,1,0,8,1
DataCommandRegistrar,0,4,0,0,2,34,4,0,1,-1,6,1
OracleConnectionCommandRegistrar,0,4,0,0,2,40,4,0,1,-1,5,1
ParameterNode,1,2,1,0,2,39,2,0,1,1,0,3
ProviderMappingNode,1,2,4,0,2,80,3,0,1,1,1,3
OracleConnectionConfigurationDesignManager,0,4,0,0,2,56,6,0,1,-1,10,0
DatabaseSectionNode,2,3,2,0,1,75,5,0,1,0.6700000166893005,3,14
DataConfigurationDesignManager,0,4,0,0,2,57,7,0,1,-1,10,0
OracleConnectionElementNode,0,1,1,0,1,30,1,0,1,-1,0,5
OraclePackageElementNode,1,2,2,0,2,52,3,0,1,1,1,3
ProviderMappingsNode,0,1,1,0,1,27,1,0,1,-1,0,3
ProviderEditor,0,2,0,0,2,28,6,0,0,-1,2,0
ProviderEditorUI,4,5,1,0,1,85,9,0,0,0.4000000059604645,0,1
Resources,2,1,32,0,0,312,1,0,0,0,0,4
AddSecuritySettingsNodeCommand,0,2,0,0,1,26,2,0,1,-1,3,0
CustomAuthorizationProviderNode,2,2,3,0,2,85,4,0,1,1,1,3
AuthorizationProviderCollectionNode,0,1,1,0,1,24,1,0,1,-1,0,4
AuthorizationProviderNode,0,1,1,0,0,21,1,2,1,-1,0,3
AuthorizationRuleNode,1,2,2,0,2,58,3,0,1,1,1,5
AuthorizationRuleProviderNode,0,2,1,0,2,30,3,0,2,-1,1,4
CustomSecurityCacheProviderNode,2,2,3,0,2,82,4,0,1,1,1,3
ExpressionEditor,1,3,0,0,3,47,8,0,0,0.6700000166893005,3,0
ExpressionEditorFormUI,28,21,2,0,1,982,30,0,0,0.1400000005960464,6,1
Identity,2,1,3,0,1,26,1,0,0,0,0,1
ExpressionTextBox,9,6,4,0,1,257,8,0,0,0,7,1
NativeMethods,0,3,0,0,0,73,3,0,0,-1,1,0
CHARFORMAT2,19,0,0,19,0,23,0,0,0,-1,0,1
PARAFORMAT2,24,0,0,24,0,28,0,0,0,-1,0,0
SecurityCacheProviderCollectionNode,0,1,1,0,1,25,1,0,1,-1,0,5
SecurityCacheProviderNode,0,1,1,0,0,20,1,2,1,-1,0,5
SecurityCommandRegistrar,0,7,0,0,2,65,7,0,1,-1,10,0
SecurityConfigurationDesignManager,0,4,0,0,2,55,7,0,1,-1,11,1
SecurityNodeMapRegistrar,0,2,0,0,2,30,2,0,1,-1,7,0
SecuritySettingsBuilder,3,5,0,0,2,60,8,0,0,0,11,1
SecuritySettingsNode,4,4,3,0,1,113,7,0,1,0,5,7
SecuritySettingsNodeBuilder,6,5,0,0,2,73,10,0,1,0,13,1
UnderlineColor,0,0,0,0,0,87,0,0,0,-1,0,1
UnderlineStyle,0,0,0,0,0,97,0,0,0,-1,0,1
ValidExpressionAttribute,0,2,0,0,1,34,3,0,1,-1,2,0
Resources,2,1,64,0,0,600,1,0,0,0,0,5
AddCachingStoreProviderNodeCommand,0,2,0,0,1,38,5,0,1,-1,9,1
CachingStoreProviderNode,8,5,4,0,2,136,8,0,2,0.4000000059604645,5,6
SecurityCacheCachingStoreCommandRegistrar,0,3,0,0,2,25,3,0,1,-1,5,1
SecurityCacheCachingStoreConfigurationDesignManager,0,2,0,0,1,40,5,0,1,-1,8,1
SecurityCacheCachingStoreNodeMapRegistrar,0,2,0,0,2,14,2,0,1,-1,3,1
Resources,2,1,10,0,0,114,1,0,0,0,0,2
AddDataCacheStorageCommand,0,2,0,0,1,28,3,0,1,-1,5,1
CachingDatabaseConfigurationDesignManager,0,2,0,0,1,38,5,0,1,-1,7,0
DataCacheStorageCommandRegistrar,0,3,0,0,2,25,3,0,1,-1,5,0
DataCacheStorageNode,5,5,3,0,2,115,8,0,1,0.4000000059604645,5,7
DataCacheStorageNodeMapRegistrar,0,2,0,0,2,14,2,0,1,-1,3,0
Resources,2,1,8,0,0,96,1,0,0,0,0,2
AddSymmetricStorageEncryptionCommand,0,2,0,0,1,28,3,0,1,-1,5,0
CachingCryptographyConfigurationDesignManager,0,2,0,0,1,37,5,0,1,-1,7,0
SymmetricStorageEncryptionCommandRegistrar,0,3,0,0,2,26,3,0,1,-1,7,0
SymmetricStorageEncryptionProviderNode,3,4,2,0,2,95,7,0,1,0.5,4,5
SymmetricStorageEncryptionNodeMapRegistrar,0,2,0,0,2,14,2,0,1,-1,3,0
Resources,2,1,7,0,0,87,1,0,0,0,0,2
AddCryptographySettingsNodeCommand,0,2,0,0,1,25,2,0,1,-1,2,2
AddHashAlgorithmProviderNodeCommand,0,2,0,0,1,60,5,0,1,-1,9,0
AddSymmetricAlgorithmProviderNodeCommand,0,2,0,0,1,47,4,0,1,-1,8,0
ChooseDataProtectionScopeControl,5,3,1,0,1,131,4,0,0,0.6700000166893005,1,1
ChooseKeyFileControl,6,6,1,0,1,156,10,0,1,0.5,1,1
CreateNewKeyControl,8,7,3,0,1,201,12,0,1,0.2899999916553497,3,1
CryptographicKeyWizard,18,11,4,0,2,431,17,0,0,0.2700000107288361,14,3
CryptographyCommandRegistrar,0,9,0,0,2,95,9,0,1,-1,14,1
CryptographicKeyWizardStep,0,0,0,0,0,38,0,0,0,-1,0,2
CryptographyManagerSettingsBuilder,3,4,0,0,2,40,6,0,0,0,6,1
CryptographyManagerSettingsNodeBuilder,3,5,0,0,2,76,11,0,1,0.4000000059604645,10,1
CryptographyNodeMapRegistrar,0,2,0,0,2,30,2,0,1,-1,13,1
CryptographySettingsNode,4,4,4,0,1,122,7,0,1,0,4,8
CustomHashProviderNode,3,2,3,0,2,78,3,0,1,1,2,4
CustomSymmetricCryptoProviderNode,2,2,3,0,2,74,3,0,1,1,1,4
DpapiSymmetricCryptoProviderNode,1,2,2,0,2,44,2,0,1,1,1,4
ExportKeyCommand,0,2,0,0,1,27,3,0,1,-1,4,0
ExportKeyControl,11,10,2,0,2,296,25,0,1,0.2000000029802322,1,1
ExportKeyUI,6,4,0,0,1,137,6,0,0,0.5,4,1
HashAlgorithmProviderNode,2,2,3,0,2,58,2,1,1,1,1,5
HashProviderCollectionNode,0,1,1,0,1,23,1,0,1,-1,0,3
HashProviderNode,0,1,1,0,0,29,2,2,1,-1,1,4
ICryptographicKeyConfigurationNode,0,0,2,0,0,12,0,2,0,-1,0,4
IKeyCreator,0,2,1,0,0,21,2,2,0,-1,0,2
ImportArchivedKeyControl,8,5,2,0,1,170,9,0,1,0.6000000238418579,1,1
IWizardValidationTarget,0,1,0,0,0,8,1,5,0,-1,0,1
KeyedHashAlgorithmKeyCreator,2,4,1,0,3,60,6,0,1,0.5,3,1
KeyedHashAlgorithmProviderNode,1,2,4,0,2,59,2,0,2,1,3,5
KeyManagerEditor,0,3,0,0,2,88,7,0,0,-1,6,0
OpenExistingKeyFileControl,6,5,1,0,1,139,9,0,1,0.6000000238418579,1,1
ProtectedKeySettings,3,3,3,0,3,60,3,0,0,1,2,8
SecurityCryptographyConfigurationDesignManager,0,5,0,0,2,88,11,0,1,-1,19,0
SupplyKeyControl,6,3,1,0,1,132,4,0,0,0.6700000166893005,1,1
SupplyKeyMethod,0,0,0,0,0,17,0,0,0,-1,0,1
SymmetricAlgorithmKeyCreator,2,4,1,0,3,85,11,0,1,0,3,1
SymmetricAlgorithmProviderNode,2,2,5,0,2,86,2,0,1,1,2,5
SymmetricCryptoProviderCollectionNode,0,1,1,0,1,23,1,0,1,-1,0,3
SymmetricCryptoProviderNode,0,1,1,0,0,31,2,3,1,-1,1,6
Resources,2,1,108,0,0,998,1,0,0,0,0,17
