Type,NOF,NOM,NOP,NOPF,NOPM,LOC,WMC,NC,DIT,LCOM,Fan-Out,Fan-In
TargetTypeTests,0,1,0,0,1,10,1,0,0,-1,1,0
CompilersTests,0,3,0,0,3,27,3,0,0,-1,4,0
MsBuildTaskTests,3,13,0,0,13,107,13,0,0,0,3,0
BuildTask,9,17,2,0,14,212,24,0,1,0.1800000071525574,8,15
BuildTaskTests,0,14,0,0,14,163,14,0,0,-1,4,0
TargetTests,3,6,0,0,6,44,6,0,0,0.3300000131130219,3,0
Compilers,1,3,3,0,1,37,3,0,0,0.6700000166893005,1,13
MsBuildTask,8,15,0,0,12,146,21,0,1,0.1299999952316284,6,5
Resgen,4,7,0,0,6,50,8,0,0,0.2899999916553497,7,1
ResgenTests,0,6,0,0,6,60,6,0,0,-1,4,0
Resource,0,3,2,0,1,33,4,0,0,-1,0,3
ResourceTests,0,3,0,0,3,26,3,0,0,-1,1,0
TargetType,2,1,1,0,0,20,1,0,0,0,1,14
Target,3,6,0,0,4,42,6,0,0,0.3300000131130219,2,14
Desktop4_5Finder,0,1,1,0,1,15,1,0,1,-1,0,0
MonoFinder,0,2,1,0,2,14,2,0,1,-1,0,0
TestFinder,0,1,1,0,1,12,1,0,1,-1,1,1
DefaultFinderTests,2,7,0,0,7,58,7,0,0,0,2,0
DefaultFinder,1,4,5,0,2,67,7,8,1,0.5,1,0
Desktop2_0Finder,0,1,1,0,1,14,1,0,2,-1,0,0
Desktop3_0Finder,0,1,1,0,1,15,1,0,2,-1,0,0
Desktop3_5Finder,0,1,1,0,1,19,1,0,2,-1,0,0
Desktop4_0ClientFrameworkFinder,0,1,1,0,1,16,1,0,2,-1,0,0
Desktop4_0FullFrameworkFinder,0,1,1,0,1,17,1,0,2,-1,0,0
IFrameworkFinder,0,2,2,0,0,7,2,1,0,-1,0,3
SimpleMessageLogger,0,6,2,0,6,38,6,0,1,-1,1,0
TestLogger,2,5,0,0,4,40,6,0,1,0,5,2
TestSuiteLogger,1,4,0,0,4,20,4,0,1,0.5,3,3
TestLoggerTests,2,5,0,0,5,47,5,0,0,0,2,0
TestSuiteLoggerTests,3,4,0,0,4,35,4,0,0,0,1,0
ConsoleMessageLogger,1,7,3,0,6,117,14,0,1,0.4300000071525574,3,3
ConsoleMessageLoggerTests,2,11,0,0,11,92,11,0,0,0,2,0
ApiKeyMandatoryTests,0,1,0,0,1,14,1,0,0,-1,3,0
AuthorsMandatory,0,3,0,0,3,24,6,0,1,-1,2,6
AuthorsMandatoryTests,0,3,0,0,3,30,3,0,0,-1,3,0
DependencyGroup,0,4,2,0,4,34,6,0,0,-1,1,5
DependencyGroupTests,0,3,0,0,3,26,3,0,0,-1,1,0
DependencyRecord,0,3,2,0,3,22,4,0,0,-1,0,2
DependencyRecordTests,0,2,0,0,2,16,2,0,0,-1,1,0
DescriptionMandatory,0,2,0,0,2,9,2,0,1,-1,2,6
DescriptionMandatoryTests,0,1,0,0,1,14,1,0,0,-1,3,0
FrameworkAssembly,0,2,2,0,2,20,3,0,0,-1,0,3
FrameworkAssemblyTests,0,2,0,0,2,16,2,0,0,-1,1,0
NuGetOptionalsTests,2,17,0,0,17,113,17,0,1,0,4,0
ProjectIdMandatoryTests,0,1,0,0,1,14,1,0,0,-1,3,0
NuGetPublisher,24,6,0,1,3,145,25,0,1,0.5,8,16
ApiKeyMandatory,0,2,0,0,2,11,2,0,1,-1,2,6
OptionBase,1,1,0,0,1,8,1,6,0,0,1,0
NuGetOptionals,0,17,1,0,17,93,17,0,1,-1,2,6
ProjectIdMandatory,0,2,0,0,2,9,2,0,1,-1,2,5
NuGetPublisherTests,4,9,0,0,9,125,9,0,1,0,10,0
VersionMandatory,0,3,0,0,3,13,3,0,1,-1,2,6
VersionMandatoryTests,0,1,0,0,1,14,1,0,0,-1,3,0
PublishTests,2,4,0,0,4,32,4,0,0,0,4,0
Ftp,6,7,0,0,6,75,8,0,1,0,3,2
FtpTests,0,1,0,0,1,9,1,0,0,-1,0,0
GoogleCodeTests,1,5,0,0,5,39,5,0,0,0.4000000059604645,1,0
Publish,1,5,0,0,5,23,5,0,0,0.4000000059604645,1,4
GoogleCode,8,16,0,0,8,155,18,0,1,0.119999997317791,0,4
MSTestRunner,11,22,0,0,19,149,32,0,1,0.09000000357627869,6,3
MSTestRunnerTests,4,23,0,0,23,174,23,0,1,0,4,0
UnitTestFrameworkArgsTests,0,2,0,0,2,19,2,0,0,-1,3,0
UnitTestFrameworkArgs,1,4,0,0,4,24,4,0,0,0.5,1,6
INUnitRunner,0,7,2,0,0,48,7,1,1,-1,0,0
NUnitRunner,6,14,0,0,11,144,18,0,2,0.1400000005960464,7,6
NUnitRunnerTests,0,15,0,0,15,202,15,0,0,-1,5,0
TestBase,0,1,0,0,1,9,1,3,0,-1,0,0
ActionExecutorTests,0,3,0,0,3,62,3,0,0,-1,2,0
InternalExecutableTester,0,4,3,0,3,24,4,0,1,-1,0,1
BuildFileTests,0,7,0,0,7,68,7,0,0,-1,2,0
Task,0,0,4,0,0,19,0,0,0,-1,0,19
PropertiesTests,0,4,0,0,4,28,4,0,0,-1,1,0
VerbosityLevel,0,0,0,0,0,20,0,0,0,-1,0,9
Defaults,3,4,1,2,2,80,7,0,0,0,5,34
Properties,0,0,4,0,0,19,0,0,0,-1,0,14
BuildFile,2,6,1,1,5,87,9,7,0,0,3,11
NamedTask,0,1,2,0,1,10,1,0,0,-1,0,2
OneThroughNineTests,0,1,0,0,1,18,1,0,0,-1,2,0
ZipDecompressTests,2,5,0,0,5,53,5,0,0,0,2,0
ZipOptionsTests,2,4,0,0,4,31,4,0,0,0.5,4,0
OneThroughNine,1,1,9,0,0,101,1,0,0,0,1,4
Zip,0,2,1,0,1,20,2,0,0,-1,1,0
IZipCompress,0,7,1,0,0,42,7,1,0,-1,0,0
ZipCompress,6,11,1,0,8,125,14,0,1,0.449999988079071,1,8
ZipCompressTests,2,12,0,0,12,88,12,0,0,0,2,0
ZipDecompress,4,6,0,0,4,59,6,0,1,0.3300000131130219,1,5
IZipOptions,0,2,0,0,0,5,2,1,0,-1,0,4
ZipOptions,1,4,0,0,4,19,4,0,1,0.5,1,1
CommandLinePropertiesTests,0,2,0,0,2,23,2,0,0,-1,2,0
CruiseControlPropertiesTests,0,1,0,0,1,41,1,0,0,-1,3,0
TeamCityPropertiesTests,2,8,0,0,8,70,8,0,0,0,2,0
ICruiseControlProperties,0,0,10,0,0,43,0,1,0,-1,0,0
CruiseControlProperties,0,1,10,0,0,81,1,0,1,-1,2,1
ICommandLineProperties,0,2,0,0,0,15,2,1,0,-1,0,0
CommandLineProperties,1,3,1,0,2,30,3,0,1,0.6700000166893005,0,8
ITeamCityProperties,0,2,5,0,0,35,2,1,0,-1,0,0
TeamCityProperties,1,5,5,0,2,67,5,0,1,0.4000000059604645,1,1
AssemblyInfoDetailsTests,0,5,0,0,5,52,5,0,0,-1,4,0
AssemvblyInfoTests,0,1,0,0,1,10,1,0,0,-1,1,0
IAssemblyInfo,0,0,1,0,0,7,0,1,0,-1,0,3
AssemblyInfo,0,1,1,0,0,13,1,0,1,-1,0,1
AssemblyInfoItem,0,1,3,0,1,12,1,0,0,-1,0,3
IAssemblyInfoDetails,0,22,2,0,0,139,22,1,0,-1,0,11
AssemblyInfoDetails,5,26,2,0,22,302,28,0,1,0.1899999976158142,3,3
AssemblyInfoLanguage,1,4,0,0,2,25,4,0,0,0.5,1,4
AssemblyInfoLanguageTests,0,2,0,0,2,28,2,0,0,-1,3,0
VisualBasicAssemblyInfoBuilderTests,0,1,0,0,1,24,1,0,0,-1,3,0
CSharpAssemblyInfoBuilder,0,1,0,0,1,47,4,0,1,-1,2,1
CSharpAssemblyInfoBuilderTests,0,1,0,0,1,31,1,0,0,-1,3,0
IAssemblyInfoBuilder,0,1,0,0,0,4,1,2,0,-1,1,1
VisualBasicAssemblyInfoBuilder,0,1,0,0,1,34,4,0,1,-1,2,1
IActionExcecutor,0,5,0,0,0,9,5,1,0,-1,0,20
ActionExcecutor,0,7,0,0,7,74,14,0,1,-1,0,1
IAdditionalArguments,0,2,0,0,0,16,2,6,0,-1,0,0
ArgumentBuilder,1,7,4,0,7,59,11,0,0,0.4300000071525574,0,16
ArgumentBuilderTests,0,1,0,0,1,12,1,0,0,-1,1,0
EnvironmentVariableWrapperTests,0,1,0,0,1,10,1,0,0,-1,1,0
FailableInternalExecutable<T>,0,1,0,0,0,4,1,0,0,-1,0,0
InternalExecutable,0,1,0,0,0,4,1,10,0,-1,0,0
IFileSystemHelper,0,5,0,0,0,8,5,1,0,-1,0,12
FileSystemHelper,1,7,0,0,6,67,13,0,1,0.7099999785423279,1,2
FileFinderTests,0,2,0,0,2,41,2,0,0,-1,2,0
SdkNotFoundExceptionTests,0,1,0,0,1,10,1,0,0,-1,1,0
StringUtility,0,1,0,0,1,15,2,0,0,-1,0,0
DesktopFrameworkType,2,1,2,0,1,25,1,0,0,0,1,6
IEnvironmentVariableWrapper,0,1,0,0,0,4,1,1,0,-1,0,2
EnvironmentVariableWrapper,0,1,0,0,1,7,1,0,1,-1,0,1
IFailable,0,0,2,0,0,11,0,3,0,-1,0,0
InternalFailable<T>,1,1,2,0,0,24,1,0,1,0,2,0
Failable<T>,1,1,2,0,0,24,1,0,1,0,2,0
FrameworkNotFoundException,1,1,1,0,1,20,1,0,0,0,0,0
FrameworkVersionTests,0,4,0,0,4,39,4,0,0,-1,2,0
OnError,0,0,0,0,0,11,0,0,0,-1,0,8
ExecutableTests,1,5,0,0,5,47,5,0,0,0.4000000059604645,5,0
ConsoleColor,0,5,0,0,5,62,6,0,0,-1,2,3
BuildColor,0,0,0,0,0,18,0,0,0,-1,0,4
ReturnColorToDefault,0,1,0,0,1,7,1,0,0,-1,2,1
IFrameworkVersion,0,3,1,0,0,22,3,1,0,-1,0,8
FrameworkVersion,7,5,1,6,4,47,7,0,1,0.4000000059604645,3,7
FailableActionExecutor,0,2,0,0,0,29,2,0,0,-1,3,0
IRegistryKeyValueFinder,0,1,0,0,0,9,1,1,0,-1,0,3
RegistryKeyValueFinder,1,3,0,0,2,30,7,0,1,0.6700000166893005,2,1
RegistryKeyValueFinderTests,4,2,0,0,2,27,2,0,0,0,3,0
IRegistryWrapper,0,1,0,0,0,4,1,1,0,-1,0,2
RegistryWrapper,0,1,0,0,1,10,2,0,1,-1,1,0
IRegistryKeyWrapper,0,4,1,0,0,8,4,1,0,-1,0,2
RegistryKeyWrapper,1,6,1,0,6,32,6,0,1,0.3300000131130219,0,1
SdkNotFoundException,1,1,1,0,1,21,1,0,0,0,0,1
DebugMessages,2,2,0,0,2,15,2,0,0,0,2,0
MessageLoggerProxy,2,8,2,0,8,50,10,0,1,0,3,3
MessageLoggerProxyTests,2,15,0,0,15,117,15,0,0,0.3300000131130219,4,0
MessageLoggerTests,2,10,0,0,10,86,11,0,0,0.300000011920929,2,0
IMessageLogger,0,6,2,0,0,11,6,5,0,-1,0,27
ITestSuiteMessageLogger,0,3,0,0,0,7,3,3,0,-1,0,5
ITestLogger,0,3,0,0,0,6,3,3,0,-1,0,2
NunitMessageProcessor,4,7,0,0,3,83,13,0,1,0,4,1
NunitMessageProcessorTests,6,8,0,0,8,128,8,0,0,0,4,0
DefaultMessageProcessor,0,3,0,0,3,60,11,0,1,-1,4,1
DefaultMessageProcessorTests,2,9,0,0,9,74,9,0,0,0,6,0
IMessageProcessor,0,1,0,0,0,4,1,2,0,-1,0,2
Message,0,1,3,0,1,11,1,0,0,-1,1,2
MessageType,0,0,0,0,0,6,0,0,0,-1,0,3
TestMessageLogger,1,5,0,0,4,27,5,0,1,0,1,2
TestMessageLoggerTests,2,5,0,0,4,44,5,0,0,0,1,0
TestSuiteMessageLogger,1,4,0,0,4,22,4,0,1,0.75,2,2
TestSuiteMessageLoggerTests,3,4,0,0,4,34,4,0,0,0,1,0
MessageLogger,1,9,2,0,6,61,10,0,1,0.3300000131130219,1,3
RunOptions,1,6,2,0,6,41,6,0,0,1,3,11
ExecutableFailedExceptionTests,0,1,0,0,1,11,1,0,0,-1,1,0
ILMergeTests,2,10,0,0,10,77,10,0,0,0,6,0
ExecutableFailedException,0,1,0,0,1,12,1,0,0,-1,0,1
IILMerge,0,5,0,0,0,28,5,1,1,-1,0,3
ILMerge,6,13,0,0,9,132,17,0,2,0.1500000059604645,10,5
IExecutable,0,10,0,0,0,60,10,1,1,-1,2,16
Executable,11,21,1,0,14,193,24,0,2,0.1400000005960464,10,10
IProcessWrapper,0,4,1,0,0,8,4,1,0,-1,0,2
ProcessWrapper,1,6,1,0,6,38,7,0,1,0,0,1
CompilerService,0,5,0,0,4,133,19,0,0,-1,10,3
CompileServiceTests,0,2,0,0,2,26,2,0,0,-1,2,0
Sample,0,2,0,0,2,11,2,0,0,-1,0,1
ProjectParser,2,3,0,0,3,40,7,0,0,0,0,1
MsSqlCreateTests,0,1,0,0,1,17,1,0,0,-1,3,0
Database,0,0,1,0,0,7,0,0,0,-1,0,1
DatabaseTests,0,1,0,0,1,9,1,0,0,-1,2,0
MsSqlCreate,1,2,0,0,2,13,2,0,0,0,2,3
MsSqlCreateOrUpdate,1,2,0,0,2,13,2,0,0,0,2,2
MsSqlConnection,0,1,0,0,1,8,1,0,0,-1,2,2
MsSqlConnectionTests,0,2,0,0,2,21,2,0,0,-1,3,0
MsSqlCreateOrUpdateTests,0,1,0,0,1,16,1,0,0,-1,3,0
IMsSqlEngine,0,2,4,0,0,9,2,1,0,-1,0,11
MsSqlEngine,2,7,4,0,3,151,12,0,1,0,3,1
MsSqlUpdate,1,2,0,0,2,13,2,0,0,0,2,3
MsSqlUpdateTests,0,1,0,0,1,13,1,0,0,-1,3,0
MsSqlUtilities,1,2,1,0,2,16,2,0,0,0,1,3
MsSqlUtilitiesTests,0,2,0,0,2,19,2,0,0,-1,3,0
MsSqlVersionTable,1,2,0,0,2,12,2,0,0,0,1,3
MsSqlVersionTableTests,0,1,0,0,1,12,1,0,0,-1,2,0
