Type,NOF,NOM,NOP,NOPF,NOPM,LOC,WMC,NC,DIT,LCOM,Fan-Out,Fan-In
EchoArguments,26,1,0,26,1,260,4,0,0,0,2,1
EchoProgram,0,13,0,0,0,188,34,0,0,-1,29,0
Resources,2,1,11,0,0,120,1,0,0,0,0,1
AboutDialog,9,5,0,0,1,183,9,0,0,0.4000000059604645,3,1
ApplicationShutdown,0,0,0,0,0,3,0,0,1,-1,0,1
Window,3,5,2,0,0,88,6,0,0,0.6000000238418579,0,3
IPackage,0,1,0,0,0,4,1,13,0,-1,0,1
DockWindow,1,4,0,0,0,52,6,0,0,0.75,0,0
Main,59,39,0,0,0,996,49,0,0,0.1299999952316284,24,0
IcarusArguments,3,0,0,3,0,25,0,0,0,-1,2,2
Paths,5,0,0,5,0,25,0,0,0,-1,0,5
IcarusProgram,0,8,0,0,0,107,12,0,0,-1,23,0
Settings,14,1,25,1,1,133,1,0,0,0,1,2
AnnotationsPackage,4,5,0,1,3,36,5,0,1,0.4000000059604645,7,0
AnnotationsResources,2,1,4,0,0,57,1,0,0,0,0,1
AnnotationsWindow,16,7,0,0,1,269,12,0,0,0,7,1
AnnotationsController,6,8,4,0,5,105,11,0,1,0,7,0
IAnnotationsController,0,3,4,0,0,10,3,1,0,-1,0,2
AddFilesCommand,2,2,1,0,2,28,3,0,1,0,5,1
ApplyFilterCommand,1,2,1,0,2,13,2,0,1,0,2,1
CommandFactory,1,21,0,0,20,115,21,0,1,0,21,0
ConvertSavedReportCommand,2,2,2,0,2,22,5,0,1,0,3,1
ICommandFactory,0,19,0,0,0,22,19,1,0,-1,1,14
LoadPackageCommand,2,4,0,0,2,33,4,0,1,0,3,3
DeleteAllReportsCommand,2,2,0,0,2,17,2,0,1,0,4,0
DelegateCommand,0,2,1,0,2,17,3,0,1,-1,1,0
DeleteFilterCommand,1,2,1,0,2,13,2,0,1,0,2,1
DeleteReportCommand,1,2,1,0,2,19,3,0,1,0,2,1
GenerateReportCommand,2,2,1,0,2,20,2,0,1,0,3,1
NewProjectCommand,2,2,0,0,2,25,2,0,1,0,4,1
OpenProjectCommand,3,6,1,0,2,54,6,0,1,0,6,1
OpenReportCommand,1,2,1,0,2,21,2,0,1,0,2,0
RefreshTestTreeCommand,1,2,0,0,2,12,2,0,1,0,2,1
ReloadCommand,3,6,0,0,2,60,6,0,1,0,5,1
RemoveAllFilesCommand,2,2,0,0,2,26,2,0,1,0,4,1
RemoveFileCommand,2,2,1,0,2,28,2,0,1,0,4,1
ResetTestsCommand,1,2,0,0,2,12,2,0,1,0,2,1
RestoreFilterCommand,2,3,1,0,2,35,3,0,1,0,6,1
RunTestsCommand,5,6,1,0,2,64,6,0,1,0,9,1
SaveFilterCommand,2,2,1,0,2,24,3,0,1,0,3,1
SaveProjectCommand,3,5,1,0,2,49,5,0,1,0,5,1
ShowReportCommand,3,2,1,0,2,28,2,0,1,0,4,1
ViewSourceCodeCommand,1,2,1,0,2,13,2,0,1,0,2,1
ProgressEvent,0,1,1,0,1,8,1,0,0,-1,1,1
SavingProject,0,0,0,0,0,3,0,0,1,-1,0,2
AboutController,1,1,2,0,1,28,2,0,1,0,1,0
ApplicationController,7,12,5,0,10,159,20,0,1,0.4199999868869781,19,0
IAboutController,0,0,2,0,0,5,0,1,0,-1,0,1
IApplicationController,0,5,5,0,0,17,5,1,0,-1,0,2
IProgressController,0,1,3,0,0,10,1,1,0,-1,0,1
NotifyController,0,1,0,0,0,13,2,5,0,-1,1,0
ProgressController,4,7,4,0,5,97,13,0,1,0.2899999916553497,8,0
ProjectController,7,21,11,0,18,243,26,0,1,0.3300000131130219,16,0
ReportController,1,5,1,0,4,35,5,0,1,0,6,0
SourceCodeController,1,4,0,0,3,41,6,0,1,0,7,0
TestController,10,15,0,0,9,177,19,0,1,0,28,0
OptionsController,6,7,26,0,7,229,11,0,1,0.4300000071525574,10,0
ShutdownPane,4,5,0,0,2,84,6,0,1,0.6000000238418579,4,1
ShutdownPaneProvider,1,2,0,0,2,12,2,0,1,0,2,0
ExecutionLogPane,5,5,0,0,2,99,6,0,1,0.6000000238418579,4,1
ExecutionLogPaneProvider,1,2,0,0,2,12,2,0,1,0,2,0
TestRunnerFactoryPaneProvider,1,2,0,0,2,12,2,0,1,0,2,0
TestRunnerFactoryPane,5,5,0,0,2,103,6,0,1,0.6000000238418579,10,1
TestRunnerExtensionsPaneProvider,1,2,0,0,2,12,2,0,1,0,2,0
ProgressMonitoringPaneProvider,1,2,0,0,2,12,2,0,1,0,2,0
ProgressMonitoringPane,4,5,0,0,2,86,7,0,1,0.4000000059604645,4,1
ReportsPaneProvider,1,2,0,0,2,12,2,0,1,0,2,0
ReportsPane,4,5,0,0,2,86,7,0,1,0.4000000059604645,4,1
TestRunnerExtensionsPane,8,7,0,0,2,159,11,0,1,0.2899999916553497,8,1
TestStatusPaneProvider,1,2,0,0,2,12,2,0,1,0,2,0
TestStatusPane,14,6,0,0,2,237,7,0,1,0.6700000166893005,4,1
StartupPaneProvider,1,2,0,0,2,12,2,0,1,0,2,0
StartupPane,4,5,0,0,2,84,6,0,1,0.6000000238418579,4,1
TestExplorerPaneProvider,1,2,0,0,2,12,2,0,1,0,2,0
TestExplorerPane,8,7,0,0,2,157,9,0,1,0.4300000071525574,5,1
TreeViewCategoryPane,11,6,0,0,2,179,7,0,1,0.3300000131130219,4,1
TreeViewCategoryPaneProvider,1,2,0,0,2,12,2,0,1,0,2,0
OptionsChanged,0,0,0,0,0,1,0,0,1,-1,0,1
TestsFailed,0,0,0,0,0,2,0,0,1,-1,0,1
ProjectSaved,0,1,1,0,1,8,1,0,1,-1,0,1
ProjectLoaded,0,1,1,0,1,7,1,0,1,-1,0,4
TestStepFinished,0,1,2,0,1,10,1,0,1,-1,2,4
ExploreStarted,0,0,0,0,0,3,0,0,1,-1,0,2
RunFinished,0,0,0,0,0,3,0,0,1,-1,0,3
RunStarted,0,0,0,0,0,2,0,0,1,-1,0,4
Reloading,0,0,0,0,0,3,0,0,1,-1,0,1
TestsReset,0,0,0,0,0,2,0,0,1,-1,0,1
ExploreFinished,0,0,0,0,0,3,0,0,1,-1,0,3
TestSelectionChanged,0,1,1,0,1,8,1,0,1,-1,0,2
TreeViewCategoryChanged,0,1,1,0,1,8,1,0,1,-1,0,2
ExecutionLogController,5,6,1,0,4,64,8,0,1,0.3300000131130219,13,0
ExecutionLogPackage,4,5,0,1,3,35,5,0,1,0.4000000059604645,7,0
ExecutionLogWindow,3,3,0,0,1,88,4,0,0,0.6700000166893005,4,1
IExecutionLogController,0,0,1,0,0,12,0,1,0,-1,0,2
FilterController,2,4,0,0,4,26,4,0,1,0,5,0
FiltersPackage,5,5,0,1,3,41,5,0,1,0.4000000059604645,5,0
FiltersView,7,10,0,0,1,164,13,0,0,0.2000000029802322,4,1
IFilterController,0,3,0,0,0,6,3,1,0,-1,1,2
AlphanumComparatorFast,0,1,0,0,1,80,6,0,0,-1,0,0
FilterTestStatusEvent,0,1,1,0,1,8,1,0,1,-1,1,1
ITestStatusFilteredTreeModel,0,0,0,0,0,3,0,1,0,-1,0,1
TestStatusFilteredTreeModel,1,5,0,0,3,46,11,0,1,0.4000000059604645,6,0
FilteredTreeModel,1,8,0,0,3,71,17,0,1,0,5,0
FilterTreeEvent,0,1,1,0,1,11,1,0,1,-1,1,2
IFilteredTreeModel,0,0,0,0,0,2,0,1,0,-1,0,1
ISortedTreeModel,0,0,0,0,0,2,0,1,0,-1,0,1
SortedTreeModel,1,4,0,0,3,42,6,0,1,0.5,4,0
TestTreeNodeComparer,1,2,0,0,2,14,2,0,0,0,2,1
ITestStatistics,0,0,4,0,0,7,0,1,0,-1,0,4
SortOrder,0,0,0,0,0,5,0,0,0,-1,0,8
SortTreeEvent,0,1,1,0,1,8,1,0,1,-1,1,1
TestStatistics,0,3,4,0,3,41,5,0,1,-1,7,0
TreeModelDecorator,1,5,0,0,2,34,6,4,0,0,0,2
ComponentDetailsTreeModel,1,3,0,0,3,43,4,0,0,0.6700000166893005,4,0
ServiceDetailsTreeModel,1,3,0,0,3,30,5,0,0,0,4,0
PluginDetailsTreeModel,1,3,0,0,3,71,4,0,0,0.6700000166893005,5,0
PluginTreeModel,1,6,0,0,6,46,8,0,0,0.3300000131130219,7,1
IProjectTreeModel,0,1,2,0,0,6,1,1,0,-1,0,3
ITestTreeModel,0,3,2,0,0,9,3,1,0,-1,3,9
ProjectTreeModel,6,8,2,0,4,110,9,0,1,0,7,0
TestTreeModel,1,9,2,0,5,101,17,0,1,0.2199999988079071,10,0
TestTreeNode,4,11,6,0,5,146,27,3,1,0.550000011920929,6,16
ProjectExplorerResources,2,1,4,0,0,57,1,0,0,0,0,1
ProjectExplorerView,18,17,0,0,1,342,29,0,0,0,14,1
ProjectExplorerPackage,6,5,0,1,3,41,5,0,1,0.4000000059604645,9,0
Controller,4,15,0,0,11,96,20,0,1,0,6,0
IController,0,9,0,0,0,12,9,1,0,-1,0,2
IModel,0,0,7,0,0,10,0,1,0,-1,0,3
IView,0,0,0,0,0,3,0,1,0,-1,0,0
Model,0,1,7,0,1,20,1,0,1,-1,0,0
Package,4,5,0,1,3,34,5,0,1,0.4000000059604645,5,1
View,31,19,0,0,1,595,22,0,1,0.1099999994039536,4,0
IProjectUserOptionsController,0,3,2,0,0,8,3,1,0,-1,1,2
ProjectReloadPackage,4,4,0,0,3,34,4,0,1,0.5,7,0
UserOptions,2,1,2,2,1,18,1,0,0,0,0,2
ProjectUserOptionsController,5,6,2,0,6,71,9,0,1,0,9,0
UserOptionsLoaded,0,0,0,0,0,1,0,0,1,-1,0,1
UserOptionsSaved,0,0,0,0,0,1,0,0,1,-1,0,0
ProjectChangedEventArgs,0,1,1,0,1,8,1,0,0,-1,0,1
IProjectMonitor,0,0,0,0,0,3,0,1,0,-1,0,0
ProjectReloadDialog,6,3,0,0,1,121,4,0,0,0.6700000166893005,1,0
ProjectChanged,0,1,1,0,1,8,1,0,1,-1,0,2
ProjectMonitor,4,7,0,0,4,69,9,0,1,0,5,0
ReloadDialog,8,5,0,0,2,146,6,0,0,0.4000000059604645,2,1
ReloadPackage,6,4,0,0,3,40,4,0,1,0.5,9,0
RuntimeLogResources,2,1,4,0,0,57,1,0,0,0,0,1
RuntimeLogPackage,3,5,0,1,3,31,5,0,1,0.4000000059604645,5,0
IRuntimeLogController,0,1,1,0,0,6,1,1,0,-1,1,3
RuntimeLogController,2,2,1,0,2,30,2,0,1,0,2,0
RuntimeLogWindow,11,9,0,0,1,218,11,0,0,0,4,0
IPluginScanner,0,1,0,0,0,4,1,1,0,-1,0,0
DefaultConventionScanner,1,12,0,0,2,119,27,0,1,0,11,1
IModel,0,0,1,0,0,4,0,1,0,-1,0,3
Model,0,1,1,0,1,8,1,0,1,-1,0,0
Controller,4,4,0,0,3,33,4,0,1,0,8,0
IController,0,1,0,0,0,4,1,1,0,-1,0,2
View,5,7,0,0,1,98,10,0,0,0.2899999916553497,2,1
Package,4,5,0,0,3,38,5,0,1,0.4000000059604645,6,0
MetadataSpecification,0,3,2,0,2,28,6,0,0,-1,2,1
NameSpecification,0,2,1,0,2,15,2,0,0,-1,1,1
ISpecificationFactory,0,1,0,0,0,4,1,1,0,-1,0,1
NamespaceSpecification,1,3,1,0,2,29,6,0,0,0.6700000166893005,3,1
SpecificationFactory,0,1,0,0,1,17,3,0,1,-1,3,0
AnySpecification<T>,0,1,0,0,1,7,1,0,0,-1,0,0
Specification<T>,0,4,0,0,3,16,4,0,1,-1,1,0
OrSpecification<T>,2,2,0,0,2,14,2,0,0,0,1,0
ISpecification,0,1,0,0,0,4,1,1,0,-1,0,6
AndSpecification<T>,2,2,0,0,2,14,2,0,0,0,1,0
ITestExplorerController,0,10,0,0,0,15,10,1,0,-1,2,2
ITestExplorerModel,0,0,12,0,0,15,0,1,0,-1,0,3
TestExplorerController,5,19,0,0,18,122,20,0,1,0.1099999994039536,17,0
TestExplorerModel,0,1,12,0,1,32,1,0,1,-1,1,0
TestExplorerPackage,4,5,0,1,3,36,5,0,1,0.4000000059604645,7,0
TestExplorerResources,2,1,4,0,0,57,1,0,0,0,0,1
TestExplorerView,37,34,0,0,1,708,42,0,0,0,14,1
ITestResultsController,0,3,2,0,0,8,3,1,0,-1,0,2
TestResultsPackage,6,5,0,1,3,40,5,0,1,0.4000000059604645,9,0
TestResults,9,11,0,0,1,190,12,0,0,0,6,1
TestResultsController,9,19,2,0,9,231,36,0,1,0,18,0
TestResultsResources,2,1,3,0,0,50,1,0,0,0,0,1
TestStepComparer,3,5,2,1,2,57,10,0,0,0.4000000059604645,1,1
NodeTextBox<T>,1,2,0,0,2,15,3,0,0,0,0,0
NodeIcon<T>,1,2,0,0,2,15,3,0,0,0,0,0
NodeTypeImageCache,2,4,0,0,1,40,6,0,0,0,5,1
TestKindIcon,0,3,0,0,1,17,4,0,0,-1,1,0
TestNodeTextBox,0,3,4,0,1,36,5,0,0,-1,2,1
TestStatusNodeIcon,0,3,0,0,1,27,5,0,0,-1,2,0
PropertiesTabControl,0,1,0,0,1,25,1,0,0,-1,0,1
PluginTreeView,0,1,0,0,1,22,1,0,0,-1,0,1
TestStatusBarStyles,2,0,0,2,0,11,0,0,0,-1,0,0
ProjectTreeView,0,1,0,0,1,17,1,0,0,-1,0,1
TestResultsList,0,3,1,0,1,86,4,0,0,-1,1,1
TestStatusBar,11,5,14,0,2,253,9,0,0,0.4000000059604645,0,1
TestTreeView,2,13,0,0,10,115,26,0,0,0.3100000023841858,5,1
FileChangedEventArgs,1,1,1,0,1,12,1,0,0,0,0,1
ExecutionLogUpdatedEventArgs,0,1,1,0,1,11,1,0,0,-1,0,1
ShowSourceCodeEventArgs,1,1,1,0,1,12,1,0,0,0,1,1
RuntimeLogEventArgs,2,1,2,0,1,18,1,0,0,0,0,1
IReportController,0,3,1,0,0,7,3,1,0,-1,3,7
ISourceCodeController,0,2,0,0,0,18,2,1,0,-1,2,4
IOptionsController,0,4,26,0,0,33,4,1,0,-1,0,39
IProjectController,0,16,10,0,0,31,16,1,0,-1,2,19
ITestController,0,7,0,0,0,40,7,1,0,-1,3,13
FilterService,2,9,0,0,3,131,27,0,1,0,9,0
IFilterService,0,2,0,0,0,5,2,1,0,-1,0,4
ReportService,1,3,1,0,3,59,3,0,1,0,8,0
TreeBuilderTraits,0,1,1,0,1,8,1,0,1,-1,0,1
ITreeBuilder,0,2,0,0,0,7,2,2,0,-1,3,1
MetadataTreeBuilder,0,5,0,0,2,73,10,0,1,-1,6,0
NamespaceHierarchy,0,0,0,0,0,5,0,0,0,-1,0,3
NamespaceTreeBuilder,0,8,0,0,2,105,20,0,1,-1,10,0
TreeBuilderOptions,0,0,2,0,0,11,0,0,0,-1,0,6
TestRunnerExtensionFactory,0,1,0,0,1,12,1,0,1,-1,2,0
ITestRunnerExtensionFactory,0,1,0,0,0,9,1,1,0,-1,0,1
CTaskbarList,0,0,0,0,0,4,0,0,0,-1,0,0
Dialogs,1,3,0,0,3,33,3,0,0,0.6700000166893005,1,3
ITaskbarList4,0,19,0,0,0,62,19,0,0,-1,3,1
RECT,4,0,0,4,0,7,0,0,0,-1,0,1
STPFLAG,0,0,0,0,0,8,0,0,0,-1,0,1
THUMBBUTTON,7,0,0,0,0,17,0,0,0,-1,0,0
THBMASK,0,0,0,0,0,7,0,0,0,-1,0,0
THBFLAGS,0,0,0,0,0,10,0,0,0,-1,0,0
HRESULT,0,0,0,0,0,14,0,0,0,-1,0,0
MRUList,1,3,3,0,2,50,8,0,0,0,0,3
TBPFLAG,0,0,0,0,0,8,0,0,0,-1,0,2
MenuList,1,2,0,0,2,13,2,0,1,0,2,1
MenuManager,3,6,0,0,1,63,12,0,1,0,3,1
IMenuList,0,1,0,0,0,4,1,1,0,-1,1,1
IMenuManager,0,1,0,0,0,4,1,1,0,-1,0,11
IWindowManager,0,10,1,0,0,73,10,1,0,-1,1,15
Location,0,0,0,0,0,8,0,0,0,-1,0,8
WindowManager,4,13,1,0,11,105,23,0,1,0.1500000059604645,4,1
BlackBoxLogger,1,3,0,0,2,38,4,0,0,0.6700000166893005,2,1
IRuntimeLogger,0,0,1,0,0,5,0,1,0,-1,0,2
RuntimeLogger,0,1,1,0,0,36,4,0,1,-1,2,1
MetadataNode,1,1,1,0,1,17,1,0,2,0,0,1
NamespaceNode,0,2,4,0,2,34,4,0,2,-1,2,3
TestDataNode,1,3,11,0,3,78,4,0,2,0,1,8
Win7TaskBar,5,2,0,0,1,45,4,0,0,0,4,0
ReportMonitor,0,3,0,0,1,100,5,0,0,-1,1,1
ReportCreatedEventArgs,0,1,1,0,1,8,1,0,0,-1,0,0
ReportDeletedEventArgs,0,1,1,0,1,8,1,0,0,-1,0,0
ReportRenamedEventArgs,0,1,2,0,1,10,1,0,0,-1,0,0
ReportOptions,0,1,2,0,1,18,1,0,0,-1,0,3
IMenuListHelper,0,1,0,0,0,4,1,1,0,-1,0,0
MenuListHelper,2,2,0,0,2,27,4,0,1,0,4,0
PluginDetailsNode,0,1,2,0,1,18,1,0,0,-1,0,3
ComponentNode,0,1,0,0,1,6,1,0,0,-1,0,2
PluginNode,0,1,0,0,1,6,1,0,0,-1,0,2
ServiceNode,0,1,0,0,1,6,1,0,0,-1,0,2
FilesNode,0,1,0,0,1,8,1,0,1,-1,0,2
FileNode,0,1,1,0,1,14,1,0,1,-1,1,1
ProjectTreeNode,0,0,1,0,0,4,0,5,0,-1,0,1
PropertiesNode,0,1,0,0,1,8,1,0,1,-1,1,1
ReportNode,0,4,1,0,4,33,7,0,1,-1,1,1
ReportsNode,0,1,0,0,1,16,1,0,1,-1,3,1
CodeViewerPackage,3,8,0,0,3,72,10,0,1,0.25,7,0
PluginBrowserPackage,2,5,0,0,3,33,5,0,1,0.4000000059604645,4,0
IFileWatcher,0,6,0,0,0,10,6,1,0,-1,0,1
FileWatcher,3,11,0,0,7,122,20,0,1,0.2700000107288361,1,0
SingleFileWatcher,2,1,2,0,1,23,1,0,0,0,0,1
CodeViewer,2,4,0,0,2,78,7,0,0,0.5,1,1
PluginBrowser,10,4,0,0,1,185,7,0,0,0.5,9,1
IReportService,0,2,1,0,0,6,2,1,0,-1,2,1
Resources,2,1,51,0,0,448,1,0,0,0,0,25
EnumerableCounter,1,6,0,0,2,76,15,0,0,0.3300000131130219,1,1
ICountingStrategy,0,0,3,0,0,25,0,1,0,-1,0,1
CountingStrategyName,0,0,0,0,0,19,0,0,0,-1,0,1
CountingStrategy,3,5,3,0,4,56,5,0,1,1,1,1
IPropertySetContainer,0,1,1,0,0,15,1,8,0,-1,0,0
ArrayEqualityComparer<T>,2,4,0,1,4,54,11,0,0,0.5,0,0
CollectionUtils,0,4,0,0,4,66,9,0,0,-1,1,1
"CovariantList<TInput,TOutput>",1,11,2,0,5,87,14,0,0,0.6399999856948853,0,0
EmptyArray<T>,1,0,0,1,0,7,0,0,0,-1,0,0
"EmptyDictionary<TKey,TValue>",1,12,4,1,10,94,12,0,0,1,1,0
GenericCollectionUtils,0,17,0,0,16,243,41,0,0,-1,0,61
HashSet<T>,1,9,2,0,8,63,9,0,0,0.3300000131130219,0,0
IMultiMap,0,5,1,0,0,39,5,3,0,-1,0,3
Key,1,2,1,0,2,27,3,0,0,0,0,16
"LazyCache<TKey,TValue>",2,1,0,0,1,49,2,0,0,0,0,0
"MultiMap<TKey,TValue>",1,18,5,0,17,247,31,0,1,0.5600000023841858,2,0
ValueCollection,0,2,1,0,2,16,2,0,0,-1,0,1
NamespaceDoc,0,0,0,0,0,4,0,0,0,-1,0,0
PropertyBag,1,29,5,0,24,345,55,0,1,0.239999994635582,3,29
PropertySet,1,26,4,0,21,296,45,0,0,0.2300000041723251,1,23
"ReadOnlyDictionary<TKey,TValue>",1,13,4,0,11,102,14,0,0,0.6899999976158142,0,0
"ReadOnlyMultiMap<TKey,TValue>",1,18,5,0,7,119,20,0,1,0.6700000166893005,1,0
ReferentialEqualityComparer<T>,1,3,1,0,2,25,3,0,0,1,0,0
TreeUtils,0,1,0,0,1,38,1,0,0,-1,0,0
UserDataCollection,1,8,0,0,8,116,9,0,0,0.25,1,11
IProcess,0,5,3,0,0,59,5,1,0,-1,0,0
IProcessCreator,0,1,0,0,0,9,1,1,0,-1,0,0
IProcessFinder,0,1,0,0,0,11,1,1,0,-1,0,0
ProcessCreator,0,1,0,0,1,8,1,0,1,-1,1,0
ProcessFinder,0,1,0,0,1,9,1,0,1,-1,0,0
ProcessWrapper,1,8,3,0,7,77,12,0,1,0,0,1
WorkScheduler,4,6,0,0,2,196,14,0,0,0,2,3
WorkSet,2,5,0,0,5,27,5,0,0,0,0,1
TaskResult,1,3,3,0,1,49,3,1,0,0,0,10
TaskResult<T>,1,4,1,0,2,48,5,0,1,0,1,0
ConfigureProcessStartInfoEventArgs,1,1,1,0,1,22,2,0,0,0,0,1
LockBox<T>,2,5,0,0,5,94,9,0,0,0,0,0
NamespaceDoc,0,0,0,0,0,4,0,0,0,-1,0,0
ProcessTask,14,13,12,0,2,451,34,1,1,0,3,4
Task,8,16,6,0,5,306,20,2,0,0.3100000023841858,3,4
TaskContainer,1,8,0,0,5,168,15,0,0,0.3799999952316284,3,2
TaskEventArgs,1,1,1,0,1,22,2,0,0,0,1,4
ThreadAbortScope,7,4,0,0,3,208,15,0,0,0,2,3
ResetToRunningState,1,2,0,0,2,14,3,0,0,0,1,1
ThreadTask,4,8,2,0,2,182,12,1,1,0.25,4,3
Invoker,1,3,1,0,3,22,4,0,0,0,0,1
Sync,0,4,0,0,2,70,8,0,0,-1,1,1
ConsoleRedirection,3,3,0,0,2,63,10,0,0,0,1,1
Content,0,2,2,0,2,33,2,3,0,-1,0,1
ContentEmbeddedResource,2,7,1,0,3,85,12,0,1,0,3,1
ContentFile,2,4,1,0,4,45,6,0,1,0,1,1
ContentInline,1,3,1,0,3,32,4,0,1,0,0,1
NamespaceDoc,0,0,0,0,0,4,0,0,0,-1,0,0
FileSystem,0,13,0,0,12,85,17,0,1,-1,0,0
IFileSystem,0,12,0,0,0,80,12,1,0,-1,0,17
CurrentDirectorySwitcher,1,3,0,0,2,39,5,0,0,0,0,2
FileUtils,1,12,0,0,11,215,41,0,0,0.75,1,12
Lazy<T>,3,1,1,0,1,35,2,0,0,0,0,0
NamespaceDoc,0,0,0,0,0,4,0,0,0,-1,0,0
Unit,1,3,0,1,1,36,3,0,0,1,1,1
UnitHolder,0,3,0,0,0,15,3,0,0,-1,1,1
Condition,2,6,0,0,3,112,13,0,0,0,3,5
Constraint,0,1,0,0,1,4,1,2,0,-1,1,2
PropertyConstraint,2,2,0,0,2,14,2,0,1,0,1,1
OrConstraint,2,2,0,0,2,14,2,0,1,0,2,0
ConditionContext,0,2,0,0,1,26,4,1,0,-1,0,4
"FuncChain<T,TResult>",1,2,1,0,2,61,4,0,0,0,0,0
ICloneable,0,1,0,0,0,9,1,7,0,-1,0,0
Pair,2,1,2,0,1,29,1,0,0,0,0,9
SchemaConstants,1,0,0,1,0,7,0,0,0,-1,0,7
Triple,3,1,3,0,1,39,1,0,0,0,0,1
Memoizer,2,1,0,0,1,56,2,0,0,0,0,20
KeyedMemoizer,2,1,0,0,1,168,4,0,0,0,2,7
ITable,0,3,1,0,0,7,3,2,0,-1,0,3
DictionaryTable,2,3,0,0,3,36,6,0,1,0.6700000166893005,1,1
ArrayTable,2,3,1,0,3,34,7,0,1,0,1,0
Hash64,1,7,0,0,7,57,9,0,0,0,0,7
ActionChain,2,4,1,1,4,105,9,0,0,0,0,50
ActionChain<T>,2,4,1,1,4,108,9,0,0,0,1,0
"ActionChain<T1,T2>",2,4,1,1,4,108,9,0,0,0,1,0
AttachmentType,0,0,0,0,0,13,0,0,0,-1,0,4
MarkupNormalizationUtils,0,5,0,0,5,53,5,0,0,-1,1,7
NamespaceDoc,0,0,0,0,0,4,0,0,0,-1,0,0
Attachment,2,11,2,0,10,155,18,2,1,0.3600000143051147,7,12
AttachmentContentDisposition,0,0,0,0,0,19,0,0,0,-1,0,5
AttachmentData,4,6,7,0,4,204,16,0,0,0.3300000131130219,2,10
BinaryAttachment,1,6,1,0,6,59,8,0,2,0,5,4
FallbackMarkupDocumentWriter,2,7,0,0,1,59,15,0,1,0,3,1
IMarkupStreamWritable,0,1,0,0,0,9,1,8,0,-1,1,2
Marker,22,12,16,20,10,373,25,0,0,0,3,19
AttributeDictionary,1,3,0,0,2,19,4,0,0,0.6700000166893005,1,1
MimeTypes,14,5,1,12,2,121,10,0,0,0,1,7
NullMarkupDocumentWriter,0,6,0,0,0,27,6,0,1,-1,2,0
StringMarkupDocumentWriter,0,3,0,0,2,27,3,0,1,-1,0,2
StructuredDocument,2,5,2,0,5,94,13,0,0,0,4,10
StructuredStream,2,4,2,0,3,79,7,0,1,0.75,2,5
StructuredDocumentWriter,3,13,1,1,2,165,17,0,1,0,4,3
StreamState,3,8,1,0,7,55,10,0,0,0,3,1
StructuredText,2,11,2,0,10,208,17,0,1,0,6,4
TextLengthVisitor,0,1,1,0,1,8,1,0,1,-1,1,1
TruncateTextVisitor,3,5,1,0,5,49,10,0,1,0,5,1
StructuredTextWriter,0,4,2,0,4,52,4,0,1,-1,6,1
MarkupStreamNames,7,0,0,7,0,37,0,0,0,-1,0,4
MarkupStreamWriter,2,30,4,0,27,464,40,1,0,0.2300000041723251,10,36
RegionCookie,1,2,0,0,2,12,2,0,0,0,1,1
MarkupDocumentWriter,3,35,8,0,11,464,42,5,0,0.05999999865889549,6,17
TextAttachment,1,6,1,0,6,61,8,0,2,0,3,4
TextualMarkupDocumentWriter,4,8,2,0,1,104,17,1,1,0,2,1
ChiSquareTest,3,1,3,0,1,65,4,0,0,0,1,1
Gamma,3,4,0,0,1,87,13,0,0,0,0,1
NamespaceDoc,0,0,0,0,0,4,0,0,0,-1,0,0
IMessageExchangeLink,0,2,0,0,0,14,2,1,0,-1,1,1
NamespaceDoc,0,0,0,0,0,4,0,0,0,-1,0,0
Topic,2,2,1,0,2,35,4,0,0,0,0,1
TopicPattern,3,4,1,0,3,58,8,0,0,0,1,0
Message,0,2,0,0,2,13,2,16,1,-1,0,18
MessagingException,0,4,0,0,3,36,4,0,0,-1,0,0
BinaryMessageFormatter,1,3,0,0,3,38,3,0,1,0,1,1
IMessageFormatter,0,2,0,0,0,15,2,1,0,-1,1,2
IMessageSink,0,1,0,0,0,10,1,8,0,-1,1,18
MessageConsumer,1,6,0,0,4,81,8,0,1,0.3300000131130219,2,3
Handler,0,1,0,0,1,4,1,1,0,-1,1,2
Handler<TMessage>,2,2,0,0,2,21,3,0,1,0,2,0
MessageExchange,2,6,0,0,4,94,9,0,1,0.3300000131130219,2,1
MessageSinkFactory,0,5,0,0,2,48,7,0,0,-1,4,0
NullMessageSink,1,2,0,1,1,17,3,0,1,1,1,0
QueuedMessageSink,4,5,0,0,4,86,9,0,1,0,3,0
RemoteMessageSink,1,2,0,0,2,36,4,0,1,0,3,1
Forwarder,1,2,0,0,2,12,2,0,1,0,2,1
AsyncTcpListenerMessageSink,6,11,0,0,3,135,18,0,1,0,5,0
State,0,2,4,0,2,19,2,0,0,-1,0,2
AsyncTcpServerMessageSink,3,3,0,0,3,39,5,0,1,0,3,0
FramedMessage,1,3,0,0,2,29,3,0,0,0.6700000166893005,1,1
SocketErrorCodes,1,0,0,1,0,7,0,0,0,-1,0,1
DiskCacheException,0,4,0,0,3,36,4,0,0,-1,0,0
IDiskCache,0,1,1,0,0,12,1,1,0,-1,0,1
IDiskCacheGroup,0,6,4,0,0,82,6,1,0,-1,0,2
IDiskCacheGroupCollection,0,0,0,0,0,10,0,1,0,-1,0,0
NamespaceDoc,0,0,0,0,0,4,0,0,0,-1,0,0
SimpleDiskCache,1,3,2,0,2,190,4,1,1,0,4,0
Group,3,8,4,0,7,127,16,0,1,0,2,1
TemporaryDiskCache,1,2,0,1,2,24,2,0,2,1,0,1
ExceptionData,6,11,5,1,8,291,27,0,1,0,8,23
NamespaceDoc,0,0,0,0,0,4,0,0,0,-1,0,0
StackTraceData,2,5,1,0,5,97,10,0,1,0,6,5
StackTraceFilter,1,15,0,0,5,223,43,0,0,0,4,4
SystemInternalAttribute,0,0,0,0,0,6,0,0,0,-1,0,2
UserCodeEntryPointAttribute,0,0,0,0,0,4,0,0,0,-1,0,1
ExceptionUtils,0,7,0,0,7,179,15,0,0,-1,1,8
NamespaceDoc,0,0,0,0,0,4,0,0,0,-1,0,0
BaseTagVisitor,0,5,0,0,5,26,5,2,1,-1,5,0
BodyTag,0,6,0,0,4,39,6,0,1,-1,3,8
ContainerTag,1,6,1,0,3,56,10,3,1,0.5,3,3
EmbedTag,1,9,1,0,5,76,10,0,1,0.3300000131130219,3,5
ITagVisitor,0,5,0,0,0,28,5,3,0,-1,5,7
MarkerTag,2,9,3,0,5,170,11,0,2,0.4399999976158142,7,5
Attribute,2,2,2,0,1,58,2,0,0,1,1,1
SectionTag,1,9,1,0,5,79,10,0,2,0.3300000131130219,5,5
Tag,0,9,0,0,5,54,11,3,1,-1,3,1
TagFormatter,3,8,0,0,6,83,14,0,1,0.25,5,1
TextTag,2,13,1,0,6,117,18,0,2,0.3799999952316284,3,6
BitmapVideoFrame,1,2,3,0,1,54,3,0,1,0,0,0
VerticalAlignment,0,0,0,0,0,15,0,0,0,-1,0,2
HorizontalAlignment,0,0,0,0,0,15,0,0,0,-1,0,2
CaptionOverlay,3,4,4,0,1,107,7,1,1,0.5,3,1
CaptureParameters,1,1,1,0,1,32,1,0,0,0,0,3
NamespaceDoc,0,0,0,0,0,4,0,0,0,-1,0,0
Overlay,0,2,0,0,1,19,3,2,0,-1,1,2
OverlayManager,1,6,1,0,6,103,12,0,0,0.3300000131130219,3,4
CompositeOverlay,1,2,0,0,1,12,2,0,1,0,2,1
OverlayPaintRequest,4,1,4,0,1,52,2,0,0,0,0,4
ScreenshotNotAvailableException,0,4,0,0,3,36,4,0,1,-1,0,0
ScreenRecorder,6,11,5,0,4,190,17,0,0,0,5,1
MediaException,0,4,0,0,3,36,4,1,0,-1,0,0
VideoParameters,3,1,3,0,1,47,4,1,0,0,0,2
FlashScreenVideoParameters,4,1,4,0,1,103,3,0,1,0,0,1
FlvWriter,2,15,0,0,5,287,17,0,0,0,7,3
FlvFlags,0,0,0,0,0,6,0,0,0,-1,0,2
FlvTagType,0,0,0,0,0,7,0,0,0,-1,0,1
FlvAudioFrameFlags,0,0,0,0,0,28,0,0,0,-1,0,1
FlvVideoFrameFlags,0,0,0,0,0,18,0,0,0,-1,0,2
AmfDataType,0,0,0,0,0,16,0,0,0,-1,0,1
FlvMetadata,1,7,0,0,5,41,8,0,0,0.2899999916553497,2,1
FlvMetadataUpdater,2,2,0,0,1,17,2,0,0,0,1,3
FlashScreenVideo,18,6,3,0,1,160,7,0,1,0,6,1
VideoFrame,0,2,2,0,1,60,8,1,0,-1,0,2
Video,1,5,3,0,2,82,9,1,0,0.4000000059604645,2,6
ScreenGrabber,12,12,4,0,6,273,22,0,0,0.1700000017881393,5,2
POINT,2,0,0,2,0,6,0,0,0,-1,0,2
CURSORINFO,4,0,0,4,0,11,0,0,0,-1,1,1
NamespaceDoc,0,0,0,0,0,4,0,0,0,-1,0,0
INormalizable,0,1,0,0,0,26,1,12,0,-1,0,0
NormalizationUtils,0,9,0,0,5,223,34,0,0,-1,0,9
NamespaceDoc,0,0,0,0,0,4,0,0,0,-1,0,0
ProcessIntegrityLevel,0,0,0,0,0,31,0,0,0,-1,0,1
RegistryUtils,1,4,0,0,2,117,10,0,0,0,1,1
DotNetFrameworkSupport,1,0,1,0,0,34,0,0,0,-1,1,1
DotNetRuntimeType,0,0,0,0,0,11,0,0,0,-1,0,0
ProcessType,0,0,0,0,0,15,0,0,0,-1,0,1
DotNetRuntimeSupport,1,2,6,0,1,134,7,0,0,0,2,13
ProcessSupport,2,5,5,0,0,161,19,0,0,0,7,4
Native,11,6,0,11,6,26,6,0,0,1,0,1
TOKEN_MANDATORY_LABEL,1,0,0,1,0,5,0,0,0,-1,1,1
SID_AND_ATTRIBUTES,2,0,0,2,0,6,0,0,0,-1,0,2
DotNetFrameworkVersion,0,0,0,0,0,19,0,0,0,-1,0,1
NamespaceDoc,0,0,0,0,0,4,0,0,0,-1,0,0
SpecialPathPolicy,3,11,1,0,8,141,18,0,0,0.1800000071525574,1,6
VersionPolicy,0,3,0,0,3,72,7,0,0,-1,0,0
EventHandlerPolicy,0,3,0,0,2,54,7,0,0,-1,1,20
UnhandledExceptionPolicy,4,5,1,0,1,130,10,0,0,0.4000000059604645,2,22
CorrelatedExceptionEventArgs,4,5,4,0,4,108,10,0,0,0,2,6
AssemblyMetadata,7,3,6,0,0,289,18,0,0,0,5,3
ImageReader,1,3,0,0,3,39,7,0,0,0,0,1
PEFormat,0,0,0,0,0,5,0,0,0,-1,0,1
CorFlags,0,0,0,0,0,8,0,0,0,-1,0,1
Section,3,0,0,3,0,6,0,0,0,-1,0,1
AssemblyMetadataFields,0,0,0,0,0,33,0,0,0,-1,0,4
IMirror,0,0,1,0,0,7,0,4,0,-1,0,0
NamespaceDoc,0,0,0,0,0,4,0,0,0,-1,0,0
ProxyUtils,0,10,0,0,1,263,38,0,0,-1,0,1
AssemblySignature,4,6,3,0,6,163,20,0,0,0,0,3
AssemblyUtils,0,9,0,0,9,148,19,0,0,-1,2,16
AttributeUtils,0,7,0,0,7,108,12,0,0,-1,3,5
CodeElementKind,0,0,0,0,0,43,0,0,0,-1,0,3
CodeElementSorter,0,1,0,0,1,18,1,0,0,-1,0,1
CodeLocation,7,13,3,1,8,214,24,0,1,0.3100000023841858,2,33
CodeReference,6,18,6,1,12,342,35,0,1,0.3300000131130219,4,14
CodeReferenceKind,0,0,0,0,0,27,0,0,0,-1,0,1
ConstantValue,2,4,6,0,3,191,13,0,0,0,3,4
UnresolvedEnum,0,0,0,0,0,3,0,0,0,-1,0,1
DeclaringTypeComparer<T>,1,2,0,1,1,21,4,0,0,1,1,0
IAssemblyInfo,0,6,2,0,0,47,6,2,1,-1,0,27
IAttributeInfo,0,3,5,0,0,50,3,2,1,-1,0,4
ICodeElementInfo,0,5,3,0,0,52,5,6,1,-1,1,99
IConstructorInfo,0,1,0,0,0,13,1,2,1,-1,0,12
IEventInfo,0,1,5,0,0,36,1,2,1,-1,0,10
IFieldInfo,0,1,10,0,0,53,1,2,1,-1,0,15
IFunctionInfo,0,1,14,0,0,70,1,4,1,-1,0,3
IGenericParameterInfo,0,0,3,0,0,17,0,2,1,-1,0,5
IMemberInfo,0,1,2,0,0,41,1,7,2,-1,0,10
IMethodInfo,0,2,7,0,0,55,2,2,2,-1,0,35
INamespaceInfo,0,0,0,0,0,3,0,1,2,-1,0,5
IParameterInfo,0,1,5,0,0,33,1,2,1,-1,0,19
IPropertyInfo,0,1,6,0,0,40,1,2,3,-1,0,15
IReflectionPolicy,0,2,0,0,0,19,2,1,0,-1,0,10
ISlotInfo,0,0,2,0,0,12,0,4,2,-1,0,14
ITypeInfo,0,18,35,0,0,280,18,3,3,-1,0,56
ReflectionOnlyAssemblyLoader,1,2,1,0,2,29,3,0,0,0,1,0
ReflectionResolveException,0,10,0,0,7,86,12,0,0,-1,2,0
ReflectionUtils,0,15,0,0,15,292,44,0,0,-1,8,19
Reflector,0,20,1,0,20,347,48,0,0,-1,25,23
TypeName,2,10,4,0,10,153,19,0,0,0.300000011920929,3,16
AssemblyBinding,3,4,5,0,3,128,7,0,0,0.5,1,5
BindingRedirect,2,1,1,0,1,39,3,0,0,0,0,2
CciDebugSymbolResolver,2,3,0,0,3,38,6,0,1,1,2,1
CciModuleCache,3,7,0,0,2,109,13,0,0,0.2899999916553497,2,1
UnresolvedCodeElementFactory,1,9,1,0,8,101,9,1,0,1,8,1
NativeWrapper,0,0,1,0,0,8,0,3,1,-1,0,0
NamespaceDoc,0,0,0,0,0,4,0,0,0,-1,0,0
BaseReflectionPolicy,0,4,0,0,2,31,6,2,1,-1,1,0
CecilReflectionPolicy,5,78,0,0,1,711,132,0,1,0.3799999952316284,25,1
CustomAssemblyResolver,4,6,0,0,5,68,14,0,0,0.3300000131130219,1,1
ComDebugSymbolResolver,10,8,0,0,3,531,23,0,1,0,7,0
ComStream,1,12,0,0,1,81,14,0,1,0.6700000166893005,2,0
IMetaDataDispenser,0,2,0,0,0,18,2,0,0,-1,0,1
ISymUnmanagedBinder3,0,4,0,0,0,26,4,0,0,-1,0,1
ISymUnmanagedReader,0,17,0,0,0,63,17,0,0,-1,3,1
ISymUnmanagedDocument,0,10,0,0,0,25,10,0,0,-1,0,3
ISymUnmanagedMethod,0,10,0,0,0,34,10,0,0,-1,1,2
ISymUnmanagedNamespace,0,0,0,0,0,5,0,0,0,-1,0,0
ISymUnmanagedVariable,0,0,0,0,0,5,0,0,0,-1,0,0
ISymUnmanagedScope,0,0,0,0,0,5,0,0,0,-1,0,0
IDiaReadExeAtOffsetCallback,0,1,0,0,0,6,1,0,0,-1,0,0
IStream,0,11,0,0,0,31,11,1,0,-1,0,3
CorSymSearchPolicyAttributes,0,0,0,0,0,8,0,0,0,-1,0,0
STREAM_SEEK,0,0,0,0,0,6,0,0,0,-1,0,1
DebugSymbolUtils,1,5,1,0,3,103,17,0,0,0.6000000238418579,6,3
DefaultXmlDocumentationResolver,1,3,0,0,2,173,5,0,1,0,1,0
CachedDocument,1,4,0,0,2,130,10,0,0,0,0,1
IDebugSymbolResolver,0,1,0,0,0,12,1,3,0,-1,0,2
IResolvableTypeInfo,0,1,0,0,0,16,1,1,4,-1,0,1
IUnresolvedCodeElement,0,0,1,0,0,7,0,8,0,-1,0,2
IXmlDocumentationResolver,0,1,0,0,0,11,1,1,0,-1,0,1
MonoDebugSymbolResolver,0,3,0,0,3,19,3,0,1,-1,1,1
NativeAssemblyWrapper,0,10,5,0,10,65,10,0,2,-1,4,1
NativeAttributeWrapper,1,4,5,0,4,76,7,0,2,0,3,1
NativeCodeElementWrapper<TTarget>,1,10,4,0,9,53,12,0,2,0.800000011920929,4,0
NativeConstructorWrapper,0,3,1,0,3,22,3,0,2,-1,1,1
NativeEventWrapper,0,3,6,0,3,40,3,0,2,-1,1,1
NativeFieldWrapper,0,4,13,0,4,71,4,0,2,-1,2,1
NativeFunctionWrapper<TTarget>,0,4,14,0,3,83,5,0,2,-1,3,0
NativeGenericParameterWrapper,0,3,6,0,3,39,3,0,2,-1,2,0
NativeMemberWrapper<TTarget>,0,8,5,0,6,94,10,0,3,-1,4,0
NativeMethodWrapper,0,5,8,0,5,59,5,0,3,-1,4,1
NativeNamespaceWrapper,1,11,3,0,11,80,12,0,3,0.550000011920929,4,1
NativeParameterWrapper,0,7,10,0,7,75,7,0,2,-1,2,1
NativePropertyWrapper,0,4,9,0,4,55,4,0,4,-1,2,1
NativeReflectionPolicy,1,2,0,1,0,14,2,0,2,1,2,0
NativeTypeWrapper,0,23,37,0,23,270,27,1,4,-1,10,1
ReflectorAttributeUtils,0,3,0,0,3,73,5,0,0,-1,6,2
ReflectorFlagsUtils,0,7,0,0,7,87,14,0,0,-1,0,1
ReflectorResolveUtils,2,17,0,0,8,453,62,0,0,0.4099999964237213,15,8
ReflectorTypeUtils,0,2,0,0,2,65,5,0,0,-1,2,0
StaticArrayTypeWrapper,1,4,5,0,3,60,5,0,1,0,4,2
StaticAssemblyWrapper,7,13,5,0,11,118,14,0,2,0.9200000166893005,7,3
StaticAttributeWrapper,4,5,7,0,5,108,13,0,2,1,11,2
StaticByRefTypeWrapper,0,4,3,0,3,44,4,0,1,-1,4,2
StaticCodeElementWrapper,1,16,3,0,8,204,34,3,2,0.4399999976158142,10,2
StaticConstructedTypeWrapper,0,4,7,0,2,68,4,3,1,-1,3,0
StaticConstructorWrapper,0,6,1,0,4,46,6,0,2,-1,5,2
StaticDeclaredTypeWrapper,11,31,17,0,16,682,93,0,1,0.1299999952316284,15,13
StaticEventWrapper,6,8,9,0,5,150,19,0,2,0.75,7,3
StaticFieldWrapper,2,7,13,0,5,127,8,0,2,0.8600000143051147,7,4
StaticFunctionWrapper,3,6,15,0,1,137,6,2,2,0.6700000166893005,5,2
StaticGenericParameterWrapper,4,8,16,0,6,170,10,0,2,0.75,8,3
StaticMemberWrapper,3,8,7,0,4,106,8,2,3,0.5,6,3
StaticMethodWrapper,6,11,12,0,6,237,27,0,3,0.449999988079071,8,6
StaticParameterWrapper,5,9,11,0,7,140,13,0,3,0.6700000166893005,7,3
StaticPointerTypeWrapper,0,4,3,0,3,44,4,0,2,-1,4,2
StaticPropertyWrapper,5,9,12,0,6,208,20,0,4,0.7799999713897705,7,4
StaticReflectedMemberWrapper,1,1,1,0,0,28,3,4,4,0,2,0
StaticReflectionPolicy,1,53,0,0,0,419,53,1,2,1,16,21
StaticSpecialTypeWrapper,0,13,3,0,11,89,13,2,1,-1,2,0
StaticTypeSubstitution,2,10,1,1,9,181,31,0,0,0.300000011920929,4,8
StaticTypeWrapper,1,29,40,0,20,348,40,2,5,0.7200000286102295,9,7
StaticWrapper,3,5,3,0,4,65,7,2,1,0,2,1
XmlDocumentationUtils,1,10,1,0,2,243,30,0,0,0,2,1
UnresolvedCodeElementFactoryInternal,0,8,0,0,8,35,8,0,1,-1,16,0
UnresolvedAssembly,1,20,9,0,18,270,25,0,1,0.449999988079071,4,1
UnresolvedConstructorInfo,1,13,14,0,12,151,14,0,1,0.4600000083446503,3,1
UnresolvedCustomAttributeProvider,0,3,0,0,3,23,3,0,0,-1,3,8
UnresolvedEventInfo,1,11,9,0,10,101,12,0,1,0.1800000071525574,3,1
UnresolvedFieldInfo,1,14,11,0,13,134,15,0,1,0.5699999928474426,2,1
UnresolvedMethodInfo,1,15,17,0,14,175,17,0,1,0.3300000131130219,6,1
UnresolvedParameterInfo,1,9,9,0,8,95,10,0,1,0.3300000131130219,2,1
UnresolvedPropertyInfo,1,20,12,0,18,155,22,0,1,0.449999988079071,4,1
UnresolvedType,1,49,24,0,35,421,73,0,1,0.1400000005960464,10,1
UnresolvedMemberInfo,0,3,0,0,3,15,3,0,0,-1,3,2
UnresolvedMethodBase,0,1,0,0,1,8,1,0,0,-1,2,3
BaseChannel,2,6,2,0,2,106,12,2,0,0.3300000131130219,1,1
BaseClientChannel,0,2,0,0,1,22,4,2,1,-1,0,0
BaseServerChannel,1,3,0,0,1,40,6,2,1,0,1,0
BinaryIpcClientChannel,1,3,0,0,1,29,4,0,2,0,0,3
BinaryIpcServerChannel,0,3,0,0,1,32,4,0,2,-1,0,3
BinaryTcpClientChannel,0,3,0,0,1,30,4,0,2,-1,0,0
BinaryTcpServerChannel,0,3,0,0,1,33,4,0,2,-1,0,0
IClientChannel,0,1,0,0,0,12,1,1,0,-1,0,2
IServerChannel,0,1,0,0,0,11,1,1,0,-1,0,2
LongLivedMarshalByRefObject,0,1,0,0,1,8,1,11,0,-1,0,0
NamespaceDoc,0,0,0,0,0,4,0,0,0,-1,0,0
FnvHasher,3,6,0,0,5,58,8,0,0,0,0,11
Impersonation,1,3,0,0,2,65,8,0,0,0,1,0
NativeMethods,0,4,0,0,0,11,4,0,0,-1,0,1
ImpersonationException,0,4,0,0,3,37,4,0,0,-1,0,0
NamespaceDoc,0,0,0,0,0,4,0,0,0,-1,0,0
Diff,3,5,4,0,5,88,5,0,0,0,3,1
DiffKind,0,0,0,0,0,12,0,0,0,-1,0,3
DiffSet,4,12,5,0,6,673,39,0,1,0,8,1
DiffAlgorithm,9,7,0,0,1,303,31,0,0,0,3,1
DiffStyle,0,0,0,0,0,15,0,0,0,-1,0,2
Range,2,8,3,0,8,123,13,0,0,0,0,4
Substring,2,10,3,0,10,175,22,0,0,0.2000000029802322,2,2
StringUtils,0,14,0,0,9,301,32,0,0,-1,0,9
NamespaceDoc,0,0,0,0,0,4,0,0,0,-1,0,0
ElementSet,2,4,0,0,2,63,10,0,1,0,1,0
IElement,0,1,0,0,0,9,1,1,0,-1,0,4
Element,1,3,0,0,1,32,5,3,1,0,1,0
ElementEmpty,0,1,0,0,1,10,1,0,1,-1,0,1
ElementGroup,1,2,0,0,1,27,4,0,2,0,2,1
ElementLiteral,1,2,0,0,1,22,3,1,2,0,1,0
RegexLiteException,0,4,0,0,3,36,4,0,0,-1,0,1
Parser,11,8,0,0,1,221,19,0,0,0,6,2
Token,2,4,2,0,3,58,9,0,0,0,1,1
ParsingInfo,7,5,4,3,4,138,7,0,0,0,3,1
Options,0,0,0,0,0,7,0,0,0,-1,0,1
RegexLite,1,2,1,0,2,35,3,0,0,0,2,1
Quantifier,4,3,2,2,3,69,7,0,0,0,0,6
Clock,1,4,3,0,4,48,4,0,1,0.75,0,0
IClock,0,4,3,0,0,44,4,1,0,-1,0,3
NamespaceDoc,0,0,0,0,0,4,0,0,0,-1,0,0
NamespaceDoc,0,0,0,0,0,4,0,0,0,-1,0,0
IValidatable,0,1,0,0,0,8,1,15,0,-1,0,1
ValidationException,0,4,0,0,3,36,4,0,0,-1,0,0
ValidationUtils,0,4,0,0,4,62,10,0,0,-1,1,28
DiffType,11,4,1,10,3,106,4,0,0,0.5,0,8
Diff,3,3,3,0,3,97,6,0,0,0,8,2
NullFormatter,0,1,0,0,1,7,1,0,1,-1,0,0
DiffEngineFactory,0,2,0,0,2,37,4,0,0,-1,7,2
DiffSet,2,5,2,1,3,68,8,0,0,0,2,13
DiffSetBuilder,1,3,0,0,3,42,6,0,0,0,2,8
DiffTargets,0,0,0,0,0,16,0,0,0,-1,0,8
IDiffable,0,1,0,0,0,14,1,8,0,-1,2,0
IDiffableCollection,0,1,1,0,0,25,1,2,1,-1,0,0
IDiffEngine,0,1,0,0,0,9,1,3,0,-1,0,2
"DiffEngineForOrderedItems<TCollection,TItem>",6,3,0,0,2,70,10,0,1,0,6,0
OrderedItemType,5,2,2,2,1,26,2,0,0,0,2,2
DiffEngineForUnorderedAttributes,5,4,0,0,2,78,11,0,1,0,9,1
DiffEngineForUnorderedElements,5,3,0,0,2,83,11,0,1,0,10,1
NodeAttribute,4,8,8,0,6,171,20,0,1,0.25,9,4
NodeAttributeCollection,1,3,0,1,3,35,4,0,2,1,6,6
NodeDeclaration,1,3,1,0,3,39,6,0,1,0.6700000166893005,5,4
NodeFragment,1,6,1,0,6,83,13,0,1,0.6700000166893005,10,11
INode,0,1,5,0,0,47,1,2,1,-1,2,14
NodeType,0,0,0,0,0,27,0,0,0,-1,0,2
INamed,0,1,1,0,0,18,1,1,0,-1,1,0
NodeBase,4,4,6,0,3,84,5,5,2,1,6,0
NodeCollection<TNode>,1,6,1,0,3,84,12,0,0,0,4,0
NodeCollection,1,2,0,1,2,20,2,1,2,1,5,8
NodeComment,1,3,1,0,3,58,10,0,3,1,7,1
NodeContent,1,5,1,0,4,75,12,0,3,0.6000000238418579,7,2
NodeElement,2,6,2,0,5,107,20,0,3,0.3300000131130219,12,3
NamespaceDoc,0,0,0,0,0,4,0,0,0,-1,0,0
Options,0,0,0,0,0,61,0,0,0,-1,0,20
Parser,1,5,0,0,1,110,13,0,0,0,6,1
XmlPreprocessor,1,4,0,0,4,127,14,0,0,0,0,1
IXmlSerializer,0,2,0,0,0,20,2,1,0,-1,0,3
DefaultXmlSerializer,0,2,0,0,2,26,5,0,1,-1,0,0
XmlUtils,0,1,0,0,1,33,2,0,0,-1,0,0
IXmlPathLoose,0,3,0,0,0,19,3,1,1,-1,0,12
IXmlPathLooseClosed,0,0,0,0,0,3,0,2,2,-1,0,3
IXmlPathLooseOpen,0,2,0,0,0,15,2,1,3,-1,0,5
XmlPathParser,0,3,0,0,2,56,11,0,0,-1,5,2
XmlPathRenderer,7,15,0,0,1,168,29,2,0,0,12,1
Line,2,0,0,2,0,5,0,0,0,-1,0,2
XmlPathRendererFlat,0,2,0,0,1,16,3,0,1,-1,3,0
XmlPathRendererWithIndentation,0,3,0,0,1,29,6,0,1,-1,3,0
XmlPathRenderingOptions,0,0,0,0,0,12,0,0,0,-1,0,2
XmlPathStrictDeclaration,0,3,0,0,3,35,6,0,1,-1,3,1
XmlPathLooseClosed,2,6,2,0,4,75,10,2,3,0.8299999833106995,4,0
XmlPathLooseClosedAttribute,1,4,1,0,4,53,8,0,4,0.5,4,2
XmlPathLooseOpen,0,4,0,0,2,16,4,1,4,-1,1,0
XmlPathLooseOpenElement,2,7,1,0,6,74,12,0,5,0.4300000071525574,6,2
XmlPathStrict,2,7,3,0,5,89,12,3,1,0.8600000143051147,5,0
XmlPathStrictAttribute,0,3,0,0,3,38,8,0,2,-1,6,2
XmlPathStrictElement,1,6,0,0,5,53,9,0,2,0.6700000166893005,4,1
IXmlPath,0,1,1,0,0,16,1,2,0,-1,0,0
IXmlPathStrict,0,5,2,0,0,46,5,1,1,-1,1,25
XmlPathRoot,3,2,0,0,2,82,2,0,0,1,3,10
Strict,1,2,0,0,1,35,2,0,0,1,2,3
NamespaceDoc,0,0,0,0,0,4,0,0,0,-1,0,0
AssertionContext,3,4,3,0,3,232,6,0,0,0,5,3
Scope,3,11,1,0,4,100,15,0,0,0,7,1
AssertionException,0,4,0,0,3,36,4,1,1,-1,0,1
AssertionFailure,9,9,6,2,2,245,19,0,1,0,6,12
LabeledValue,2,3,2,0,3,56,6,0,0,0,1,2
AssertionFailureBehavior,0,0,0,0,0,45,0,0,0,-1,0,4
AssertionFailureBuilder,9,26,1,0,19,391,41,0,0,0.07999999821186066,10,19
AssertionFailureException,2,3,4,0,2,65,5,0,2,0,2,2
AssertionHelper,0,6,0,0,6,206,14,0,0,-1,6,16
Capture,1,17,0,0,17,322,26,0,0,0.1800000071525574,18,2
DefaultCaptionOverlay,0,0,0,0,0,3,0,0,2,-1,0,1
ComparisonSemantics,1,0,1,0,0,20,0,0,0,-1,1,2
IComparisonSemantics,0,6,0,0,0,130,6,1,0,-1,0,3
CustomEqualityComparers,2,6,0,0,4,142,11,0,0,0,1,3
Data,2,2,4,0,2,39,2,0,0,1,0,2
CustomComparers,2,6,0,0,4,144,11,0,0,0,1,3
TriggerEvent,0,0,0,0,0,32,0,0,0,-1,0,4
NamespaceDoc,0,0,0,0,0,4,0,0,0,-1,0,0
DiagnosticLog,0,2,0,0,2,43,5,0,0,-1,4,0
TestTerminatedException,2,5,1,0,4,56,5,1,1,0,2,0
DefaultComparisonSemantics,5,19,0,0,7,264,53,0,1,0.2099999934434891,4,0
Sandbox,7,14,3,0,7,405,27,0,0,0.1400000005960464,10,6
SilentTestException,0,3,1,0,2,36,3,0,2,-1,1,0
TestStep,0,7,1,0,7,226,7,0,0,-1,4,4
Tasks,4,14,2,0,7,261,28,0,0,0,14,0
TestException,2,5,3,0,1,74,5,3,0,0.6000000238418579,0,4
TestFailedException,0,4,1,0,3,44,4,1,1,-1,0,0
TestInconclusiveException,0,4,1,0,3,44,4,0,1,-1,0,0
TestContext,4,21,14,0,13,572,29,0,0,0.1899999976158142,22,18
TestContextCookie,1,3,0,0,2,54,4,0,0,0,0,2
TestLog,0,42,8,0,42,906,42,0,0,-1,9,13
RandomRangeGenerator<T>,0,2,2,0,0,37,5,0,0,-1,0,0
SequentialInt32Generator,0,4,1,0,1,78,15,0,0,-1,0,1
SequentialDoubleGenerator,0,4,1,0,1,78,15,0,0,-1,0,1
RandomInt32Generator,0,3,0,0,1,29,5,0,0,-1,0,1
RandomDoubleGenerator,0,3,0,0,1,29,5,0,0,-1,0,1
RandomGenerator<T>,3,4,3,0,1,74,6,0,0,1,1,0
RandomStockStringGenerator,0,3,1,0,1,31,5,0,1,-1,1,1
RandomRegexLiteStringGenerator,1,4,1,0,2,49,5,0,1,0.75,3,1
NamespaceDoc,0,0,0,0,0,4,0,0,0,-1,0,0
SequentialDecimalGenerator,0,4,1,0,1,78,15,0,0,-1,0,2
Generator<T>,0,6,1,0,1,82,9,0,1,-1,0,0
RandomDecimalGenerator,0,5,0,0,1,51,7,0,0,-1,0,2
RandomStringGenerator,0,3,0,0,0,28,5,2,0,-1,0,3
SequentialGenerator<T>,0,5,5,0,1,97,10,0,0,-1,0,0
GenerationException,0,4,0,0,3,36,4,0,0,-1,0,2
IGenerator,0,1,0,0,0,8,1,1,0,-1,0,1
CompositePatternAttribute,0,3,0,0,2,32,5,0,1,-1,4,0
FixtureMemberInvokerTargets,0,0,0,0,0,20,0,0,0,-1,0,2
PatternTestExplorer,4,7,0,0,2,90,18,0,1,0.2899999916553497,18,1
PatternTestModel,0,1,1,0,1,19,1,0,1,-1,3,2
FixtureMemberInvoker<TOutput>,4,13,0,0,4,212,32,0,0,0.3799999952316284,13,0
NamespaceDoc,0,0,0,0,0,4,0,0,0,-1,0,0
ReflectionOnlyTestModelBuilder,1,7,2,0,1,148,8,0,1,1,4,1
DummyRootTestBuilder,0,9,13,0,9,99,9,0,1,-1,3,0
PatternTestFrameworkExtensionInfo,2,1,3,0,1,41,3,0,0,0,0,2
BaseBuilder,1,4,0,0,2,41,9,3,1,0,3,0
DefaultTestBuilder,1,7,10,0,6,124,15,0,1,0,9,0
BaseTestComponentBuilder,1,5,3,0,2,55,8,2,2,0.4000000059604645,3,0
DefaultTestDataContextBuilder,2,5,1,0,4,47,7,0,2,0,3,1
DefaultTestModelBuilder,3,6,2,0,5,71,11,0,2,0.5,10,0
DefaultTestParameterBuilder,1,3,3,0,2,44,4,0,3,0,2,1
IPatternTestParameterHandler,0,2,0,0,0,48,2,1,0,-1,1,0
ISupportDeferredActions,0,2,0,0,0,22,2,3,0,-1,1,0
IPatternEvaluator,0,9,2,0,0,102,9,1,0,-1,3,17
IPatternScope,0,8,11,0,0,172,8,1,0,-1,5,85
ITestBuilder,0,5,10,0,0,173,5,2,1,-1,3,44
ITestComponentBuilder,0,2,3,0,0,49,2,3,1,-1,0,5
ITestDataContextBuilder,0,3,1,0,0,45,3,1,0,-1,0,9
ITestModelBuilder,0,4,2,0,0,35,4,2,1,-1,3,14
ITestParameterBuilder,0,1,3,0,0,28,1,1,2,-1,0,7
TestAssemblyExecutionParameters,2,2,2,0,1,46,2,0,0,0,0,7
PatternTestParameterActions,2,3,2,0,3,42,3,0,1,0,2,6
ProcessIsolation,2,4,0,0,2,31,5,0,0,0,0,0
AnnotationPatternAttribute,3,2,3,0,2,49,3,1,1,0,4,0
ContributionMethodPatternAttribute,0,4,1,0,2,42,5,6,1,-1,6,4
TestAssemblyDecoratorPatternAttribute,0,3,0,0,1,41,4,2,1,-1,4,0
TestAssemblyInitializationAttribute,0,1,0,0,1,10,1,1,0,-1,2,1
TestAssemblyPatternAttribute,1,7,2,1,2,142,12,1,1,0.2899999916553497,14,1
DefaultImpl,0,0,0,0,0,7,0,0,2,-1,0,0
BasePattern,0,3,1,0,3,22,3,0,1,-1,3,0
DataPatternAttribute,1,3,1,0,1,62,3,4,1,0,5,1
DeclarativePatternResolver,1,2,0,1,1,18,4,0,1,1,2,2
DecoratorPatternAttribute,1,0,1,0,0,23,0,8,1,-1,0,0
PatternAttributeTargets,10,0,0,10,0,44,0,0,0,-1,0,0
DefaultPatternScope,7,9,11,0,9,155,18,0,1,0.2199999988079071,7,0
IPatternTestComponent,0,1,1,0,0,11,1,2,1,-1,0,1
PatternTestDataContext,3,5,2,0,5,108,11,0,1,0.4000000059604645,2,3
PatternUsageErrorException,0,3,0,0,2,30,3,0,0,-1,0,1
TestDependencyPatternAttribute,0,3,0,0,1,41,4,1,1,-1,6,0
IPattern,0,3,1,0,0,104,3,2,0,-1,3,5
IPatternResolver,0,1,0,0,0,10,1,1,0,-1,1,1
DefaultPatternEvaluator,4,10,2,0,10,143,31,0,1,0,7,1
MetadataPatternAttribute,0,3,0,0,1,29,5,6,1,-1,3,0
PatternAttribute,0,5,1,0,3,43,5,13,1,-1,3,1
PatternTest,5,2,6,0,2,103,3,0,2,1,3,15
PatternTestActions,6,2,6,0,2,200,3,0,0,0,2,25
PatternTestController,3,2,0,0,1,55,5,0,1,0,13,1
PatternTestExecutor,6,8,0,0,2,780,18,0,0,0.8799999952316284,26,4
RunTestAction,8,3,1,0,3,190,9,0,0,0,31,3
RunTestDataItemAction,7,2,1,0,2,117,9,0,0,0,24,1
RunTestInstanceAction,4,2,2,0,2,108,2,0,0,0,25,1
BeforeTestAction,1,2,0,0,2,18,3,0,0,0,7,1
InitializeTestAction,1,2,0,0,2,13,2,0,0,0,3,1
DisposeTestAction,1,2,0,0,2,13,2,0,0,0,3,1
AfterTestAction,1,2,0,0,2,14,2,0,0,0,3,1
DecorateTestInstanceAction,2,2,0,0,2,15,2,0,0,0,4,1
BeforeTestInstanceAction,1,2,0,0,2,22,4,0,0,0,6,1
InitializeTestInstanceAction,1,2,0,0,2,13,2,0,0,0,3,1
SetUpTestInstanceAction,1,2,0,0,2,13,2,0,0,0,3,1
ExecuteTestInstanceAction,1,2,0,0,2,13,2,0,0,0,3,1
RunTestInstanceBodyAction,2,3,1,0,3,23,3,0,0,0,3,1
TearDownTestInstanceAction,1,2,0,0,2,13,2,0,0,0,3,1
DisposeTestInstanceAction,1,2,0,0,2,13,2,0,0,0,3,1
AfterTestInstanceAction,1,2,0,0,2,18,3,0,0,0,5,1
DecorateChildTestAction,2,2,0,0,2,15,2,0,0,0,4,1
TestBatch,0,1,1,0,1,8,1,0,0,-1,0,1
TestPartition,0,1,2,0,1,10,1,0,0,-1,0,1
PatternTestDriver,2,8,1,0,1,88,12,0,1,0.5,22,1
PatternTestFramework,0,3,0,0,2,39,5,1,1,-1,7,1
PatternTestStep,0,2,1,0,2,41,2,0,1,-1,3,6
PatternTestInstanceActions,10,2,10,0,2,347,2,0,0,0,1,34
PatternTestInstanceState,15,10,16,0,6,377,26,0,0,0.300000011920929,13,30
PatternTestParameter,3,3,4,0,2,73,4,0,2,0.6700000166893005,6,5
PatternTestState,9,3,9,0,1,149,9,0,0,0.6700000166893005,8,13
TestConstructorPatternAttribute,1,4,2,1,2,71,8,1,2,0.5,7,0
TestDecoratorPatternAttribute,0,3,0,0,1,40,4,16,2,-1,3,0
TestMethodDecoratorPatternAttribute,0,3,0,0,1,41,4,2,2,-1,4,0
TestMethodPatternAttribute,0,6,4,0,2,150,12,2,2,-1,13,0
TestParameterDecoratorPatternAttribute,0,3,0,0,1,41,4,1,2,-1,4,0
TestParameterPatternAttribute,2,4,1,2,2,107,8,3,2,0.5,13,2
AutomaticImpl,0,6,0,0,4,40,10,0,3,-1,6,0
TestTypeDecoratorPatternAttribute,0,3,0,0,1,41,4,0,2,-1,4,0
TestTypePatternAttribute,4,13,9,1,2,405,37,3,2,0.1500000059604645,19,5
ExtensionPointPatternAttribute,1,4,2,0,2,60,6,3,2,0.5,7,2
TestParameterDataBinding,1,1,1,0,1,22,1,0,1,0,1,0
NamespaceDoc,0,0,0,0,0,4,0,0,0,-1,0,0
BaseDataBinder,0,2,0,0,1,19,4,2,1,-1,3,0
BaseDataAccessor,0,2,0,0,1,18,3,3,1,-1,1,0
ConstantDataAccessor,1,2,0,0,1,17,2,0,2,0,1,0
DataBindingContext,3,3,4,0,3,142,8,0,0,0,6,7
DataRow,2,7,1,0,4,98,14,0,1,0,3,0
MetadataNode,3,1,0,3,1,12,1,0,0,0,0,1
DataItemUtils,0,1,0,0,1,14,1,0,0,-1,2,1
FactoryDataSet,3,9,1,0,1,104,23,0,1,0.2199999988079071,4,1
FactoryKind,0,0,0,0,0,117,0,0,0,-1,0,2
IDataBinder,0,1,0,0,0,13,1,1,0,-1,2,3
IDataAccessor,0,1,0,0,0,11,1,1,0,-1,1,6
ObjectDataBinder,2,3,0,0,2,68,7,0,2,0,7,0
Accessor,3,2,0,0,1,25,2,0,2,0,6,1
BoundDataAccessor,1,2,0,0,1,21,3,0,2,0,2,1
ScalarDataBinder,2,2,0,0,1,27,5,0,2,0,5,1
SimpleDataItem,2,2,1,0,1,26,3,3,1,0,1,0
AggregateDataSet,1,1,1,0,1,32,3,2,1,0,1,2
BaseDataItem,0,5,1,0,3,32,7,5,1,-1,2,0
BaseDataSet,0,4,1,0,2,32,6,6,1,-1,1,0
ValueSequenceDataSet,3,3,1,0,1,40,6,0,2,0.6700000166893005,1,2
CombinatorialJoinStrategy,1,2,0,1,1,50,7,0,1,1,2,1
ConcatenationMergeStrategy,1,2,0,1,1,18,4,0,1,1,1,0
CsvDataSet,6,4,5,0,1,182,10,0,2,0.5,4,1
Item,3,7,0,0,4,63,12,0,2,0.2899999916553497,1,0
CsvReader,5,5,3,0,3,143,12,0,0,0,0,1
DataBinding,2,6,2,0,6,83,6,2,0,0.8299999833106995,0,27
DataBindingException,0,7,0,0,5,59,7,0,0,-1,1,1
DataSource,2,9,1,0,2,117,19,0,1,0.2199999988079071,3,16
TranslatedDataItem,2,4,1,0,2,29,6,0,2,0,4,0
DataSourceTable,1,2,0,0,2,33,7,0,1,0,1,1
DataBindingSpec,2,8,2,0,1,194,25,2,0,0.6200000047683716,3,0
IDataProvider,0,1,0,0,0,14,1,1,0,-1,0,8
IDataItem,0,3,1,0,0,44,3,1,0,-1,2,19
IDataSet,0,1,1,0,0,14,1,1,1,-1,1,7
IDataSourceResolver,0,1,0,0,0,10,1,2,0,-1,0,4
IJoinStrategy,0,1,0,0,0,24,1,3,0,-1,0,3
IMergeStrategy,0,1,0,0,0,14,1,3,0,-1,0,1
IntersectionMergeStrategy,1,5,0,1,1,79,15,0,1,0.4000000059604645,3,0
JoinedDataSet,3,5,2,0,2,219,17,0,2,0,8,3
JoinedDataItem,2,4,1,0,2,35,8,0,2,0,7,0
DataSetInfo,3,2,2,0,2,24,2,0,0,0,1,3
ResolvedBinding,2,2,2,0,2,23,2,0,1,0,2,2
ListDataItem<T>,1,3,0,0,2,32,6,0,2,0,1,0
MergedDataSet,2,3,2,0,1,51,5,1,2,1,6,1
MethodInvocationSpec,5,6,4,0,2,155,18,0,1,0,8,2
NullDataItem,1,4,1,1,1,29,4,0,2,1,2,2
ObjectCreationSpec,7,9,6,0,2,265,34,0,1,0,12,3
PairwiseJoinStrategy,1,3,0,1,1,170,8,0,1,0.6700000166893005,4,1
PairwiseGenerator,4,2,0,0,2,104,20,0,0,0,1,1
CoveringTable,2,3,0,0,3,21,4,0,0,0,0,1
ItemSequenceDataSet,2,4,1,0,1,45,9,0,2,0,2,0
ScalarDataItem<T>,1,3,0,0,2,27,4,0,2,0.6700000166893005,1,0
SequentialJoinStrategy,1,2,0,1,1,39,7,0,1,1,3,2
UnionMergeStrategy,1,2,0,1,1,37,5,0,1,1,3,0
XmlDataSet,4,4,2,0,1,118,13,0,2,0,3,1
NamespaceDoc,0,0,0,0,0,4,0,0,0,-1,0,0
SampleRunner,4,18,5,0,17,333,34,0,0,0.3300000131130219,20,0
ITestCommandFactory,0,1,0,0,0,17,1,1,0,-1,2,1
NamespaceDoc,0,0,0,0,0,4,0,0,0,-1,0,0
DefaultTestOrderStrategy,0,1,0,0,1,11,2,0,0,-1,1,0
ManagedTestCommand,6,12,7,0,10,170,27,0,1,0.5,7,2
ITestCommand,0,4,7,0,0,108,4,1,0,-1,1,10
DefaultTestCommandFactory,1,9,1,0,2,216,29,0,1,0,7,1
DepthFirstEntry,2,1,0,2,1,10,1,0,0,0,1,1
NamespaceDoc,0,0,0,0,0,4,0,0,0,-1,0,0
ObservableTestContext,18,12,12,0,8,276,24,0,1,0,15,1
ObservableTestContextManager,2,2,2,0,2,44,5,0,1,0,5,2
ITestContext,0,6,10,0,0,171,6,2,0,-1,2,13
ITestContextManager,0,1,1,0,0,21,1,1,0,-1,1,5
ObservableTestLogWriter,2,8,0,0,1,84,10,0,1,0,3,1
StubTestContext,3,8,10,0,8,102,8,0,1,1,5,0
StubTestContextTracker,0,1,0,0,1,10,1,0,1,-1,0,0
TestContextTrackerAccessor,1,1,1,0,0,25,1,0,0,0,2,3
DefaultTestContextTracker,6,11,4,0,4,224,21,1,1,0.449999988079071,4,1
InternalContextLink,2,1,2,0,1,18,1,0,0,0,1,2
InternalContextCookie,3,2,0,0,2,16,2,0,0,0,2,1
ITestContextTracker,0,3,2,0,0,75,3,1,0,-1,1,7
CustomTestEnvironment,4,2,0,4,2,43,2,0,1,1,2,4
State,4,11,0,0,10,76,16,0,0,0.6399999856948853,10,5
BaseTestEnvironment,0,2,0,0,2,13,2,5,1,-1,0,0
ConsoleTestEnvironment,0,1,0,0,1,10,1,0,2,-1,2,0
ContextualLogTextWriter,1,5,2,0,4,75,7,0,0,0,6,1
ContextualLogTraceListener,1,4,1,0,3,35,6,0,0,0,1,1
DefaultTestEnvironmentManager,1,3,0,0,3,40,3,0,1,0,2,0
ITestEnvironment,0,2,0,0,0,13,2,1,0,-1,0,2
ITestEnvironmentManager,0,2,0,0,0,13,2,1,0,-1,0,5
NamespaceDoc,0,0,0,0,0,4,0,0,0,-1,0,0
TestEnvironmentTraits,0,0,0,0,0,3,0,0,1,-1,0,0
TestEnvironmentAwareThreadTask,2,5,0,0,2,51,6,0,2,0,3,2
TraceTestEnvironment,0,1,0,0,1,28,1,0,2,-1,1,0
UnhandledExceptionTestEnvironment,0,1,0,0,1,25,1,0,2,-1,1,0
WindowsFormsTestEnvironment,0,1,0,0,1,21,1,0,2,-1,1,0
FallbackTestDriver,1,8,1,0,1,159,19,0,1,0.25,23,1
TestPart,0,0,4,0,0,23,0,0,0,-1,0,8
TestFrameworkSelection,3,1,3,0,1,52,3,0,0,0,2,2
TestFrameworkOptions,1,5,1,0,5,56,5,0,1,0,1,9
FallbackTestFramework,1,2,0,1,1,23,2,0,1,1,3,1
TestFrameworkFallbackMode,0,0,0,0,0,23,0,0,0,-1,0,3
ModelNormalizationUtils,0,10,0,0,8,101,10,0,0,-1,2,15
DotNetTestDriver,0,12,0,0,0,251,22,1,1,-1,16,1
ExploreOrRunTask,0,3,0,0,0,42,3,0,1,-1,7,0
DefaultTestKind,0,0,0,0,0,3,0,0,1,-1,0,0
DefaultTestKindManager,1,1,1,0,1,20,2,0,1,0,1,0
ITestKind,0,0,0,0,0,4,0,1,0,-1,0,0
ITestKindManager,0,0,1,0,0,7,0,1,0,-1,0,1
NamespaceDoc,0,0,0,0,0,4,0,0,0,-1,0,0
TestFrameworkSelector,1,1,3,0,1,49,1,0,0,0,1,3
TestKindTraits,2,1,3,0,1,44,3,0,1,0,0,1
DefaultTestFrameworkManager,6,11,2,0,4,459,49,0,1,0,19,1
FilteredTestDriver,5,7,0,0,1,165,15,0,1,0,17,1
TestDriverData<T>,4,1,0,4,1,14,1,0,0,0,1,0
ITestFrameworkManager,0,3,2,0,0,39,3,1,0,-1,2,5
ITestDriver,0,4,0,0,0,57,4,1,0,-1,8,2
TestFrameworkTraits,3,3,5,0,3,125,12,0,1,1,3,4
TestPackage,18,26,18,0,25,561,61,0,1,0.07999999821186066,8,19
AnnotationType,0,0,0,0,0,18,0,0,0,-1,0,15
BaseTestFramework,0,1,0,0,1,5,1,2,1,-1,0,0
BaseTestDriver,0,8,0,0,4,137,26,3,1,-1,8,0
ITestFramework,0,1,0,0,0,17,1,1,0,-1,0,1
TestExecutionOptions,6,5,6,0,5,145,5,0,1,0,1,21
TestResult,3,4,4,0,4,87,5,0,1,0.5,1,21
TestKinds,9,0,0,9,0,49,0,0,0,-1,0,12
LifecyclePhases,7,0,0,7,0,31,0,0,0,-1,0,5
MetadataKeys,28,0,0,28,0,280,0,0,0,-1,0,27
ModelException,0,4,0,0,3,36,4,0,0,-1,0,0
ModelUtils,0,2,0,0,1,64,12,0,0,-1,4,1
TestExplorationOptions,1,5,1,0,5,56,5,0,1,0,1,13
TestOutcome,2,16,13,0,11,438,22,0,1,0.3100000023841858,3,47
TestStatus,0,0,0,0,0,23,0,0,0,-1,0,27
DelegatingTestController,1,3,0,0,1,70,7,0,1,0,11,1
TestEnvironmentAwareTestHarness,1,3,0,0,3,25,4,0,1,0,1,1
TestHarness,0,5,0,0,4,54,5,1,0,-1,0,2
SimpleTestDriver,0,12,1,0,0,234,12,1,2,-1,21,1
RunTestCommandsAction,7,2,1,0,2,46,2,0,0,0,8,1
TestExplorer,1,6,1,0,3,77,8,1,0,0.6700000166893005,3,1
NamespaceDoc,0,0,0,0,0,4,0,0,0,-1,0,0
TestController,0,5,0,0,2,72,9,2,0,-1,7,2
BaseTestIsolationContext,0,6,2,0,3,68,9,1,1,-1,1,0
BaseTestIsolationProvider,0,2,0,0,1,19,4,1,1,-1,3,0
TestIsolationException,0,4,0,0,3,36,4,0,0,-1,0,0
HostedTestIsolationProvider,1,2,0,0,1,21,3,0,2,0,4,0
HostedTestIsolationContext,2,3,2,0,1,134,9,0,2,0,13,1
Shim,1,2,0,0,2,20,4,0,1,0,4,1
IsolatedTask,0,2,0,0,1,26,2,1,1,-1,0,1
ITestIsolationProvider,0,1,0,0,0,12,1,1,0,-1,2,2
TestIsolationClient,4,5,0,0,3,85,10,0,0,0,9,0
TestIsolationOptions,1,5,1,0,5,56,5,0,1,0,1,6
TestIsolationServer,5,7,0,0,4,127,10,0,0,0,6,1
IsolatedTaskState,3,3,0,0,3,23,4,0,0,0,1,1
ITestIsolationContext,0,2,2,0,0,50,2,1,0,-1,1,7
NamespaceDoc,0,0,0,0,0,4,0,0,0,-1,0,0
IsolatedTaskFinishedMessage,0,1,3,0,1,22,2,0,2,-1,0,1
RunIsolatedTaskMessage,0,1,3,0,1,23,2,0,2,-1,1,1
ShutdownMessage,0,0,0,0,0,4,0,0,2,-1,0,1
TestModelSerializer,0,2,0,0,2,65,7,0,0,-1,8,2
NamespaceDoc,0,0,0,0,0,4,0,0,0,-1,0,0
ITestDescriptor,0,0,4,0,0,20,0,4,0,-1,0,2
NamespaceDoc,0,0,0,0,0,4,0,0,0,-1,0,0
FilterRule<T>,2,1,2,0,1,33,2,0,0,0,1,0
FilterRuleType,0,0,0,0,0,11,0,0,0,-1,0,3
FilterSet<T>,1,5,4,0,5,115,13,0,0,0.4000000059604645,3,0
FilterSetResult,0,0,0,0,0,15,0,0,0,-1,0,3
FilterParseException,0,4,0,0,3,36,4,0,0,-1,0,0
NameFilter<T>,0,3,1,0,3,28,3,0,0,-1,0,0
FilterFormatter,1,15,0,0,9,182,20,0,1,0.1299999952316284,2,2
ValueFilterFormatter,2,9,0,0,9,59,11,0,1,0.6700000166893005,2,0
IFilterVisitor,0,8,0,0,0,44,8,2,0,-1,1,9
EqualityFilter<T>,1,4,1,0,4,38,5,0,0,0.5,1,0
FilterLexer,8,19,1,0,0,330,43,0,0,0,3,2
FilterToken,3,1,3,0,0,24,1,0,0,0,1,2
FilterTokenType,0,0,0,0,0,18,0,0,0,-1,0,3
FilterUtils,0,2,0,0,2,23,2,0,0,-1,0,3
IFilterFactory,0,1,0,0,0,10,1,1,0,-1,0,1
TestDescriptorFilterFactory<T>,0,1,0,0,1,29,2,0,1,-1,1,0
RegexFilter,1,4,1,0,4,38,5,0,0,0.5,1,4
PropertyFilter<T>,1,2,2,0,2,32,3,0,0,1,1,0
FilterParser<T>,1,20,0,0,3,264,44,0,0,0.949999988079071,7,0
AndFilter<T>,1,4,1,0,4,56,7,0,0,0.5,2,0
AnyFilter<T>,0,3,0,0,3,19,3,0,0,-1,1,0
AssemblyFilter<T>,0,3,1,0,3,38,4,0,0,-1,2,0
Filter<T>,0,3,0,0,3,25,3,0,0,-1,2,0
IdFilter<T>,0,3,1,0,3,28,3,0,0,-1,0,0
MemberFilter<T>,0,3,1,0,3,31,4,0,0,-1,2,0
MetadataFilter<T>,1,3,1,0,3,37,6,0,0,0,0,0
NamespaceFilter<T>,0,3,1,0,3,32,4,0,0,-1,2,0
NoneFilter<T>,0,3,0,0,3,19,3,0,0,-1,1,0
NotFilter<T>,1,4,1,0,4,38,5,0,0,0.5,1,0
OrFilter<T>,1,4,1,0,4,56,7,0,0,0.5,2,0
TypeFilter<T>,1,5,1,0,3,68,13,0,0,0.6000000238418579,2,0
AnnotationDiscoveredMessage,0,2,1,0,2,25,3,0,2,-1,2,2
TestDiscoveredMessage,0,2,2,0,2,31,3,0,2,-1,3,2
TestStepLogStreamEndBlockMessage,0,2,2,0,2,33,3,0,2,-1,3,1
TestStepLogStreamBeginMarkerBlockMessage,0,2,3,0,2,38,3,0,2,-1,3,1
TestStepLogStreamBeginSectionBlockMessage,0,2,3,0,2,41,3,0,2,-1,3,1
TestStepLogStreamEmbedMessage,0,2,3,0,2,41,3,0,2,-1,3,1
TestStepLogStreamWriteMessage,0,2,3,0,2,41,3,0,2,-1,3,1
TestStepLogAttachMessage,0,2,2,0,2,33,3,0,2,-1,3,1
TestStepFinishedMessage,0,2,2,0,2,33,3,0,2,-1,3,1
TestStepMetadataAddedMessage,0,2,3,0,2,42,3,0,2,-1,2,1
TestStepLifecyclePhaseChangedMessage,0,2,2,0,2,34,3,0,2,-1,2,1
TestStepStartedMessage,1,2,2,0,2,36,3,0,2,1,2,1
NamespaceDoc,0,0,0,0,0,4,0,0,0,-1,0,0
TestPackageData,4,8,9,0,7,210,14,0,1,0,5,2
AnnotationData,6,8,6,0,5,208,16,0,1,0.25,7,8
TestComponentData,6,3,6,0,2,133,7,3,0,0.6700000166893005,5,1
TestStepData,6,5,6,0,4,181,10,0,1,0.6000000238418579,6,18
TestParameterData,0,5,0,0,4,73,6,0,1,-1,5,1
TestData,4,8,5,0,6,189,11,0,1,0.3799999952316284,8,27
TestModelData,3,8,3,0,8,177,16,0,0,0.25,5,15
RunStartedEventArgs,4,1,4,0,1,59,4,0,1,0,3,2
NamespaceDoc,0,0,0,0,0,4,0,0,0,-1,0,0
TestDiscoveredEventArgs,2,1,2,0,1,34,3,0,0,0,2,2
AnnotationDiscoveredEventArgs,2,1,2,0,1,34,3,0,0,0,2,3
DisposeFinishedEventArgs,0,1,0,0,1,11,1,0,1,-1,0,2
DisposeStartedEventArgs,0,1,0,0,1,9,1,0,1,-1,0,1
ExploreFinishedEventArgs,1,1,1,0,1,24,2,0,1,0,1,2
ExploreStartedEventArgs,3,1,3,0,1,46,3,0,1,0,2,2
TestStepLogStreamBeginMarkerBlockEventArgs,1,1,1,0,1,26,1,0,1,0,4,2
InitializeFinishedEventArgs,0,1,0,0,1,11,1,0,1,-1,0,2
InitializeStartedEventArgs,1,1,1,0,1,22,2,0,1,0,1,1
ITestRunnerEvents,0,0,0,0,0,98,0,1,0,-1,0,6
RunFinishedEventArgs,1,1,1,0,1,24,2,0,1,0,1,2
MessageReceivedEventArgs,1,1,1,0,1,22,2,0,0,0,1,1
TestRunnerEventDispatcher,0,23,0,0,23,257,24,0,1,-1,24,2
TestStepEventArgs,3,2,3,0,1,57,5,6,0,1,7,0
TestStepFinishedEventArgs,0,1,0,0,1,15,1,0,1,-1,3,4
TestStepLifecyclePhaseChangedEventArgs,1,1,1,0,1,28,2,0,1,0,3,2
TestStepLogStreamEmbedEventArgs,1,1,1,0,1,28,2,0,1,0,3,2
TestStepLogStreamEventArgs,1,1,1,0,0,27,2,5,1,0,3,0
TestStepLogStreamEndBlockEventArgs,0,1,0,0,1,16,1,0,2,-1,3,2
TestStepLogStreamBeginSectionBlockEventArgs,1,1,1,0,1,28,2,0,2,0,3,2
TestStepLogStreamWriteEventArgs,1,1,1,0,1,28,2,0,2,0,3,2
TestStepLogAttachEventArgs,1,1,1,0,1,27,2,0,1,0,4,2
TestStepMetadataAddedEventArgs,2,1,2,0,1,40,3,0,1,0,3,2
TestStepStartedEventArgs,0,1,0,0,1,15,1,0,1,-1,3,3
AbstractReportContainer,2,7,2,0,5,93,16,2,1,0.8600000143051147,1,1
ArchiveReportContainer,2,8,0,0,5,103,14,0,2,0,2,1
TemporaryMemoryStream,0,1,0,0,1,13,2,0,0,-1,0,1
AttachmentPathResolver,1,4,0,0,2,25,5,0,1,0,2,1
DefaultReportMerger,1,6,0,0,2,60,13,0,1,0,6,1
IAttachmentPathResolver,0,1,0,0,0,3,1,1,0,-1,0,1
IReportMerger,0,1,0,0,0,10,1,1,0,-1,1,1
ReportArchive,4,4,3,2,2,97,8,0,0,0,2,7
ReportArchiveValue,0,0,0,0,0,5,0,0,0,-1,0,1
ReportContainerFactory,3,3,0,0,3,50,8,0,0,0,5,2
UpdatedContentPathsAndDisposition,4,3,0,0,2,37,7,0,0,0,7,0
NamespaceDoc,0,0,0,0,0,4,0,0,0,-1,0,0
ReportFormatterOptions,1,5,1,0,5,56,5,0,1,0,1,9
ReportFormatterTraits,2,1,2,0,1,33,3,0,1,0,0,1
ReportContainerUtils,0,1,0,0,1,26,1,0,0,-1,3,0
DefaultReportReader,1,6,1,0,3,109,16,0,1,0,9,1
DefaultReportWriter,6,8,3,0,6,162,20,0,1,0,11,1
FileSystemReportContainer,0,4,0,0,4,45,7,0,2,-1,1,2
IReportContainer,0,4,1,0,0,53,4,1,0,-1,0,8
IReportWriter,0,5,3,0,0,79,5,1,0,-1,2,6
IReportReader,0,2,1,0,0,36,2,1,0,-1,2,2
DefaultReportManager,1,6,1,0,6,61,13,0,1,0.6700000166893005,12,0
IReportFormatter,0,1,0,0,0,13,1,0,0,-1,3,2
IReportManager,0,5,1,0,0,47,5,1,0,-1,5,6
HtmlReportSplitSettings,3,4,2,0,4,71,6,0,0,0,3,1
ReportPreferenceManager,1,1,2,0,1,33,1,0,0,0,1,2
ConversionKey,2,1,0,0,1,10,1,0,0,0,0,2
StringToEnumConversionRule,0,2,0,0,2,16,3,0,1,-1,2,0
CustomConversionRule,1,3,0,0,3,24,4,0,1,0.6700000166893005,2,1
CustomConverters,2,6,0,0,4,136,12,0,0,0,2,3
Data,1,1,2,0,1,20,1,0,0,0,0,1
NamespaceDoc,0,0,0,0,0,4,0,0,0,-1,0,0
ArrayToArrayConversionRule,0,2,0,0,2,23,4,0,1,-1,2,0
BaseConverter,0,6,0,0,3,58,11,2,1,-1,1,0
ConversionCost,9,4,2,6,4,92,5,0,0,0,0,14
ConvertibleToConvertibleConversionRule,0,3,0,0,2,23,4,0,1,-1,2,0
Converter,0,0,1,0,0,10,0,0,0,-1,0,1
IConversionRule,0,2,0,0,0,31,2,9,0,-1,1,2
IConverter,0,3,0,0,0,32,3,1,0,-1,0,20
NullConverter,1,2,0,1,0,19,3,0,2,1,1,0
ObjectToStringConversionRule,0,2,0,0,2,13,2,0,1,-1,2,0
RuleBasedConverter,3,7,0,0,1,107,16,0,2,0,8,0
ConversionInfo,3,1,0,3,1,11,1,0,0,0,2,1
StringToXmlDocumentConversionRule,0,2,0,0,2,17,3,0,1,-1,2,0
XPathNavigableToXPathNavigatorConversionRule,0,2,0,0,2,17,3,0,1,-1,2,0
XPathNavigatorToStringConversionRule,0,2,0,0,2,16,3,0,1,-1,2,0
XPathNavigatorToXmlSerializableTypeConversionRule,0,2,0,0,2,26,3,0,1,-1,2,0
IExtensionPoints,0,0,4,0,0,31,0,1,0,-1,0,8
DefaultExtensionPoints,4,0,4,0,0,39,0,0,1,-1,4,0
NamespaceDoc,0,0,0,0,0,4,0,0,0,-1,0,0
PluginLoadedEventArgs,0,1,3,0,1,29,1,0,0,-1,1,0
ResourceSearchRules,0,2,0,0,1,24,4,0,0,-1,0,2
CachingPluginLoader,1,6,1,0,2,121,17,0,1,0.3300000131130219,7,2
ComponentRegistration,7,1,7,0,1,133,1,0,0,0,5,5
DefaultObjectDependencyResolver,2,8,0,0,2,157,35,2,1,0,6,2
DefaultPlugin,0,0,0,0,0,3,0,0,1,-1,0,2
DependencyResolution,2,3,2,0,2,47,3,0,0,0.6700000166893005,0,4
ComponentHandle,1,10,4,0,7,210,17,1,0,0.5,3,21
ComponentDescriptorStub,3,6,9,0,6,68,6,0,1,0.5,1,0
"ComponentHandle<TService,TTraits>",2,5,2,0,2,46,5,0,1,1,2,0
RegistryResourceLocator,1,2,1,0,2,47,8,0,1,0,3,0
InstanceHandlerFactory,1,2,0,0,2,35,4,0,1,0,3,0
Handler,1,2,0,0,2,12,2,0,1,0,0,1
IObjectDependencyResolver,0,1,0,0,0,14,1,1,0,-1,0,4
IPluginCatalog,0,2,0,0,0,17,2,1,0,-1,2,2
IPluginLoader,0,4,1,0,0,44,4,1,0,-1,2,1
IResourceLocator,0,1,0,0,0,17,1,1,0,-1,0,3
ObjectFactory,3,9,0,0,2,107,20,0,0,0,4,2
PluginCatalog,1,8,0,0,3,279,48,0,1,0,20,1
PluginData,2,1,0,2,1,10,1,0,0,0,1,1
PluginLoader,4,12,4,0,5,199,20,1,1,0,6,1
ServiceRegistration,5,1,5,0,1,91,1,0,0,0,3,5
IHandlerFactory,0,1,0,0,0,12,1,2,0,-1,2,9
IComponentDescriptor,0,5,9,0,0,110,5,2,0,-1,0,9
IComponents,0,3,0,0,0,31,3,1,0,-1,1,2
ComponentDescriptor,11,6,9,0,6,172,9,0,1,0,9,3
ComponentDependencyResolver,1,2,0,0,2,21,5,0,2,0,6,0
Components,1,7,0,0,5,47,10,0,1,0,3,1
IHandler,0,1,0,0,0,9,1,2,0,-1,0,2
PluginRegistration,10,1,12,0,1,215,1,0,0,0,3,4
Registry,6,6,6,0,5,143,12,0,1,0.3300000131130219,14,7
Plugins,1,3,0,0,2,25,3,0,1,0,2,1
RegistryData,8,13,0,0,13,101,22,0,0,0,6,4
Services,1,6,0,0,4,41,8,0,1,0,5,1
ServiceDescriptor,8,3,7,0,3,86,5,0,1,0,7,5
PluginDescriptor,18,9,15,0,8,240,14,0,1,0.2199999988079071,11,5
PluginDependencyResolver,1,2,0,0,2,21,5,0,2,0,6,0
IPlugin,0,0,0,0,0,4,0,1,0,-1,0,1
IPluginDescriptor,0,7,14,0,0,173,7,1,0,-1,0,12
IPlugins,0,0,0,0,0,10,0,1,0,-1,0,0
PluginTraits,0,1,4,0,1,34,2,0,1,-1,0,3
IRegistry,0,3,5,0,0,51,3,1,0,-1,3,8
IServiceDescriptor,0,2,7,0,0,80,2,1,0,-1,0,12
IServices,0,2,0,0,0,24,2,1,0,-1,1,2
SingletonHandlerFactory,0,1,0,0,1,33,2,0,1,-1,4,0
SingletonHandler,2,2,0,0,2,21,3,0,1,0,1,1
Traits,0,0,0,0,0,3,0,13,0,-1,0,7
TraitsAttribute,1,1,1,0,1,28,3,0,0,0,1,1
IServiceLocator,0,12,0,0,0,116,12,1,0,-1,0,21
RegistryServiceLocator,1,18,1,0,13,147,36,0,1,0,6,0
MemberInfoFormattingRule,0,2,0,0,2,18,3,0,1,-1,6,0
CustomFormattingRule,1,3,0,0,3,24,4,0,1,0.6700000166893005,2,0
CustomFormatters,2,6,0,0,4,128,11,0,0,0,1,3
Data,1,1,2,0,1,20,1,0,0,0,0,1
NamespaceDoc,0,0,0,0,0,4,0,0,0,-1,0,0
BooleanFormattingRule,0,2,0,0,2,16,3,0,1,-1,2,0
ByteFormattingRule,0,2,0,0,2,20,3,0,1,-1,3,0
CharFormattingRule,0,2,0,0,2,16,3,0,1,-1,3,0
ConvertToStringFormattingRule,1,5,0,0,3,41,8,0,1,0,5,0
DateTimeFormattingRule,0,2,0,0,2,16,3,0,1,-1,2,0
DBNullFormattingRule,0,2,0,0,2,15,3,0,1,-1,2,0
DecimalFormattingRule,0,2,0,0,2,16,3,0,1,-1,2,0
DictionaryEntryFormattingRule,0,2,0,0,2,16,3,0,1,-1,2,0
DoubleFormattingRule,0,2,0,0,2,18,4,0,1,-1,2,0
EnumerableFormattingRule,0,2,0,0,2,28,5,0,1,-1,2,0
Formatter,1,1,1,0,0,25,1,0,0,0,2,0
FormattingRulePriority,6,0,0,6,0,64,0,0,0,-1,0,20
IFormatter,0,1,0,0,0,34,1,2,0,-1,0,29
IFormattingRule,0,2,0,0,0,29,2,19,0,-1,1,2
IntegerFormattingRule,0,2,0,0,2,16,3,0,1,-1,2,0
KeyValuePairFormattingRule,0,2,0,0,2,20,3,0,1,-1,2,0
RuleBasedFormatter,3,4,0,0,2,76,11,1,1,0,3,0
SByteFormattingRule,0,2,0,0,2,25,4,0,1,-1,3,0
SingleFormattingRule,0,2,0,0,2,16,3,0,1,-1,2,0
StringFormattingRule,0,2,0,0,2,16,3,0,1,-1,3,0
StructuralFormattingRule,1,3,0,0,2,101,9,0,1,0.6700000166893005,3,0
ReentranceState,2,2,1,0,1,24,2,0,0,0,0,1
StubFormatter,0,2,0,0,1,23,4,0,2,-1,1,0
TypeFormattingRule,0,4,0,0,2,116,15,1,1,-1,2,1
XPathNavigableFormattingRule,0,2,0,0,2,16,3,0,1,-1,2,0
RuntimeConditionContext,0,1,0,0,0,67,12,0,1,-1,2,2
GallioSectionHandler,1,1,0,1,1,12,1,0,0,0,0,1
NamespaceDoc,0,0,0,0,0,4,0,0,0,-1,0,0
InstallationConfiguration,6,11,4,0,6,201,17,0,0,0,1,5
RuntimeException,0,4,0,0,3,36,4,0,0,-1,0,0
RuntimeBootstrap,0,3,0,0,2,81,9,0,0,-1,11,6
AutoShutdown,0,1,0,0,1,7,1,0,0,-1,0,1
DefaultRuntime,8,33,6,0,8,549,80,0,1,0,23,0
RuntimeSetup,4,7,4,0,7,139,11,0,0,0,3,11
IRuntime,0,6,6,0,0,64,6,1,0,-1,1,11
RuntimeAccessor,1,1,8,0,1,111,1,0,0,0,2,30
ITestRunnerExtensionFactory,0,1,0,0,0,9,1,0,0,-1,0,1
ITestRunnerExtensionManager,0,1,0,0,0,9,1,1,0,-1,1,1
NamespaceDoc,0,0,0,0,0,4,0,0,0,-1,0,0
TestRunnerExtensionFactoryTraits,0,0,1,0,0,15,0,0,1,-1,0,1
DefaultTestRunnerExtensionManager,2,2,0,0,2,34,6,0,1,0,7,0
ITestRunnerExtension,0,1,1,0,0,13,1,1,0,-1,2,7
TestRunnerExtension,3,2,3,0,1,41,4,2,1,0,2,0
TestRunnerExtensionUtils,0,4,0,0,1,110,13,0,0,-1,1,4
DebugExtension,0,2,0,0,0,119,2,0,2,-1,25,0
LogExtension,0,8,0,0,0,144,11,0,2,-1,15,0
NamespaceDoc,0,0,0,0,0,4,0,0,0,-1,0,0
DefaultTestRunner,8,8,3,0,6,694,30,0,1,0,26,2
State,0,0,0,0,0,6,0,0,0,-1,0,1
Listener,9,28,1,0,4,365,35,0,1,0,33,1
TestStepState,4,1,0,4,1,15,1,0,0,0,3,1
TappedLogger,3,5,0,0,3,37,8,0,1,0,6,2
OperationStartedEventArgs,0,1,0,0,0,9,1,4,0,-1,0,0
OperationFinishedEventArgs,1,1,1,0,0,19,1,4,0,0,0,0
TestRunnerFactoryTraits,2,1,2,0,1,33,3,0,1,0,0,2
TestRunnerOptions,1,5,1,0,5,56,5,0,0,0,1,7
DefaultTestRunnerFactory,3,2,0,0,2,35,5,0,1,0,4,0
DefaultTestRunnerManager,1,3,1,0,3,37,6,0,1,0,5,0
ITestRunnerFactory,0,1,0,0,0,9,1,1,0,-1,0,5
ITestRunnerManager,0,2,1,0,0,21,2,1,0,-1,0,5
StandardTestRunnerFactoryNames,3,0,0,3,0,22,0,0,0,-1,0,1
TestLauncherResult,3,5,5,0,5,146,14,0,0,0.4000000059604645,9,3
RunnerException,0,4,0,0,3,36,4,0,0,-1,0,1
ITestRunner,0,5,1,0,0,76,5,1,0,-1,7,6
ResultCode,6,0,0,6,0,33,0,0,0,-1,0,3
TestLauncher,12,27,15,0,9,718,64,0,0,0,30,2
TestRunnerUtils,0,2,0,0,2,33,3,0,0,-1,4,1
DefaultTestProjectManager,2,5,0,0,4,56,12,0,1,0,4,0
ITestProjectManager,0,3,0,0,0,29,3,1,0,-1,1,2
NamespaceDoc,0,0,0,0,0,4,0,0,0,-1,0,0
TestProject,13,15,11,4,15,374,28,0,0,0,5,10
NamespaceDoc,0,0,0,0,0,4,0,0,0,-1,0,0
FilterInfo,2,4,2,0,3,79,6,0,1,0.5,1,10
TestProjectData,5,8,5,0,7,171,14,0,1,0,6,1
NamespaceDoc,0,0,0,0,0,4,0,0,0,-1,0,0
LogEntry,0,0,3,0,0,20,0,0,0,-1,0,1
TestOutcomeSummary,2,0,2,0,0,25,0,0,0,-1,1,0
TestPackageRun,1,3,5,0,2,101,7,0,0,1,2,10
Statistics,10,8,10,0,7,272,20,0,0,0,5,5
Report,1,3,4,0,3,82,4,0,0,0.6700000166893005,2,38
TestStepRun,4,4,7,0,2,130,5,0,0,0.75,3,31
NamespaceDoc,0,0,0,0,0,4,0,0,0,-1,0,0
CommandLineArgumentAttribute,7,2,14,0,1,155,7,1,0,1,2,6
CommandLineArgumentFlags,0,0,0,0,0,37,0,0,0,-1,0,3
CommandLineArgumentParser,6,13,1,0,5,587,42,0,0,0,5,2
Argument,9,11,13,0,3,240,26,0,0,0.1800000071525574,4,1
CommandLineOutput,5,9,2,0,7,165,23,0,0,0.2199999988079071,2,3
ConsoleProgram<TArguments>,7,7,7,0,2,218,11,0,0,0.7099999785423279,3,0
DefaultCommandLineArgumentAttribute,0,1,1,0,1,17,1,0,1,-1,1,6
IRichConsole,0,6,12,0,0,169,6,1,0,-1,0,7
NativeConsole,14,8,13,2,6,266,12,0,1,0.5,0,2
RichConsoleLogger,1,3,0,0,1,65,5,0,1,0,3,1
NamespaceDoc,0,0,0,0,0,4,0,0,0,-1,0,0
DebuggerSetup,1,5,1,0,5,56,5,0,1,0,1,8
AttachDebuggerResult,0,0,0,0,0,15,0,0,0,-1,0,3
DefaultDebuggerManager,1,1,0,0,1,18,4,0,1,0,4,1
DetachDebuggerResult,0,0,0,0,0,15,0,0,0,-1,0,3
IDebugger,0,4,0,0,0,36,4,2,0,-1,0,3
IDebuggerManager,0,1,0,0,0,11,1,1,0,-1,2,5
NullDebugger,0,4,0,0,4,23,4,0,1,-1,2,1
NamespaceDoc,0,0,0,0,0,4,0,0,0,-1,0,0
AssemblyFileTypeRecognizer,0,1,0,0,1,13,2,0,1,-1,2,0
FileType,3,4,3,0,4,92,11,0,0,0.5,0,3
FileTypeManager,4,13,1,0,7,232,42,0,1,0,5,0
FileTypeInfo,1,3,5,0,3,53,14,0,0,0.6700000166893005,3,1
IFileInspector,0,3,0,0,0,27,3,1,0,-1,0,7
IFileTypeManager,0,6,1,0,0,67,6,1,0,-1,1,2
IFileTypeRecognizer,0,1,0,0,0,18,1,2,0,-1,1,1
FileTypeRecognizerTraits,2,1,5,0,1,52,4,0,1,0,0,1
LazyFileInspector,3,9,0,0,5,107,17,0,1,0,0,0
SimpleFileTypeRecognizer,0,1,0,0,1,8,1,0,1,-1,1,0
NamespaceDoc,0,0,0,0,0,4,0,0,0,-1,0,0
ConfigurationFileLocation,0,0,0,0,0,18,0,0,0,-1,0,2
AppDomainUtils,0,2,0,0,2,73,6,0,0,-1,2,1
BaseHost,8,13,5,0,5,254,23,2,1,0.1500000059604645,9,2
BaseHostService,1,11,0,0,5,98,17,3,1,0,0,2
HostUtils,0,2,0,0,2,40,3,0,0,-1,3,3
IRemoteHostService,0,1,0,0,0,7,1,1,1,-1,0,5
LocalHost,3,4,1,0,1,64,9,0,2,0.5,9,1
LocalHostService,0,0,0,0,0,3,0,0,2,-1,0,1
LocalHostFactory,2,2,0,1,1,26,3,0,1,0,4,0
HostAssemblyResolverHook,1,2,1,0,2,109,7,0,0,1,3,0
IResolver,0,1,0,0,0,4,1,1,0,-1,0,1
Resolver,1,5,0,0,3,40,7,0,1,0.6000000238418579,3,1
IsolatedAppDomainHost,4,10,0,0,1,148,17,0,1,0,10,1
IsolatedAppDomainEndpoint,1,2,0,0,2,14,3,0,1,1,2,1
IsolatedProcessHost,18,18,0,0,1,372,46,0,1,0.1099999994039536,21,1
HostProcessTask,2,2,0,0,1,22,4,0,2,0,5,1
HostConfiguration,8,28,8,0,17,906,57,0,0,0,5,4
AssemblyQualification,2,3,2,0,2,64,5,0,0,0,0,1
AssemblyDependency,7,11,7,0,10,225,28,0,0,0,2,1
AssemblyBindingRedirect,2,3,2,0,2,68,5,0,0,0,0,1
AssemblyCodeBase,2,3,2,0,2,73,5,0,0,0,0,1
HostException,0,4,0,0,3,36,4,0,0,-1,0,0
HostServiceChannelInterop,1,2,0,1,2,33,5,0,0,0,4,1
HostSetup,11,12,11,0,10,314,20,0,1,0,7,16
IHostService,0,4,0,0,0,44,4,2,0,-1,0,5
RemoteHost,5,8,1,0,0,184,11,2,2,0,8,2
ProxyHostService,1,7,0,0,1,77,9,0,2,0,3,1
IHost,0,3,2,0,0,47,3,1,0,-1,0,6
IHostFactory,0,1,0,0,0,12,1,1,0,-1,2,2
IsolatedAppDomainHostFactory,2,2,0,1,1,26,3,0,1,0,4,0
IsolatedProcessHostFactory,2,2,1,1,1,33,3,0,1,0,5,1
RemoteHostService,5,9,1,0,3,90,12,0,2,0,4,2
BaseHostFactory,0,2,0,0,1,21,4,3,1,-1,3,0
BaseInstaller,0,2,0,0,2,11,2,0,1,-1,1,0
DefaultInstallerManager,2,7,0,0,3,95,16,0,1,0,9,0
IInstaller,0,2,0,0,0,14,2,1,0,-1,1,1
IInstallerManager,0,2,0,0,0,21,2,1,0,-1,2,2
InstallerElevatedCommand,2,2,0,1,1,65,3,0,0,0,4,1
Arguments,5,1,2,3,1,58,2,0,0,0,3,2
InstallerOperation,0,0,0,0,0,11,0,0,0,-1,0,3
InstallerTraits,0,0,1,0,0,14,0,0,1,-1,0,1
NamespaceDoc,0,0,0,0,0,4,0,0,0,-1,0,0
SetupUtilityCommand,1,3,0,0,3,71,4,0,0,0.6700000166893005,4,0
GallioLoaderLocator,0,1,0,0,1,33,2,0,0,-1,1,0
NamespaceDoc,0,0,0,0,0,4,0,0,0,-1,0,0
GallioLoaderBootstrap,0,4,0,0,4,32,9,0,0,-1,6,0
AssemblyLoaderBootstrap,2,1,1,0,1,38,2,0,0,0,1,2
DefaultAssemblyLoader,3,13,0,0,5,140,28,0,1,0.1500000059604645,3,3
IAssemblyLoader,0,3,0,0,0,24,3,1,0,-1,1,5
IAssemblyResolver,0,1,0,0,0,12,1,0,0,-1,0,6
BufferedLogWriter,4,8,2,0,6,103,15,0,0,0.3799999952316284,2,0
MarkupStreamLogger,1,2,0,0,1,24,4,0,1,0,3,0
DispatchLogger,1,3,0,0,2,60,5,0,1,0,4,1
Data,1,1,0,1,1,21,2,0,0,0,5,1
LogEntrySubmittedEventArgs,0,1,3,0,1,30,2,0,0,-1,2,1
BaseLogger,0,4,0,0,3,30,6,10,1,-1,2,0
FilteredLogger,2,3,1,0,2,58,7,0,2,0,4,1
ILogger,0,3,0,0,0,27,3,1,0,-1,2,61
LogSeverity,0,0,0,0,0,28,0,0,0,-1,0,45
NamespaceDoc,0,0,0,0,0,4,0,0,0,-1,0,0
NullLogger,1,1,0,1,0,11,1,0,2,0,2,1
SeverityPrefixLogger,2,2,0,0,1,28,3,0,2,0,3,1
SeverityPrefixParser,1,1,0,0,1,30,4,0,0,0,2,1
TextLogger,1,2,0,0,1,25,4,0,2,0,2,0
Verbosity,0,0,0,0,0,19,0,0,0,-1,0,2
RemoteLogger,1,2,0,0,1,36,3,0,2,0,4,1
Forwarder,1,2,0,0,2,12,2,0,1,0,3,1
LogEntrySubmittedMessage,0,2,3,0,2,36,3,0,2,-1,3,1
FilePreferenceManager,2,2,3,0,1,42,2,0,1,0,2,0
FilePreferenceSet,2,7,1,0,5,251,13,0,1,0.4300000071525574,1,0
PreferenceSetData,5,9,1,0,5,120,21,0,0,0,5,3
PreferenceSetReader,1,4,0,0,4,23,5,1,1,0,2,0
PreferenceSetWriter,0,3,0,0,3,16,3,0,2,-1,2,0
FilePreferenceStore,2,2,1,0,1,49,3,0,1,0,2,0
IPreferenceManager,0,0,3,0,0,36,0,1,0,-1,0,1
IPreferenceSet,0,4,0,0,0,31,4,1,0,-1,0,2
IPreferenceSetReader,0,3,0,0,0,25,3,2,0,-1,1,1
IPreferenceSetWriter,0,2,0,0,0,15,2,1,1,-1,1,1
IPreferenceStore,0,0,0,0,0,11,0,1,0,-1,0,1
NamespaceDoc,0,0,0,0,0,4,0,0,0,-1,0,0
NamespaceDoc,0,0,0,0,0,4,0,0,0,-1,0,0
PreferenceContainer,1,2,1,0,2,29,2,0,1,0,1,1
PreferenceSetting,2,3,2,0,2,61,3,0,1,1,1,1
BaseProgressMonitorPresenter,1,2,1,0,1,27,4,2,1,0,1,0
BaseProgressMonitorProvider,0,3,0,0,2,31,3,3,1,-1,2,0
CancelableProgressMonitor,1,11,1,0,8,122,14,2,1,0.550000011920929,1,1
IProgressMonitor,0,7,1,0,0,178,7,1,0,-1,0,104
IProgressMonitorPresenter,0,1,0,0,0,11,1,2,0,-1,1,1
IProgressMonitorProvider,0,2,0,0,0,42,2,1,0,-1,0,7
LogProgressMonitorPresenter,2,3,0,0,1,30,5,0,2,0.6700000166893005,3,1
LogProgressMonitorProvider,1,2,0,0,1,20,3,0,2,0,2,0
NamespaceDoc,0,0,0,0,0,4,0,0,0,-1,0,0
NullProgressMonitor,0,1,0,0,1,11,1,0,0,-1,1,3
NullProgressMonitorPresenter,1,2,0,1,1,16,2,0,1,1,1,1
NullProgressMonitorProvider,1,2,1,0,0,19,2,0,2,1,1,3
ObservableProgressMonitor,7,18,11,0,5,433,39,1,2,0.1099999994039536,3,14
SubProgressMonitor,3,7,0,0,1,68,12,0,3,0.2899999916553497,1,0
RemoteProgressMonitor,2,10,0,0,6,148,12,0,2,0,4,2
Forwarder,1,9,0,0,9,50,9,0,1,0,4,1
Dispatcher,1,2,0,0,2,20,2,0,1,0,2,1
RichConsoleProgressMonitorPresenter,5,12,0,0,1,182,25,0,2,0.1700000017881393,4,1
RichConsoleProgressMonitorProvider,1,2,0,0,1,20,3,0,2,0,2,1
SubProgressMonitorCreatedEventArgs,1,1,1,0,1,25,2,0,0,0,1,0
ProgressMonitorTaskCookie,1,2,0,0,2,28,3,0,0,0,1,2
Annotation,4,3,4,0,3,74,3,0,0,0,2,5
TestParameter,2,1,2,0,1,42,1,1,1,0,2,4
TestModel,2,6,3,0,5,114,11,1,0,0.5,2,7
TestComponent,3,2,5,0,2,99,3,3,1,0,2,1
TestStep,6,3,7,0,3,205,6,1,2,0.6700000166893005,3,17
Test,11,12,10,0,12,371,29,2,2,0.5,5,16
RootTest,1,1,0,1,1,15,1,0,3,0,1,1
"BaseElevatedCommand<TArg,TResult>",0,2,0,0,1,15,2,0,1,-1,1,0
DefaultElevationManager,1,4,1,0,2,130,8,0,1,0,12,2
LocalElevationContext,1,3,0,0,2,31,4,0,1,0,3,1
HostedElevationContext,2,3,0,0,3,24,4,0,1,0,7,1
ElevationHook,0,3,0,0,3,15,3,0,1,-1,7,1
IElevatedCommand,0,1,0,0,0,10,1,1,0,-1,1,1
IElevationContext,0,1,0,0,0,13,1,2,0,-1,1,18
IElevationManager,0,1,1,0,0,26,1,1,0,-1,0,4
NamespaceDoc,0,0,0,0,0,4,0,0,0,-1,0,0
BaseUtilityCommand<TArguments>,0,5,0,0,2,32,5,0,1,-1,1,0
ClearCurrentUserPluginCacheUtilityCommand,0,1,0,0,1,10,1,0,0,-1,4,0
BaseReportTransformationUtilityCommand<TArguments>,3,6,3,0,1,122,7,0,0,0.5,14,0
MergeReportsUtilityCommand,5,4,0,0,0,104,4,0,0,0,11,0
Arguments,12,0,0,12,0,104,0,0,0,-1,2,3
FormatReportUtilityCommand,5,2,0,0,0,86,2,0,0,0,6,0
ResetInstallationIdElevatedCommand,1,2,0,1,1,31,2,0,0,1,3,1
ResetInstallationIdUtilityCommand,1,2,0,0,2,26,2,0,0,0,7,0
DefaultUtilityCommandManager,1,2,1,0,2,27,5,0,1,0,3,0
IUtilityCommand,0,3,0,0,0,29,3,1,0,-1,1,1
NamespaceDoc,0,0,0,0,0,4,0,0,0,-1,0,0
UtilityCommandContext,5,1,5,0,1,71,5,0,0,0,4,9
IUtilityCommandManager,0,1,1,0,0,14,1,1,0,-1,0,0
UtilityCommandTraits,2,1,2,0,1,33,3,0,1,0,0,1
VerifyInstallationUtilityCommand,1,2,0,0,2,17,2,0,0,0,2,0
Assembly,3,3,5,0,2,80,4,0,1,0,1,1
Cache,1,2,2,0,2,34,2,0,1,0,1,1
Component,3,3,5,0,2,90,6,0,1,0.6700000166893005,1,1
CachePluginInfo,0,1,4,0,1,33,1,0,1,-1,2,1
BindingRedirect,1,3,1,0,2,53,4,0,1,0.6700000166893005,1,1
File,1,3,1,0,2,44,4,0,1,0.6700000166893005,1,1
Dependency,1,3,1,0,2,43,4,0,1,0.6700000166893005,1,1
NamespaceDoc,0,0,0,0,0,4,0,0,0,-1,0,0
Plugin,8,3,12,0,2,158,4,0,1,0,1,6
KeyValueTable,1,1,2,0,1,61,1,0,0,0,1,1
Service,3,3,3,0,2,76,5,0,1,0.6700000166893005,1,1
Resources,2,1,59,0,0,554,1,0,0,0,0,16
NotEnoughHashesException,0,2,0,0,1,21,2,0,0,-1,0,0
HashStore,5,4,1,0,1,108,12,0,0,0,2,1
HashStoreResult,3,1,3,0,1,48,1,0,0,0,0,2
ImmutableTypeCollection,1,8,2,0,7,88,14,0,0,0.5,0,1
NamespaceDoc,0,0,0,0,0,4,0,0,0,-1,0,0
"CollectionHandler<TCollection,TItem>",2,11,3,0,5,128,12,0,0,0.550000011920929,4,0
ContractVerificationContext,1,2,1,0,2,34,3,0,0,0,2,13
"ListHandler<TList,TItem>",0,12,1,0,6,146,17,0,0,-1,4,0
Assert,0,266,2,0,248,6040,308,0,0,-1,15,12
ExpectedInvalidOperationExceptionAttribute,0,2,0,0,2,24,2,0,1,-1,0,0
RandomGenerationDataAttribute,2,3,2,0,1,55,3,2,1,0.6700000166893005,7,0
DisableAttribute,1,3,1,0,2,42,4,0,3,0.6700000166893005,6,0
AnnotationAttribute,0,1,0,0,1,14,1,0,2,-1,1,0
ApartmentStateAttribute,1,2,1,0,1,37,2,0,3,0,3,0
AssemblyFixtureAttribute,0,3,0,0,1,33,4,0,3,-1,9,0
BindAttribute,2,3,3,0,2,60,4,0,3,0,4,0
ColumnAttribute,1,2,1,0,1,79,2,0,1,0,3,0
CombinatorialJoinAttribute,0,1,0,0,0,9,1,0,1,-1,1,0
DataGenerators,1,6,0,0,6,460,11,0,0,0,4,0
Random,0,10,0,0,10,195,20,0,0,-1,7,0
Sequential,0,9,0,0,6,102,12,0,0,-1,3,0
CsvDataAttribute,0,2,3,0,1,64,2,0,1,-1,4,0
DataAttribute,0,1,4,0,0,61,5,4,2,-1,1,0
DependsOnAttribute,2,4,2,0,3,79,10,0,2,0,6,0
ExplicitAttribute,1,3,1,0,2,41,4,0,3,0.6700000166893005,8,0
ContentAttribute,0,8,6,0,0,234,12,4,2,-1,9,0
OutcomeOnFileError,0,0,0,0,0,19,0,0,0,-1,0,1
FactoryAttribute,4,3,4,0,2,110,6,0,2,0,5,0
HeaderAttribute,1,2,1,0,1,32,4,0,2,0,3,0
FixtureInitializerAttribute,0,2,0,0,0,20,3,0,2,-1,7,0
IRetryOptions,0,10,0,0,0,121,10,1,0,-1,0,2
JoinAttribute,0,3,0,0,1,32,4,3,2,-1,8,0
JoinStrategy,0,0,0,0,0,18,0,0,0,-1,0,1
Mirror,4,9,6,1,6,885,19,0,0,0.2199999988079071,1,1
MemberSet,6,32,5,0,15,585,59,0,0,0,5,2
PropertyIndex,3,3,2,0,0,67,3,0,0,0,1,1
MultipleAssertsAttribute,0,2,0,0,0,15,2,0,3,-1,7,0
NameAttribute,1,3,1,0,2,42,5,0,2,0,3,0
AssertOverSyntax,1,7,0,0,6,240,7,0,0,0.7099999785423279,4,0
PairwiseJoinAttribute,0,1,0,0,0,9,1,0,3,-1,1,0
PendingAttribute,1,3,1,0,2,46,5,0,3,0.6700000166893005,10,0
RepeatAttribute,1,2,0,0,1,52,3,0,3,0,9,0
Retry,3,12,0,0,10,320,12,0,0,0.1700000017881393,3,1
RetryOptions,7,12,0,0,11,87,21,0,1,0.25,4,1
RetryRunner,9,4,0,0,2,71,6,0,0,0,3,1
RowAttribute,1,2,1,0,1,79,2,0,3,0,3,0
AssemblyResolverAttribute,1,2,1,0,2,38,4,0,1,0,4,0
AuthorAttribute,3,4,3,0,3,80,10,0,2,0,1,0
CategoryAttribute,1,2,1,0,1,28,3,0,2,0,1,0
DescriptionAttribute,1,2,1,0,1,28,3,0,2,0,1,0
ExpectedArgumentExceptionAttribute,0,2,0,0,2,24,2,0,1,-1,0,0
ExpectedArgumentNullExceptionAttribute,0,2,0,0,2,24,2,0,1,-1,0,0
ExpectedArgumentOutOfRangeExceptionAttribute,0,2,0,0,2,24,2,0,1,-1,0,0
ExpectedExceptionAttribute,1,4,3,0,3,87,7,4,3,0,4,0
IgnoreAttribute,1,3,1,0,2,46,5,0,3,0.6700000166893005,10,0
ImportanceAttribute,1,2,1,0,1,25,2,0,2,0,2,0
MetadataAttribute,2,2,2,0,1,41,4,0,2,0,0,0
ParameterAttribute,0,0,0,0,0,4,0,0,3,-1,0,0
MirrorException,0,4,0,0,3,36,4,0,0,-1,0,0
SequentialJoinAttribute,0,1,0,0,0,9,1,0,3,-1,1,0
SetUpAttribute,0,1,0,0,0,16,1,0,2,-1,7,0
TearDownAttribute,0,1,0,0,0,16,1,0,2,-1,7,0
TestAttribute,0,3,0,0,0,83,4,0,3,-1,10,0
TestDecoratorAttribute,2,8,0,0,0,112,8,0,3,0,9,0
TestFixtureAttribute,0,1,0,0,0,11,2,0,3,-1,3,0
FixtureSetUpAttribute,0,2,0,0,0,17,3,0,2,-1,7,0
FixtureTearDownAttribute,0,2,0,0,0,17,3,0,2,-1,7,0
Importance,0,0,0,0,0,23,0,0,0,-1,0,1
TestsOnAttribute,1,3,1,0,2,45,5,0,2,0,1,0
ThreadedRepeatAttribute,1,2,0,0,1,84,3,0,3,0,13,0
TimeoutAttribute,1,2,2,0,1,35,3,0,3,1,3,0
Xml,0,40,0,0,40,831,52,0,0,-1,9,0
SortOrderInfo,3,3,1,0,2,48,3,0,0,0.6700000166893005,1,1
AutoEmbedScreenshotAttribute,2,2,4,0,1,91,2,1,3,0,8,0
AutoEmbedRecordingAttribute,0,2,1,0,1,46,2,0,4,-1,7,0
AbstractComparerAttribute,1,4,1,0,0,41,4,2,3,0.5,8,2
ConverterAttribute,0,2,0,0,0,23,4,0,3,-1,11,0
BinaryDataAttribute,0,1,0,0,0,15,1,0,3,-1,4,0
CatchExceptionAttribute,3,10,6,0,4,283,15,1,3,0.2000000029802322,11,1
AssertExceptionAttribute,0,4,0,0,2,84,6,0,4,-1,4,0
TextDataAttribute,0,1,0,0,0,14,1,0,3,-1,4,0
FormatterAttribute,0,2,0,0,0,21,4,0,3,-1,11,0
EqualityComparerAttribute,0,3,0,0,0,25,6,0,4,-1,7,0
ComparerAttribute,0,3,0,0,0,25,6,0,4,-1,7,0
XmlOptions,5,1,1,4,0,128,1,1,0,0,2,1
CustomXmlOptions,1,1,12,0,0,236,1,0,1,0,1,1
PrincipalAttribute,0,2,0,0,0,34,2,0,3,-1,5,0
MultipleCultureAttribute,1,2,0,0,1,62,3,0,3,0,11,0
ImpersonateAttribute,2,3,3,0,0,88,4,0,3,0,14,0
ImpersonationData,3,1,0,3,1,10,1,0,0,0,0,1
NamespaceDoc,0,0,0,0,0,4,0,0,0,-1,0,0
RandomStringStock,0,0,0,0,0,16,0,0,0,-1,0,2
RandomStringStockInfo,4,4,0,0,1,47,6,0,0,0,2,2
RandomStringsAttribute,3,5,4,0,1,139,10,0,2,0.4000000059604645,4,0
SequentialNumbersAttribute,4,3,5,0,1,174,4,0,1,0.6700000166893005,2,0
RandomNumbersAttribute,4,5,4,0,1,131,7,0,2,0.4000000059604645,3,0
GenerationDataAttribute,0,5,0,0,0,37,5,2,3,-1,4,1
TestScope,0,0,0,0,0,15,0,0,0,-1,0,1
EnumDataAttribute,1,4,3,0,1,91,12,0,3,0,3,0
DefaultTestCaseTimeoutAttribute,1,2,2,0,1,38,3,0,2,1,6,0
DegreeOfParallelismAttribute,1,2,1,0,1,31,3,0,2,0,6,0
MatchTable<T>,3,4,2,0,3,53,7,0,0,0.75,1,0
SortOrder,0,0,0,0,0,22,0,0,0,-1,0,2
StructuralEqualityComparer<T>,1,15,1,0,11,472,34,0,0,0.6700000166893005,3,0
StructuralEqualityComparerOptions,0,0,0,0,0,12,0,0,0,-1,0,1
XmlDataAttribute,1,3,0,0,1,28,4,0,3,0,4,0
ParallelizableAttribute,1,4,1,0,2,47,7,0,3,0.5,5,0
StaticTestFactoryAttribute,0,2,0,0,0,40,8,0,2,-1,8,0
Test,0,4,0,0,2,88,14,2,0,-1,6,3
TestCase,1,2,5,0,1,87,4,0,1,1,1,8
DynamicTestFactoryAttribute,0,1,0,0,0,16,3,0,3,-1,4,0
RollbackAttribute,1,3,1,0,1,62,5,0,3,0.6700000166893005,9,0
TestDefinition,3,9,7,0,0,241,11,2,1,0.2199999988079071,12,0
TestFixtureReference,1,3,1,0,1,33,4,0,1,0.6700000166893005,5,0
TestSuite,1,6,7,0,1,84,10,0,2,1,0,0
XmlPath,0,1,0,0,1,12,1,0,0,-1,2,0
HashCodeAcceptanceContract<T>,3,5,3,0,1,133,6,0,1,0.6000000238418579,9,0
CollisionProbability,5,0,0,5,0,23,0,0,0,-1,0,0
UniformDistributionQuality,4,0,0,4,0,19,0,0,0,-1,0,0
EquivalenceClass,1,2,0,0,2,37,6,0,0,0,0,0
EquivalenceClassCollection,1,5,1,0,4,91,10,0,0,0.4000000059604645,0,2
AbstractContract,0,4,1,0,1,53,5,7,1,-1,4,0
"AccessorContract<TTarget,TValue>",0,11,7,0,1,451,15,0,2,-1,5,0
InvalidValuesClass<T>,1,3,1,0,2,74,5,0,0,0,0,0
InvalidValuesClassCollection<T>,1,6,1,0,4,93,10,0,0,0,0,0
DistinctInstanceCollection<T>,1,5,1,0,4,78,11,0,0,0.4000000059604645,0,0
"CollectionContract<TCollection,TItem>",0,13,5,0,1,347,14,0,2,-1,5,0
"ListContract<TList,TItem>",0,10,0,0,0,178,15,0,0,-1,5,0
NamespaceDoc,0,0,0,0,0,4,0,0,0,-1,0,0
VerifyContractAttribute,0,6,1,0,2,116,12,0,2,-1,18,0
IContract,0,1,0,0,0,9,1,1,0,-1,1,1
ComparisonContract<TTarget>,0,13,2,0,1,263,24,0,2,-1,8,0
ComparisonSpecifications,8,0,0,8,0,11,0,0,0,-1,0,1
InstancePair,8,4,8,0,4,43,4,0,0,0,0,2
EqualityContract<TTarget>,0,16,2,0,1,304,30,0,2,-1,8,0
EqualitySpecifications,7,0,0,7,0,10,0,0,0,-1,0,1
ExceptionContract<TException>,0,7,2,0,1,246,9,0,2,-1,6,0
ImmutabilityContract<TTarget>,1,4,0,0,1,44,6,0,2,1,6,0
Resources,2,1,7,0,0,132,1,0,0,0,0,1
MbUnitTestFramework,1,1,1,0,1,23,2,0,2,0,2,0
NamespaceDoc,0,0,0,0,0,4,0,0,0,-1,0,0
