Type,NOF,NOM,NOP,NOPF,NOPM,LOC,WMC,NC,DIT,LCOM,Fan-Out,Fan-In
AnalyzerCategory,1,0,0,0,0,4,0,0,0,-1,0,0
AnalyzerConstants,0,1,4,0,0,66,1,0,0,-1,0,0
DocumentEditorExt,0,1,0,0,0,123,1,0,0,-1,1,0
MakeSealedRewriter,2,7,0,1,7,114,20,0,0,0.8600000143051147,0,1
InjectFix,0,6,1,0,2,335,26,0,0,-1,3,1
ReplaceNodes,3,7,1,0,5,85,12,0,0,0.4300000071525574,1,1
MakeInternalFix,0,2,1,0,2,34,4,0,0,-1,0,1
MakeSealedFix,0,1,1,0,0,26,3,0,0,-1,0,0
MoveArgumentFix,0,7,1,0,0,139,22,0,0,-1,2,2
NameArgumentsFix,1,3,1,0,0,84,9,0,0,0.6700000166893005,2,1
NonSerializedFix,3,1,1,0,0,58,5,0,0,0,0,1
NullCheckParameterFix,0,4,1,0,0,145,9,0,0,-1,0,1
RenameConstructorArgumentsFix,0,2,1,0,2,38,4,0,0,-1,0,1
SortPropertiesFix,0,5,1,0,0,105,11,0,0,-1,0,1
TestMethodParametersFix,0,3,1,0,0,131,13,0,0,-1,1,0
ThrowForCorrectParameterFix,0,1,1,0,0,31,3,0,0,-1,0,1
UseGetOnlyFix,1,7,1,0,0,197,27,0,0,1,2,1
UseLambdaFix,0,3,1,0,0,72,8,0,0,-1,0,0
UselessDocsFix,0,2,1,0,0,74,6,0,0,-1,1,0
UseNameofFix,0,3,1,0,0,66,8,0,0,-1,0,1
UseParameterFix,0,1,1,0,0,44,4,0,0,-1,0,0
GU0001NameArguments,2,0,0,1,0,14,0,0,0,-1,0,2
GU0002NamedArgumentPositionMatches,2,0,0,1,0,14,0,0,0,-1,0,2
GU0003CtorParameterNamesShouldMatch,2,0,0,1,0,14,0,0,0,-1,0,1
GU0004AssignAllReadOnlyMembers,2,0,0,1,0,14,0,0,0,-1,0,1
GU0005ExceptionArgumentsPositions,2,0,0,1,0,14,0,0,0,-1,0,2
GU0006UseNameof,2,3,1,1,1,80,8,0,0,1,0,2
GU0007PreferInjecting,2,10,1,1,1,339,52,0,0,0.699999988079071,1,5
Injectable,0,0,0,0,0,6,0,0,0,-1,0,2
GU0008AvoidRelayProperties,2,0,0,1,0,14,0,0,0,-1,0,1
GU0009UseNamedParametersForBooleans,2,7,1,1,1,145,16,0,0,0.4300000071525574,3,2
GU0010DoNotAssignSameValue,2,0,0,1,0,14,0,0,0,-1,0,1
GU0011DontIgnoreReturnValue,2,5,1,1,1,117,17,0,0,0.6000000238418579,2,2
GU0012NullCheckParameter,2,0,0,1,0,14,0,0,0,-1,0,3
GU0013CheckNameInThrow,2,0,0,1,0,14,0,0,0,-1,0,1
GU0014PreferParameter,2,0,0,1,0,14,0,0,0,-1,0,1
GU0015DontAssignMoreThanOnce,2,0,0,1,0,14,0,0,0,-1,0,1
GU0016PreferLambda,2,0,0,1,0,14,0,0,0,-1,0,1
GU0020SortProperties,2,2,1,1,1,50,6,0,0,1,0,2
GU0021CalculatedPropertyAllocates,2,0,0,1,0,14,0,0,0,-1,0,2
GU0022UseGetOnly,2,3,1,1,1,77,7,0,0,1,0,2
GU0023StaticMemberOrderAnalyzer,2,5,1,1,1,141,9,0,0,0.6000000238418579,1,0
Walker,1,6,1,0,4,48,6,0,0,0.8299999833106995,0,1
GU0024SealTypeWithDefaultMember,2,0,0,1,0,14,0,0,0,-1,0,1
GU0050IgnoreEventsWhenSerializing,2,4,1,1,1,67,8,0,0,0.75,1,2
GU0051XmlSerializerNotCached,2,3,1,1,1,104,13,0,0,1,1,2
GU0052ExceptionShouldBeSerializable,2,2,1,1,1,42,4,0,0,1,1,0
GU0060EnumMemberValueConflictsWithAnother,2,7,1,1,1,135,18,0,0,0.5699999928474426,1,2
GU0070DefaultConstructedValueTypeWithNoUsefulDefault,3,3,1,1,1,59,6,0,0,0.6700000166893005,0,2
GU0071ForeachImplicitCast,2,3,1,1,1,78,10,0,0,0.6700000166893005,1,2
GU0072AllTypesShouldBeInternal,2,2,1,2,1,43,5,0,0,1,0,2
GU0080TestAttributeCountMismatch,2,0,0,1,0,14,0,0,0,-1,0,1
GU0081TestCasesAttributeMismatch,2,0,0,1,0,14,0,0,0,-1,0,1
GU0082IdenticalTestCase,2,0,0,1,0,14,0,0,0,-1,0,1
GU0083TestCaseAttributeMismatchMethod,2,0,0,1,0,14,0,0,0,-1,0,1
DependencyObjectType,3,1,0,0,0,14,1,0,0,0,0,1
DependencyPropertyType,5,1,0,0,0,20,1,0,0,0,0,1
IEnumerableType,1,1,0,0,1,10,1,0,0,0,0,1
KnownSymbol,35,1,0,0,0,49,1,0,0,0,9,12
NUnitAssertType,1,1,0,0,0,10,1,0,0,0,0,2
StringBuilderType,3,1,0,0,0,14,1,0,0,0,0,1
StringType,1,1,0,0,0,10,1,0,0,0,0,1
TaskType,4,1,0,0,0,16,1,0,0,0,0,1
XmlSerializerType,0,1,0,0,1,7,1,0,0,-1,0,1
XunitAssertType,1,1,0,0,0,10,1,0,0,0,0,2
StandardDocs,1,1,0,0,0,19,2,0,0,0,0,1
ArgumentSyntaxExt,0,1,0,0,0,25,3,0,0,-1,0,0
BasePropertyDeclarationSyntaxExt,0,1,0,0,0,7,1,0,0,-1,0,0
ReturnValueWalker,1,8,1,0,4,60,10,0,0,0.3799999952316284,0,2
HelpLink,0,1,0,0,0,7,1,0,0,-1,0,0
ArgumentListAnalyzer,0,5,1,0,1,146,28,0,0,-1,3,4
ClassDeclarationAnalyzer,0,4,1,0,1,66,9,0,0,-1,1,0
ConstructorAnalyzer,0,5,1,0,1,450,20,0,0,-1,4,3
CtorWalker,10,11,7,0,8,148,18,0,0,0.1800000071525574,0,1
MethodGroupAnalyzer,0,3,1,0,1,44,5,0,0,-1,1,0
ObjectCreationAnalyzer,0,3,1,0,1,94,13,0,0,-1,3,4
ParameterAnalyzer,0,2,1,0,1,34,4,0,0,-1,1,2
PropertyDeclarationAnalyzer,0,4,1,0,1,92,11,0,0,-1,3,4
SimpleAssignmentAnalyzer,0,5,1,0,1,158,17,0,0,-1,4,4
TestMethodAnalyzer,0,9,1,0,1,376,43,0,0,-1,5,8
