Type,NOF,NOM,NOP,NOPF,NOPM,LOC,WMC,NC,DIT,LCOM,Fan-Out,Fan-In
DeviceIdProfileAttributeId,6,0,0,6,0,59,0,0,0,-1,1,1
HidProfileAttributeId,15,0,0,15,0,224,0,0,0,-1,1,1
UniversalAttributeId,17,0,0,17,0,437,0,0,0,-1,2,7
ServiceDiscoveryServerAttributeId,2,0,0,2,0,59,0,0,0,-1,1,0
BrowseGroupDescriptorAttributeId,1,0,0,1,0,19,0,0,0,-1,1,0
ObexAttributeId,7,0,0,7,0,165,0,0,0,-1,1,1
BasicPrintingProfileAttributeId,19,0,0,19,0,123,0,0,0,-1,1,0
PersonalAreaNetworkingProfileAttributeId,5,0,0,5,0,39,0,0,0,-1,1,0
HeadsetProfileAttributeId,1,0,0,1,0,15,0,0,0,-1,1,0
HandsFreeProfileAttributeId,2,0,0,2,0,70,0,0,0,-1,1,0
HealthDeviceAttributeId,3,0,0,3,0,57,0,0,0,-1,1,0
BluesoleilClient,6,19,11,0,7,436,30,0,1,0.2099999934434891,18,2
BluesoleilDeviceInfo,12,23,11,0,12,600,61,0,1,0.300000011920929,35,4
BlueSoleilSocketException,1,5,4,0,1,89,5,0,0,0.4000000059604645,1,1
BluesoleilFactory,9,20,1,0,1,458,28,0,1,0.449999988079071,19,6
BluesoleilInquiry,2,3,0,0,0,42,3,0,0,0,8,1
Records,3,10,0,0,0,175,16,0,0,0.2000000029802322,7,1
BluesoleilRadio,5,2,15,0,1,241,10,0,1,0,10,1
BluesoleilSecurity,3,12,0,0,0,118,14,0,1,0.5,8,1
DeviceAndPin,0,0,2,0,0,5,0,0,0,-1,0,1
BlueSoleilSerialPortNetworkStream,8,11,1,0,6,273,19,0,1,0.3600000143051147,7,1
State,0,0,0,0,0,8,0,0,0,-1,0,1
BluesoleilUtils,0,10,0,0,1,103,15,0,0,-1,4,6
BtSdkError,0,0,0,0,0,135,0,0,0,-1,0,11
IBluesoleilApi,0,52,0,0,0,252,52,1,0,-1,10,8
IBluesoleilConnection,0,1,0,0,0,4,1,2,0,-1,0,2
ISerialPortWrapper,0,2,6,0,0,89,2,1,0,-1,0,3
SerialPortWrapper,1,3,6,0,0,64,3,0,1,0,0,0
NativeMethods,1,52,0,0,0,255,52,0,0,0,10,1
NullBluesoleilConnection,1,2,1,0,0,17,2,0,1,1,0,1
RealBluesoleilApi,0,52,0,0,0,286,52,0,1,-1,12,0
SerialPortNetworkStream,1,4,3,0,1,61,5,1,1,0.75,3,2
StackConsts,16,0,0,0,0,152,0,0,0,-1,1,9
BTSDK_BTSTATUS,0,0,0,0,0,7,0,0,0,-1,0,1
BTSDK_CONNROLE,0,0,0,0,0,5,0,0,0,-1,0,1
CallbackType,0,0,0,0,0,12,0,0,0,-1,0,2
DiscoveryMode,0,0,0,0,0,30,0,0,0,-1,0,5
ConnectionEventType,0,0,0,0,0,26,0,0,0,-1,0,1
CallbackResult,0,0,0,0,0,5,0,0,0,-1,0,1
AttributeLookup,0,0,0,0,0,6,0,0,0,-1,0,2
COMM_SET,0,0,0,0,0,5,0,0,0,-1,0,4
Structs,0,0,0,0,0,375,0,0,0,-1,0,1
BtSdkLocalLMPInfoStru,14,2,0,0,0,38,2,0,0,1,3,4
BtSdkCallbackStru,2,4,0,0,0,29,4,0,0,0,2,4
BtSdkAppExtSPPAttrStru,6,4,0,0,1,59,5,0,0,0,2,5
BtSdkSPPConnParamStru,3,1,0,0,0,14,1,0,0,0,0,4
BtSdkSDPSearchPatternStru,2,1,0,0,0,19,1,0,0,0,1,4
UuidTypeMask,0,0,0,0,0,6,0,0,0,-1,0,1
BtSdkRemoteServiceAttrStru,6,2,0,0,2,40,2,0,0,0,2,4
BtSdkRmtSPPSvcExtAttrStru,2,1,0,0,0,14,1,0,0,0,0,1
BtSdkConnectionPropertyStru,7,1,1,0,0,38,1,0,0,0,0,5
BtSdkRmtDISvcExtAttrStru,11,1,0,0,0,34,1,0,0,0,0,1
BtSdkRemoteDevicePropertyStru,7,0,0,0,0,24,0,0,0,-1,2,4
Mask,0,0,0,0,0,9,0,0,0,-1,0,2
BtSdkRemoteLMPInfoStru,4,0,0,0,0,8,0,0,0,-1,2,2
BtSdkRmtHidSvcExtAttrStru_HACK,12,1,0,0,0,32,1,0,0,0,0,1
BluezError,0,0,0,0,0,3,0,0,0,-1,0,0
BluezL2capEndPoint,5,7,1,0,3,120,12,0,1,0.4300000071525574,2,1
BluezRfcommEndPoint,4,5,1,0,3,89,7,0,1,0.6000000238418579,3,0
BluezSocketOptionHelper,2,5,2,0,1,54,6,0,1,0.6000000238418579,3,0
NativeMethods,1,18,0,0,0,441,18,0,0,0,5,1
SdpSessionSafeHandle,0,2,1,0,1,19,2,0,0,-1,1,1
StackConsts,13,0,0,0,0,170,0,0,0,-1,0,2
IREQ_int,0,0,0,0,0,4,0,0,0,-1,0,1
SdpType_uint8_t,0,0,0,0,0,35,0,0,0,-1,0,3
SdpRecordRegisterFlags,0,0,0,0,0,6,0,0,0,-1,0,0
SdpConnectFlags,0,0,0,0,0,7,0,0,0,-1,0,1
sdp_attrreq_type_t,0,0,0,0,0,11,0,0,0,-1,0,1
RFCOMM_LM,0,0,0,0,0,10,0,0,0,-1,0,1
Structs,4,0,0,0,0,464,0,0,0,-1,0,0
inquiry_info,6,0,0,0,0,11,0,0,0,-1,0,0
hci_version,5,1,0,0,0,16,1,0,0,0,2,1
uuid_t,5,3,0,0,0,43,3,0,0,0,3,2
TestUuids,1,2,0,0,0,33,3,0,0,0,2,0
sdp_list_t,2,0,0,0,0,5,0,0,0,-1,0,0
sdp_lang_attr_t,3,0,0,0,0,6,0,0,0,-1,0,0
sdp_record_t,3,0,0,0,0,10,0,0,0,-1,0,0
sdp_data_struct__Bytes,6,4,0,0,0,78,8,0,0,0.5,1,2
sdp_data_struct__Debug,1,1,0,0,0,10,1,0,0,0,1,0
sdp_data_struct__uuid_t,5,1,0,0,0,13,1,0,0,0,3,0
sdp_session_t_Real,6,0,0,0,0,9,0,0,0,-1,0,0
rfcomm_conninfo,2,0,0,0,0,6,0,0,0,-1,0,0
StructUtils,0,1,0,0,0,12,2,0,0,-1,0,0
BluetoothConnector,5,16,0,0,3,233,23,1,0,0.25,9,0
RaiseConnectParams,0,0,2,0,0,5,0,0,0,-1,0,1
BeginConnectState,1,1,0,0,1,11,1,0,0,0,2,1
BeginFillInPortState,2,1,0,0,1,11,1,0,0,0,1,1
BluetoothFactory,2,30,2,0,13,281,44,4,0,0.4699999988079071,15,13
BluetoothRfcommStreamConnector,2,6,4,0,3,92,8,0,1,0,3,1
CommonBluetoothClient,2,12,10,0,7,185,13,3,1,0.25,7,0
CommonBluetoothInquiry<TInquiryEventItemType>,6,11,0,0,4,248,18,0,0,0.7300000190734863,5,0
InquiryTimeoutParams,2,2,0,0,1,25,2,0,0,0,0,1
CommonBluetoothListener,18,44,9,0,21,584,65,3,1,0.2300000041723251,12,0
AcceptedPort,2,1,0,2,1,15,3,0,0,0,1,1
RaiseAcceptParams,0,0,3,0,0,6,0,0,0,-1,0,1
CommonDiscoveryBluetoothClient,1,19,12,0,12,183,23,2,1,0.6299999952316284,4,2
CommonRfcommStream,23,59,15,0,9,1221,103,2,0,0.1000000014901161,9,16
State,0,0,0,0,0,8,0,0,0,-1,0,1
BeginReadParameters,3,1,0,3,1,14,1,0,0,0,0,1
FooSocketExceptions,0,2,0,0,0,13,2,0,0,-1,1,1
CommonSocketExceptions,7,4,0,0,0,44,4,0,0,0,1,6
WidcommSocketException,2,3,2,0,1,45,3,0,0,0,0,0
NoResultCodeWidcommSocketException,0,2,1,0,0,24,2,0,1,-1,0,0
DecoratorNetworkStream,1,12,9,0,9,214,15,2,0,0,1,1
SocketPair,3,4,1,0,0,64,5,0,0,0,0,1
DiscoDevsParams,6,2,0,6,2,37,2,1,0,0,1,9
IBluetoothClient,0,11,12,0,0,43,11,3,0,-1,2,10
IBluetoothDeviceInfo,0,12,10,0,0,45,12,3,0,-1,0,14
IBluetoothFactoryFactory,0,1,0,0,0,13,1,0,0,-1,0,1
IBluetoothListener,0,21,7,0,0,35,21,2,0,-1,3,3
IBluetoothRadio,0,1,15,0,0,24,1,4,0,-1,0,6
IBluetoothSecurity,0,7,0,0,0,153,7,3,0,-1,1,2
IL2CapClient,0,1,0,0,0,7,1,1,1,-1,0,2
IUsesBluetoothConnectorImplementsServiceLookup,0,2,0,0,0,47,2,1,0,-1,1,2
RfcommDecoratorNetworkStream,1,1,1,0,0,17,2,0,1,0,1,0
TimeoutDecorStream,1,7,7,0,6,96,9,0,0,0.4300000071525574,1,0
CommonSocketExceptions,7,4,0,0,0,44,4,0,0,1,1,0
WidcommSocketException,2,3,2,0,1,45,3,3,0,0,0,1
NoResultCodeWidcommSocketException,0,2,1,0,0,24,2,0,1,-1,0,2
IBtIf,0,23,0,0,0,76,23,2,0,-1,5,3
IRfCommIf,0,5,1,0,0,16,5,3,0,-1,1,10
BTM_SEC,0,0,0,0,0,14,0,0,0,-1,0,10
IRfcommPort,0,8,1,0,0,14,8,2,0,-1,2,10
PORT_RETURN_CODE,0,0,0,0,0,16,0,0,0,-1,0,9
PORT_EV,0,0,0,0,0,88,0,0,0,-1,0,2
ISdpDiscoveryRecordsBuffer,0,3,1,0,0,28,3,1,0,-1,0,6
ISdpService,0,6,0,0,0,9,6,1,0,-1,1,4
L2CapIf,1,6,1,0,5,59,9,0,1,0.3300000131130219,4,1
L2CapPort,5,15,1,0,9,195,23,0,1,0,12,2
L2CapDisconnectReason,0,0,0,0,0,23,0,0,0,-1,0,1
SdpDiscoveryRecordsBuffer,4,7,2,0,2,149,11,0,1,0.2899999916553497,5,0
NativeMethods,1,73,0,0,0,379,73,0,0,0.9700000286102295,5,8
SdpDiscoveryRecordsBufferBase,2,8,1,0,4,140,17,1,1,0.6200000047683716,11,0
SimpleInfo,4,2,0,0,1,26,2,0,0,0,0,2
SdpService,1,11,0,0,4,212,20,0,1,0.3600000143051147,9,4
SDP_RETURN_CODE,0,0,0,0,0,8,0,0,0,-1,0,3
DESC_TYPE,0,0,0,0,0,12,0,0,0,-1,0,4
WidcommBluetoothClient,4,12,2,0,4,159,13,0,2,0.75,9,1
WidcommBluetoothDeviceInfo,5,22,10,0,13,276,25,0,1,0.5899999737739563,9,3
WidcommBluetoothFactoryBase,1,13,0,0,0,48,13,1,1,0.8500000238418579,2,19
WidcommBluetoothFactory,6,25,1,0,1,298,35,0,2,0.1599999964237213,22,5
WidcommBluetoothListener,3,8,1,0,0,95,10,0,2,0,14,1
WidcommBluetoothRadio,4,2,16,0,1,243,10,0,1,1,8,1
WidcommBluetoothSecurity,1,9,0,0,7,79,11,0,1,0.6700000166893005,5,2
WidcommBtIf,12,37,0,0,24,792,62,0,1,0.1099999994039536,24,1
MY32FEET_AutoReconnectErrors,0,0,0,0,0,6,0,0,0,-1,0,0
LoadLibraryExFlags,0,0,0,0,0,10,0,0,0,-1,0,2
LibraryStatus,0,0,0,0,0,8,0,0,0,-1,0,1
DISCOVERY_RESULT,0,0,0,0,0,24,0,0,0,-1,0,5
REM_DEV_INFO_RETURN_CODE,0,0,0,0,0,19,0,0,0,-1,0,5
BOND_RETURN_CODE,0,0,0,0,0,11,0,0,0,-1,0,5
BOND_RETURN_CODE__BTW,0,0,0,0,0,11,0,0,0,-1,0,0
BOND_RETURN_CODE__WCE,0,0,0,0,0,7,0,0,0,-1,0,1
STACK_STATUS,0,0,0,0,0,23,0,0,0,-1,0,1
WidcommBtInterface,8,40,0,0,5,562,51,0,0,0.1000000014901161,24,11
WidcommInquiry,2,6,0,0,0,51,7,0,0,0.5,4,1
SdpSearchScope,0,0,0,0,0,5,0,0,0,-1,0,8
ServiceDiscoveryParams,3,1,0,0,0,16,2,0,0,0,2,6
WidcommL2CapClient,2,17,1,0,6,271,17,0,2,0.7099999785423279,16,4
MyL2CapEvent,0,0,0,0,0,8,0,0,0,-1,0,1
WidcommL2CapStream,1,3,0,0,0,21,4,0,1,0.6700000166893005,5,1
WidcommL2CapListener,4,11,1,0,1,132,13,0,2,0.2700000107288361,19,1
WidcommNativeBits,1,0,0,0,0,12,0,0,0,-1,0,0
SDK_RETURN_CODE,0,0,0,0,0,31,0,0,0,-1,0,4
RemoteDeviceState,0,0,0,0,0,7,0,0,0,-1,0,1
WidcommPlaying,1,4,1,0,3,88,8,0,0,0.5,8,0
WidcommPortSingleThreader,3,6,1,0,4,372,9,0,0,0,4,7
StCommand,3,5,1,0,0,67,7,4,0,0,2,2
ExitCommand,0,1,0,0,0,6,1,0,1,-1,0,1
PortCommand,1,1,1,0,1,10,1,5,1,0,1,4
PortWriteCommand,4,4,0,0,1,30,4,0,2,0.5,3,1
PortCreateCommand,0,2,0,0,1,12,2,0,2,-1,1,1
OpenServerCommand,2,3,0,0,2,22,3,0,2,0,3,1
OpenClientCommand,3,3,0,0,2,24,3,0,2,0,3,1
PortCloseCommand,1,3,0,0,2,20,3,0,2,0.6700000166893005,3,1
MiscNoReturnCommand,1,2,0,0,1,14,2,0,1,0,0,5
MiscReturnCommand<TResult>,2,3,0,0,2,21,3,0,1,0,1,0
WidcommRfCommIf,1,5,1,0,5,60,7,0,1,0,2,0
WidcommRfcommInterface,1,7,0,0,2,63,11,0,0,0,6,3
WidcommRfcommPort,4,10,1,0,8,129,16,0,1,0.2000000029802322,8,1
WidcommRfcommStream,0,1,0,0,0,7,1,0,1,-1,3,1
WidcommRfcommStreamBase,10,23,1,0,0,400,51,2,1,0,24,7
IsConnectedResult,2,0,0,2,0,5,0,0,0,-1,1,1
WidcommSdpServiceCreator,11,10,0,0,1,243,23,0,1,0,14,1
WidcommSerialPort,0,6,3,0,3,53,6,1,0,-1,5,0
WidcommSocketExceptions,0,5,0,0,0,36,5,0,0,-1,10,3
GenericReturnCodeWidcommSocketException<T>,3,4,1,0,1,61,5,0,1,0,1,0
REM_DEV_INFO_RETURN_CODE_WidcommSocketException,0,2,0,0,0,18,2,0,0,-1,1,1
PORT_RETURN_CODE_WidcommSocketException,0,2,0,0,0,18,2,0,0,-1,1,1
DISCOVERY_RESULT_WidcommSocketException,0,2,0,0,0,18,2,0,0,-1,1,1
SDP_RETURN_CODE_WidcommSocketException,0,2,0,0,0,18,2,0,0,-1,1,1
WidcommSppClient,15,9,3,0,0,383,21,0,1,0.2199999988079071,13,1
SPP_STATE_CODE,0,0,0,0,0,39,0,0,0,-1,0,3
SPP_STATE_CODE__WCE,0,0,0,0,0,11,0,0,0,-1,0,0
SPP_CLIENT_RETURN_CODE,0,0,0,0,0,39,0,0,0,-1,0,3
SPP_CLIENT_RETURN_CODE__WCE,0,0,0,0,0,10,0,0,0,-1,0,0
WidcommSppSocketExceptions,2,2,0,0,0,17,2,0,0,0,4,1
SPP_STATE_CODE_WidcommSocketException,0,2,0,0,0,18,2,0,0,-1,1,1
SPP_CLIENT_RETURN_CODE_WidcommSocketException,0,2,0,0,0,18,2,0,0,-1,1,1
WidcommStBtIf,2,24,0,0,24,221,26,0,1,0,17,0
HoldStackDevice,2,0,0,2,0,4,0,0,0,-1,0,1
HoldConnoDisco,2,0,0,2,0,4,0,0,0,-1,0,1
WidcommStRfCommIf,2,6,1,0,6,62,6,0,1,0,5,1
WidcommStructs,4,0,0,0,0,12,0,0,0,-1,0,5
REM_DEV_INFO,5,0,0,0,0,13,0,0,0,-1,0,5
DEV_VER_INFO,6,3,0,0,1,41,3,0,0,0,3,8
tBT_CONN_STATS,5,0,0,5,0,8,0,0,0,-1,0,3
WBtRc,0,0,0,0,0,307,0,0,0,-1,0,4
WidcommUtils,1,11,0,0,0,134,23,0,0,0.6399999856948853,5,14
BLOB,2,1,0,2,0,11,1,0,0,0,0,3
BlobOffsets,3,1,0,2,1,30,2,0,0,0,1,1
BLUETOOTH_DEVICE_INFO,9,3,2,0,2,113,7,0,0,0,4,11
BLUETOOTH_FIND_RADIO_PARAMS,1,0,0,1,0,4,0,0,0,-1,0,2
BLUETOOTH_RADIO_INFO,7,0,0,0,0,19,0,0,0,-1,0,2
BTHNS_BLOB,1,3,1,0,1,46,4,1,0,0,0,1
BTHNS_INQUIRYBLOB,3,0,0,0,0,7,0,0,0,-1,0,1
BTHNS_RESULT,0,0,0,0,0,8,0,0,0,-1,0,1
BTHNS_SETBLOB,9,3,2,0,2,145,7,0,1,0,2,1
BTH_DEVICE_INFO,4,0,0,0,0,21,0,0,0,-1,1,5
BTH_RADIO_INFO,4,4,0,0,2,39,4,0,0,0,4,2
CSADDR_INFO,6,2,0,0,2,71,6,0,0,0,1,1
CsaddrInfoOffsets,3,1,0,2,1,36,2,0,0,0,1,1
MicrosoftSdpService,0,2,0,0,2,91,2,0,0,-1,9,1
NativeMethods,7,45,0,0,0,806,45,0,0,0.2899999916553497,15,8
BTH_ERROR,0,0,0,0,0,69,0,0,0,-1,0,0
SDP_STRING_TYPE_DATA,3,1,0,0,0,13,1,0,0,0,0,0
DIGCF,0,0,0,0,0,7,0,0,0,-1,0,2
SPDRP,0,0,0,0,0,5,0,0,0,-1,0,0
SP_DEVINFO_DATA,4,0,0,0,0,8,0,0,0,-1,0,2
MsftWin32BthIOCTL,21,0,0,0,0,117,0,0,0,-1,0,2
WSAESETSERVICEOP,0,0,0,0,0,22,0,0,0,-1,0,2
LookupFlags,0,0,0,0,0,10,0,0,0,-1,0,3
WinCeScanMask,0,0,0,0,0,7,0,0,0,-1,0,0
SocketBluetoothClient,9,31,14,0,10,1207,62,0,1,0.3199999928474426,26,3
DiscoDevsParamsWithLive,2,1,0,0,1,17,1,0,1,0,0,1
MsftSocketOptionHelper,4,2,2,0,1,108,3,0,1,1,2,2
WindowsBluetoothDeviceInfo,3,21,11,0,15,1229,32,0,1,0.3300000131130219,19,4
WindowsBluetoothListener,11,35,8,0,21,1053,54,0,1,0.05999999865889549,13,1
WindowsBluetoothRadio,7,6,17,0,1,508,20,0,1,0.5,14,1
LOCAL_FLAGS,0,0,0,0,0,7,0,0,0,-1,0,1
WindowsBluetoothSecurity,1,9,0,0,7,482,25,0,1,0.8899999856948853,5,1
WindowsRadioHandle,0,3,0,0,0,21,3,0,0,-1,1,2
WSAQUERYSET,15,0,0,8,0,29,0,0,0,-1,0,4
WqsOffset,8,1,0,7,1,38,2,0,0,0,1,3
BLUETOOTH_COD_PAIRS,2,0,0,0,0,7,0,0,0,-1,0,0
SocketsBluetoothFactory,1,11,0,0,1,62,13,0,1,1,9,0
BluetoothDeviceInfoProperties,0,0,0,0,0,66,0,0,0,-1,0,6
BDIFMasks,3,0,0,3,0,16,0,0,0,-1,1,1
BluetoothAuthenticationMethod,0,0,0,0,0,23,0,0,0,-1,0,6
BluetoothAuthenticationRequirements,0,0,0,0,0,33,0,0,0,-1,0,4
BluetoothComponent,1,9,0,0,3,227,15,0,0,0.2199999988079071,4,1
BluetoothFactoryConfig,7,4,4,0,0,243,8,0,0,0.75,1,3
Values,2,0,0,2,0,7,0,0,0,-1,0,1
BluetoothFactorySection,3,3,6,0,1,86,5,0,0,1,2,0
BluetoothStackConfigElement,0,2,1,0,0,26,2,0,0,-1,0,2
BluetoothStackCollection,0,3,0,0,0,26,4,0,0,-1,2,1
BluetoothIoCapability,0,0,0,0,0,24,0,0,0,-1,0,2
BluetoothPublicFactory,1,16,1,0,15,347,16,0,0,0.25,9,3
BluetoothRadio,2,5,20,0,3,419,7,0,0,0.6000000238418579,3,3
BluetoothSecurity,1,8,0,0,7,236,16,0,0,0,3,0
BluetoothService,98,10,0,98,9,602,13,0,0,0,0,12
BluetoothWin32Authentication,11,12,0,3,3,535,29,0,0,0,12,2
BluetoothAuthenticationRegistrationHandle,4,3,0,0,1,45,3,0,0,1,1,2
BluetoothWin32AuthenticationEventArgs,15,7,17,1,3,407,12,0,0,0.5699999928474426,6,1
BLUETOOTH_AUTHENTICATION_CALLBACK_PARAMS,5,1,0,0,0,40,1,0,0,0,4,2
BLUETOOTH_AUTHENTICATE_RESPONSE__PIN_INFO,5,0,0,0,0,10,0,0,0,-1,2,2
BLUETOOTH_AUTHENTICATE_RESPONSE__OOB_DATA_INFO,4,0,0,0,0,8,0,0,0,-1,2,2
BLUETOOTH_AUTHENTICATE_RESPONSE__NUMERIC_COMPARISON_PASSKEY_INFO,5,0,0,0,0,10,0,0,0,-1,1,2
BLUETOOTH_PIN_INFO,3,0,0,0,0,9,0,0,0,-1,0,2
BLUETOOTH_OOB_DATA_INFO,2,1,0,0,0,13,1,0,0,0,0,2
BluetoothWin32RadioEventArgs,2,1,2,0,0,27,1,2,0,0,3,0
BluetoothWin32RadioOutOfRangeEventArgs,0,3,0,0,1,28,3,0,1,-1,2,1
BluetoothWin32RadioInRangeEventArgs,2,3,5,0,1,77,3,0,1,0.6700000166893005,3,2
BluetoothWin32Events,7,21,0,0,4,972,41,0,0,0.1400000005960464,21,2
RegisterDeviceNotificationSafeHandle,0,3,0,0,1,21,3,0,0,-1,1,1
BtEventsForm,2,4,0,0,0,51,6,0,0,0.5,5,1
BluetoothDeviceNotificationEvent,9,0,0,9,0,40,0,0,0,-1,0,1
BTH_RADIO_IN_RANGE,2,0,0,0,0,5,0,0,0,-1,2,2
BTH_RADIO_OUT_OF_RANGE,1,0,0,0,0,4,0,0,0,-1,0,2
BTH_L2CAP_EVENT_INFO,4,1,0,0,0,37,1,0,0,0,0,1
HCI_CONNNECTION_TYPE,0,0,0,0,0,6,0,0,0,-1,0,1
BTH_HCI_EVENT_INFO,3,1,0,0,0,28,1,0,0,0,1,1
RegisterDeviceNotificationFlags,0,0,0,0,0,6,0,0,0,-1,0,2
UnsafeNativeMethods,0,2,0,0,0,23,2,0,0,-1,2,2
WindowMessageId,0,0,0,0,0,6,0,0,0,-1,0,1
Dbt,0,0,0,0,0,53,0,0,0,-1,0,1
DbtDevTyp,0,0,0,0,0,31,0,0,0,-1,0,4
DEV_BROADCAST_HDR,3,0,0,0,0,6,0,0,0,-1,1,5
DEV_BROADCAST_PORT,2,0,0,0,0,8,0,0,0,-1,1,2
DEV_BROADCAST_HANDLE,9,2,0,1,1,50,3,0,0,0,2,3
DEV_BROADCAST_HANDLE__withData,6,1,0,1,0,21,1,0,0,0,1,1
ShutUpCompiler,0,1,0,0,0,33,1,0,0,-1,6,0
ClassOfDevice,1,6,5,0,6,193,7,0,0,0.3300000131130219,2,6
DeviceClass,0,0,0,0,0,187,0,0,0,-1,0,2
DeviceClass_Masks,3,0,0,3,0,8,0,0,0,-1,1,0
DiscoverDevicesEventArgs,1,2,1,0,2,46,3,0,0,1,1,2
HardwareStatus,0,0,0,0,0,38,0,0,0,-1,0,0
HciVersion,0,0,0,0,0,50,0,0,0,-1,0,6
LmpVersion,0,0,0,0,0,50,0,0,0,-1,0,5
LinkPolicy,0,0,0,0,0,27,0,0,0,-1,0,0
LmpExtendedFeatures,0,0,0,0,0,16,0,0,0,-1,0,0
LmpFeatures,0,0,0,0,0,157,0,0,0,-1,0,6
LmpFeaturesUtils,0,3,0,0,0,58,4,0,0,-1,1,1
Manufacturer,0,0,0,0,0,153,0,0,0,-1,0,7
NullBluetoothFactory,0,11,1,0,0,152,11,0,1,-1,8,2
NullRadio,0,1,15,0,1,81,1,0,1,-1,0,1
NullBtCli,0,8,0,0,4,42,8,0,2,-1,4,1
NullBtListener,3,9,2,0,0,97,11,0,2,0.6700000166893005,8,1
LsnrSetting,0,0,0,0,0,7,0,0,0,-1,0,1
LsnrCommands,0,1,2,0,1,15,1,0,0,-1,0,2
NullRfcommStream,1,12,0,0,0,71,13,0,1,0.8299999833106995,3,1
RadioMode,0,0,0,0,0,15,0,0,0,-1,0,0
RadioModes,0,0,0,0,0,84,0,0,0,-1,0,0
RadioVersions,1,1,4,0,1,62,1,0,0,0,3,4
ServiceClass,0,0,0,0,0,45,0,0,0,-1,0,4
ServiceAttributeId,0,0,0,0,0,5,0,0,0,-1,0,21
AttributeIdLookup,0,4,0,0,2,181,14,0,0,-1,3,1
StringWithLanguageBaseAttribute,0,1,0,0,1,11,1,0,0,-1,0,2
BluetoothProtocolDescriptorType,0,0,0,0,0,19,0,0,0,-1,0,7
ElementTypeDescriptor,0,0,0,0,0,14,0,0,0,-1,0,8
SizeIndex,0,0,0,0,0,12,0,0,0,-1,0,3
ElementType,0,0,0,0,0,59,0,0,0,-1,0,13
LanguageBaseItem,12,13,6,8,11,541,26,0,0,0.6200000047683716,4,6
IetfCharsetIdToDotNetEncodingNameMap,2,1,0,2,0,12,1,0,0,0,0,1
MapServiceClassToAttributeIdList,1,4,0,0,2,176,12,0,0,0.5,7,1
ServiceClassToIdsMapRow,2,1,0,2,1,11,1,0,0,0,0,1
ServiceAttribute,2,2,3,0,2,81,2,0,0,1,2,8
ServiceElement,11,16,3,7,11,757,34,0,0,0.25,5,12
ServiceRecord,5,19,3,3,16,803,33,0,0,0.3700000047683716,9,21
ServiceRecordEnumerator,2,4,2,0,3,64,7,0,0,0,1,1
ServiceRecordBuilder,10,17,5,0,13,632,34,0,0,0.2899999916553497,9,6
BtPdlItem,3,1,0,0,0,11,1,0,0,0,0,0
ServiceRecordCreator,1,23,0,1,2,454,32,1,0,0,11,2
HeaderWriteState,5,1,0,4,0,25,1,0,0,0,3,2
ServiceRecordHelper,0,17,0,0,10,474,39,0,0,-1,9,8
ServiceRecordParser,18,41,2,15,8,1310,81,0,0,0.05000000074505806,7,7
ServiceRecordUtilities,1,21,0,0,4,621,53,0,0,0.1000000014901161,13,2
HackProtocolServiceMultiplexer,0,0,0,0,0,9,0,0,0,-1,0,1
HackProtocolId,0,0,0,0,0,9,0,0,0,-1,0,2
SdpSpecificType,0,0,0,0,0,24,0,0,0,-1,0,0
BluetoothSocketOptionLevel,3,0,0,3,0,15,0,0,0,-1,0,0
BluetoothSocketOptionName,5,0,0,5,0,248,0,0,0,-1,0,0
IrDACharacterSet,0,0,0,0,0,50,0,0,0,-1,0,2
IrDAHints,0,0,0,0,0,65,0,0,0,-1,0,2
IrDASocketOptionLevel,1,0,0,1,0,14,0,0,0,-1,0,1
IrDASocketOptionName,8,0,0,8,0,78,0,0,0,-1,0,1
AddressFamily32,3,0,0,2,0,17,0,0,0,-1,0,5
BluetoothClient,1,28,12,0,21,895,48,0,0,0.25,7,8
BluetoothDeviceInfo,1,25,10,0,13,683,36,0,0,0.3600000143051147,3,13
BluetoothListener,1,31,8,0,20,976,34,0,0,0.3499999940395355,7,4
BluetoothProtocolType,3,0,0,3,0,104,0,0,0,-1,0,3
IrDAClient,4,19,5,0,16,768,41,0,0,0,9,2
IrDADeviceInfo,4,3,5,0,2,105,4,0,0,0.6700000166893005,3,1
IrDAListener,3,13,3,0,12,274,23,0,0,0,4,1
ISocketOptionHelper,0,1,2,0,0,6,1,2,0,-1,1,2
L2CapClient,1,10,1,0,8,235,13,0,0,0,4,1
L2CapListener,1,12,4,0,9,309,15,0,0,0.25,7,0
MonoBluetoothSocket,1,16,0,0,12,190,30,0,0,0,1,0
NativeMethods,1,8,0,0,0,30,8,0,0,0,0,1
SocketAdapter,0,7,3,0,5,27,8,1,0,-1,0,1
SocketClientAdapter,2,3,3,0,3,61,3,0,1,0.6700000166893005,2,1
SocketStreamIOAdapter,1,6,0,0,4,45,9,1,1,0.3300000131130219,0,0
IrDAAttributeType,0,0,0,0,0,18,0,0,0,-1,0,0
IrDAService,3,0,0,3,0,22,0,0,0,-1,0,0
MediaTypeNames,0,0,0,0,0,98,0,0,0,-1,0,0
Image,2,0,0,2,0,13,0,0,0,-1,0,0
Text,7,0,0,7,0,51,0,0,0,-1,0,0
ObjectExchange,3,0,0,3,0,18,0,0,0,-1,0,0
PortStatusChangedEventArgs,0,1,3,0,1,13,1,0,0,-1,1,2
AsyncResult<TResult>,1,6,0,0,4,93,6,0,1,0.6700000166893005,2,0
"AsyncResult<TResult,TParams>",1,1,1,0,1,13,1,0,0,0,0,0
AsyncResultCompletion,0,0,0,0,0,17,0,0,0,-1,0,4
AsyncResultNoResult,8,6,4,0,4,127,13,2,0,0.3300000131130219,1,5
AsyncNoResult<TParams>,1,1,1,0,1,13,1,0,1,0,0,0
BluetoothAddress,6,26,2,3,18,675,38,0,0,0.2300000041723251,0,63
BluetoothEndPoint,10,12,5,4,8,467,33,2,0,0.5,3,38
IrDAAddress,3,13,0,1,11,353,22,0,0,0.2300000041723251,0,5
IrDAEndPoint,2,7,4,0,7,257,20,0,0,0.5699999928474426,1,3
ObexHeader,0,0,0,0,0,31,0,0,0,-1,0,2
ObexListener,8,13,3,0,6,334,23,0,0,0.1500000059604645,16,1
ObexListenerContext,7,3,1,0,0,165,14,0,0,0,5,1
ObexListenerRequest,5,3,11,0,1,280,4,0,0,0.6700000166893005,0,1
ObexMethod,0,0,0,0,0,29,0,0,0,-1,0,3
ObexParser,0,1,0,0,0,116,4,0,0,-1,2,2
ObexStatusCode,0,0,0,0,0,217,0,0,0,-1,0,3
ObexTransport,0,0,0,0,0,15,0,0,0,-1,0,1
ObexWebRequest,14,23,7,0,9,1018,58,0,0,0.2599999904632568,14,2
SchemeNames,6,0,0,0,0,10,0,0,0,-1,0,1
ObexWebRequestCreate,0,1,0,0,1,11,1,0,0,-1,1,0
ObexWebResponse,3,4,4,0,3,130,5,0,0,0,1,1
TestUtilities,1,2,0,0,1,52,7,0,0,0,0,5
PlatformVerification,1,1,1,0,1,32,1,0,0,0,0,3
GCHandleHelper,0,1,0,0,1,48,1,0,0,-1,0,1
ExceptionExtension,0,1,0,0,1,26,1,0,0,-1,0,2
ExceptionFactory,0,1,0,0,1,26,1,0,0,-1,0,2
ObexUri,4,0,0,4,0,100,0,0,0,-1,0,0
Marshal32,0,4,0,0,4,130,8,0,0,-1,0,3
DummmyRemoveABCDEF,0,0,0,0,0,3,0,0,0,-1,0,0
MiscUtils,0,8,0,0,0,69,9,0,0,-1,0,27
PairStream,2,11,5,0,10,98,12,0,0,0.2700000107288361,0,0
Pointers,0,2,0,0,0,24,2,0,0,-1,0,1
Process2,0,1,0,0,1,112,1,0,0,-1,0,0
SYSTEMTIME,8,3,0,0,3,47,4,0,0,0,0,2
Win32Error,0,0,0,0,0,10,0,0,0,-1,0,2
BLUETOOTH_SELECT_DEVICE_PARAMS,15,3,10,3,3,166,5,0,1,0,1,2
ISelectBluetoothDevice,0,3,8,0,0,17,3,2,0,-1,1,1
NativeMethods,0,2,0,0,0,10,2,0,0,-1,1,1
SelectBluetoothDeviceDialog,7,9,12,0,2,437,18,0,0,0.3300000131130219,8,0
SelectBluetoothDeviceForm,17,20,8,1,4,524,40,0,1,0.1000000014901161,6,1
BdiListViewItem,1,1,1,0,1,15,1,0,0,0,1,1
