Type,NOF,NOM,NOP,NOPF,NOPM,LOC,WMC,NC,DIT,LCOM,Fan-Out,Fan-In
AuthConfig,1,3,0,0,1,71,6,0,0,0,0,1
AutoMapperConfig,0,1,0,0,1,13,1,0,0,-1,0,2
DatabaseConfig,0,1,0,0,1,8,1,0,0,-1,1,1
Startup,0,2,3,0,1,82,2,0,0,-1,0,0
BundleConfig,0,1,0,0,1,42,1,0,0,-1,0,1
FilterConfig,0,1,0,0,1,9,1,0,0,-1,0,1
RouteConfig,0,1,0,0,1,45,1,0,0,-1,0,1
WebApiConfig,0,1,0,0,1,22,1,0,0,-1,0,1
MvcApplication,4,1,1,2,0,57,1,0,0,0,8,3
AdminAreaRegistration,0,1,1,0,1,19,1,0,0,-1,0,0
APIController,1,4,0,0,3,200,16,0,1,0.5,5,0
AssetsController,5,11,0,0,10,546,57,0,1,0,11,1
CommentsController,2,12,0,0,8,200,24,0,1,0.1700000017881393,3,0
ContactsController,1,4,0,0,3,272,19,0,1,0.5,4,1
CustomersController,1,7,0,0,7,180,17,0,1,0.2899999916553497,4,0
UsersController,1,15,0,0,9,488,61,0,1,0.1299999952316284,4,1
APICustomerModel,0,0,2,0,0,5,0,0,0,-1,0,1
AddOrUpdateUserForm,0,1,10,0,1,32,1,0,0,-1,0,4
webpages_UsersInRolesModel,0,1,3,0,1,10,1,0,0,-1,0,0
AssetDocumentModel,0,0,4,0,0,7,0,0,0,-1,0,0
AssetInErrorModel,0,0,6,0,0,9,0,0,0,-1,0,1
AssetModificationModel,0,0,1,0,0,4,0,0,1,-1,0,1
AssetSearchForm,0,0,4,0,0,7,0,0,0,-1,0,2
AssetsWithDocumentsModel,0,0,2,0,0,5,0,0,0,-1,0,1
SaveAssetForm,0,0,11,0,0,19,0,0,0,-1,0,3
U1AFormErrorModel,0,0,6,0,0,9,0,0,0,-1,0,1
ContactModel,0,0,5,0,0,8,0,0,0,-1,0,0
SaveContactCategoryModel,0,0,3,0,0,6,0,0,0,-1,0,2
UsersGridDataBuilder,1,6,0,0,6,98,6,0,0,0.8299999833106995,1,0
AddOrUpdateUserFormValidator,2,2,0,0,2,31,3,0,0,0,1,0
AnalyticsController,2,4,0,0,4,145,13,0,1,0.5,2,0
ActionGroup,0,0,3,0,0,6,0,0,0,-1,0,1
ActionAnalyticsModel,0,0,3,0,0,6,0,0,0,-1,0,0
BaseNHibernateApiController,7,1,2,0,0,45,1,0,0,0,2,0
CustomerEmailController,13,16,0,0,5,2142,90,0,1,0.119999997317791,2,1
SessionController,0,4,0,0,4,37,4,0,1,-1,1,0
SpecialPromotionsController,1,5,0,0,5,278,23,0,1,0.4000000059604645,6,0
AccountController,8,30,0,0,28,737,71,0,1,0.4000000059604645,17,0
ExternalProviderLoginResult,3,2,0,0,2,17,2,0,0,0,1,1
BaseController,0,2,0,0,0,23,3,1,0,-1,0,1
BaseNHibernateController,8,6,2,0,0,129,11,14,1,0.5,4,0
HomeController,0,2,0,0,2,47,4,0,2,-1,3,1
ReportingEngineController,4,25,0,0,11,1802,142,0,2,0.119999997317791,12,1
RPBController,13,21,0,0,9,893,72,0,2,0.1400000005960464,6,1
RequireHttpsAttribute,0,1,0,0,1,17,2,0,0,-1,0,0
ValidateAntiForgeryTokenAttribute,0,2,0,0,1,28,2,0,0,-1,0,0
ValidatePasswordLengthAttribute,2,4,0,0,4,28,4,0,0,0,0,0
ApplicationOAuthProvider,2,6,0,0,6,89,12,0,0,0.6700000166893005,0,0
CustomLinkedinClient,1,3,0,0,1,95,3,0,0,0.6700000166893005,0,0
DeserializedProviderResult,0,0,3,0,0,6,0,0,0,-1,0,2
IOauthWebSecurity,0,8,1,0,0,12,8,1,0,-1,0,4
IWebSecurity,0,11,2,0,0,23,11,1,0,-1,0,20
OauthUserCreator,6,2,0,0,2,43,2,0,0,0,4,0
OauthWebSecurityWrapper,0,8,1,0,8,51,8,0,1,-1,1,0
WebSecurityWrapper,1,12,2,0,12,100,14,0,1,0.8299999833106995,0,0
DatabaseMigrator,2,2,0,0,2,31,2,0,0,0,2,1
MigrationOptions,0,0,3,0,0,6,0,0,0,-1,0,1
IConfigurationProvider,0,0,9,0,0,12,0,1,0,-1,0,5
WebConfigurationProvider,0,0,11,0,0,85,0,0,1,-1,0,0
Email,0,0,11,0,0,57,0,0,0,-1,0,0
IMessageFactory,0,1,0,0,0,5,1,1,0,-1,0,1
ISender,0,1,0,0,0,5,1,1,0,-1,0,1
MessageFactory,3,2,0,0,2,59,2,0,1,0,3,0
Sender,1,1,0,0,1,34,1,0,1,0,0,0
HttpContentExtensions,0,1,0,0,1,28,3,0,0,-1,1,0
HttpPostedData,0,1,2,0,1,11,1,0,0,-1,0,1
HttpPostedFile,0,1,3,0,1,13,1,0,0,-1,0,0
HttpPostedField,0,1,2,0,1,11,1,0,0,-1,0,0
HtmlHelpers,0,3,0,0,3,28,3,0,0,-1,0,0
NHibernateContractResolver,0,1,0,0,0,10,2,0,0,-1,0,0
HttpServerUtilityPathProvider,1,2,0,0,2,14,2,0,1,0,0,0
IPathProvider,0,1,0,0,0,4,1,1,0,-1,0,1
SummaryAssetRegisteredPriorToDate,0,2,0,0,2,58,4,0,1,-1,0,0
SummaryAssetScansPerMonth,2,4,0,0,2,355,24,0,1,0,1,0
SummaryAssetsRegisteredPriorToDate,0,2,0,0,2,64,3,0,1,-1,0,0
SummaryGetPageLabels,0,2,0,0,2,96,6,0,1,-1,0,0
SummaryReportQuery,5,1,0,0,1,30,4,8,0,0,0,0
SummarySpecialPromotionLog,0,2,0,0,2,25,2,0,1,-1,0,0
SummarySpecialPromotionSurveyCheckboxSelections,1,2,0,0,2,23,2,0,1,0,0,0
SummarySpecialPromotionSurveyLog,1,2,0,0,2,32,2,0,1,0,0,0
SummarySurveyResults,0,2,0,0,2,115,16,0,1,-1,1,0
WarrantyClaimsQuery,3,2,0,0,2,52,5,0,0,0,0,0
ApiValidator,1,2,2,0,2,17,2,0,1,0,1,0
IApiValidator,0,1,0,0,0,4,1,1,0,-1,1,2
EntityExists<T>,1,2,0,0,2,19,3,0,1,0,0,0
IValidator,0,2,0,0,0,5,2,1,0,-1,1,8
Validator,1,3,2,0,3,22,3,0,1,0.6700000166893005,1,0
UpdateAssetSpecification,1,2,0,0,2,37,7,0,1,0,1,0
ApiAndSpecification,2,2,0,0,2,17,2,0,1,0,1,1
ApiNotSpecification,1,2,0,0,2,14,2,0,1,0,1,1
ApiOrSpecification,2,2,0,0,2,17,2,0,1,0,1,1
ApiSpecification,0,4,0,0,4,20,4,3,1,-1,4,0
IApiSpecification,0,4,0,0,0,7,4,1,0,-1,0,6
AndSpecification,2,2,0,0,2,17,2,0,1,0,1,1
ISpecification,0,4,0,0,0,7,4,1,0,-1,0,6
NotSpecification,1,2,0,0,2,14,2,0,1,0,1,1
OrSpecification,2,2,0,0,2,17,2,0,1,0,1,1
Specification,0,4,0,0,4,20,4,11,1,-1,4,0
ITemplateProvider,0,1,0,0,0,4,1,1,0,-1,0,1
TemplateProvider,1,2,0,0,2,14,2,0,1,0,1,0
EmailModule,0,3,0,0,0,17,3,0,0,-1,0,0
ServiceModule,0,1,0,0,0,20,1,0,0,-1,1,0
AutofacContainerFactory,0,1,0,0,1,17,1,0,0,-1,0,2
InfrastructureModule,0,4,0,0,0,29,4,0,0,-1,0,0
MappingModule,0,4,0,0,0,33,4,0,0,-1,0,0
ModelBuilderModule,0,2,0,0,0,12,2,0,0,-1,0,0
ModelProcessorModule,0,2,0,0,0,12,2,0,0,-1,0,0
ValidatorModule,0,3,0,0,0,21,3,0,0,-1,0,0
OrmModule,0,1,0,0,0,10,1,0,0,-1,0,0
APIMappingProfile,0,1,0,0,0,19,1,0,1,-1,0,0
AssetMappingProfile,0,1,0,0,0,94,1,0,1,-1,0,0
CommentMappingProfile,0,1,0,0,0,18,1,0,1,-1,0,0
ContactMappingProfile,0,1,0,0,0,23,1,0,1,-1,0,0
CustomerMappingProfile,0,1,0,0,0,10,1,0,1,-1,0,0
RouteMappingProfile,0,1,0,0,0,10,1,0,1,-1,0,0
RPBMappingProfile,0,1,0,0,0,15,1,0,1,-1,0,0
EntityMappingProfile,0,1,0,0,0,13,2,8,0,-1,0,0
StringMappingProfile,0,1,0,0,0,7,1,0,0,-1,0,0
UserMappingProfile,0,1,0,0,0,158,1,0,1,-1,5,0
CustomerConfigurationModel,0,0,11,0,0,14,0,0,0,-1,0,2
HomeInitModel,0,0,2,0,0,5,0,0,0,-1,0,2
RoutesModel,0,0,10,0,0,13,0,0,0,-1,0,1
ForgotPasswordForm,0,0,1,0,0,5,0,0,0,-1,0,2
ProfileForm,0,0,6,0,0,11,0,0,1,-1,0,5
ProfileFormProcessor,2,2,0,0,2,38,4,0,1,0,1,0
ProfileModelDefinition,1,3,0,0,3,26,3,0,1,0.6700000166893005,1,0
ResetPasswordForm,0,0,4,0,0,9,0,0,0,-1,0,2
SignupForm,0,0,2,0,0,7,0,0,1,-1,0,1
AddUserForm,0,1,4,0,1,19,1,0,1,-1,0,2
UserForm,0,1,6,0,1,23,1,3,0,-1,0,2
UserModel,0,0,11,0,0,16,0,1,0,-1,0,6
AssetKeyValuePairModel,0,0,3,0,0,6,0,0,0,-1,0,0
OrganizationModel,0,0,3,0,0,6,0,0,0,-1,0,8
AssetModel,0,0,14,0,0,17,0,1,0,-1,0,1
ChangePasswordModel,0,0,3,0,0,18,0,0,0,-1,0,1
LoginModel,0,0,4,0,0,16,0,0,0,-1,0,1
RegisterModel,0,0,4,0,0,22,0,0,0,-1,0,1
AjaxFormModalResponse,0,5,4,0,3,43,5,0,0,-1,1,0
ResponseType,0,0,0,0,0,7,0,0,0,-1,0,1
EntityRepository<T>,3,11,0,0,11,97,11,0,1,0,0,0
IModelBuilder,0,2,0,0,0,5,2,1,0,-1,1,3
IModelDefinition,0,2,0,0,0,5,2,1,0,-1,0,2
IModelProcessor,0,1,0,0,0,4,1,1,0,-1,1,1
IModelProcessorDefinition,0,1,0,0,0,4,1,1,0,-1,0,2
IRepository,0,8,0,0,0,11,8,1,0,-1,0,3
JsonListModel<T>,0,2,2,0,2,14,2,0,0,-1,0,0
ModelBuilder,1,3,0,0,3,19,3,0,1,0.6700000166893005,1,0
ModelProcessor,2,2,0,0,2,16,2,0,1,0,1,0
CustomerEmailConfigModel,0,0,3,0,0,6,0,0,0,-1,0,1
CustomerInventoryModel,0,0,4,0,0,7,0,0,0,-1,0,1
CustomerModel,0,0,8,0,0,11,0,0,0,-1,0,0
ApiMessageModel,0,0,9,0,0,12,0,0,0,-1,0,0
ApiOrganizationModel,0,0,2,0,0,5,0,0,0,-1,0,0
ApiUserModel,0,0,4,0,0,9,0,1,0,-1,0,0
ApiReceiverModel,0,0,1,0,0,4,0,0,1,-1,0,0
ApiUserMessageModel,0,0,2,0,0,5,0,0,0,-1,0,0
ApiAssetClientModel,0,0,16,0,0,19,0,1,0,-1,0,0
ApiAssetModel,0,2,1,0,2,34,3,0,1,-1,0,0
ApiManufactureModel,0,2,2,0,2,17,3,0,0,-1,0,0
ApiProductGroupModel,0,2,3,0,2,15,3,0,0,-1,0,0
ApiProductModelGroupModel,0,2,4,0,2,20,4,0,0,-1,0,0
ApiProductModelModel,0,2,5,0,2,26,3,0,0,-1,0,0
ApiRegisterAssetsSystemModel,0,0,3,0,0,6,0,0,0,-1,0,0
AssetCountModel,0,0,2,0,0,5,0,0,0,-1,0,1
AssetScanOutputModel,0,0,7,0,0,11,0,0,1,-1,0,0
AssetsRegisteredOverTimeModel,0,0,2,0,0,5,0,0,0,-1,0,0
BaseAssetScanReportModel,0,0,5,0,0,9,0,2,0,-1,0,0
CIPageClickTrackingModel,0,0,3,0,0,6,0,0,0,-1,0,0
StringCountModel,0,0,2,0,0,5,0,1,0,-1,0,1
SummaryClickCountModel,16,0,19,0,0,38,0,0,0,-1,0,2
SummaryOutputModel,3,0,22,0,0,28,0,0,0,-1,0,1
SummarySurveyResultsModel,3,1,5,0,1,23,1,0,0,0,0,2
UserAccessFilterModel,2,0,0,2,0,5,0,0,0,-1,0,0
UserActionLogModel,0,0,5,0,0,8,0,0,0,-1,0,1
UserGroupModel,0,0,1,0,0,4,0,0,1,-1,0,0
WarrantyClaimModel,0,0,7,0,0,10,0,0,0,-1,0,1
WhereHaveMyAssetsBeenScannedOutputModel,0,0,2,0,0,8,0,0,1,-1,0,0
ClusterLocationModel,0,0,3,0,0,6,0,2,0,-1,0,1
AssetScanModel,0,0,11,0,0,14,0,0,1,-1,0,1
ScanClusterModel,0,0,2,0,0,5,0,0,1,-1,0,1
WhoOwnsMyAssetsModel,0,0,2,0,0,6,0,0,0,-1,0,0
CriticalInformationPageForm,0,0,5,0,0,9,0,1,0,-1,0,2
CriticalInformationPageModel,0,0,7,0,0,10,0,0,0,-1,0,1
ProductGroupModel,0,0,4,0,0,7,0,0,0,-1,0,0
ProductModelGroupModel,0,0,3,0,0,6,0,0,0,-1,0,0
ProductModelModel,0,0,2,0,0,5,0,0,0,-1,0,0
SaveCriticalInformationPageForm,0,0,5,0,0,12,0,0,1,-1,0,2
CriticalInfoPageModel,0,0,4,0,0,7,0,0,0,-1,0,0
PromotionEntriesModel,0,0,4,0,0,7,0,0,0,-1,0,1
SpecialPromotionLogModel,0,0,9,0,0,18,0,0,0,-1,0,1
SpecialPromotionWinnerModel,0,0,1,0,0,4,0,0,1,-1,0,1
Service<T>,3,9,0,0,9,73,9,0,1,0,1,0
IService,0,5,0,0,0,8,5,3,0,-1,0,0
ConnectionStringProvider,1,0,2,1,0,14,0,0,0,-1,0,0
AddUserSpecification,0,2,0,0,2,24,3,0,0,-1,2,0
ForgotPasswordFormSpecification,2,3,1,0,3,50,6,0,2,0,1,1
PasswordSpecification,2,2,0,0,2,39,6,0,2,0,0,4
ProfileFormSpecification,0,2,0,0,2,15,2,0,0,-1,2,0
ResetPasswordFormSpecification,1,2,0,0,2,20,2,0,2,0,2,0
SignupFormSpecification,0,2,0,0,2,22,3,0,0,-1,2,0
UserSpecification<T>,1,2,0,0,2,53,8,0,2,0,0,0
webpages_RolesSpecification,1,2,0,0,2,27,4,0,2,0,0,0
webpages_UsersInRolesSpecification,1,2,0,0,2,28,4,0,2,0,0,0
IntegerIdToEntityTypeConverter<TEntity>,1,2,0,0,2,15,2,0,0,0,0,0
NullableIntegerIdToEntityTypeConverter<TEntity>,1,2,0,0,2,18,3,0,0,0,0,0
UserRolesResolver,1,2,0,0,1,14,2,0,0,0,1,0
webpages_RolesService,2,7,0,0,7,60,8,0,1,0,2,0
webpages_UsersInRolesService,0,0,0,0,0,130,0,0,0,-1,0,1
UserService,4,9,1,0,9,163,12,0,1,0.3300000131130219,4,0
