Type,NOF,NOM,NOP,NOPF,NOPM,LOC,WMC,NC,DIT,LCOM,Fan-Out,Fan-In
AbstractIoBuffer,7,73,9,0,59,1404,138,2,1,0.1000000014901161,5,2
Bits,0,62,0,0,40,347,68,0,0,-1,1,1
Buffer,4,14,7,0,5,264,25,1,0,0.1400000005960464,0,1
ByteOrder,0,0,0,0,0,11,0,0,0,-1,0,2
BufferDataException,0,5,0,0,4,33,5,0,0,-1,0,0
BufferUnderflowException,0,5,0,0,4,33,5,0,0,-1,0,0
ByteBuffer,3,20,3,0,12,258,34,1,2,0.1500000059604645,4,2
ByteBufferAllocator,1,3,0,1,3,34,4,0,1,0.6700000166893005,2,1
ByteBufferR,0,12,1,0,4,70,12,0,3,-1,3,1
IoBuffer,1,77,13,0,75,777,78,2,1,0.9599999785423279,2,99
IoBufferAllocator,0,3,0,0,0,22,3,2,0,-1,0,6
IoBufferHexDumper,2,2,0,0,1,58,7,0,0,0,1,1
IoBufferStream,1,6,5,0,6,88,7,0,0,0.5,1,0
IoBufferWrapper,1,67,13,0,66,528,68,0,2,0,1,0
FileInfoFileRegion,4,4,5,0,4,87,7,0,1,0.5,1,1
IFileRegion,0,2,5,0,0,34,2,1,0,-1,1,5
DefaultIoFilterChain,3,30,1,1,12,529,34,0,1,0.2700000107288361,13,4
HeadFilter,0,4,0,0,4,97,12,0,1,-1,7,0
TailFilter,0,16,0,0,16,183,22,0,1,-1,14,0
NextFilter,4,24,0,0,24,131,24,0,1,0,6,0
DefaultIoFilterChainBuilder,2,16,0,0,14,265,23,0,1,0,4,17
EntryImpl,3,6,3,0,6,59,8,0,1,0,2,1
IEntry,0,4,3,0,0,31,4,2,0,-1,0,7
INextFilter,0,10,0,0,0,43,10,2,0,-1,3,34
IChain,0,24,0,0,0,156,24,2,0,-1,0,0
"Chain<TChain,TFilter,TNextFilter>",5,38,2,0,24,543,51,0,1,0.6299999952316284,2,0
Entry,6,6,6,0,6,146,10,0,1,0,0,6
IoFilter,0,16,0,0,0,112,16,1,0,-1,5,8
IoFilterAdapter,0,16,0,0,16,86,16,23,1,-1,5,10
IoFilterChain,0,10,1,0,0,49,10,2,1,-1,2,29
IoFilterChainBuilder,0,1,0,0,0,8,1,1,0,-1,1,5
IoFilterEvent,2,2,1,0,2,67,6,0,1,0,3,3
IoFilterLifeCycleException,0,5,0,0,4,36,5,0,0,-1,0,0
VirtualDefaultIoFilterChain,2,30,1,0,12,526,34,1,2,0.2700000107288361,13,2
CompositeIoFuture<TFuture>,2,2,0,0,1,28,5,0,1,0,1,0
DefaultCloseFuture,0,2,1,0,2,30,2,0,1,-1,3,2
ICloseFuture,0,1,1,0,0,10,1,1,1,-1,0,14
IConnectFuture,0,3,3,0,0,35,3,1,1,-1,1,27
DefaultConnectFuture,1,5,4,0,5,85,6,1,2,1,3,4
IReadFuture,0,1,4,0,0,29,1,1,1,-1,0,1
DefaultReadFuture,1,2,4,0,2,82,2,0,2,1,3,0
DefaultIoFuture,7,9,3,0,5,187,15,5,1,0,2,4
DefaultWriteFuture,0,4,2,0,4,69,4,0,2,-1,3,5
IoFuture,0,2,2,0,0,26,2,5,0,-1,0,8
IoFutureEventArgs,1,1,1,0,1,19,1,0,0,0,1,6
IWriteFuture,0,1,2,0,0,15,1,2,1,-1,0,22
AbstractIoConnector,3,10,4,0,7,124,15,3,1,0.4000000059604645,6,3
DefaultTransportMetadata,5,2,5,0,2,71,7,0,1,0,0,0
IoConnector,0,6,4,0,0,55,6,3,1,-1,0,12
IoProcessor,0,10,0,0,0,72,10,5,0,-1,2,12
IoServiceStatistics,24,10,20,0,9,345,11,0,0,0.300000011920929,1,4
IoServiceSupport,0,5,0,0,0,8,5,1,0,-1,2,7
ITransportMetadata,0,0,5,0,0,26,0,1,0,-1,0,9
AbstractIoAcceptor,4,12,5,0,9,219,23,4,1,0.3300000131130219,3,3
AbstractIoService,10,12,11,0,2,354,29,2,1,0.3300000131130219,18,1
InnerHandler,1,9,0,0,2,67,17,0,1,0,3,0
IoHandler,0,8,0,0,0,43,8,2,0,-1,2,11
IoHandlerAdapter,1,8,0,0,8,55,9,12,1,1,2,0
IoAcceptor,0,8,5,0,0,78,8,3,1,-1,0,13
IoService,0,1,11,0,0,130,1,3,0,-1,0,10
AttributeKey,1,4,0,0,4,39,6,0,0,0,0,11
DefaultIoSessionAttributeMap,1,7,0,0,7,56,8,0,1,0.2899999916553497,1,1
DefaultIoSessionDataStructureFactory,0,2,0,0,2,12,2,0,1,-1,3,0
ExpiringSessionRecycler,1,9,2,0,7,65,10,0,1,0.5600000023841858,1,1
IdleStatusChecker,3,6,1,1,5,50,7,0,0,0.3300000131130219,1,7
IoEvent,3,3,3,0,3,89,6,1,0,0,3,10
IoEventType,0,0,0,0,0,14,0,0,0,-1,0,9
IoSessionAttributeMap,0,7,0,0,0,36,7,1,0,-1,1,2
IoSessionDataStructureFactory,0,2,0,0,0,5,2,1,0,-1,1,2
IoSessionRecycler,0,3,0,0,0,19,3,2,0,-1,1,1
NoopRecycler,1,4,0,1,3,28,4,0,1,1,1,0
UnknownMessageTypeException,0,4,0,0,3,22,4,0,0,-1,0,0
AbstractIoSession,38,42,40,0,36,898,75,4,1,0.1400000005960464,20,9
CloseAwareWriteQueue,2,6,1,0,6,56,7,0,1,0,4,0
AbstractIoSessionConfig,6,5,8,0,4,119,8,5,1,0,2,0
DummySession,6,4,6,0,4,188,4,2,2,1,5,4
DummyService,0,3,1,0,1,21,3,0,2,-1,1,0
DummyProcessor,0,10,0,0,5,64,13,0,1,-1,6,0
DummyConfig,0,1,0,0,0,7,1,0,2,-1,1,0
AnonymousEndPoint,1,2,0,1,1,11,2,0,0,1,0,0
IdleStatus,0,0,0,0,0,15,0,0,0,-1,0,45
IdleEventArgs,1,1,1,0,1,19,1,0,0,0,1,0
IoSession,0,20,39,0,0,285,20,2,0,-1,1,168
IoSessionEventArgs,1,1,1,0,1,19,1,3,0,0,1,8
IoSessionIdleEventArgs,1,1,1,0,1,20,1,0,1,0,2,4
IoSessionExceptionEventArgs,1,1,1,0,1,20,1,0,1,0,1,10
IoSessionMessageEventArgs,1,1,1,0,1,20,1,0,1,0,1,14
IoSessionConfig,0,4,8,0,0,58,4,5,0,-1,1,24
DefaultWriteRequestQueue,1,5,1,0,5,36,5,0,1,0.4000000059604645,2,1
IWriteRequestQueue,0,5,1,0,0,36,5,2,0,-1,2,12
NothingWrittenException,0,3,0,0,2,19,3,0,1,-1,2,0
WriteException,1,6,2,0,3,55,8,3,0,0.5,1,1
WriteRequestWrapper,1,1,6,0,1,48,2,2,1,0,1,0
WriteTimeoutException,0,3,0,0,2,22,3,0,1,-1,1,1
WriteToClosedSessionException,0,3,0,0,2,22,3,0,1,-1,1,2
DefaultWriteRequest,4,3,5,1,3,106,4,1,1,1,2,1
UnusedFuture,1,3,4,1,2,47,3,0,2,0.6700000166893005,1,1
IWriteRequest,0,0,5,0,0,24,0,2,0,-1,0,51
BufferedWriteFilter,4,11,1,1,7,141,16,0,2,0.2700000107288361,6,1
AbstractProtocolDecoderOutput,1,2,1,0,2,20,3,2,1,1,3,1
AbstractProtocolEncoderOutput,2,3,1,0,3,57,9,2,1,0.6700000166893005,2,2
CumulativeProtocolDecoder,2,5,1,0,1,164,15,5,1,0.4000000059604645,5,1
IProtocolCodecFactory,0,2,0,0,0,13,2,5,0,-1,1,1
IProtocolDecoder,0,3,0,0,0,17,3,4,0,-1,3,4
IProtocolDecoderOutput,0,2,0,0,0,14,2,2,0,-1,2,30
IProtocolEncoder,0,2,0,0,0,11,2,4,0,-1,2,4
IProtocolEncoderOutput,0,3,0,0,0,27,3,1,0,-1,0,12
ProtocolCodecException,0,4,0,0,3,27,4,2,0,-1,0,1
ProtocolEncoderException,0,4,0,0,3,27,4,0,1,-1,0,1
ProtocolDecoderException,1,5,1,0,4,52,5,1,1,1,1,2
ProtocolCodecFilter,5,12,0,0,8,361,26,0,2,0.3300000131130219,19,0
ProtocolDecoderOutputImpl,0,1,0,0,1,12,2,0,2,-1,3,0
ProtocolEncoderOutputImpl,3,2,0,0,2,44,6,0,2,0,8,0
EncodedWriteRequest,0,1,1,0,1,11,1,0,2,-1,1,1
MessageWriteRequest,0,1,1,0,1,11,1,0,2,-1,1,1
ProtocolCodecFactory,2,3,0,0,3,25,5,0,1,0,3,0
ProtocolCodecSession,3,1,4,0,1,56,1,0,3,0,4,4
DummyProtocolEncoderOutput,1,2,0,0,2,14,2,0,2,0,1,0
DummyProtocolDecoderOutput,0,1,0,0,1,7,1,0,2,-1,2,0
ProtocolDecoderAdapter,0,3,0,0,3,17,3,1,1,-1,3,0
ProtocolEncoderAdapter,0,2,0,0,2,11,2,2,1,-1,2,0
RecoverableProtocolDecoderException,0,4,0,0,3,16,4,0,2,-1,0,1
SynchronizedProtocolDecoder,1,4,0,0,4,35,5,0,1,0,4,0
SynchronizedProtocolEncoder,1,3,0,0,3,27,4,0,1,0,3,0
DemuxingProtocolCodecFactory,3,8,0,0,8,49,8,1,1,0.25,7,2
DemuxingProtocolDecoder,2,8,0,0,6,210,19,0,2,0.25,11,1
State,4,2,0,4,2,28,4,0,0,1,3,2
SingletonMessageDecoderFactory,1,2,0,0,2,16,3,0,1,0,1,0
DefaultConstructorMessageDecoderFactory,1,2,0,0,2,14,2,0,1,0,1,0
DemuxingProtocolEncoder,2,9,0,0,6,184,23,0,1,0.2199999988079071,7,1
SingletonMessageEncoderFactory<T>,1,3,0,0,2,21,4,0,1,0,1,0
DefaultConstructorMessageEncoderFactory<T>,1,3,0,0,2,19,3,0,1,0.6700000166893005,1,0
IMessageDecoder,0,3,0,0,0,36,3,2,0,-1,3,5
IMessageDecoderFactory,0,1,0,0,0,7,1,2,0,-1,0,3
IMessageEncoder,0,2,0,0,0,25,2,1,0,-1,2,4
IMessageEncoderFactory,0,2,0,0,0,13,2,2,0,-1,0,3
MessageDecoderAdapter,0,3,0,0,3,11,3,0,1,-1,3,0
MessageDecoderResult,0,0,0,0,0,6,0,0,0,-1,0,2
PrefixedStringCodecFactory,4,4,4,2,4,77,4,0,1,0.5,3,0
PrefixedStringDecoder,0,4,3,0,3,44,5,0,2,-1,3,1
PrefixedStringEncoder,0,4,3,0,4,47,5,0,2,-1,3,1
ObjectSerializationCodecFactory,2,2,2,0,2,41,2,0,1,1,3,0
ObjectSerializationDecoder,1,1,1,0,0,32,2,0,2,0,3,1
ObjectSerializationEncoder,1,1,1,0,1,42,3,0,2,0,3,1
ConsumeToCrLfDecodingState,4,3,0,0,2,123,11,0,1,0,3,0
ConsumeToDynamicTerminatorDecodingState,1,4,0,0,2,102,11,1,1,0,3,0
ConsumeToEndOfSessionDecodingState,2,4,0,0,2,62,7,0,1,0,3,0
ConsumeToLinearWhitespaceDecodingState,0,1,0,0,0,7,1,0,2,-1,0,0
ConsumeToTerminatorDecodingState,2,4,0,0,2,95,9,0,1,0,3,0
CrLfDecodingState,3,3,0,0,2,80,7,0,1,0,3,0
DecodingStateMachine,5,7,1,0,2,170,15,0,1,0.2899999916553497,4,1
ChildOutput,1,3,0,0,3,19,3,0,1,0.6700000166893005,3,1
DecodingStateProtocolDecoder,3,4,0,0,4,59,10,0,1,0.5,4,0
FixedLengthDecodingState,2,4,0,0,2,75,8,0,1,0,3,0
IDecodingState,0,2,0,0,0,31,2,11,0,-1,2,12
IntegerDecodingState,4,3,0,0,2,49,5,0,1,0.6700000166893005,3,0
LinearWhitespaceSkippingState,0,1,0,0,0,7,1,0,1,-1,0,0
ShortIntegerDecodingState,2,3,0,0,2,41,5,0,1,0.6700000166893005,3,0
SingleByteDecodingState,0,3,0,0,2,27,4,0,1,-1,3,0
SkippingState,1,4,0,0,2,47,6,1,1,0,3,0
LineDelimiter,8,4,1,7,4,96,8,0,0,0,0,5
TextLineCodecFactory,2,6,2,0,6,78,6,0,1,0.5,4,0
TextLineDecoder,6,13,2,0,9,341,25,0,1,0.5400000214576721,6,3
Context,3,4,3,0,3,58,6,0,0,0,2,1
TextLineEncoder,3,8,1,0,8,99,12,0,1,0.8799999952316284,4,2
ErrorGeneratingFilter,11,4,9,0,2,228,26,0,2,0,5,0
ExecutorFilter,3,14,1,0,13,182,24,0,2,0.2899999916553497,9,1
IExecutor,0,1,0,0,0,8,1,1,0,-1,0,0
IoEventExecutor,0,1,0,0,0,8,1,2,0,-1,1,1
IoEventQueueHandler,0,3,0,0,0,17,3,2,0,-1,1,3
NoopIoEventQueueHandler,1,4,0,1,3,22,4,0,1,1,1,2
IoEventQueueThrottle,6,9,1,0,6,118,17,0,1,0.4399999976158142,2,0
IoEventSizeEstimator,0,1,0,0,0,9,1,1,0,-1,1,1
DefaultIoEventSizeEstimator,1,5,0,0,1,97,12,0,1,0,3,0
OrderedThreadPoolExecutor,3,6,1,0,3,151,13,0,1,0.3300000131130219,6,0
SessionTasksQueue,3,0,0,3,0,12,0,0,0,-1,0,1
ThreadPoolExecutor,0,1,0,0,1,8,1,2,1,-1,0,0
UnorderedThreadPoolExecutor,1,3,1,0,3,44,4,0,2,0.6700000166893005,3,0
WriteRequestFilter,1,3,1,0,3,47,6,0,2,0.6700000166893005,7,0
BlacklistFilter,2,14,0,0,11,176,28,0,2,0.1400000005960464,6,0
ConnectionThrottleFilter,4,4,1,0,4,86,10,0,2,0.5,3,1
Subnet,8,9,0,0,5,140,16,0,0,0,0,2
IKeepAliveMessageFactory,0,4,0,0,0,23,4,2,0,-1,1,2
IKeepAliveRequestTimeoutHandler,0,1,0,0,0,8,1,5,0,-1,2,1
KeepAliveFilter,8,15,4,0,11,272,29,0,2,0.4000000059604645,10,7
KeepAliveRequestTimeoutException,0,4,0,0,3,22,4,0,0,-1,0,0
KeepAliveRequestTimeoutHandler,1,0,5,0,0,110,0,0,0,-1,0,2
NoopHandler,1,2,0,1,1,11,2,0,1,1,2,0
LogHandler,1,2,0,1,1,13,3,0,1,1,2,0
ExceptionHandler,1,2,0,1,1,12,2,0,1,1,2,0
CloseHandler,1,2,0,1,1,14,3,0,1,1,2,0
DeafSpeakerHandler,1,2,0,1,1,11,2,0,1,1,2,0
LoggingFilter,2,12,8,0,10,178,14,0,2,0.5799999833106995,6,0
LogLevel,0,0,0,0,0,27,0,0,0,-1,0,1
SslFilter,5,19,7,0,17,293,26,0,2,0.3700000047683716,11,2
EncryptedWriteRequest,1,1,1,0,1,15,1,0,2,0,2,1
SslHandler,9,11,2,0,6,407,21,0,0,0,8,2
IoSessionStream,6,12,7,0,10,188,18,0,0,0.3300000131130219,2,1
ProfilerTimerFilter,13,18,2,0,14,295,27,0,2,0.1700000017881393,7,0
TimerWorker,5,1,1,4,1,39,1,0,0,0,0,1
TimeUnit,0,0,0,0,0,15,0,0,0,-1,0,1
AbstractStreamWriteFilter<T>,5,7,1,1,3,136,12,0,2,0.4300000071525574,8,0
FileRegionWriteFilter,0,1,0,0,0,15,2,0,0,-1,2,1
StreamWriteFilter,0,1,0,0,0,20,3,0,0,-1,1,2
CommonEventFilter,0,10,0,0,9,62,10,0,2,-1,6,0
NoopFilter,0,0,0,0,0,3,0,0,2,-1,0,0
ReferenceCountingFilter,2,16,0,0,16,108,18,0,2,0.1899999976158142,6,0
SessionAttributeInitializingFilter,1,8,1,0,8,109,10,0,2,0.3799999952316284,3,0
ChainedIoHandler,1,3,1,0,3,33,4,0,2,0.6700000166893005,2,1
INextCommand,0,1,0,0,0,4,1,1,0,-1,1,5
IoHandlerChain,3,4,0,0,3,110,8,0,1,0.5,6,2
HeadCommand,0,1,0,0,1,7,1,0,1,-1,2,0
TailCommand,1,2,0,1,2,16,3,0,1,0,2,1
NextCommand,1,2,0,0,2,14,2,0,1,0,2,0
IoHandlerCommand,0,1,0,0,0,4,1,4,0,-1,2,1
DemuxingIoHandler,6,15,0,0,9,198,27,0,2,0,3,0
ExceptionHandler<E>,3,4,0,2,3,33,6,0,1,0.75,2,0
NoopExceptionHandler,0,2,0,0,1,9,2,0,1,-1,1,0
CloseExceptionHandler,0,2,0,0,1,9,2,0,1,-1,1,0
IExceptionHandler,0,2,0,0,0,15,2,3,0,-1,1,2
IMessageHandler,0,2,0,0,0,19,2,2,0,-1,1,2
MessageHandler<T>,2,4,0,1,3,32,6,0,1,0.75,2,0
NoopMessageHandler,0,2,0,0,1,9,2,0,1,-1,1,0
IoSessionStream,7,12,6,0,10,252,22,0,0,0.25,4,1
StreamIoHandler,5,6,2,0,5,98,10,0,2,0.3300000131130219,5,0
DefaultLoopbackSessionConfig,0,1,0,0,0,7,1,0,2,-1,1,0
LoopbackAcceptor,2,5,1,0,1,113,7,0,2,0.4000000059604645,5,4
LoopbackConnector,3,5,1,0,1,130,9,0,2,0.4000000059604645,17,4
LoopbackFilterChain,4,16,1,0,11,320,19,0,3,0.119999997317791,8,3
LoopbackIoProcessor,1,12,0,0,6,151,18,0,1,0.25,12,0
LoopbackPipe,3,1,3,0,1,28,1,0,0,0,3,2
LoopbackEndPoint,1,5,1,0,5,49,7,0,0,0,0,9
LoopbackSession,7,2,8,1,2,83,2,0,2,0,6,3
DefaultSerialSessionConfig,3,2,3,0,1,42,3,0,2,1,2,0
ISerialSession,0,0,3,0,0,13,0,1,1,-1,0,0
ISerialSessionConfig,0,0,3,0,0,15,0,2,1,-1,0,3
SerialConnector,1,18,2,0,1,168,28,0,2,0.2199999988079071,14,1
SerialEndPoint,5,2,5,0,2,75,2,0,0,1,0,3
SerialSession,6,9,9,1,3,345,20,0,2,0,10,1
SessionConfigImpl,5,5,11,0,5,127,8,0,2,0.4000000059604645,2,0
AbstractDatagramSessionConfig,0,1,7,0,0,37,8,2,2,-1,2,0
AsyncDatagramAcceptor,5,20,6,0,7,561,38,0,2,0.25,15,5
SocketContext,6,11,1,2,3,222,29,0,0,0,9,2
AsyncDatagramConnector,0,5,2,0,1,76,6,0,1,-1,3,4
AsyncDatagramSession,6,11,3,1,5,221,22,0,1,0.449999988079071,8,3
DatagramSessionConfigImpl,1,1,7,0,1,74,1,0,3,0,0,1
DefaultDatagramSessionConfig,0,0,7,0,0,16,0,0,3,-1,0,0
IDatagramAcceptor,0,0,4,0,0,13,0,1,2,-1,0,0
IDatagramConnector,0,0,2,0,0,7,0,1,2,-1,0,0
IDatagramSessionConfig,0,0,7,0,0,31,0,1,1,-1,0,7
AbstractSocketAcceptor,7,11,8,0,0,313,28,1,2,0.1800000071525574,8,1
ListenerContext,1,1,2,0,1,26,1,0,0,0,0,2
AbstractSocketConnector,1,7,3,0,0,175,9,2,2,0.4300000071525574,8,0
ConnectorContext,3,3,3,0,2,64,5,0,3,0,1,3
AbstractSocketSessionConfig,0,1,9,0,0,46,11,2,2,-1,2,0
AsyncSocketAcceptor,3,10,0,0,2,159,20,0,3,0.699999988079071,10,6
AsyncSocketConnector,0,5,2,0,1,80,8,0,3,-1,3,8
AsyncSocketProcessor,1,14,1,0,7,169,27,0,1,0.2899999916553497,12,2
DefaultSocketSessionConfig,0,0,9,0,0,20,0,0,3,-1,0,0
ISocketAcceptor,0,0,5,0,0,17,0,1,2,-1,0,1
ISocketConnector,0,0,2,0,0,10,0,1,2,-1,0,0
ISocketSessionConfig,0,0,9,0,0,39,0,1,1,-1,0,3
SessionConfigImpl,1,1,9,0,1,104,1,0,3,0,0,0
SocketAsyncEventArgsBuffer,1,21,3,0,12,176,25,0,2,0.3300000131130219,2,5
SocketAsyncEventArgsBufferAllocator,1,6,0,1,3,58,7,0,1,0.3300000131130219,1,2
AsyncSocketSession,4,7,4,1,3,246,16,0,1,0,8,2
SocketSession,8,13,7,0,2,286,33,2,2,0.2300000041723251,9,1
BufferManager,5,4,1,0,4,67,5,0,0,0,0,1
DelegateUtils,0,6,0,0,6,135,18,0,0,-1,1,2
ExceptionMonitor,1,1,1,0,1,18,1,1,0,0,0,7
DefaultExceptionMonitor,2,1,0,1,1,11,2,0,1,0,0,0
"ExpiringMap<TKey,TValue>",9,18,7,2,15,303,27,0,0,0.3899999856948853,2,0
ExpiringObject,4,3,3,0,3,47,3,0,0,0,0,1
ExpirationEventArgs<T>,1,1,1,0,1,11,1,0,0,0,0,0
IQueue,0,2,2,0,0,19,2,2,0,-1,0,9
Queue<T>,0,1,1,0,0,12,1,0,1,-1,0,0
ConcurrentQueue<T>,0,1,0,0,1,9,1,0,1,-1,0,0
Pool<T>,1,4,1,0,4,50,5,0,0,0,0,0
