Type,NOF,NOM,NOP,NOPF,NOPM,LOC,WMC,NC,DIT,LCOM,Fan-Out,Fan-In
BigEndianBinary,0,10,0,0,10,109,10,0,0,-1,2,4
Binary,1,5,0,1,3,60,10,0,0,0,0,6
BufferManager,4,4,0,0,4,69,8,0,0,0.5,0,1
CollectionDebuggerProxy<T>,1,1,1,0,1,25,1,0,0,0,0,0
CollectionOperation,0,4,0,0,3,115,17,0,0,-1,0,3
"DictionaryDebuggerProxy<TKey,TValue>",1,1,1,0,1,25,1,0,0,0,0,0
Float32Bits,5,2,0,5,2,74,3,0,0,1,0,2
Float64Bits,9,1,0,9,1,103,2,0,0,0,0,1
InvalidMessagePackStreamException,0,4,0,0,3,43,4,0,0,-1,0,1
IPackable,0,1,0,0,0,10,1,8,0,-1,2,3
ItemsUnpacker,7,78,8,0,29,3761,127,0,1,0.02999999932944775,10,3
CollectionType,0,0,0,0,0,7,0,0,0,-1,0,2
ReadValueResult,0,0,0,0,0,28,0,0,0,-1,0,1
IUnpackable,0,1,0,0,0,10,1,6,0,-1,1,2
KnownExtTypeCode,0,0,1,0,0,13,0,0,0,-1,0,1
KnownExtTypeName,0,0,1,0,0,13,0,0,0,-1,0,2
MessagePackExtendedTypeObject,2,9,3,0,7,267,22,0,0,0.3300000131130219,1,18
MessagePackObjectDictionary,8,31,13,0,12,2091,72,0,0,0.1599999964237213,7,49
Enumerator,10,15,9,0,6,335,24,0,0,0,1,4
DictionaryEnumerator,1,3,4,0,1,96,3,0,0,0,1,1
KeySet,1,23,4,0,10,428,30,0,0,0.8299999833106995,5,1
ValueCollection,1,12,4,0,4,273,19,0,0,0.6700000166893005,4,1
MessagePackCode,37,1,0,37,1,148,4,0,0,0,0,19
MessagePackConvert,4,6,2,0,6,121,8,0,0,0.5,0,22
MessagePackObject,14,59,7,1,49,3334,200,0,1,0.1000000014901161,10,184
MessagePackValueTypeCode,0,0,0,0,0,19,0,0,0,-1,0,2
ValueTypeCode,2,2,4,0,1,40,2,0,0,0,1,1
MessageNotSupportedException,0,4,0,0,3,43,4,0,0,-1,0,1
MessagePackObjectEqualityComparer,1,3,1,0,3,41,3,0,0,1,1,4
MessagePackString,6,17,2,0,11,416,40,0,0,0,4,5
BinaryType,0,0,0,0,0,8,0,0,0,-1,0,1
MessagePackStringDebuggerProxy,2,3,3,0,1,109,6,0,0,0.6700000166893005,1,0
PackerCompatibilityOptions,0,0,0,0,0,23,0,0,0,-1,0,30
PackerUnpackerExtensions,0,24,0,0,16,578,50,0,0,-1,6,2
PackingOptions,1,1,1,0,1,21,1,0,0,0,0,11
MessageTypeException,0,4,0,0,3,42,4,1,0,-1,0,1
Packer,3,107,4,0,49,2063,180,1,0,0.02999999932944775,6,998
ReflectionAbstractions,2,18,0,2,18,364,18,0,0,1,0,6
SetOperation,0,8,0,0,6,295,37,0,0,-1,0,1
StreamPacker,2,5,2,0,1,53,7,0,1,0,2,1
StringEscape,0,1,0,0,1,77,5,0,0,-1,0,2
SubtreeUnpacker,6,38,7,0,29,1381,137,0,1,0.05000000074505806,6,1
State,0,0,0,0,0,6,0,0,0,-1,0,1
TupleItems,0,4,0,0,3,84,10,0,0,-1,0,5
Unpacking,4,98,0,0,66,3244,120,0,0,0,13,54
SeekableUnpackingStream,1,3,2,0,2,65,6,0,1,0,0,1
UnseekableUnpackingStream,0,2,2,0,2,20,2,0,1,-1,0,1
DefaultUnpackingStreamReader,0,1,0,0,1,4,1,0,1,-1,0,1
UnpackingMode,0,0,0,0,0,5,0,0,0,-1,0,0
UnpackingStream,3,5,4,0,4,164,8,2,0,0.800000011920929,0,2
UnpackingStreamReader,1,1,1,0,0,22,1,1,0,0,0,2
UnsafeNativeMethods,5,3,0,0,1,73,6,0,0,0,0,1
Validation,2,3,0,0,2,142,12,0,0,0.6700000166893005,0,0
UnpackingResult,2,5,2,0,4,118,6,0,0,0.4000000059604645,0,21
Unpacker,2,57,8,0,40,1402,104,2,0,0.07000000029802322,5,969
UnpackerMode,0,0,0,0,0,8,0,0,0,-1,0,1
UnpackException,0,4,0,0,3,42,4,0,0,-1,0,0
UnassignedMessageTypeException,0,4,0,0,3,42,4,0,1,-1,0,0
CollectionSerializerMethod,0,0,0,0,0,17,0,0,0,-1,0,6
ICodeConstruct,0,0,1,0,0,14,0,3,0,-1,0,0
ISerializerBuilder,0,1,0,0,0,14,1,1,0,-1,2,2
ISerializerCodeGenerationContext,0,1,0,0,0,11,1,2,0,-1,0,6
ISerializerCodeGenerator,0,1,0,0,0,18,1,1,0,-1,2,3
"SerializerBuilder<TContext,TConstruct,TObject>",4,144,0,0,2,4343,223,0,1,0.9399999976158142,46,0
SerializerSpecification,0,6,5,0,5,81,9,0,0,-1,1,9
SerializerFieldKey,4,4,1,3,4,145,4,0,0,0,4,3
ComparablePolymorphismSchema,2,6,1,0,4,85,12,0,0,0.3300000131130219,4,1
SerializerMethod,0,0,0,0,0,6,0,0,0,-1,0,6
EnumSerializerMethod,0,0,0,0,0,12,0,0,0,-1,0,6
"SerializerBuilderContract<TContext,TConstruct,TObject>",0,63,0,0,1,618,63,0,0,-1,9,0
ForLoopContext,0,1,1,0,1,15,1,0,0,-1,0,4
SerializerBuilderNilImplicationHandler,0,7,0,0,0,83,7,0,0,-1,4,1
SerializerBuilderOnPackingParameter,5,1,1,4,1,32,1,0,1,0,0,1
SerializerBuilderOnUnpacedParameter,5,1,2,3,1,37,1,0,1,0,0,1
SerializerGenerationContext<TConstruct>,0,4,14,0,2,170,4,0,0,-1,2,0
CodeDomSerializerBuilder,1,0,0,1,0,4,0,0,0,-1,0,2
CodeDomConstruct,1,11,4,0,10,80,11,4,1,1,4,2
CodeDomContext,12,12,2,5,11,304,18,0,1,0.1700000017881393,14,2
CachedFieldInfo,2,1,0,2,1,11,1,0,0,0,0,2
CachedMethodBase,2,1,0,2,1,11,1,0,0,0,0,2
CodeDomSerializerBuilder<TObject>,0,67,0,0,1,1475,83,0,0,-1,30,0
ExpressionCodeDomConstruct,1,4,2,0,4,35,4,0,2,0,0,2
ParameterCodeDomConstruct,2,4,4,0,4,47,4,0,2,1,0,2
StatementCodeDomConstruct,1,3,1,0,3,25,3,0,2,0,0,2
VariableCodeDomConstruct,2,4,4,0,4,47,4,0,2,1,0,1
CollectionDetailedKind,0,0,0,0,0,22,0,0,0,-1,0,12
DateTimeConversionMethod,0,0,0,0,0,18,0,0,0,-1,0,21
DateTimeMemberConversionMethod,0,0,0,0,0,26,0,0,0,-1,0,43
DateTimeMessagePackSerializerHelpers,0,2,0,0,1,56,4,0,0,-1,3,36
DefaultSerializerNameResolver,2,1,0,0,1,18,1,0,0,0,1,2
INilImplicationHandlerOnUnpackedParameter,0,0,1,0,0,5,0,2,1,-1,0,0
INilImplicationHandlerParameter,0,0,1,0,0,4,0,3,0,-1,0,0
MessagePackDateTimeMemberAttribute,0,1,1,0,1,17,1,0,0,-1,0,2
MessagePackRuntimeTypeAttribute,0,1,1,0,1,15,1,0,1,-1,0,17
MessagePackRuntimeCollectionItemTypeAttribute,0,1,1,0,1,15,1,0,1,-1,0,13
MessagePackRuntimeDictionaryKeyTypeAttribute,0,1,1,0,1,15,1,0,1,-1,0,5
MessagePackRuntimeTupleItemTypeAttribute,0,1,2,0,1,35,1,0,1,-1,0,17
MessagePackKnownTypeAttribute,0,1,3,0,1,35,1,0,1,-1,0,13
MessagePackKnownCollectionItemTypeAttribute,0,1,3,0,1,35,1,0,1,-1,0,9
MessagePackKnownDictionaryKeyTypeAttribute,0,1,3,0,1,35,1,0,1,-1,0,9
MessagePackKnownTupleItemTypeAttribute,0,1,4,0,1,55,1,0,1,-1,0,17
MessagePackDeserializationConstructorAttribute,0,1,0,0,1,8,1,0,0,-1,0,1
MessagePackIgnoreAttribute,0,1,0,0,1,8,1,0,0,-1,0,5
"NilImplicationHandler<TAction,TCondition,TPackingParameter,TUnpackedParameter>",0,9,0,0,2,97,11,0,0,-1,2,0
PolymorphismSchema,16,17,10,0,9,1069,25,0,0,0.5899999737739563,8,795
TypeTable,4,2,0,4,1,39,2,0,0,0,2,1
TypeTableEntry,3,6,3,0,2,224,15,0,0,0.3300000131130219,15,2
PolymorphismSchemaChildrenType,0,0,0,0,0,24,0,0,0,-1,0,2
PolymorphismTarget,0,0,0,0,0,26,0,0,0,-1,0,2
PolymorphismType,0,0,0,0,0,17,0,0,0,-1,0,1
ResolveSerializerEventArgs,1,3,3,0,1,75,4,0,0,0.6700000166893005,4,2
SerializationContext,11,12,11,0,8,994,25,0,0,0.3300000131130219,20,1222
SerializationTarget,0,15,3,0,4,484,43,0,0,-1,16,4
EnumMemberSerializationMethod,0,0,0,0,0,17,0,0,0,-1,0,16
EnumMessagePackSerializerHelpers,0,1,0,0,1,70,4,0,0,-1,4,7
EnumMessagePackSerializerProvider,3,2,0,0,2,60,5,0,1,0,5,1
EnumSerializationMethod,0,0,0,0,0,12,0,0,0,-1,0,70
EnumMessagePackSerializer<TEnum>,2,6,0,0,0,146,11,0,1,0.5,5,0
ICustomizableEnumSerializer,0,1,0,0,0,9,1,1,0,-1,1,2
ISerializerGeneratorConfiguration,0,1,6,0,0,60,1,2,0,-1,0,2
MessagePackEnumAttribute,0,1,1,0,1,17,1,0,0,-1,0,1
MessagePackEnumMemberAttribute,0,1,1,0,1,17,1,0,0,-1,0,1
MessagePackSerializerExtensions,0,3,0,0,3,87,8,0,0,-1,7,0
MessagePackSerializerProvider,0,2,0,0,1,15,2,6,0,-1,1,2
SerializerAssemblyGenerationConfiguration,3,3,7,0,1,150,3,0,1,0.6700000166893005,2,3
SerializerCodeGenerationConfiguration,9,2,10,0,1,206,2,0,1,1,2,4
DefaultConcreteTypeRepository,1,6,0,0,3,266,20,0,0,0,3,17
EmitterFlavor,0,0,0,0,0,36,0,0,0,-1,0,43
IMessagePackSerializer,0,3,0,0,0,67,3,1,0,-1,2,9
IMessagePackSingleObjectSerializer,0,2,0,0,0,42,2,1,1,-1,0,47
SerializerCodeGenerationResult,0,1,5,0,0,66,1,0,0,-1,0,2
SerializerDebugging,11,14,6,0,11,366,26,0,0,0.1400000005960464,4,44
SerializerRegistrationOptions,0,0,0,0,0,21,0,0,0,-1,0,6
SerializerTypeKeyRepository,0,4,0,0,4,73,6,0,1,-1,2,1
LazyDelegatingMessagePackSerializer<T>,2,6,0,0,2,63,8,0,1,0.8299999833106995,4,0
MessagePackMemberAttribute,3,1,3,0,1,85,1,0,0,0,1,15
IdentifierUtility,0,2,0,0,2,91,4,0,0,-1,0,5
CollectionTraits,6,1,1,6,1,77,1,0,0,0,1,21
CollectionKind,0,0,0,0,0,7,0,0,0,-1,0,5
DataMemberContract,4,3,3,0,3,136,5,0,0,0,2,6
FromExpression,0,40,0,0,37,298,47,0,0,-1,0,1
NilImplication,0,0,0,0,0,63,0,0,0,-1,0,6
SerializationCompatibilityOptions,1,1,2,0,0,44,1,0,0,0,1,20
SerializationMethod,0,0,0,0,0,14,0,0,0,-1,0,55
SerializationMethodGeneratorOption,0,0,0,0,0,23,0,0,0,-1,0,5
SerializerGenerator,3,16,4,0,16,537,19,0,0,0.3100000023841858,6,2
SerializerGenerationLogic<TConfig>,0,4,1,0,1,118,18,0,0,-1,8,0
SerializerAssemblyGenerationLogic,0,3,1,0,1,33,3,0,0,-1,5,1
SerializerCodesGenerationLogic,0,3,1,0,1,23,3,0,0,-1,6,1
SerializerRepository,4,16,2,0,11,421,22,0,0,0.25,10,19
SerializingMember,2,3,0,2,3,66,5,0,0,0,5,9
MessagePackSerializer<T>,4,22,2,0,7,465,44,0,2,1,7,0
ReflectionExtensions,1,20,0,0,10,852,62,0,0,0.3499999940395355,4,12
SerializerGetter,2,2,0,1,1,69,3,0,0,1,2,1
SerializerGetter<T>,1,1,0,0,1,41,1,0,0,0,2,0
SerializationExceptions,5,26,0,0,20,417,26,0,0,1,3,876
Tracer,1,0,0,1,0,24,0,0,0,-1,0,37
EventId,6,0,0,6,0,9,0,0,0,-1,0,3
EventType,6,0,0,6,0,9,0,0,0,-1,0,3
ExtTypeCodeMapping,3,10,0,0,5,201,13,0,0,0,2,1
TypeKeyRepository,2,12,0,0,6,273,21,1,0,0.1700000017881393,1,1
MessagePackSerializer,2,17,0,0,14,659,31,888,0,0.3499999940395355,15,886
UnpackHelpers,1,37,0,0,35,1507,123,0,0,0.7799999713897705,4,877
"CollectionMessagePackSerializerBase<TCollection,TItem>",0,5,0,0,0,93,7,0,0,-1,7,0
CollectionSerializerHelpers,1,0,0,1,0,4,0,0,0,-1,0,1
"DictionaryMessagePackSerializerBase<TDictionary,TKey,TValue>",2,10,0,0,0,211,18,0,1,0.800000011920929,7,0
NonGenericDictionaryMessagePackSerializer<TDictionary>,2,8,0,0,0,175,16,0,1,0.75,7,0
NonGenericEnumerableMessagePackSerializer<TCollection>,0,2,0,0,0,37,3,0,0,-1,3,0
NonGenericListMessagePackSerializer<TList>,0,4,0,0,0,68,5,0,0,-1,5,0
NonGenericCollectionMessagePackSerializer<TCollection>,0,2,0,0,0,37,3,0,0,-1,4,0
"CollectionMessagePackSerializer<TCollection,TItem>",0,3,0,0,0,51,3,0,0,-1,2,0
"DictionaryMessagePackSerializer<TDictionary,TKey,TValue>",0,3,0,0,0,58,3,0,0,-1,2,0
NonGenericEnumerableMessagePackSerializerBase<TCollection>,1,6,1,0,0,112,10,0,1,0.8299999833106995,6,0
"EnumerableMessagePackSerializerBase<TCollection,TItem>",1,6,1,0,0,112,10,0,1,0.8299999833106995,6,0
"EnumerableMessagePackSerializer<TCollection,TItem>",0,2,0,0,0,43,4,0,0,-1,4,0
ICollectionInstanceFactory,0,1,0,0,0,17,1,13,0,-1,0,11
"ReadOnlyCollectionMessagePackSerializer<TCollection,TItem>",0,2,0,0,0,33,2,0,0,-1,2,0
"ReadOnlyDictionaryMessagePackSerializer<TDictionary,TKey,TValue>",0,2,0,0,0,34,2,0,0,-1,2,0
AbstractCollectionSerializerHelper,0,1,0,0,1,25,3,0,0,-1,5,9
AbstractNonGenericDictionaryMessagePackSerializer<TDictionary>,2,3,0,0,1,78,4,0,0,0,6,0
"AbstractEnumerableMessagePackSerializer<TCollection,TItem>",2,3,0,0,1,82,4,0,0,0,7,0
AbstractNonGenericEnumerableMessagePackSerializer<TCollection>,2,3,0,0,1,81,4,0,0,0,7,0
AbstractNonGenericCollectionMessagePackSerializer<TCollection>,2,3,0,0,1,81,4,0,0,0,7,0
AbstractNonGenericListMessagePackSerializer<TCollection>,2,3,0,0,1,78,4,0,0,0,6,0
"AbstractCollectionMessagePackSerializer<TCollection,TItem>",2,3,0,0,1,80,4,0,0,0,6,0
"AbstractDictionaryMessagePackSerializer<TDictionary,TKey,TValue>",2,3,0,0,1,81,4,0,0,0,6,0
"AbstractReadOnlyCollectionMessagePackSerializer<TCollection,TItem>",3,3,0,0,1,54,4,0,0,0,7,0
"AbstractReadOnlyDictionaryMessagePackSerializer<TDictionary,TKey,TValue>",3,3,0,0,1,53,4,0,0,0,7,0
DateTimeMessagePackSerializerProvider,2,2,0,0,2,69,6,0,1,0,3,0
DateTimeOffsetMessagePackSerializer,1,3,0,0,1,61,8,0,1,0.6700000166893005,8,0
DateTimeOffsetMessagePackSerializerProvider,2,2,0,0,2,69,6,0,1,0,3,0
FileTimeMessagePackSerializerProvider,2,2,0,0,2,69,6,0,1,0,3,0
InternalDateTimeExtensions,1,2,0,0,2,65,2,0,0,1,0,0
"MultidimensionalArraySerializer<TArray,TItem>",2,7,0,0,1,307,19,0,1,0.5699999928474426,10,0
NativeDateTimeMessagePackSerializer,0,3,0,0,1,16,3,0,1,-1,4,0
NativeFileTimeMessagePackSerializer,0,3,0,0,1,16,3,0,1,-1,4,0
System_DBNullMessagePackSerializer,0,4,0,0,1,24,4,0,1,-1,4,1
System_Globalization_CultureInfoMessagePackSerializer,0,3,0,0,1,22,3,0,1,-1,4,0
UnixEpocDateTimeMessagePackSerializer,0,3,0,0,1,16,3,0,1,-1,5,0
UnixEpocFileTimeMessagePackSerializer,0,3,0,0,1,20,3,0,1,-1,5,0
ArraySerializer,1,4,0,0,2,98,6,0,0,0.5,5,3
GenericSerializer,0,11,0,0,3,667,33,0,0,-1,12,3
IGenericBuiltInSerializerFactory,0,1,0,0,0,4,1,6,0,-1,2,1
NullableInstanceFactory<T>,0,2,0,0,2,10,2,0,1,-1,2,0
ListInstanceFactory<T>,0,2,0,0,2,10,2,0,1,-1,2,0
"DictionaryInstanceFactory<TKey,TValue>",0,2,0,0,2,10,2,0,1,-1,2,0
"ImmutableCollectionSerializerFactory<T,TItem>",0,2,0,0,2,11,2,0,1,-1,2,0
"ImmutableStackSerializerFactory<T,TItem>",0,2,0,0,2,11,2,0,1,-1,2,0
"ImmutableDictionarySerializerFactory<T,TKey,TValue>",0,2,0,0,2,11,2,0,1,-1,2,0
IVariantSerializerFactory,0,1,0,0,0,4,1,9,0,-1,2,1
NonGenericEnumerableSerializerFactory<T>,0,2,0,0,2,10,2,0,1,-1,2,0
NonGenericCollectionSerializerFactory<T>,0,2,0,0,2,10,2,0,1,-1,2,0
NonGenericListSerializerFactory<T>,0,2,0,0,2,10,2,0,1,-1,2,0
NonGenericDictionarySerializerFactory<T>,0,2,0,0,2,10,2,0,1,-1,2,0
"EnumerableSerializerFactory<TCollection,TItem>",0,2,0,0,2,10,2,0,1,-1,2,0
"CollectionSerializerFactory<TCollection,TItem>",0,2,0,0,2,10,2,0,1,-1,2,0
"ReadOnlyCollectionSerializerFactory<TCollection,TItem>",0,2,0,0,2,10,2,0,1,-1,2,0
"DictionarySerializerFactory<TDictionary,TKey,TValue>",0,2,0,0,2,10,2,0,1,-1,2,0
"ReadOnlyDictionarySerializerFactory<TDictionary,TKey,TValue>",0,2,0,0,2,10,2,0,1,-1,2,0
ImmutableCollectionType,0,0,0,0,0,12,0,0,0,-1,0,1
"ImmutableCollectionSerializer<T,TItem>",2,5,0,0,1,120,9,0,1,0.6000000238418579,7,0
"ImmutableDictionarySerializer<T,TKey,TValue>",3,5,0,0,1,133,9,0,1,0.6000000238418579,7,0
"ImmutableStackSerializer<T,TItem>",1,2,0,0,1,38,3,0,0,0,6,0
SByteArraySerializer,0,5,0,0,1,55,10,0,1,-1,5,0
Int16ArraySerializer,0,5,0,0,1,55,10,0,1,-1,5,0
Int32ArraySerializer,0,5,0,0,1,55,10,0,1,-1,5,0
Int64ArraySerializer,0,5,0,0,1,55,10,0,1,-1,5,0
ByteArraySerializer,0,5,0,0,1,55,10,0,1,-1,5,0
UInt16ArraySerializer,0,5,0,0,1,55,10,0,1,-1,5,0
UInt32ArraySerializer,0,5,0,0,1,55,10,0,1,-1,5,0
UInt64ArraySerializer,0,5,0,0,1,55,10,0,1,-1,5,0
SingleArraySerializer,0,5,0,0,1,55,10,0,1,-1,5,0
DoubleArraySerializer,0,5,0,0,1,55,10,0,1,-1,5,0
BooleanArraySerializer,0,5,0,0,1,55,10,0,1,-1,5,0
NullableSByteArraySerializer,0,5,0,0,1,55,10,0,1,-1,5,0
NullableInt16ArraySerializer,0,5,0,0,1,55,10,0,1,-1,5,0
NullableInt32ArraySerializer,0,5,0,0,1,55,10,0,1,-1,5,0
NullableInt64ArraySerializer,0,5,0,0,1,55,10,0,1,-1,5,0
NullableByteArraySerializer,0,5,0,0,1,55,10,0,1,-1,5,0
NullableUInt16ArraySerializer,0,5,0,0,1,55,10,0,1,-1,5,0
NullableUInt32ArraySerializer,0,5,0,0,1,55,10,0,1,-1,5,0
NullableUInt64ArraySerializer,0,5,0,0,1,55,10,0,1,-1,5,0
NullableSingleArraySerializer,0,5,0,0,1,55,10,0,1,-1,5,0
NullableDoubleArraySerializer,0,5,0,0,1,55,10,0,1,-1,5,0
NullableBooleanArraySerializer,0,5,0,0,1,55,10,0,1,-1,5,0
StringArraySerializer,0,5,0,0,1,55,10,0,1,-1,5,0
BinaryArraySerializer,0,5,0,0,1,55,10,0,1,-1,5,0
MessagePackObjectArraySerializer,0,5,0,0,1,55,10,0,1,-1,6,0
MsgPack_MessagePackObjectDictionaryMessagePackSerializer,0,6,0,0,2,74,13,0,1,-1,7,0
System_Collections_Generic_List_1MessagePackSerializer<T>,1,6,0,0,2,67,11,0,1,0.6700000166893005,8,0
System_Collections_Generic_Queue_1MessagePackSerializer<TItem>,1,5,0,0,2,69,10,0,1,0.6000000238418579,6,0
System_Collections_Generic_Stack_1MessagePackSerializer<TItem>,1,6,0,0,2,73,10,0,1,0.6700000166893005,6,0
System_Collections_QueueMessagePackSerializer,0,5,0,0,2,53,9,0,1,-1,5,0
System_Collections_StackMessagePackSerializer,0,6,0,0,2,68,10,0,1,-1,5,0
System_Collections_Generic_ListOfMessagePackObjectMessagePackSerializer,0,6,0,0,2,59,11,0,1,-1,6,0
"System_Collections_Generic_Dictionary_2MessagePackSerializer<TKey,TValue>",2,6,0,0,2,88,13,0,1,0.6700000166893005,8,0
ArraySerializer<T>,1,5,0,0,1,127,11,0,1,0.6000000238418579,8,0
MessagePackObjectExtensions,0,1,0,0,1,20,1,0,0,-1,1,0
MsgPack_MessagePackExtendedTypeObjectMessagePackSerializer,0,3,0,0,1,17,3,0,1,-1,5,0
System_BooleanMessagePackSerializer,0,3,0,0,1,24,3,0,1,-1,4,0
System_ByteMessagePackSerializer,0,3,0,0,1,24,3,0,1,-1,4,0
System_CharMessagePackSerializer,0,3,0,0,1,28,3,0,1,-1,4,0
System_DecimalMessagePackSerializer,0,3,0,0,1,28,3,0,1,-1,4,0
System_DoubleMessagePackSerializer,0,3,0,0,1,24,3,0,1,-1,4,0
System_GuidMessagePackSerializer,0,3,0,0,1,28,3,0,1,-1,4,0
System_Int16MessagePackSerializer,0,3,0,0,1,24,3,0,1,-1,4,0
System_Int32MessagePackSerializer,0,3,0,0,1,24,3,0,1,-1,4,0
System_Int64MessagePackSerializer,0,3,0,0,1,24,3,0,1,-1,4,0
System_SByteMessagePackSerializer,0,3,0,0,1,24,3,0,1,-1,4,0
System_SingleMessagePackSerializer,0,3,0,0,1,24,3,0,1,-1,4,0
System_TimeSpanMessagePackSerializer,0,3,0,0,1,27,3,0,1,-1,4,0
System_UInt16MessagePackSerializer,0,3,0,0,1,24,3,0,1,-1,4,0
System_UInt32MessagePackSerializer,0,3,0,0,1,24,3,0,1,-1,4,0
System_UInt64MessagePackSerializer,0,3,0,0,1,24,3,0,1,-1,4,0
System_Collections_Specialized_BitVector32MessagePackSerializer,0,3,0,0,1,27,3,0,1,-1,4,0
System_Numerics_BigIntegerMessagePackSerializer,0,3,0,0,1,28,3,0,1,-1,4,0
MsgPack_MessagePackObjectMessagePackSerializer,0,3,0,0,1,23,4,0,1,-1,4,1
NullableMessagePackSerializer<T>,1,4,0,0,2,37,4,0,1,0,5,0
System_ObjectMessagePackSerializer,0,3,0,0,1,64,7,0,1,-1,7,0
System_StringMessagePackSerializer,0,3,0,0,1,18,3,0,1,-1,4,0
System_Text_StringBuilderMessagePackSerializer,0,3,0,0,1,21,3,0,1,-1,4,0
System_ByteArrayMessagePackSerializer,0,3,0,0,1,18,3,0,1,-1,4,0
System_CharArrayMessagePackSerializer,0,3,0,0,1,25,4,0,1,-1,4,0
ArraySegmentMessageSerializer,0,6,0,0,6,118,10,0,0,-1,6,1
System_ArraySegment_1MessagePackSerializer<T>,3,5,0,0,1,67,7,0,1,0.6000000238418579,5,0
System_Collections_DictionaryEntryMessagePackSerializer,0,4,0,0,1,98,9,0,1,-1,5,0
"System_Collections_Generic_KeyValuePair_2MessagePackSerializer<TKey,TValue>",2,3,0,0,1,40,5,0,1,0,6,0
System_Numerics_ComplexMessagePackSerializer,0,3,0,0,1,33,5,0,1,-1,5,0
System_UriMessagePackSerializer,0,3,0,0,1,18,3,0,1,-1,4,0
System_VersionMessagePackSerializer,0,3,0,0,1,34,5,0,1,-1,5,0
System_Collections_Specialized_NameValueCollectionMessagePackSerializer,0,6,0,0,2,108,16,0,1,-1,6,0
"CallbackCollectionMessagePackSerializer<TCollection,TItem>",1,2,0,0,1,33,2,0,0,0,2,0
"CallbackDictionaryMessagePackSerializer<TDictionary,TKey,TValue>",1,2,0,0,1,33,2,0,0,0,2,0
"CallbackEnumerableMessagePackSerializer<TCollection,TItem>",3,4,0,0,1,60,5,0,0,0,3,0
CallbackEnumMessagePackSerializer<TEnum>,2,3,0,0,1,27,3,0,0,0,4,0
CallbackMessagePackSerializer<T>,3,4,0,0,1,41,5,0,1,0,4,0
CallbackNonGenericCollectionMessagePackSerializer<TCollection>,3,4,0,0,1,60,5,0,0,0,3,0
CallbackNonGenericDictionaryMessagePackSerializer<TDictionary>,1,2,0,0,1,33,2,0,0,0,2,0
CallbackNonGenericEnumerableMessagePackSerializer<TCollection>,3,4,0,0,1,60,5,0,0,0,3,0
CallbackNonGenericListMessagePackSerializer<TCollection>,1,2,0,0,1,33,2,0,0,0,2,0
"CallbackReadOnlyCollectionMessagePackSerializer<TCollection,TItem>",2,3,0,0,1,50,4,0,0,0,2,0
"CallbackReadOnlyDictionaryMessagePackSerializer<TDictionary,TKey,TValue>",2,3,0,0,1,50,4,0,0,0,2,0
ContextBasedEnumSerializerEmitter,3,4,0,0,4,60,6,0,1,0,8,1
EnumSerializerEmitter,1,7,0,0,5,68,7,3,0,0.7099999785423279,3,4
EnumSerializerEmitterContract,0,3,0,0,3,22,3,0,1,-1,0,0
FieldBasedEnumSerializerEmitter,9,4,0,0,4,182,8,0,1,0,9,1
AndConditionILConstruct,1,6,0,0,5,69,11,0,1,0,2,1
AssemblyBuilderCodeGenerationContext,5,3,0,0,3,83,3,0,1,0,9,2
AssemblyBuilderEmittingContext,0,1,0,0,1,20,1,0,1,-1,1,2
BinaryOperatorILConstruct,5,5,0,0,4,43,5,0,1,0,2,1
ConditionalILConstruct,3,6,0,0,5,98,10,0,1,0,2,1
ContextfulILConstruct,0,3,0,0,1,27,4,7,1,-1,1,0
DynamicMethodEmittingContext,1,1,1,0,1,33,1,0,1,0,2,1
DynamicMethodSerializerBuilder<TObject>,0,4,0,0,1,52,4,0,0,-1,8,0
ILConstruct,2,23,2,1,19,225,27,6,1,0.9599999785423279,13,16
ILEmittingContext,4,3,3,0,2,113,5,2,0,1,9,0
AssemblyBuilderSerializerBuilder<TObject>,0,7,0,0,1,148,10,0,0,-1,16,0
"ILEmittingSerializerBuilder<TContext,TObject>",0,62,0,0,0,1006,70,0,0,-1,19,0
InvocationILConsruct,3,7,0,0,6,129,14,0,2,0,2,1
LoadFieldILConstruct,2,3,0,0,3,36,5,0,2,0,2,1
ContextBasedSerializerEmitter,10,9,0,0,9,738,22,0,1,0.3300000131130219,16,1
IEnumerableCallbackSerializerFactory,0,1,0,0,0,10,1,1,0,-1,2,1
"EnumerableCallbackSerializerFactoryBase<TCollection,TItem>",0,2,0,0,1,38,2,0,1,-1,2,0
"EnumerableCallbackSerializerFactory<TCollection,TItem>",0,2,0,0,1,23,2,0,0,-1,2,0
NonGenericEnumerableCallbackSerializerFactory<TCollection>,0,2,0,0,1,23,2,0,0,-1,2,0
NonGenericCollectionCallbackSerializerFactory<TCollection>,0,2,0,0,1,23,2,0,0,-1,2,0
ICollectionCallbackSerializerFactory,0,1,0,0,0,9,1,3,0,-1,2,1
"CollectionCallbackSerializerFactoryBase<TCollection,TItem>",0,2,0,0,1,32,2,0,1,-1,2,0
"CollectionCallbackSerializerFactory<TCollection,TItem>",0,2,0,0,1,20,2,0,0,-1,2,0
"ReadOnlyCollectionCallbackSerializerFactory<TCollection,TItem>",0,2,0,0,1,21,2,0,0,-1,2,0
NonGenericListCallbackSerializerFactory<TCollection>,0,2,0,0,1,20,2,0,0,-1,2,0
NonGenericDictionaryCallbackSerializerFactory<TDictionary>,0,2,0,0,1,20,2,0,0,-1,2,0
"DictionaryCallbackSerializerFactory<TDictionary,TKey,TValue>",0,3,0,0,2,36,3,0,1,-1,2,0
"ReadOnlyDictionaryCallbackSerializerFactory<TDictionary,TKey,TValue>",0,3,0,0,2,43,3,0,1,-1,2,0
SequenceILConstruct,1,4,0,0,4,47,7,0,2,0,2,1
SinglelStepILConstruct,3,5,1,0,5,45,5,0,2,0,1,1
StatementExpressionILConstruct,3,5,0,0,4,43,6,0,2,0,2,1
StoreFieldILConstruct,3,4,0,0,4,38,5,0,2,0,2,1
StoreVariableILConstruct,2,3,0,0,3,27,4,0,2,0,2,1
UnaryOperatorILConstruct,4,7,0,0,5,51,7,0,2,0.2899999916553497,2,1
VariableILConstruct,3,6,0,0,6,82,10,0,2,0,1,1
FieldBasedSerializerEmitter,16,11,0,0,11,598,36,0,1,0,27,1
SerializerFieldInfo,2,1,0,2,1,11,1,0,0,0,0,1
CachedFieldInfo,2,1,0,2,1,11,1,0,0,0,0,1
CachedMethodBase,2,1,0,2,1,11,1,0,0,0,0,1
DefaultSerializationMethodGeneratorManager,9,6,3,0,1,227,11,0,1,0.5,7,36
SerializationMethodGeneratorManager,0,7,0,0,5,118,8,1,0,-1,8,3
SerializerEmitter,0,14,0,0,12,159,14,3,0,-1,5,4
SerializerEmitterContract,0,8,0,0,8,62,8,0,1,-1,3,0
"ExpressionCallbackCollectionMessagePackSerializer<TCollection,TItem>",1,2,0,0,1,33,2,0,0,0,2,0
"ExpressionCallbackDictionaryMessagePackSerializer<TDictionary,TKey,TValue>",1,2,0,0,1,33,2,0,0,0,2,0
"ExpressionCallbackEnumerableMessagePackSerializer<TCollection,TItem>",3,4,0,0,1,60,5,0,0,0,3,0
ExpressionCallbackNonGenericCollectionMessagePackSerializer<TCollection>,3,4,0,0,1,60,5,0,0,0,3,0
ExpressionCallbackNonGenericDictionaryMessagePackSerializer<TDictionary>,1,2,0,0,1,33,2,0,0,0,2,0
ExpressionCallbackNonGenericEnumerableMessagePackSerializer<TCollection>,3,4,0,0,1,60,5,0,0,0,3,0
ExpressionCallbackNonGenericListMessagePackSerializer<TCollection>,1,2,0,0,1,33,2,0,0,0,2,0
"ExpressionCallbackReadOnlyCollectionMessagePackSerializer<TCollection,TItem>",2,3,0,0,1,50,4,0,0,0,2,0
"ExpressionCallbackReadOnlyDictionaryMessagePackSerializer<TDictionary,TKey,TValue>",2,3,0,0,1,50,4,0,0,0,2,0
ExpressionTreeSerializerBuilderHelpers,0,2,0,0,2,607,4,0,0,-1,9,1
ICallbackSerializerFactory,0,1,0,0,0,9,1,1,0,-1,1,1
CallbackSerializerFactory<T>,0,3,0,0,2,36,3,0,1,-1,1,0
IEnumerableCallbackSerializerFactory,0,1,0,0,0,10,1,1,0,-1,2,1
"EnumerableCallbackSerializerFactoryBase<TCollection,TItem,TSerializer>",0,2,0,0,1,30,2,0,1,-1,2,0
"EnumerableCallbackSerializerFactory<TCollection,TItem>",0,2,0,0,1,23,2,0,0,-1,2,0
NonGenericEnumerableCallbackSerializerFactory<TCollection>,0,2,0,0,1,23,2,0,0,-1,2,0
NonGenericCollectionCallbackSerializerFactory<TCollection>,0,2,0,0,1,23,2,0,0,-1,2,0
ICollectionCallbackSerializerFactory,0,1,0,0,0,9,1,3,0,-1,2,1
"CollectionCallbackSerializerFactoryBase<TCollection,TItem,TSerializer>",0,2,0,0,1,26,2,0,1,-1,2,0
"CollectionCallbackSerializerFactory<TCollection,TItem>",0,2,0,0,1,21,2,0,0,-1,2,0
"ReadOnlyCollectionCallbackSerializerFactory<TCollection,TItem>",0,2,0,0,1,22,2,0,0,-1,2,0
NonGenericListCallbackSerializerFactory<TCollection>,0,2,0,0,1,21,2,0,0,-1,2,0
NonGenericDictionaryCallbackSerializerFactory<TDictionary>,0,2,0,0,1,21,2,0,0,-1,2,0
"DictionaryCallbackSerializerFactory<TDictionary,TKey,TValue>",0,3,0,0,2,34,3,0,1,-1,2,0
"ReadOnlyDictionaryCallbackSerializerFactory<TDictionary,TKey,TValue>",0,3,0,0,2,37,3,0,1,-1,2,0
ExpressionCallbackEnumMessagePackSerializer<TEnum>,2,3,0,0,1,27,3,0,0,0,4,0
ExpressionCallbackMessagePackSerializer<T>,3,4,0,0,1,53,5,0,1,0,4,0
ExpressionConstruct,2,4,3,0,2,92,4,0,1,0.75,1,2
ExpressionDumper,2,42,0,0,1,1151,80,0,0,0.07000000029802322,0,1
ExpressionTreeContext,9,22,2,0,18,545,33,0,0,0.3600000143051147,11,2
ExpressionTreeSerializerBuilder<TObject>,2,64,0,0,1,630,75,0,0,0.9399999976158142,20,0
_DateTimeMessagePackSerializerHelpers,1,0,0,1,0,11,0,0,0,-1,0,3
_Decimal,1,0,0,1,0,6,0,0,0,-1,0,1
_EnumMessagePackSerializerHelpers,1,0,0,1,0,12,0,0,0,-1,0,3
_FieldInfo,3,0,0,3,0,12,0,0,0,-1,0,4
_MethodBase,2,0,0,2,0,14,0,0,0,-1,0,4
_CultureInfo,1,0,0,1,0,4,0,0,0,-1,0,1
_IDictionaryEnumerator,1,0,0,1,0,4,0,0,0,-1,0,1
_IEnumerator,3,2,0,2,2,42,5,0,0,1,2,2
_MessagePackSerializer,1,0,0,1,0,4,0,0,0,-1,0,1
_SerializationContext,2,0,0,2,0,7,0,0,0,-1,0,3
_String,2,0,0,2,0,9,0,0,0,-1,0,3
_MessagePackObject,1,0,0,1,0,4,0,0,0,-1,0,2
_IDisposable,1,0,0,1,0,4,0,0,0,-1,0,1
_DictionaryEntry,2,0,0,2,0,5,0,0,0,-1,0,1
_Type,1,0,0,1,0,4,0,0,0,-1,0,1
_Unpacker,7,0,0,7,0,12,0,0,0,-1,0,1
_Packer,3,0,0,3,0,6,0,0,0,-1,0,1
_UnpackHelpers,3,2,0,2,1,67,3,0,0,1,1,1
IPolymorphicHelperAttribute,0,0,1,0,0,4,0,3,0,-1,0,1
IPolymorphicKnownTypeAttribute,0,0,2,0,0,5,0,4,1,-1,0,1
IPolymorphicRuntimeTypeAttribute,0,0,0,0,0,4,0,4,1,-1,0,1
IPolymorphicTupleItemTypeAttribute,0,0,1,0,0,4,0,2,1,-1,0,1
IPolymorphicDeserializer,0,1,0,0,0,4,1,2,0,-1,1,9
KnownTypePolymorphicMessagePackSerializer<T>,3,8,0,0,1,121,13,0,1,0.6200000047683716,10,0
PolymorphicSerializerProvider<T>,1,2,0,0,2,43,5,0,1,0,4,0
TypeInfoEncoding,0,0,0,0,0,5,0,0,0,-1,0,1
TypeEmbedingPolymorphicMessagePackSerializer<T>,1,6,0,0,1,57,8,0,1,0.8299999833106995,8,0
TypeInfoEncoder,1,4,0,0,4,191,7,0,0,0.75,5,2
"ReflectionEnumerableMessagePackSerializer<TCollection,TItem>",2,4,0,0,1,76,5,0,0,0.5,6,0
"ReflectionCollectionMessagePackSerializer<TCollection,TItem>",1,2,0,0,1,43,2,0,0,0,3,0
"ReflectionDictionaryMessagePackSerializer<TDictionary,TKey,TValue>",1,2,0,0,1,47,2,0,0,0,3,0
ReflectionNilImplicationHandler,1,8,0,1,0,61,8,0,0,1,4,1
ReflectionEnumMessagePackSerializer<T>,0,3,0,0,1,52,3,0,0,-1,3,0
ReflectionNonGenericCollectionMessagePackSerializer<TCollection>,2,4,0,0,1,75,5,0,0,0.5,6,0
ReflectionNonGenericEnumerableMessagePackSerializer<TCollection>,2,4,0,0,1,86,5,0,0,0.5,6,0
ReflectionNonGenericDictionaryMessagePackSerializer<TDictionary>,1,2,0,0,1,44,2,0,0,0,3,0
ReflectionNonGenericListMessagePackSerializer<TList>,1,2,0,0,1,47,2,0,0,0,3,0
ReflectionSerializerHelper,0,5,0,0,5,436,12,0,0,-1,15,9
IVariantReflectionSerializerFactory,0,1,0,0,0,4,1,7,0,-1,2,1
NonGenericEnumerableSerializerFactory<T>,0,2,0,0,2,10,2,0,1,-1,2,0
NonGenericCollectionSerializerFactory<T>,0,2,0,0,2,10,2,0,1,-1,2,0
NonGenericListSerializerFactory<T>,0,2,0,0,2,10,2,0,1,-1,2,0
NonGenericDictionarySerializerFactory<T>,0,2,0,0,2,10,2,0,1,-1,2,0
"EnumerableSerializerFactory<TCollection,TItem>",0,2,0,0,2,11,2,0,1,-1,2,0
"CollectionSerializerFactory<TCollection,TItem>",0,2,0,0,2,11,2,0,1,-1,2,0
"DictionarySerializerFactory<TDictionary,TKey,TValue>",0,2,0,0,2,10,2,0,1,-1,2,0
ReflectionSerializerNilImplicationHandlerOnUnpackedParameter,4,1,2,2,1,20,1,0,2,0,0,1
ReflectionSerializerNilImplicationHandlerParameter,2,1,2,0,1,19,1,0,1,0,0,1
ReflectionTupleMessagePackSerializer<T>,4,5,0,0,1,124,15,0,1,0.4000000059604645,7,0
ReflectionObjectMessagePackSerializer<T>,10,7,0,0,1,345,31,0,1,0,18,0
GenericTypeExtensions,0,4,0,0,3,124,9,0,0,-1,1,0
ReflectionExtensions,0,1,0,0,1,28,2,0,0,-1,0,0
TracingILGenerator,21,315,8,0,282,5930,389,0,0,0.01999999955296516,0,19
