Type,NOF,NOM,NOP,NOPF,NOPM,LOC,WMC,NC,DIT,LCOM,Fan-Out,Fan-In
ActionExecutedContext,1,2,5,0,2,41,3,0,1,1,3,13
ActionExecutingContext,0,2,3,0,2,32,4,0,1,-1,2,14
AntiForgeryData,5,6,3,0,3,68,8,0,0,0.6700000166893005,0,8
AntiForgeryDataSerializer,1,3,1,0,2,86,5,1,0,0.6700000166893005,3,5
FormatterGenerator,1,1,0,1,0,36,1,0,0,0,0,0
TokenPersister,0,4,0,0,3,27,4,0,0,-1,0,0
AuthorizationContext,0,2,1,0,2,12,2,0,1,-1,1,18
ControllerContext,3,4,4,0,3,76,7,8,0,1,1,118
EmptyHttpContext,0,0,0,0,0,2,0,0,0,-1,0,0
PathHelpers,1,5,0,0,3,67,11,0,0,0,0,2
ExceptionContext,1,2,3,0,2,31,3,0,1,1,2,13
ResultExecutedContext,0,2,4,0,2,32,3,0,1,-1,2,12
ResultExecutingContext,0,2,2,0,2,22,3,0,1,-1,2,13
ValidateAntiForgeryTokenAttribute,2,3,2,0,1,57,8,0,1,0,5,1
HttpAntiForgeryException,0,4,0,0,3,14,4,0,0,-1,0,4
JavaScriptResult,0,1,1,0,1,16,3,0,1,-1,1,3
ActionDescriptor,1,7,2,0,7,39,9,2,0,0.8600000143051147,2,20
ActionMethodDispatcher,1,4,1,0,2,53,6,0,0,0,1,4
ActionMethodSelector,0,8,3,0,2,83,12,0,0,-1,5,4
ActionMethodSelectorAttribute,0,1,0,0,1,4,1,5,0,-1,1,10
ActionMethodSelectorCache,2,1,0,0,1,28,2,0,0,0,1,1
ActionNameSelectorAttribute,0,1,0,0,1,4,1,1,0,-1,1,2
AuthorizeAttribute,4,5,2,0,1,86,13,1,1,0.4000000059604645,1,6
ActionMethodDispatcherCache,0,2,0,0,2,7,2,0,0,-1,1,2
BindAttribute,4,2,3,0,1,40,2,0,0,0,0,8
ControllerBase,4,4,5,0,0,73,5,3,1,0,2,23
ActionNameAttribute,0,2,1,0,2,16,3,0,1,-1,2,1
AcceptVerbsAttribute,0,5,1,0,3,39,8,0,1,-1,3,1
AjaxHelper<TModel>,1,2,1,0,2,15,2,0,1,1,3,0
HtmlHelper<TModel>,1,2,1,0,2,15,2,0,1,1,3,0
DictionaryHelpers,0,2,0,0,2,27,7,0,0,-1,0,3
AjaxRequestExtensions,0,1,0,0,1,9,2,0,0,-1,0,1
ModelBinderDictionary,2,14,5,0,12,118,16,0,0,0.1400000005960464,3,9
ValueProviderDictionary,1,14,6,0,11,144,23,0,0,0.8600000143051147,2,4
ViewContext,0,2,3,0,2,41,6,0,1,-1,4,42
ViewType,1,0,1,0,0,14,0,0,0,-1,0,1
ViewTypeControlBuilder,1,2,0,0,2,16,2,0,0,0,0,0
ViewUserControlControlBuilder,0,1,1,0,1,17,2,0,0,-1,0,1
ViewPageControlBuilder,0,1,1,0,1,17,2,0,0,-1,0,1
ViewTypeParserFilter,3,8,4,0,7,114,15,0,0,0.6200000047683716,7,0
DirectiveType,0,0,0,0,0,6,0,0,0,-1,0,1
DefaultViewLocationCache,2,4,1,1,4,35,7,0,1,1,1,2
FormCollection,0,4,0,0,4,55,8,0,0,-1,2,2
FormCollectionBinderAttribute,1,1,0,0,1,17,1,0,1,0,1,0
FormCollectionModelBinder,0,1,0,0,1,8,2,0,1,-1,3,1
HttpPostedFileBaseModelBinder,0,1,0,0,1,21,5,0,1,-1,2,2
NullViewLocationCache,0,2,0,0,2,9,2,0,1,-1,0,0
ValidateInputAttribute,0,2,1,0,2,18,3,0,1,-1,2,1
FileContentResult,0,2,1,0,1,18,3,1,1,-1,0,3
FilePathResult,0,2,1,0,1,16,3,1,1,-1,1,3
FileResult,1,3,2,0,1,40,6,4,1,0.6700000166893005,2,1
FileStreamResult,1,2,1,0,1,30,3,1,2,1,0,3
InputType,0,0,0,0,0,7,0,0,0,-1,0,2
ControllerDescriptorCache,0,2,0,0,2,7,2,0,0,-1,1,2
ReflectedParameterBindingInfo,4,2,4,0,1,42,3,0,1,0,2,2
ParameterBindingInfo,0,0,4,0,0,22,0,3,0,-1,0,3
"ReaderWriterCache<TKey,TValue>",2,3,1,0,0,43,5,0,0,0.6700000166893005,0,0
DescriptorUtil,0,1,0,0,1,13,2,0,0,-1,0,2
ReflectedControllerDescriptor,3,8,1,0,6,56,12,0,1,0.6200000047683716,6,2
ControllerDescriptor,0,5,2,0,5,34,7,2,0,-1,1,19
ReflectedActionDescriptor,5,14,4,0,8,164,30,0,1,0.6399999856948853,12,6
HttpVerbs,0,0,0,0,0,8,0,0,0,-1,0,2
DefaultModelBinder,2,23,2,0,1,470,66,1,1,0,11,3
CollectionHelpers,2,4,0,0,2,33,7,0,0,1,0,1
ModelBindingContext,4,0,7,0,0,59,0,0,0,-1,1,26
ParameterDescriptor,1,3,4,0,3,37,5,1,0,0.6700000166893005,1,12
EmptyParameterBindingInfo,0,0,0,0,0,2,0,0,1,-1,0,1
RouteValuesHelpers,0,2,0,0,2,36,9,0,0,-1,0,2
SelectListItem,0,0,3,0,0,14,0,0,0,-1,0,4
TagRenderMode,0,0,0,0,0,6,0,0,0,-1,0,12
ReflectedParameterDescriptor,2,4,5,0,4,48,6,0,1,1,2,6
ValueProviderResult,2,6,3,0,3,111,15,0,0,0.5,1,15
CustomModelBinderAttribute,1,1,0,0,1,7,1,7,0,0,0,2
FormMethod,0,0,0,0,0,4,0,0,0,-1,0,5
IModelBinder,0,1,0,0,0,3,1,13,0,-1,2,12
ModelBinderAttribute,0,2,1,0,2,31,4,0,1,-1,2,2
ModelBinders,1,2,1,0,0,34,4,0,0,1,3,3
ModelStateDictionary,1,19,5,0,17,135,26,0,0,0.2099999934434891,4,18
ModelState,1,0,2,0,0,13,0,0,0,-1,1,16
ModelErrorCollection,0,2,0,0,2,9,2,0,0,-1,0,15
ModelError,0,3,2,0,3,24,4,0,0,-1,0,6
HandleErrorAttribute,4,1,3,0,1,75,5,0,1,0,3,1
HandleErrorInfo,0,1,3,0,1,28,4,0,0,-1,1,3
HttpUnauthorizedResult,0,1,0,0,1,11,2,0,1,-1,1,2
IActionInvoker,0,1,0,0,0,3,1,2,0,-1,1,4
IView,0,1,0,0,0,3,1,2,0,-1,1,16
IViewLocationCache,0,2,0,0,0,4,2,2,0,-1,0,4
MvcHttpHandler,0,1,0,0,0,8,2,3,0,-1,0,1
PartialViewResult,0,1,0,0,0,16,3,1,1,-1,4,3
SessionStateTempDataProvider,1,2,0,0,2,26,5,0,1,0,2,3
ITempDataProvider,0,2,0,0,0,4,2,5,0,-1,1,5
OutputCacheAttribute,1,1,10,0,1,106,2,0,1,0,2,4
OutputCachedPage,1,2,0,0,1,13,2,0,0,0,0,1
FilterInfo,4,0,4,0,0,26,0,0,0,-1,0,16
ActionFilterAttribute,0,4,0,0,4,13,4,4,1,-1,4,1
ActionResult,0,1,0,0,1,3,1,11,0,-1,1,16
AjaxHelper,0,2,4,0,2,36,5,1,0,-1,2,7
BuildManagerWrapper,0,2,0,0,0,10,2,0,1,-1,0,0
Controller,4,74,13,0,1,412,83,32,2,0.3400000035762787,29,12
ControllerActionInvoker,3,19,2,0,1,264,33,2,1,0,26,2
ControllerBuilder,3,4,2,0,4,58,7,0,0,0,2,8
ControllerTypeCache,2,4,1,0,2,75,9,0,0,0.5,2,2
ContentResult,0,1,3,0,1,29,5,0,1,-1,1,5
FilterAttribute,1,0,1,0,0,16,0,8,0,-1,0,4
IResultFilter,0,2,0,0,0,4,2,6,0,-1,2,2
IExceptionFilter,0,1,0,0,0,3,1,5,0,-1,1,2
IAuthorizationFilter,0,1,0,0,0,3,1,8,0,-1,1,2
JsonResult,0,1,3,0,1,36,5,0,1,-1,1,2
NameValueCollectionExtensions,0,2,0,0,2,18,6,0,0,-1,0,1
ViewDataDictionary<TModel>,0,4,1,0,3,29,5,0,1,-1,2,0
EmptyResult,1,1,1,0,1,10,1,0,1,0,1,4
MultiSelectList,0,10,4,0,5,89,14,1,0,-1,0,2
RedirectResult,0,2,1,0,2,23,4,0,1,-1,3,4
RedirectToRouteResult,1,3,3,0,3,39,5,0,1,1,3,6
DefaultControllerFactory,4,5,4,0,2,135,16,0,1,0.4000000059604645,5,2
HtmlHelper,5,22,6,3,15,217,34,3,0,0.550000011920929,17,44
IActionFilter,0,2,0,0,0,4,2,6,0,-1,2,3
IBuildManager,0,2,0,0,0,4,2,2,0,-1,0,4
IController,0,1,0,0,0,3,1,4,0,-1,0,15
IControllerFactory,0,2,0,0,0,4,2,7,0,-1,1,7
IViewDataContainer,0,0,1,0,0,5,0,4,0,-1,0,13
IViewEngine,0,3,0,0,0,5,3,1,0,-1,2,10
MvcHandler,3,6,5,1,1,83,9,3,0,0.5,4,5
MvcRouteHandler,0,2,0,0,0,10,2,1,0,-1,1,1
NonActionAttribute,0,1,0,0,1,6,1,0,1,-1,1,2
RouteCollectionExtensions,0,8,0,0,8,76,13,0,0,-1,1,2
IgnoreRouteInternal,0,2,0,0,2,10,2,0,0,-1,0,1
SelectList,0,5,1,0,4,23,5,0,1,-1,0,3
TagBuilder,7,11,4,0,10,108,20,0,0,0.449999988079071,2,13
TempDataDictionary,4,19,6,0,10,159,22,0,0,0,2,13
TypeHelpers,0,1,0,0,1,15,3,0,0,-1,0,3
UrlHelper,0,23,2,0,19,138,32,0,0,-1,3,10
ViewDataDictionary,3,17,6,0,15,246,23,1,0,0.2899999916553497,3,48
ViewDataEvaluator,0,5,0,0,1,97,18,0,0,-1,2,1
ExpressionPair,2,1,0,2,1,8,1,0,0,0,0,1
ViewEngineCollection,0,7,0,0,4,65,19,0,0,-1,4,11
ViewEngineResult,0,2,3,0,2,30,5,0,0,-1,2,9
ViewEngines,1,0,1,0,0,10,0,0,0,-1,1,2
ViewMasterPage,0,0,9,0,0,51,0,2,0,-1,0,2
ViewMasterPage<TModel>,3,0,4,0,0,34,0,0,1,-1,3,0
ViewPage,2,5,9,0,2,87,6,9,1,0.800000011920929,2,9
ViewPage<TModel>,1,2,4,0,1,37,2,0,2,1,2,0
ViewResult,1,1,1,0,0,25,3,1,1,0,4,6
ViewResultBase,4,2,5,0,1,73,6,3,1,0,8,0
ViewUserControl,5,5,10,0,1,143,10,4,1,0.4000000059604645,8,6
ViewUserControlContainerPage,0,1,0,0,1,5,1,0,2,-1,1,1
ViewUserControl<TModel>,3,1,4,0,0,40,1,0,2,0,4,0
VirtualPathProviderViewEngine,6,12,5,0,3,143,27,2,1,0.25,6,0
WebFormView,1,5,3,0,3,74,12,0,1,0.6000000238418579,5,3
WebFormViewEngine,1,4,1,0,1,54,4,1,2,1,3,2
AjaxOptions,10,3,10,0,0,133,5,0,0,0,2,3
AjaxExtensions,2,46,0,0,40,211,53,0,0,0.07000000029802322,9,2
InsertionMode,0,0,0,0,0,5,0,0,0,-1,0,4
MvcForm,2,4,0,0,3,24,6,0,0,0,0,5
FormExtensions,0,27,0,0,26,96,27,0,0,-1,7,0
InputExtensions,0,25,0,0,24,165,34,0,0,-1,9,0
RenderPartialExtensions,0,4,0,0,4,18,4,0,0,-1,3,0
SelectExtensions,0,15,0,0,12,135,31,0,0,-1,9,0
TextAreaExtensions,2,9,0,0,8,75,14,0,0,0.4399999976158142,8,0
ValidationExtensions,1,12,1,0,10,114,23,0,0,0.3300000131130219,11,0
LinkExtensions,0,20,0,0,20,74,24,0,0,-1,3,0
MvcResources,2,1,48,0,0,455,1,0,0,0,0,41
ExpressionHelper,0,4,0,0,2,64,13,0,0,-1,1,6
AjaxExtensions,0,1,0,0,1,11,2,0,0,-1,1,1
AsyncActionDescriptor,2,7,1,0,3,82,17,3,1,0.7099999785423279,7,1
AsyncActionMethodSelector,0,14,3,0,2,154,27,0,0,-1,10,2
AsyncController,3,7,1,0,0,77,9,2,3,0.4300000071525574,5,2
AsyncControllerActionInvoker,5,16,2,0,4,253,23,1,2,0.25,17,3
AsyncControllerDescriptorCache,0,2,0,0,2,7,2,0,0,-1,1,2
AsyncManager,1,7,4,0,6,71,9,0,0,0.5699999928474426,2,12
AsyncResultWrapper,0,15,0,0,12,172,20,0,0,-1,1,9
AsyncResultWrapperImpl<TResult>,8,5,9,0,2,95,11,0,0,0.4000000059604645,2,0
AsyncRouteCollectionExtensions,0,6,0,0,6,34,6,0,0,-1,1,0
AsyncTimeoutAttribute,0,2,1,0,2,27,5,1,2,-1,6,2
BinaryHtmlExtensions,0,4,0,0,4,18,4,0,0,-1,3,0
ByteArrayModelBinder,0,1,0,0,1,19,3,1,1,-1,3,2
ContinuationListener,4,3,0,0,2,22,5,0,0,0,1,2
AcceptAjaxAttribute,0,1,0,0,1,9,2,0,1,-1,1,1
RequireSslAttribute,0,1,1,0,1,28,4,0,1,-1,2,1
DescriptorUtil,0,1,0,0,1,13,2,0,0,-1,0,4
IAsyncActionDescriptor,0,2,0,0,0,4,2,1,0,-1,1,2
IAsyncActionInvoker,0,2,0,0,0,4,2,1,1,-1,1,2
IAsyncController,0,2,0,0,0,4,2,1,1,-1,0,3
IAsyncManagerContainer,0,0,1,0,0,5,0,2,0,-1,0,4
ManualAsyncResult,3,1,4,0,1,49,3,0,0,0,0,4
MethodDispatcherCache,0,2,0,0,2,7,2,0,0,-1,1,5
MethodDispatcher,1,4,1,0,2,53,6,0,0,0,0,6
MvcAsyncHandler,2,7,2,0,2,91,9,0,1,0.4300000071525574,7,3
MvcAsyncRouteHandler,0,1,0,0,0,5,1,0,1,-1,1,1
MvcHttpAsyncHandler,1,8,1,0,2,63,9,0,1,0.3799999952316284,3,0
MvcVerificationHttpHandler,1,2,0,1,1,9,2,0,1,1,0,1
NoAsyncTimeoutAttribute,0,1,0,0,1,5,1,0,3,-1,0,0
ObjectAsyncResult<T>,2,4,0,0,4,19,4,0,0,0.5,1,0
OutstandingAsyncOperations,1,6,1,0,5,34,8,0,0,0,0,7
"ReaderWriterCache<TKey,TValue>",2,3,1,0,0,43,5,0,0,0.6700000166893005,0,0
ReflectedAsyncControllerDescriptor,3,6,1,0,6,43,10,0,1,0.8299999833106995,4,2
ReflectedAsyncPatternActionDescriptor,4,13,4,0,9,166,31,0,2,0.6899999976158142,13,3
ReflectedDelegatePatternActionDescriptor,5,14,3,0,10,157,21,0,2,0.7099999785423279,17,3
ReflectedEventPatternActionDescriptor,4,14,4,0,10,170,22,0,2,0.7099999785423279,16,4
SingleFireEvent,1,1,0,0,1,8,1,0,0,0,0,5
SynchronizationContextHelper,0,3,0,0,3,32,4,0,0,-1,0,5
TypeHelpers,0,2,0,0,2,24,6,0,0,-1,0,5
ButtonBuilder,0,3,0,0,3,54,12,0,0,-1,2,1
ButtonsAndLinkExtensions,0,12,0,0,12,132,13,0,0,-1,7,0
CacheExtensions,0,1,0,0,1,6,1,0,0,-1,2,0
ContentTypeAttribute,0,3,1,0,3,20,4,0,2,-1,3,1
CookieTempDataProvider,2,7,1,0,3,63,11,0,1,0,2,1
ExpressionInputExtensions,2,21,0,0,20,87,22,0,0,0.4300000071525574,3,1
SkipBindingAttribute,1,1,0,0,1,12,1,0,1,0,1,0
NullBinder,0,1,0,0,1,5,1,0,1,-1,2,1
FileCollectionModelBinder,0,5,0,0,2,79,15,0,1,-1,5,1
CollectionType,0,0,0,0,0,6,0,0,0,-1,0,1
FormExtensions,0,4,0,0,4,26,4,0,0,-1,7,0
HtmlButtonType,0,0,0,0,0,5,0,0,0,-1,0,3
LinkBuilder,0,2,0,0,2,51,5,0,0,-1,1,1
LinkExtensions,0,3,0,0,3,29,3,0,0,-1,4,1
LinqBinaryModelBinder,0,1,0,0,1,9,2,0,2,-1,3,1
RadioListExtensions,0,8,0,0,6,72,16,0,0,-1,4,0
ImageExtensions,0,7,0,0,7,48,12,0,0,-1,6,1
MailToExtensions,0,8,0,0,8,65,17,0,0,-1,2,0
ViewExtensions,0,6,0,0,6,57,12,0,0,-1,4,0
RenderActionMvcHandler,0,3,0,0,2,10,3,0,1,-1,1,1
ActionLink,5,1,5,0,0,86,7,0,1,0,2,0
EncodeType,0,0,0,0,0,5,0,0,0,-1,0,1
DropDownList,2,3,2,0,0,138,10,0,1,0,8,1
Hidden,0,1,0,0,1,5,1,0,1,-1,0,0
Label,4,1,5,0,0,90,8,0,1,0,3,0
MvcControl,3,5,5,0,0,83,6,6,0,0,2,1
MvcInputControl,2,4,3,0,0,102,12,3,1,0.5,6,0
Password,0,1,0,0,1,5,1,0,2,-1,0,0
Repeater,1,1,3,0,0,59,4,0,1,0,3,0
RepeaterItem,2,1,4,0,1,27,1,0,1,0,0,1
RouteValues,1,5,1,0,0,32,6,0,0,0,0,1
TextBox,0,1,0,0,1,5,1,0,2,-1,0,0
MvcResources,2,1,33,0,0,320,1,0,0,0,0,20
