Type,NOF,NOM,NOP,NOPF,NOPM,LOC,WMC,NC,DIT,LCOM,Fan-Out,Fan-In
Guard,0,2,0,0,2,31,4,0,0,-1,1,4
QName,0,2,3,0,2,39,2,0,0,-1,0,8
XhtmlWriter,2,5,0,0,4,78,8,0,1,0,2,1
XmlBaseAwareXmlReader,2,22,1,0,19,240,26,0,1,0.3199999928474426,2,0
XmlBaseState,0,2,2,0,2,13,2,0,0,-1,0,1
XmlFirstLowerWriter,0,7,0,0,6,77,10,0,0,-1,0,2
XmlFirstUpperReader,0,14,2,0,13,133,17,0,0,-1,1,1
XmlFragmentReader,4,5,7,0,4,161,9,0,1,0.4000000059604645,2,0
XmlFragmentStream,7,9,5,0,9,157,16,0,0,0,1,0
XmlNamespaces,5,0,0,5,0,32,0,0,0,-1,0,1
XmlNodeFactory,0,5,0,0,4,219,5,0,0,-1,0,1
SerializableNode,0,16,20,0,15,125,16,3,0,-1,0,0
XPathNavigatorNode,1,2,0,0,2,14,2,0,1,0,0,0
XmlReaderNode,2,2,0,0,2,18,2,0,1,0,0,0
ObjectNode,1,2,0,0,2,15,2,0,1,0,0,0
XmlNodeListFactory,0,1,0,0,1,147,1,0,0,-1,1,2
XmlNodeListIterator,2,5,3,0,3,129,12,0,0,0.4000000059604645,2,2
XmlNodeListEnumerator,2,3,1,0,1,28,3,0,0,0,1,1
XmlNormalizingReader,2,5,3,0,4,123,13,0,1,0.4000000059604645,1,1
XmlPrefix,0,2,2,0,2,40,2,0,0,-1,0,1
XmlWrappingReader,1,18,24,0,16,280,20,4,0,0,1,4
XmlWrappingWriter,1,35,5,0,33,226,36,4,0,0,1,4
CacheKeyFactory,0,1,0,0,1,35,1,0,0,-1,1,1
SignatureExtractor,0,4,0,0,4,80,6,0,0,-1,2,1
StringSorter,1,2,0,0,2,24,2,0,0,0,0,3
XmlAttributeOverridesThumbprinter,0,19,0,0,1,335,44,0,0,-1,1,2
XmlSerializerCache,2,8,0,0,7,201,10,0,0,0.25,1,1
DynamicContext,1,12,1,0,12,272,18,0,0,0.9200000166893005,1,1
DynamicVariable,3,2,3,0,1,78,3,0,0,0,0,0
EmptyXPathNodeIterator,1,3,3,1,2,40,3,0,0,1,0,2
IHasXPathNavigator,0,1,0,0,0,7,1,1,0,-1,0,0
IndexingXPathNavigator,2,23,12,0,23,673,23,0,0,0,2,1
IndexingXsltContext,1,5,1,0,5,77,7,0,0,0.800000011920929,3,0
KeyExtensionFunction,3,2,4,0,2,47,2,0,0,0,1,1
KeyDef,3,2,4,0,2,53,2,0,0,0,0,3
XPathNavigatorIndex,2,5,0,0,4,114,15,0,0,0,2,1
XPathNavigatorIndexManager,3,3,0,0,3,93,13,0,0,0,2,3
SingletonXPathNodeIterator,2,3,3,0,3,50,4,0,0,0.6700000166893005,0,1
SubtreeXPathNavigator,3,21,14,0,20,351,38,0,0,0,0,3
XPathCache,0,52,1,0,46,686,68,0,0,-1,5,6
XPathDocumentWriter,4,8,1,0,4,112,10,0,1,0.25,3,1
XPathIteratorReader,3,24,18,0,23,449,29,0,0,0.2099999934434891,2,1
FakedRootReader,3,18,18,0,18,159,21,0,0,0.8299999833106995,0,1
XPathNavigatorIterator,2,15,3,0,15,210,28,0,0,0.2000000029802322,1,4
XPathVariable,0,3,2,0,3,63,3,0,0,-1,0,1
DocPair,0,1,2,0,1,10,1,0,0,-1,0,1
ExsltContext,14,9,2,0,7,366,29,0,0,0.5600000023841858,15,1
ExsltContextFunction,3,2,4,0,2,40,2,0,0,0,0,1
ExsltDatesAndTimes,4,106,0,0,96,2434,127,1,0,0.3100000023841858,10,2
ExsltDateTimeFactory,0,2,0,0,2,96,2,0,0,-1,9,1
ExsltDateTime,3,10,2,2,10,181,18,8,0,0,0,9
DateTimeTz,0,3,2,0,3,46,3,0,1,-1,1,2
DateTz,0,3,2,0,3,48,3,0,1,-1,1,3
TimeTz,0,2,2,0,2,47,2,0,1,-1,0,2
YearMonth,0,3,2,0,3,47,3,0,1,-1,1,2
YearTz,0,3,2,0,3,48,3,0,1,-1,1,2
Month,0,3,2,0,3,48,3,0,1,-1,1,2
Day,0,3,2,0,3,48,3,0,1,-1,1,2
MonthDay,0,3,2,0,3,47,3,0,1,-1,1,2
ExsltMath,0,36,0,0,36,387,48,0,0,-1,2,2
ExsltNamespaces,12,0,0,12,0,27,0,0,0,-1,0,3
ExsltRandom,0,7,0,0,6,97,11,0,0,-1,0,2
ExsltRegularExpressions,0,10,0,0,10,171,19,0,0,-1,0,2
ExsltSets,0,16,0,0,12,405,45,0,0,-1,2,2
AuxExslt,0,2,0,0,2,116,12,0,0,-1,1,2
ExsltStrings,1,32,0,0,28,579,50,0,0,0.4099999964237213,0,2
ExsltFunctionNamespace,0,0,0,0,0,35,0,0,0,-1,0,4
ExsltTransform,16,23,3,0,22,545,30,0,0,0,14,0
GdnDatesAndTimes,0,22,0,0,22,365,28,0,1,-1,1,2
GdnDynamic,0,4,0,0,4,86,10,0,0,-1,1,2
GdnMath,0,2,0,0,2,40,4,0,0,-1,0,2
GdnRegularExpressions,0,4,0,0,4,83,8,0,0,-1,0,2
GdnSets,0,4,0,0,3,77,10,0,0,-1,2,2
GdnStrings,0,4,0,0,4,30,4,0,0,-1,0,2
RedirectState,0,0,0,0,0,19,0,0,0,-1,0,1
MultiXmlTextWriter,7,15,0,0,13,492,37,0,0,0.2000000029802322,3,1
OutputMethod,0,0,0,0,0,1,0,0,0,-1,0,2
OutputState,0,3,11,0,3,182,11,0,0,-1,1,1
CharacterMap,0,2,2,0,2,33,3,0,0,-1,0,2
CharacterMapping,1,3,0,0,2,65,11,0,0,0,1,1
CharacterMappingXmlReader,12,3,0,0,3,106,6,0,1,0,3,3
CharacterMappingXmlWriter,2,4,0,0,3,74,9,0,1,0,2,1
IXmlTransform,0,1,1,0,0,16,1,1,0,-1,2,0
XmlInput,2,10,0,0,10,122,10,0,0,0.6000000238418579,0,5
OutputResolver,1,2,0,0,2,28,3,0,0,0,0,0
XmlOutput,1,4,1,0,4,47,4,0,0,0,0,3
DefaultXmlResolver,0,0,0,0,0,3,0,0,0,-1,0,1
MvpXslTransform,4,20,6,0,13,569,55,0,1,0.4000000059604645,8,3
XslReader,20,27,17,0,17,1141,60,0,0,0.1899999976158142,5,2
XmlToken,3,2,0,3,2,22,2,0,0,0,1,2
BufferWriter,9,29,3,4,26,187,33,0,0,0.5199999809265137,3,1
QNameTable,2,2,0,0,2,47,3,0,0,0,1,1
ScopeManager,6,11,3,0,8,161,19,0,0,0,1,1
TokenPipe,5,8,0,0,8,76,11,1,0,0.3799999952316284,2,3
TokenPipeMultiThread,1,9,0,0,8,118,10,0,1,0.3300000131130219,3,0
Resources,2,1,59,0,0,554,1,0,0,0,0,17
TextIncludingReader,8,20,18,0,19,259,22,0,0,0.6499999761581421,3,0
TextUtils,0,2,0,0,2,59,8,0,0,-1,0,2
XIncludeException,0,2,0,0,0,19,2,2,0,-1,0,0
ResourceException,0,2,0,0,2,19,2,0,1,-1,0,0
FatalException,0,2,0,0,0,19,2,7,1,-1,0,0
NonXmlCharacterException,0,1,0,0,1,12,1,0,2,-1,0,0
CircularInclusionException,0,2,0,0,2,22,2,0,2,-1,0,0
FatalResourceException,0,1,0,0,1,10,1,0,2,-1,0,0
XIncludeSyntaxError,0,1,0,0,1,9,1,0,2,-1,0,0
AttributeOrNamespaceInIncludeLocationError,0,1,0,0,1,9,1,0,2,-1,0,0
MalformedXInclusionResultError,0,1,0,0,1,9,1,0,2,-1,0,0
InvalidAcceptHTTPHeaderValueError,0,1,0,0,1,10,1,0,2,-1,0,0
XIncludeKeywords,30,2,17,0,2,108,2,0,0,1,0,1
XIncludingReader,15,49,25,0,31,1703,119,0,0,0.239999994635582,5,3
FallbackState,3,0,0,3,0,9,0,0,0,-1,0,1
XIncludingReaderState,0,0,0,0,0,13,0,0,0,-1,0,1
ElementSchemaPointerPart,0,2,1,0,2,71,8,0,1,-1,4,1
LexUtils,5,7,0,0,5,187,9,0,0,0.2899999916553497,0,1
Pointer,0,2,0,0,2,22,2,2,0,-1,1,3
PointerPart,0,1,0,0,1,10,1,4,0,-1,0,2
SchemaBasedPointer,2,2,0,0,2,38,4,0,1,0,2,1
ShorthandPointer,1,2,0,0,2,32,3,0,1,0,2,0
XmlnsSchemaPointerPart,0,3,2,0,3,64,5,0,1,-1,3,1
XPath1SchemaPointerPart,1,2,0,0,2,39,2,0,1,0,3,1
XPointerException,0,2,0,0,2,19,2,2,0,-1,0,0
XPointerSyntaxException,0,2,0,0,2,19,2,0,1,-1,0,0
NoSubresourcesIdentifiedException,0,2,0,0,2,19,2,0,1,-1,0,0
XPointerLexer,3,6,5,0,5,198,13,0,0,0,3,5
LexKind,0,0,0,0,0,14,0,0,0,-1,0,4
XPointerParser,1,2,0,0,1,120,12,0,0,0,12,2
XPointerReader,3,29,20,0,27,371,36,0,1,0.2099999934434891,3,1
XPointerSchema,1,1,0,1,0,23,1,0,0,0,1,1
SchemaType,0,0,0,0,0,8,0,0,0,-1,0,2
XPointerSchemaPointerPart,1,3,0,0,3,39,3,0,1,0.6700000166893005,3,1
