Type,NOF,NOM,NOP,NOPF,NOPM,LOC,WMC,NC,DIT,LCOM,Fan-Out,Fan-In
ServerEntryPoint,0,2,0,0,0,38,2,0,1,-1,3,0
AgentHost,5,6,3,1,4,137,14,0,0,0,8,8
AgentParameters,0,1,1,0,1,25,1,0,0,-1,1,2
AgentProgram,1,2,1,0,2,91,2,0,1,0,6,1
IAgentExternalModule,0,3,0,0,0,20,3,2,0,-1,1,1
INativeRunnerCache,0,2,0,0,0,18,2,1,0,-1,2,1
NativeRunnerCache,1,4,0,0,2,85,8,0,1,0,4,0
TestRunnerMetadata,0,0,1,0,0,5,0,0,0,-1,0,1
AgentTestRunner,6,4,0,0,4,171,6,0,0,0,19,1
Agent,7,10,2,0,8,200,11,0,1,0.300000011920929,16,7
AgentConfiguration,0,1,5,0,1,71,1,0,0,-1,0,6
AnnouncementModule,7,9,0,0,4,146,9,0,1,0,4,0
DiscoveryModule,3,4,0,0,4,68,5,0,1,0.75,3,0
ExceptionEntry,0,1,3,0,1,41,1,0,0,-1,0,0
LogConfiguration,0,0,1,0,0,16,0,0,0,-1,0,1
LogEntry,0,1,5,0,1,51,1,0,0,-1,1,3
RollingLog,2,13,0,0,11,126,13,0,1,0.1500000059604645,2,4
InstanceTracker,4,9,0,0,4,141,14,0,1,0,3,1
IInstanceTracker,0,2,0,0,0,13,2,1,0,-1,0,2
InstanceTrackerState,0,0,2,0,0,16,0,0,0,-1,0,2
NDistribUnitProcessRunner,3,5,2,0,5,132,12,0,1,0.4000000059604645,10,2
DistributedConfigurationSetup,0,1,1,0,1,15,1,0,0,-1,0,3
IDistributedConfigurationOperator,0,2,0,0,0,19,2,1,0,-1,3,2
TestDataProvider,1,3,11,0,3,117,9,0,1,0.6700000166893005,3,0
TestResultExtensions,3,10,0,0,10,163,22,0,0,0.800000011920929,3,0
TestResultFactory,0,8,0,0,6,152,13,0,0,-1,10,3
TestType,10,0,0,10,0,27,0,0,0,-1,0,6
TestResultsProcessor,0,4,0,0,1,86,14,0,0,-1,4,6
ITestReprocessor,0,1,0,0,0,10,1,1,0,-1,3,1
IResultsStorage,0,3,0,0,0,23,3,1,0,-1,2,2
ITestResultsSerializer,0,3,0,0,0,22,3,1,0,-1,1,2
ITestsRetriever,0,1,0,0,0,10,1,1,0,-1,2,1
NUnitTestsFilter,1,3,2,0,3,75,8,0,1,0,4,2
TestReprocessor,3,4,0,0,2,152,19,0,1,0,17,1
ReprocessingVerdict,0,0,0,0,0,8,0,0,0,-1,0,1
ResultsStorage,7,10,0,0,4,162,13,0,1,0,7,0
RunResultsCollection,7,7,1,0,3,129,8,0,0,0,3,1
TestUnitAttachedData,1,3,1,0,3,45,4,0,0,0.6700000166893005,3,1
TestAgentsCollection,2,8,2,1,7,160,9,0,0,0.5,2,0
ServerTestRunner,12,10,0,0,1,338,24,0,0,0,28,1
TestResultsSerializer,0,3,0,0,3,37,3,0,1,-1,2,0
TestsRetriever,3,3,0,0,2,79,5,0,1,0,13,1
InAnotherDomainTestsRetriever,0,3,0,0,1,60,8,0,0,-1,12,1
ITestSystemInitializer,0,1,0,0,0,7,1,1,0,-1,0,2
NUnitInitializer,0,1,1,0,1,30,2,0,1,-1,2,1
TestUnit,0,1,4,0,1,45,1,0,0,-1,2,12
TestUnitsCollection,3,6,1,1,6,107,6,0,1,0,3,3
ITestUnitsCollection,0,1,0,0,0,8,1,1,0,-1,1,2
TestUnitWithMetadata,0,2,5,0,2,67,2,0,0,-1,2,12
ClientParameters,0,2,5,0,2,79,2,0,0,-1,3,5
ClientProgram,2,2,0,0,2,71,3,0,1,0,8,1
NUnitParameters,0,1,7,0,1,66,1,0,0,-1,0,13
IClient,0,1,0,0,0,14,1,1,0,-1,0,1
Client,11,8,0,0,3,313,23,0,1,0.25,20,2
AssemblyResolver,4,9,0,0,6,144,23,0,0,0.2199999988079071,1,2
ConfigurationFileMerger,0,2,0,0,1,65,5,0,0,-1,1,1
InAnotherDomainConfigurationMerger,0,6,0,0,2,185,24,0,0,-1,0,1
PathUtilities,1,1,0,0,1,19,2,0,0,0,0,1
Unlocker,1,2,0,0,2,22,2,0,0,0,0,1
CrossThreadPipe<TObject>,5,6,3,0,4,159,6,0,0,0.5,0,0
StartupCleaner,1,4,0,0,3,58,5,0,0,0.5,2,1
ServiceConfiguration,1,0,0,1,0,7,0,0,0,-1,0,0
IConnectionProvider,0,1,0,0,0,8,1,2,0,-1,0,5
PingableCollection<TPingable>,3,10,2,0,7,232,12,0,0,0.300000011920929,4,0
PingableMetadata,0,3,2,0,2,25,8,0,0,-1,0,1
ZipSource,0,3,0,0,2,55,5,0,0,-1,0,4
ExceptionCatcher,1,4,0,0,3,51,4,0,0,0,1,7
GeneralProgram,4,3,0,0,0,166,4,3,0,0,5,0
DomainManager,0,5,0,0,4,103,11,0,0,-1,3,2
InAnotherDomainResolverCreator,1,2,0,0,2,22,3,0,0,0,1,1
EnumExtensions,0,1,0,0,1,16,1,0,0,-1,0,0
ObjectExtensions,1,1,0,0,1,15,1,0,0,0,0,0
Win32,0,1,0,0,1,28,1,0,0,-1,1,1
SetInformationHandleFlags,0,0,0,0,0,14,0,0,0,-1,0,2
ProcessCreationWatcher,2,3,0,0,2,39,3,0,0,0.6700000166893005,1,0
ProcessTreeKiller,1,5,0,0,4,72,8,0,0,0.4000000059604645,1,2
Win32_Process,9,66,85,0,27,2028,132,0,0,0.550000011920929,2,3
ExecutionStateValues,0,0,0,0,0,24,0,0,0,-1,0,0
ProcessCollection,1,3,3,0,3,61,4,0,0,0,1,1
ProcessEnumerator,1,3,1,0,3,22,3,0,0,0,0,1
WMIValueTypeConverter,2,12,0,0,12,79,18,0,0,0,0,0
ManagementSystemProperties,1,1,10,0,1,79,1,0,0,0,0,1
Test,0,0,0,0,0,2,0,0,0,-1,0,0
TestResultType,0,0,0,0,0,14,0,0,0,-1,0,1
AgentInformation,1,0,6,0,0,62,0,0,0,-1,1,1
TestRun,0,6,5,0,6,107,11,0,0,-1,0,29
UpdatePackage,0,0,3,0,0,31,0,0,0,-1,0,9
WindowsLog,3,11,0,0,10,110,12,0,1,0.550000011920929,1,0
CombinedLog,1,10,0,0,10,122,19,0,1,0,1,0
ConsoleLog,0,10,0,0,9,103,11,0,1,-1,1,4
ILog,0,9,0,0,0,58,9,4,0,-1,0,31
LogEntryType,0,0,0,0,0,32,0,0,0,-1,0,4
LoggingUtility,0,3,0,0,1,60,7,0,0,-1,0,2
RealConnectionProvider,0,1,0,0,1,38,4,0,1,-1,0,0
WcfUtilities,0,2,0,0,2,40,2,0,0,-1,0,1
ReturnCodes,0,0,0,0,0,29,0,0,0,-1,0,6
IUpdateReceiver,0,1,0,0,0,8,1,2,0,-1,1,2
CurrentAssemblyVersionProvider,0,1,0,0,1,7,1,0,1,-1,0,0
IVersionProvider,0,1,0,0,0,8,1,2,0,-1,0,6
UpdateReceiver,3,3,0,0,2,65,5,0,1,0,4,0
UpdatesMonitor,7,7,0,0,3,97,11,0,0,0,4,4
PingResult,0,0,2,0,0,18,0,0,0,-1,0,4
AgentState,0,0,0,0,0,37,0,0,0,-1,0,8
ProjectDescription,0,0,2,0,0,15,0,0,0,-1,0,1
EventArgs<T>,0,1,1,0,1,19,1,0,0,-1,0,0
StreamWrapper,2,15,8,0,15,351,15,0,0,0,1,0
RollingList<TValue>,0,8,4,0,6,204,10,0,0,-1,0,0
RollingListItem<TValue>,0,0,3,0,0,18,0,0,0,-1,0,0
EventExtensions,0,5,0,0,5,72,10,0,0,-1,0,0
DirectoryHash,6,9,1,0,4,212,27,0,0,0,0,2
ErrorLevel,0,0,0,0,0,9,0,0,0,-1,0,0
HashValidationException,1,2,1,0,2,25,2,0,0,1,0,1
IProjectReceiver,0,2,0,0,0,20,2,2,0,-1,2,0
ProjectMessage,0,0,2,0,0,21,0,0,0,-1,0,5
IRemoteAppPart,0,2,0,0,0,19,2,3,1,-1,1,5
IAgent,0,2,0,0,0,21,2,3,1,-1,3,3
IServer,0,2,0,0,0,21,2,1,1,-1,2,3
UpdateRequest,0,0,1,0,0,12,0,0,0,-1,0,2
IDashboardService,0,6,0,0,0,51,6,1,0,-1,0,1
EntryPoint,2,2,0,0,0,74,6,3,0,0,7,0
AgentMetadata,0,2,6,0,2,70,2,0,1,-1,0,13
IAgentStateSetter,0,0,1,0,0,10,0,1,0,-1,0,1
AgentsCollection,3,16,2,0,15,233,19,0,0,0,5,7
AgentsTracker,8,11,0,0,3,259,19,0,0,0,10,2
AgentUpdater,5,2,0,0,2,81,4,0,1,0,7,0
IAgentUpdater,0,1,0,0,0,8,1,1,0,-1,1,1
IConnectionsHostOptions,0,0,2,0,0,15,0,1,0,-1,0,5
PredefinedAgentsElementCollection,0,2,0,0,0,26,2,0,0,-1,1,0
PredefinedAgentsProvider,2,4,0,0,3,48,6,0,1,0,2,0
PredefinedAgentsElement,0,0,1,0,0,15,0,0,0,-1,0,2
PredefinedAgentsConfigurationSection,0,0,2,0,0,20,0,0,0,-1,0,1
AnnouncementAgentsProvider,4,4,0,0,3,53,5,0,1,0.5,2,0
IAgentsProvider,0,2,0,0,0,17,2,4,0,-1,0,1
DiscoveryAgentsProvider,6,7,0,0,3,96,9,0,1,0.2899999916553497,4,0
DiscoveryAgentsProviderOptions,0,0,1,0,0,16,0,0,0,-1,0,1
ServerProgram,1,2,0,0,2,52,2,0,1,0,6,1
ConnectionTrackerElement,0,0,6,0,0,75,0,0,0,-1,0,2
ServerConfiguration,0,0,8,0,0,95,0,0,1,-1,0,5
ConnectionTrackerConfigurations,0,2,0,0,0,27,2,0,0,-1,1,0
DistributedConfigurationOperator,3,7,0,0,2,214,30,0,1,0,9,1
DistributedConfigurationSubstitutions,0,3,1,0,3,57,8,0,0,-1,1,11
DistributedConfigurationVariable,0,2,1,0,1,25,2,1,0,-1,0,2
DistributedConfigurationVariablesValue,0,1,2,0,1,30,1,0,0,-1,0,2
SequenceDistributedConfigurationVariable,1,2,3,0,2,56,2,0,1,1,0,0
SchedulingHint,0,0,0,0,0,22,0,0,0,-1,0,2
ITestsScheduler,0,1,0,0,0,8,1,1,0,-1,0,1
TestsScheduler,4,3,0,0,2,87,3,0,1,0,10,1
AgentDependenciesModule,1,2,1,0,1,48,2,0,0,0,2,0
ClientDependenciesModule,0,1,0,0,0,18,1,0,0,-1,0,0
CommonDependenciesModule,0,2,0,0,1,42,2,0,0,-1,2,0
ServerDependenciesModule,0,2,2,0,1,77,4,0,0,-1,2,0
Retry,0,1,0,0,1,22,3,0,0,-1,0,2
ServerHost,7,6,1,0,4,85,6,0,0,0,7,3
DashboardService,6,8,0,0,7,195,15,0,1,0.25,11,1
AgentView,0,0,4,0,0,39,0,0,0,-1,0,0
Server,7,5,0,0,5,116,8,0,2,0,14,2
MatchType,0,0,0,0,0,9,0,0,0,-1,0,3
TestRunFailureSpecialHandling,3,3,5,0,1,112,10,0,0,0,1,4
ITestRunParametersFileReader,0,1,0,0,0,9,1,1,0,-1,0,1
TestRunParameters,1,2,2,1,2,52,2,0,0,0,1,6
TestRunParametersFileReader,0,1,0,0,1,14,1,0,1,-1,2,0
TestRunParametersXmlReader,0,1,0,0,1,13,1,0,0,-1,1,2
TestRunRequest,0,1,6,0,1,62,1,0,0,-1,2,9
RequestStatistics,2,3,2,0,3,47,3,0,0,0.6700000166893005,0,2
TestRunRequestStatus,0,0,0,0,0,27,0,0,0,-1,0,2
NoAvailableAgentsException,0,1,1,0,1,19,1,0,0,-1,0,1
IProjectPackager,0,1,0,0,0,9,1,1,0,-1,0,2
IRequestsStorage,0,3,0,0,0,26,3,1,0,-1,1,3
ProjectPackager,1,2,0,0,2,31,4,0,1,0,1,0
RequestsStorage,1,4,0,0,4,64,6,0,1,0.5,5,2
IProjectsStorage,0,5,0,0,0,39,5,1,0,-1,1,5
ProjectsStorage,9,11,1,0,6,259,13,0,1,0,6,0
TestProject,0,1,1,0,1,16,1,0,0,-1,0,8
IPingable,0,1,0,0,0,11,1,1,0,-1,0,0
OptionMatchDescription,0,1,4,0,1,37,1,0,0,-1,0,1
ConsoleParametersParser,1,6,2,0,3,166,15,0,0,0.5,2,3
ConsoleOption,1,2,2,1,2,40,2,0,0,1,0,3
BootstrapperParameters,2,2,4,0,2,71,2,0,0,0,0,13
IUpdateSource,0,1,0,0,0,8,1,1,0,-1,0,3
UpdateSource,1,2,0,0,2,29,3,0,1,0,2,0
VersionDirectoryFinder,2,3,0,1,3,80,6,0,0,0,3,3
ReturnCodes,0,0,0,0,0,29,0,0,0,-1,0,1
ConsoleOption,1,2,2,1,2,40,2,0,0,1,0,1
ConsoleParametersParser,1,6,2,0,3,166,15,0,0,0.5,2,0
OptionMatchDescription,0,1,4,0,1,37,1,0,0,-1,0,1
DirectoryHash,6,9,1,0,4,212,27,0,0,0,0,1
ErrorLevel,0,0,0,0,0,9,0,0,0,-1,0,0
HashValidationException,1,2,1,0,2,25,2,0,0,1,0,1
CombinedLog,1,10,0,0,10,122,18,0,1,0.2000000029802322,1,0
ConsoleLog,0,10,0,0,9,103,11,0,1,-1,1,0
ILog,0,9,0,0,0,58,9,3,0,-1,0,4
LoggingUtility,0,3,0,0,1,60,7,0,0,-1,0,2
WindowsLog,3,11,0,0,10,110,12,0,1,0.550000011920929,1,0
BootstrapperParameters,2,2,4,0,2,71,2,0,0,0,0,1
VersionDirectoryFinder,2,3,0,1,3,80,6,0,0,0,3,1
UnhandledExceptionLogger,1,2,0,0,2,17,2,0,0,0,1,1
BootstrapperProgram,3,4,0,0,0,102,10,0,0,0,5,0
