Type,NOF,NOM,NOP,NOPF,NOPM,LOC,WMC,NC,DIT,LCOM,Fan-Out,Fan-In
AbiCompatibility,0,0,0,0,0,17,0,0,0,-1,0,2
AbiEventArgs,0,1,1,0,1,10,1,0,0,-1,0,1
AbiComparer,0,8,1,0,2,179,45,0,0,-1,14,1
TypeGraph,1,3,0,0,3,54,13,0,0,0.6700000166893005,5,2
TypeGraphNode,3,1,3,0,1,26,1,0,0,0,1,2
SymbolCollector,0,5,2,0,1,129,11,0,0,-1,13,2
DocumentationComment,2,4,1,0,4,67,8,1,0,0.5,4,12
GetPotentiallyNestedClassTypeReference,2,2,0,0,2,39,8,0,1,0,5,0
IDocumentationProvider,0,1,0,0,0,7,1,4,0,-1,1,3
IUnresolvedDocumentationProvider,0,2,0,0,0,12,2,1,0,-1,2,0
XmlDocumentationProvider,4,12,0,0,5,329,25,0,1,0,6,0
XmlDocumentationCache,2,3,0,0,1,31,7,0,0,0,0,1
IndexEntry,2,2,0,0,1,24,2,0,0,0,0,1
LinePositionMapper,2,2,0,0,2,24,5,0,0,0,0,1
IdStringProvider,0,10,0,0,5,359,45,0,0,-1,20,8
IdStringMemberReference,3,3,1,0,2,48,6,0,1,0,8,1
IDocument,0,17,3,0,0,177,17,2,1,-1,3,27
IDocumentLine,0,0,6,0,0,34,0,1,1,-1,0,9
ISegment,0,0,3,0,0,19,0,6,0,-1,0,16
ISegmentExtensions,0,2,0,0,2,22,2,0,0,-1,1,0
ITextAnchor,0,0,7,0,0,70,0,2,0,-1,0,0
AnchorMovementType,0,0,0,0,0,19,0,0,0,-1,0,7
ITextSource,0,14,3,0,0,145,14,2,0,-1,1,15
ITextSourceVersion,0,4,0,0,0,34,4,1,0,-1,1,6
ReadOnlyDocument,4,39,5,0,24,420,49,0,2,0.3600000143051147,7,13
ReadOnlyDocumentLine,4,3,9,0,3,75,3,0,2,0,1,1
ReadOnlyDocumentTextAnchor,2,1,7,0,1,37,1,0,1,0,1,1
StringBuilderDocument,7,37,5,0,35,462,64,0,2,0.239999994635582,12,3
InsertionWithMovementBefore,0,2,0,0,2,15,3,0,1,-1,2,0
SimpleAnchor,2,3,7,0,3,60,5,0,1,0.6700000166893005,2,1
StringTextSource,3,16,3,1,16,133,19,0,1,0.119999997317791,2,5
TextChangeEventArgs,3,4,5,0,4,91,8,1,0,0,3,6
TextSourceVersionProvider,1,2,1,0,2,101,3,0,0,0,2,3
Version,4,7,0,0,4,71,12,0,1,0,4,1
ITextPasteHandler,0,2,0,0,0,19,2,1,0,-1,1,1
IAnnotatable,0,5,1,0,0,51,5,1,0,-1,0,1
AbstractAnnotatable,1,6,1,0,5,166,17,1,1,0,1,1
AnnotationList,0,2,0,0,2,22,2,0,0,-1,0,1
Role,4,3,1,1,2,37,4,2,0,0.6700000166893005,0,60
Role<T>,2,4,1,0,4,44,7,0,1,0.5,1,0
TextLocation,5,6,3,3,6,157,9,0,0,0.6700000166893005,0,88
TextLocationConverter,0,4,0,0,4,32,7,0,0,-1,1,0
EmptyList<T>,1,14,4,1,0,92,14,0,0,1,0,0
UnicodeNewline,0,0,0,0,0,41,0,0,0,-1,0,4
NewLine,7,8,0,7,8,280,23,0,0,0.25,1,9
BacktrackingInfo,1,0,0,0,0,4,0,0,0,-1,0,6
Choice,1,5,0,0,3,40,9,0,1,0,2,5
AnyNode,1,2,1,0,2,19,2,0,1,0,2,2
Backreference,1,2,1,0,2,23,4,0,1,0,2,1
INode,0,2,4,0,0,10,2,3,0,-1,3,21
PatternExtensions,0,2,0,0,2,32,5,0,0,-1,2,0
Match,1,8,1,0,4,72,19,0,0,0,1,165
NamedNode,2,2,2,0,2,27,3,0,1,0,2,2
OptionalNode,1,4,1,0,4,33,6,0,1,0,4,2
Repeat,1,3,3,0,3,46,8,0,1,0,4,1
Pattern,1,4,4,1,4,85,13,10,1,0.75,5,15
PossibleMatch,2,1,0,2,1,11,1,0,0,0,1,1
AnyNodeOrNull,1,2,1,0,2,23,3,0,2,0,2,0
AmbiguousTypeResolveResult,0,1,1,0,1,10,1,0,1,-1,1,2
AmbiguousMemberResolveResult,0,1,1,0,1,10,1,0,1,-1,2,1
ArrayAccessResolveResult,2,2,0,2,2,20,4,0,1,0,2,5
ArrayCreateResolveResult,2,2,0,2,2,30,4,0,1,0,1,8
ByReferenceResolveResult,1,4,3,1,4,36,5,0,1,0.75,2,3
ConstantResolveResult,1,2,2,0,2,22,2,0,1,0,1,16
ConversionResolveResult,3,3,1,3,3,37,5,1,1,0,3,17
SizeOfResolveResult,2,1,4,0,1,39,2,0,1,0,1,2
ErrorResolveResult,1,2,3,1,2,25,2,0,1,0,2,11
Conversion,19,9,24,19,9,541,14,7,0,1,4,58
InvalidConversion,0,1,1,0,1,11,1,0,1,-1,0,0
NumericOrEnumerationConversion,3,4,5,0,4,52,4,0,1,0,1,1
BuiltinConversion,2,2,12,0,2,92,3,0,1,0,0,0
UserDefinedConv,6,4,8,0,4,70,4,0,1,0,2,1
MethodGroupConv,4,3,6,0,3,50,3,0,1,0,2,1
ForEachResolveResult,7,1,0,7,1,63,6,0,1,0,5,5
InitializedObjectResolveResult,0,1,0,0,1,6,1,0,1,-1,1,0
InvocationResolveResult,2,3,1,2,3,45,3,1,1,0,4,15
LocalResolveResult,1,4,4,0,3,49,7,0,1,0,6,38
MemberResolveResult,5,8,5,0,7,115,14,2,1,0,8,57
NamedArgumentResolveResult,4,3,0,4,3,53,7,0,1,0,3,6
NamespaceResolveResult,1,2,2,0,2,22,2,1,1,0,1,13
OperatorResolveResult,4,3,4,0,3,61,5,0,1,0,3,13
ResolveResult,1,5,4,0,5,49,6,25,0,0.800000011920929,2,172
ThisResolveResult,1,1,1,0,1,16,1,0,1,0,1,9
TypeIsResolveResult,2,1,0,2,1,19,3,0,1,0,2,1
TypeOfResolveResult,1,1,1,0,1,19,2,0,1,0,1,7
TypeResolveResult,0,2,1,0,2,20,3,2,1,-1,3,32
UnknownMemberResolveResult,3,2,4,0,2,40,3,1,1,0,1,3
UnknownMethodResolveResult,1,1,1,0,1,14,1,0,2,0,1,3
UnknownIdentifierResolveResult,2,2,3,0,2,29,2,0,1,0,0,7
Accessibility,0,0,0,0,0,35,0,0,0,-1,0,19
IHasAccessibility,0,0,7,0,0,55,0,2,0,-1,0,0
AnonymousType,3,8,5,0,8,170,22,0,1,0,7,4
AnonymousTypeProperty,1,4,1,0,3,30,4,0,1,0.5,5,1
AnonymousTypeAccessor,1,3,2,0,3,29,3,0,1,0,4,1
AnonymousTypeReference,1,2,0,0,2,17,3,0,1,0,3,1
ArrayType,2,10,6,0,10,126,18,0,1,0.2000000029802322,7,19
ArrayTypeReference,2,5,2,0,3,45,7,0,1,0,4,4
AssemblyQualifiedTypeName,2,6,0,2,6,56,7,0,0,0.3300000131130219,3,1
ByReferenceType,0,6,3,0,6,50,7,0,1,-1,3,6
ByReferenceTypeReference,1,5,1,0,3,37,6,0,1,0,4,4
ComHelper,0,3,0,0,2,35,6,0,0,-1,6,1
DefaultSolutionSnapshot,2,5,0,0,5,56,12,0,1,0.4000000059604645,2,2
DomRegion,6,16,8,1,16,187,17,0,0,0.4399999976158142,1,46
EntityType,0,0,0,0,0,40,0,0,0,-1,0,0
SymbolKind,0,0,0,0,0,50,0,0,0,-1,0,64
ISymbol,0,0,2,0,0,13,0,4,0,-1,0,10
TaskType,0,3,0,0,3,52,12,0,0,-1,6,2
TypeParameterSubstitution,3,9,2,1,6,165,27,1,1,0,5,26
TypeSystemExtensions,0,44,0,0,41,738,115,0,0,-1,43,0
TypeClassificationVisitor,3,2,0,0,1,29,4,0,1,0,4,1
FullTypeName,2,11,6,0,10,231,18,0,0,0.449999988079071,4,6
NestedTypeName,2,1,0,2,1,14,2,0,0,0,0,1
FullTypeNameComparer,3,3,0,3,3,47,8,0,0,0,2,1
ConversionFlags,0,0,0,0,0,66,0,0,0,-1,0,2
IAmbience,0,6,1,0,0,14,6,1,0,-1,4,0
IUnresolvedAssembly,0,0,6,0,0,33,0,2,1,-1,0,13
IAssemblyReference,0,1,0,0,0,7,1,4,0,-1,1,9
IAssembly,0,2,8,0,0,56,2,2,1,-1,1,49
IUnresolvedAttribute,0,1,1,0,0,13,1,4,0,-1,1,6
IAttribute,0,0,5,0,0,29,0,4,0,-1,0,16
ICompilation,0,2,8,0,0,57,2,1,0,-1,1,109
ICompilationProvider,0,0,1,0,0,8,0,8,0,-1,0,4
IConstantValue,0,1,0,0,0,10,1,9,0,-1,1,10
IUnresolvedEntity,0,0,11,0,0,63,0,3,1,-1,0,7
IEntity,0,0,14,0,0,82,0,3,1,-1,0,38
IUnresolvedEvent,0,1,6,0,0,22,1,1,1,-1,1,8
IEvent,0,0,6,0,0,10,0,2,1,-1,0,22
IUnresolvedField,0,1,5,0,0,38,1,1,1,-1,1,5
IField,0,0,5,0,0,28,0,2,1,-1,0,22
IFreezable,0,1,1,0,0,12,1,6,0,-1,0,1
InterningProvider,1,5,0,1,5,60,5,3,0,0.800000011920929,1,19
DummyInterningProvider,0,4,0,0,4,22,4,0,1,-1,1,0
IUnresolvedMember,0,2,6,0,0,56,2,4,2,-1,1,30
IMemberReference,0,1,1,0,0,21,1,7,0,-1,1,16
IMember,0,2,9,0,0,76,2,5,2,-1,1,84
IUnresolvedMethod,0,1,11,0,0,55,1,1,1,-1,1,37
IMethod,0,1,15,0,0,83,1,3,1,-1,1,115
INamedElement,0,0,4,0,0,42,0,4,0,-1,0,0
INamespace,0,2,7,0,0,61,2,4,1,-1,0,24
InheritanceHelper,0,3,0,0,3,114,29,0,0,-1,14,11
IntersectionType,1,13,6,0,11,145,20,0,1,0.3100000023841858,4,2
IUnresolvedParameter,0,1,8,0,0,44,1,1,0,-1,1,7
IParameter,0,0,6,0,0,34,0,2,1,-1,0,68
IUnresolvedParameterizedMember,0,0,1,0,0,4,0,2,3,-1,0,0
IParameterizedMember,0,0,1,0,0,4,0,5,3,-1,0,48
IParsedFile,0,0,0,0,0,2,0,0,0,-1,0,0
IUnresolvedFile,0,3,6,0,0,50,3,1,0,-1,1,6
IProjectContent,0,17,4,0,0,131,17,1,2,-1,3,32
IUnresolvedProperty,0,1,5,0,0,22,1,1,4,-1,1,17
IProperty,0,0,5,0,0,10,0,2,4,-1,0,35
ISolutionSnapshot,0,2,0,0,0,17,2,1,0,-1,1,7
ISupportsInterning,0,2,0,0,0,12,2,25,0,-1,0,32
IType,0,16,7,0,0,282,16,4,1,-1,2,275
GetMemberOptions,0,0,0,0,0,17,0,0,0,-1,0,22
IUnresolvedTypeDefinition,0,2,12,0,0,60,2,2,2,-1,1,33
ITypeDefinition,0,2,13,0,0,66,2,1,2,-1,1,106
IUnresolvedTypeParameter,0,1,5,0,0,30,1,1,1,-1,1,2
ITypeParameter,0,0,12,0,0,69,0,2,2,-1,0,42
VarianceModifier,0,0,0,0,0,15,0,0,0,-1,0,14
ITypeReference,0,1,0,0,0,24,1,15,0,-1,1,62
ITypeResolveContext,0,2,3,0,0,21,2,2,1,-1,2,89
KnownTypeCode,0,0,0,0,0,101,0,0,0,-1,0,63
KnownTypeReference,51,5,4,44,4,369,6,0,1,0.4000000059604645,4,19
NullableType,0,5,0,0,5,61,12,0,0,-1,8,13
ParameterizedType,2,23,12,0,22,303,50,0,2,0.1700000017881393,8,31
ParameterizedTypeReference,2,5,2,0,3,89,18,0,1,0,7,5
ParameterListComparer,2,3,0,1,3,75,9,0,0,0.6700000166893005,4,7
NormalizeTypeVisitor,0,2,0,0,2,18,4,0,1,-1,8,1
SignatureComparer,2,3,0,1,3,51,8,0,0,0,4,6
ProjectReference,1,3,0,0,3,29,4,0,1,0,5,0
ReflectionNameParseException,1,5,1,0,4,36,5,0,0,0,0,0
SimpleTypeResolveContext,4,6,4,0,5,66,9,0,2,0,5,3
TopLevelTypeName,3,6,4,0,6,89,9,0,0,0.5,1,14
TopLevelTypeNameComparer,3,3,0,3,3,25,3,0,0,0,1,1
TypeKind,0,0,0,0,0,58,0,0,0,-1,0,87
TypeVisitor,0,7,0,0,7,37,7,9,0,-1,7,21
IVariable,0,0,5,0,0,28,0,4,1,-1,0,44
PointerType,0,6,3,0,6,50,7,0,1,-1,3,10
PointerTypeReference,1,5,1,0,3,37,6,0,1,0,4,4
ReflectionHelper,0,14,0,0,8,395,41,0,0,-1,19,18
Null,0,0,0,0,0,1,0,0,0,-1,0,3
Dynamic,0,0,0,0,0,1,0,0,0,-1,0,7
UnboundTypeArgument,0,0,0,0,0,1,0,0,0,-1,0,1
SpecialType,7,5,3,4,3,73,6,0,1,0.6000000238418579,3,42
ErrorType,0,0,0,0,0,6,0,0,0,-1,0,3
Error,3,4,3,0,4,95,4,0,0,0,3,9
AssemblyLoaderBackend,0,0,0,0,0,5,0,0,0,-1,0,1
AssemblyLoader,1,3,4,0,3,52,4,2,0,0.6700000166893005,1,1
BlobReader,3,22,0,0,17,354,42,0,0,0.1400000005960464,19,5
DefaultVariable,5,2,6,0,2,51,4,0,2,0,2,1
CecilResolvedAttribute,8,6,5,0,3,128,17,0,1,0,10,1
UnresolvedAttributeBlob,3,4,1,0,2,43,8,0,1,0.5,5,3
UnresolvedSecurityDeclarationBlob,5,3,1,0,2,92,11,0,0,0,12,2
UnresolvedSecurityAttribute,2,4,1,0,1,33,4,0,1,0,4,0
FreezableHelper,0,6,0,0,6,56,13,0,0,-1,1,16
AbstractFreezable,1,2,1,0,1,27,3,5,1,0,0,5
AbstractResolvedEntity,2,3,26,0,1,94,6,1,2,1,5,0
AbstractResolvedMember,4,6,10,0,2,127,12,4,3,0.5,17,0
AbstractTypeParameter,11,25,24,0,17,354,46,3,3,0.6000000238418579,18,0
AbstractType,1,20,11,0,20,151,20,7,2,0.800000011920929,4,0
AbstractUnresolvedEntity,26,7,23,0,4,304,15,3,2,0.2899999916553497,7,4
RareFields,3,3,0,0,2,20,3,0,0,1,3,1
AbstractUnresolvedMember,2,9,7,0,5,238,24,4,3,0.4399999976158142,15,8
AccessorOwnerMemberReference,1,2,1,0,2,25,4,0,1,0,4,0
BaseTypeCollector,2,1,0,0,1,48,6,0,0,0,2,1
DefaultAssemblyReference,3,5,0,2,3,59,9,0,1,0,5,2
CurrentAssemblyReference,0,1,0,0,1,11,2,0,1,-1,2,0
DefaultAttribute,5,2,5,0,2,68,5,0,1,0,3,0
DefaultMemberReference,5,4,1,0,2,80,11,0,1,0,12,3
DefaultParameter,10,4,12,0,4,114,13,0,2,0.5,4,4
DefaultResolvedEvent,4,2,6,0,2,44,3,0,4,1,5,1
DefaultResolvedField,1,2,6,0,2,56,3,0,4,1,5,1
DefaultResolvedMethod,1,9,16,0,8,286,18,1,4,0.7799999713897705,15,4
ListOfLists<T>,1,11,2,0,10,107,17,0,0,1,0,0
DefaultResolvedProperty,4,3,6,0,3,57,5,1,5,1,11,1
DefaultResolvedTypeDefinition,15,30,44,0,18,924,97,1,3,0.4300000071525574,35,2
MemberList,4,11,2,0,3,102,16,0,0,0.8199999928474426,5,1
PartialMethodInfo,5,3,0,5,3,36,4,0,0,0,3,2
DefaultTypeParameter,4,2,4,0,2,66,2,0,4,0,5,2
DefaultUnresolvedAssembly,9,10,8,0,6,433,21,4,2,0.2000000029802322,12,1
TypeOfConstantValue,1,2,0,0,2,15,2,0,1,0,5,0
UnresolvedNamespace,3,1,0,0,1,12,1,0,0,0,0,2
DefaultResolvedAssembly,6,6,9,0,4,178,8,0,2,0.5,12,1
NS,5,3,9,0,1,85,6,0,2,0,7,0
DefaultUnresolvedAttribute,5,10,5,0,5,254,23,0,2,0.300000011920929,10,5
DefaultResolvedAttribute,7,3,6,0,2,92,8,0,1,0,7,1
DefaultUnresolvedEvent,3,5,6,0,3,73,6,0,4,1,8,3
DefaultUnresolvedField,1,5,5,0,3,71,6,0,4,1,8,3
DefaultUnresolvedMethod,5,11,14,0,8,258,28,0,4,0.7300000190734863,20,9
DefaultUnresolvedParameter,6,12,10,0,5,237,21,0,1,0.1700000017881393,12,4
ResolvedParameterWithDefaultValue,3,2,12,0,2,41,2,0,2,1,4,1
DefaultUnresolvedProperty,3,8,6,0,6,98,11,0,5,0.6200000047683716,13,4
DefaultUnresolvedTypeDefinition,6,8,14,0,7,203,15,1,3,0.6200000047683716,8,9
DefaultUnresolvedTypeParameter,12,5,14,0,4,163,9,1,2,0,9,4
DummyTypeParameter,6,10,16,0,8,187,13,0,3,0.4000000059604645,7,8
NormalizeMethodTypeParametersVisitor,0,1,0,0,1,11,2,0,1,-1,5,1
NormalizeClassTypeParametersVisitor,0,1,0,0,1,11,2,0,1,-1,5,1
ExplicitInterfaceImplementationMemberReference,2,2,1,0,2,39,6,0,1,0,9,3
FullNameAndTypeParameterCount,0,0,0,0,0,4,0,0,0,-1,0,0
GetClassTypeReference,2,7,5,0,5,109,13,0,1,0,7,4
GetMembersHelper,1,20,0,0,10,261,53,0,0,0.1000000014901161,8,4
KnownTypeCache,2,3,0,0,2,33,7,0,0,0,10,1
MergedNamespace,5,6,9,0,5,129,15,0,2,0,4,1
MinimalCorlib,1,2,1,0,1,38,8,0,3,1,6,2
NestedTypeReference,3,5,3,0,3,72,11,0,1,0,6,4
SimpleCompilation,8,8,8,0,7,140,16,0,1,0.25,11,4
SimpleConstantValue,2,5,0,0,3,42,7,0,1,0,4,3
SimpleInterningProvider,3,4,0,0,4,110,14,0,1,0.75,2,0
InterningComparer,0,2,0,0,2,12,2,0,0,-1,1,0
ListComparer,0,2,0,0,2,32,6,0,0,-1,0,0
SpecializedEvent,4,1,6,0,1,37,1,0,2,0,3,1
SpecializedField,1,1,6,0,1,35,1,0,2,0,2,2
SpecializedMember,5,11,35,0,6,300,19,3,3,0.1800000071525574,6,0
SpecializedParameterizedMember,1,3,1,0,1,66,6,2,4,1,4,1
SpecializedMethod,5,7,15,0,6,249,22,1,5,0.2899999916553497,10,3
SpecializedTypeParameter,2,3,4,0,3,45,3,0,4,0,5,1
SpecializedProperty,3,1,5,0,1,33,1,0,5,0,3,1
SpecializingMemberReference,3,2,1,0,2,38,4,0,1,0,3,2
TypeParameterReference,4,4,1,0,4,66,9,0,1,0,8,7
TypeWithElementType,1,2,6,0,1,38,3,3,3,1,2,4
UnknownType,2,7,6,0,6,90,11,0,3,0.4300000071525574,3,5
VoidTypeDefinition,0,8,1,0,8,46,8,0,4,-1,3,1
BinaryReaderWith7BitEncodedInts,0,7,0,0,7,49,9,0,0,-1,0,0
BinaryWriterWith7BitEncodedInts,0,7,0,0,7,43,8,0,0,-1,0,0
BitVector16,1,4,1,0,4,56,5,0,0,0.5,0,2
BusyManager,1,1,0,0,1,43,4,0,0,0,1,2
BusyLock,2,2,1,1,1,25,3,0,0,0,0,3
CacheManager,1,4,0,0,4,28,4,0,0,0,0,7
CallbackOnDispose,1,2,0,0,2,19,4,0,0,0,0,1
CSharpPrimitiveCast,0,3,0,0,1,405,5,0,0,-1,0,4
ExtensionMethods,0,2,0,0,2,17,5,0,0,-1,0,1
FastSerializer,30,23,2,0,4,1311,86,0,0,0.1700000017881393,3,3
SerializationType,6,1,0,6,1,16,1,0,0,0,0,1
SerializationContext,11,9,0,1,3,257,39,0,0,0,3,1
DeserializationContext,3,3,0,3,1,65,10,0,0,0,1,1
CustomDeserialization,3,2,0,0,2,18,2,0,0,0,0,1
FastSerializerVersionAttribute,1,2,1,0,1,25,3,0,0,1,0,2
GraphVizGraph,4,11,0,2,6,98,23,0,0,0.2700000107288361,2,4
GraphVizEdge,7,3,0,7,3,44,5,0,0,0,1,3
GraphVizNode,7,3,0,7,3,44,4,0,0,0,1,2
ImmutableStack<T>,3,9,1,1,6,101,13,0,0,0.5600000023841858,0,0
KeyComparer,0,4,0,0,4,22,4,0,0,-1,0,1
"KeyComparer<TElement,TKey>",3,4,0,0,4,34,7,0,0,0,1,0
LazyInit,0,2,0,0,2,24,2,0,0,-1,0,10
"MultiDictionary<TKey,TValue>",1,9,3,0,7,126,14,0,0,0.2199999988079071,0,0
Grouping,2,3,1,0,2,25,3,0,0,0,0,0
Platform,0,0,1,0,0,14,0,0,0,-1,0,1
"ProjectedList<TInput,TOutput>",3,11,2,0,2,106,19,0,0,0.9100000262260437,0,0
"ProjectedList<TContext,TInput,TOutput>",4,11,2,0,2,108,19,0,0,0.9100000262260437,0,0
ReferenceComparer,1,2,0,1,2,14,2,0,0,1,0,0
TreeTraversal,0,4,0,0,4,85,11,0,0,-1,0,2
CompositeFormatStringParser,2,16,0,0,3,286,41,0,0,0,3,2
FormatStringParseResult,0,1,2,0,1,16,1,0,0,-1,0,4
TextSegment,0,5,1,0,5,50,8,0,1,-1,0,1
FormatItem,0,6,3,0,5,63,9,0,1,-1,0,1
FormatStringSegmentBase,0,1,5,0,1,27,1,2,1,-1,0,0
IFormatStringSegment,0,0,4,0,0,10,0,1,0,-1,0,2
IFormatStringError,0,0,5,0,0,12,0,1,0,-1,0,3
DefaultFormatStringError,0,2,5,0,2,26,2,0,1,-1,0,0
ComparableList<T>,1,15,2,0,14,129,20,0,0,0.3300000131130219,0,0
ICompletionData,0,1,7,0,0,22,1,3,0,-1,0,7
DisplayFlags,0,0,0,0,0,10,0,0,0,-1,0,1
IEntityCompletionData,0,0,1,0,0,6,0,1,1,-1,0,2
CompletionCategory,0,3,2,0,1,18,3,2,0,-1,0,4
IParameterDataProvider,0,6,2,0,0,48,6,5,0,-1,0,4
IVariableCompletionData,0,0,1,0,0,6,0,0,1,-1,0,0
CompletionExtensionMethods,0,2,0,0,2,40,4,0,0,-1,4,0
FrameworkLookup,7,9,0,2,5,450,15,0,0,0.2199999988079071,4,0
AssemblyLookup,3,4,3,0,3,76,8,0,0,1,0,2
FrameworkBuilder,7,6,0,0,1,175,16,0,0,0,5,1
FrameworkLookupId,3,0,0,3,0,6,0,0,0,-1,0,1
IssueMarker,0,0,0,0,0,22,0,0,0,-1,0,3
Severity,0,0,0,0,0,27,0,0,0,-1,0,11
