Type,NOF,NOM,NOP,NOPF,NOPM,LOC,WMC,NC,DIT,LCOM,Fan-Out,Fan-In
ExpectedExceptionData,7,1,6,0,1,110,2,0,0,0,1,6
IParameterDataSource,0,1,0,0,0,10,1,3,0,-1,0,1
IPropertyBag,0,13,2,0,0,120,13,1,1,-1,1,34
ITest,0,0,12,0,0,72,0,1,1,-1,0,19
ITestAssemblyBuilder,0,2,0,0,0,20,2,1,0,-1,0,1
ITestAssemblyRunner,0,3,1,0,0,49,3,1,0,-1,2,1
ITestCaseData,0,0,7,0,0,37,0,3,0,-1,0,3
ITestCaseSource,0,1,0,0,0,14,1,2,0,-1,0,2
ITestFilter,0,1,1,0,0,16,1,1,0,-1,1,11
ITestListener,0,3,0,0,0,20,3,3,0,-1,3,5
ITestResult,0,0,14,0,0,130,0,1,1,-1,0,24
IXmlNodeBuilder,0,2,0,0,0,18,2,3,0,-1,1,0
PropertyEntry,2,2,2,0,2,39,2,0,0,0,0,5
ResultState,10,3,2,8,3,106,3,0,0,0,1,39
RunState,0,0,0,0,0,30,0,0,0,-1,0,28
TestOutput,2,2,2,0,2,47,2,0,0,0,1,4
TestOutputType,0,0,0,0,0,22,0,0,0,-1,0,1
TestStatus,0,0,0,0,0,22,0,0,0,-1,0,16
XmlNode,4,9,6,0,7,268,18,0,0,0.3300000131130219,4,18
NodeFilter,3,2,0,0,2,39,7,0,0,0,1,1
NodeList,0,0,0,0,0,3,0,0,0,-1,0,9
AttributeDictionary,0,0,0,0,0,3,0,0,0,-1,0,2
TimeoutAttribute,1,2,0,0,1,20,2,0,1,0,1,0
Assert,0,132,0,0,129,1882,140,0,0,-1,7,152
AssertionHelper,0,14,0,0,14,330,14,4,1,-1,4,93
Assume,0,15,0,0,15,323,18,0,0,-1,4,8
CategoryAttribute,1,3,1,0,2,62,5,2,1,0.6700000166893005,4,1
CombinatorialAttribute,0,1,0,0,1,8,1,0,1,-1,0,1
CultureAttribute,2,6,0,0,5,96,13,0,1,0.6700000166893005,5,3
DataAttribute,0,1,0,0,1,7,1,4,1,-1,0,2
DatapointAttribute,0,0,0,0,0,4,0,0,1,-1,0,5
DatapointsAttribute,0,0,0,0,0,4,0,0,1,-1,0,4
DatapointSourceAttribute,0,0,0,0,0,4,0,1,1,-1,0,1
DescriptionAttribute,0,1,0,0,1,9,1,0,1,-1,0,4
ExpectedExceptionAttribute,1,3,7,0,3,103,3,0,1,0.6700000166893005,1,1
ExpectedExceptionDecorator,1,2,2,0,1,32,2,0,1,0,3,0
ExplicitAttribute,1,3,0,0,3,39,4,0,1,0,4,1
IgnoreAttribute,1,3,0,0,3,40,4,0,1,0,4,1
IncludeExcludeAttribute,3,2,3,0,2,51,2,2,1,1,0,0
MaxTimeAttribute,0,2,2,0,1,29,2,0,1,-1,2,1
NUnitAttribute,0,1,0,0,1,7,1,18,0,-1,0,0
PairwiseAttribute,0,1,0,0,1,8,1,0,1,-1,0,2
PlatformAttribute,1,3,0,0,3,34,4,0,2,1,5,3
PropertyAttribute,1,6,1,0,4,80,9,9,1,0.5,3,0
RandomAttribute,6,4,0,0,4,90,6,0,1,0,3,2
SampleType,0,0,0,0,0,7,0,0,0,-1,0,1
RangeAttribute,0,5,0,0,5,71,9,0,1,-1,0,2
SequentialAttribute,0,1,0,0,1,8,1,0,2,-1,0,2
SetCultureAttribute,1,2,0,0,1,23,2,0,2,0,1,1
SetUICultureAttribute,1,2,0,0,1,23,2,0,2,0,1,1
SetUpAttribute,0,0,0,0,0,3,0,0,1,-1,0,1
PreTestAttribute,0,0,0,0,0,3,0,0,1,-1,0,0
PostTestAttribute,0,0,0,0,0,3,0,0,1,-1,0,0
TearDownAttribute,0,0,0,0,0,3,0,0,1,-1,0,1
TestAttribute,1,1,1,0,1,28,2,1,1,0,3,4
TestCaseAttribute,7,6,19,0,5,410,21,0,2,0.3300000131130219,6,2
TestCaseSourceAttribute,3,5,3,0,4,173,14,0,2,0,5,1
TestFixtureAttribute,8,4,7,0,3,166,12,1,1,0.75,3,7
TestFixtureSetUpAttribute,0,0,0,0,0,4,0,0,1,-1,0,2
TestFixtureTearDownAttribute,0,0,0,0,0,4,0,0,1,-1,0,2
TheoryAttribute,0,0,0,0,0,14,0,0,1,-1,0,4
ValuesAttribute,1,5,0,0,5,100,12,2,2,0,0,6
ValueSourceAttribute,2,4,2,0,3,111,10,0,2,0,2,1
Contains,0,2,0,0,2,28,2,0,0,-1,2,14
AssertionException,0,3,0,0,2,25,3,0,0,-1,0,3
IgnoreException,0,3,0,0,2,24,3,0,0,-1,0,2
InconclusiveException,0,3,0,0,2,27,3,0,0,-1,0,1
SuccessException,0,3,0,0,2,26,3,0,0,-1,0,1
GlobalSettings,1,0,0,1,0,7,0,0,0,-1,0,3
Guard,0,2,0,0,2,26,4,0,0,-1,0,4
Has,0,5,8,0,5,175,5,0,0,-1,3,34
IExpectException,0,1,0,0,0,8,1,4,0,-1,0,1
Is,0,26,13,0,26,501,26,1,0,-1,19,153
Iz,0,0,0,0,0,3,0,0,1,-1,0,0
ListMapper,1,2,0,0,2,35,4,0,0,0,1,1
MessageMatch,0,0,0,0,0,11,0,0,0,-1,0,3
SpecialValue,0,0,0,0,0,8,0,0,0,-1,0,1
TestCaseData,7,17,12,0,17,347,18,0,1,0.7599999904632568,4,2
TestContext,3,1,6,0,1,221,1,0,0,0,3,2
TestAdapter,1,1,5,0,1,76,1,0,0,0,1,2
ResultAdapter,1,1,1,0,1,32,1,0,0,0,1,2
Throws,0,4,6,0,4,119,4,0,0,-1,3,4
DelayedConstraint,2,9,0,0,7,199,19,0,1,0,2,1
FailurePoint,10,0,0,10,0,32,0,0,0,-1,0,3
FailurePointList,0,0,0,0,0,1,0,0,0,-1,0,1
AllOperator,0,1,0,0,1,12,1,0,1,-1,2,0
NoneOperator,0,1,0,0,1,12,1,0,1,-1,2,0
SomeOperator,0,1,0,0,1,12,1,0,1,-1,2,0
SubPathConstraint,0,3,0,0,2,29,3,0,1,-1,1,5
AllItemsConstraint,0,3,0,0,3,42,6,0,1,-1,2,1
AndConstraint,1,4,0,0,4,71,5,0,1,0,4,2
AssignableFromConstraint,0,3,0,0,3,29,3,0,1,-1,1,3
AssignableToConstraint,0,3,0,0,3,29,3,0,1,-1,1,3
AttributeConstraint,2,5,0,0,4,73,10,0,1,0,3,0
AttributeExistsConstraint,1,3,0,0,3,44,5,0,1,0,1,0
BasicConstraint,2,3,0,0,2,43,5,3,1,0,1,0
BinaryConstraint,2,1,0,0,0,23,1,2,1,0,1,1
BinarySerializableConstraint,1,4,0,0,3,63,5,0,1,0.75,1,0
CollectionConstraint,0,5,0,0,1,56,8,3,1,-1,0,0
CollectionContainsConstraint,1,3,0,0,2,39,5,0,1,0,1,10
CollectionEquivalentConstraint,1,3,0,0,2,41,5,0,1,0,2,5
CollectionItemsEqualConstraint,1,10,1,0,5,113,10,4,2,0.300000011920929,4,1
CollectionOrderedConstraint,4,8,1,0,6,148,20,0,2,0.25,2,8
CollectionSubsetConstraint,1,3,0,0,2,35,3,0,3,0,2,3
CollectionTally,2,4,1,0,3,63,9,0,0,0,3,4
ComparisonAdapter,0,4,1,0,4,135,4,3,0,-1,1,9
DefaultComparisonAdapter,0,1,0,0,1,7,1,0,1,-1,0,0
ComparerAdapter,2,4,0,0,4,36,4,1,1,0,0,3
ComparerAdapter<T>,2,4,0,0,4,40,6,0,1,0,1,0
ComparisonAdapterForComparison<T>,1,2,0,0,2,26,4,0,1,0,0,0
ComparisonConstraint,1,5,0,0,5,46,5,5,1,0.6000000238418579,1,2
Constraint,7,16,4,0,9,372,18,23,1,0.25,3,48
UnsetObject,0,1,0,0,1,7,1,0,0,-1,0,0
ConstraintBuilder,3,6,1,0,4,246,12,0,0,0,4,6
OperatorStack,1,3,2,0,3,51,3,0,0,0.6700000166893005,2,1
ConstraintStack,2,3,2,0,3,61,3,0,0,0,2,7
ConstraintExpression,0,41,21,0,41,766,41,1,1,-1,24,120
ConstraintExpressionBase,1,6,0,0,6,75,6,1,0,0,6,0
ConstraintFactory,0,41,20,0,41,771,41,1,0,-1,24,0
ContainsConstraint,4,9,2,0,8,143,9,0,2,0.4399999976158142,3,3
EmptyCollectionConstraint,0,2,0,0,1,21,2,0,2,-1,1,0
EmptyConstraint,0,2,1,0,2,39,3,0,2,-1,2,0
EmptyDirectoryConstraint,2,3,0,0,3,59,5,0,2,0.6700000166893005,2,0
EmptyStringConstraint,0,2,0,0,2,23,2,0,2,-1,1,0
EndsWithConstraint,0,3,0,0,2,35,5,0,1,-1,1,7
EqualConstraint,12,18,11,0,10,526,40,0,2,0.1099999994039536,7,33
EqualityAdapter,0,7,0,0,7,194,9,3,0,-1,3,4
EqualityComparerAdapter,1,2,0,0,2,14,2,0,1,0,0,2
GenericEqualityAdapter<T>,0,2,0,0,1,21,4,0,1,-1,0,0
EqualityComparerAdapter<T>,1,2,0,0,2,15,2,0,0,0,1,0
ComparisonAdapter<T>,1,2,0,0,2,15,2,0,0,0,1,0
EqualityAdapterList,0,0,0,0,0,1,0,0,0,-1,0,1
ExactCountConstraint,1,3,0,0,3,59,7,0,1,0,2,1
ExactTypeConstraint,0,3,0,0,3,32,3,1,1,-1,1,9
ExceptionTypeConstraint,0,2,0,0,2,25,3,0,2,-1,2,0
FalseConstraint,0,1,0,0,1,7,1,0,2,-1,0,0
FloatingPointNumerics,0,7,0,0,6,203,7,0,0,-1,2,2
FloatIntUnion,3,0,0,3,0,15,0,0,0,-1,0,1
DoubleLongUnion,3,0,0,3,0,15,0,0,0,-1,0,1
GreaterThanConstraint,1,3,0,0,3,42,4,0,2,0,2,14
GreaterThanOrEqualConstraint,1,3,0,0,3,42,4,0,2,0,2,3
InstanceOfTypeConstraint,0,3,0,0,3,33,3,0,1,-1,1,5
IResolveConstraint,0,1,0,0,0,8,1,3,0,-1,0,10
LessThanConstraint,1,3,0,0,3,42,4,0,2,0,2,9
LessThanOrEqualConstraint,1,3,0,0,3,42,4,0,2,0,2,3
MessageWriter,0,14,1,0,13,118,14,1,0,-1,2,55
MsgUtils,1,7,0,0,7,249,25,0,0,0.8600000143051147,0,4
NaNConstraint,0,2,0,0,2,23,2,0,2,-1,1,0
NoItemConstraint,0,3,0,0,3,42,6,0,1,-1,2,1
NotConstraint,0,4,0,0,4,39,4,0,1,-1,2,1
NullConstraint,0,1,0,0,1,7,1,0,2,-1,0,3
NullOrEmptyStringConstraint,0,3,0,0,3,41,5,0,2,-1,1,0
Numerics,0,13,0,0,5,349,52,0,0,-1,4,4
NUnitComparer,0,1,1,0,1,46,7,0,0,-1,1,1
NUnitEqualityComparer,6,12,5,0,1,444,56,0,0,0,9,4
RecursionDetector,1,2,0,0,1,70,3,0,0,0,1,1
UnorderedReferencePair,2,4,0,0,4,34,5,0,0,0,0,1
AndOperator,0,2,0,0,2,18,2,0,1,-1,2,0
AttributeOperator,1,2,0,0,2,30,3,0,1,0,2,0
BinaryOperator,0,2,2,0,2,47,2,2,1,-1,2,3
CollectionOperator,0,1,0,0,0,13,1,4,1,-1,0,0
ConstraintOperator,4,1,4,0,1,61,1,3,0,0,1,3
ExactCountOperator,1,2,0,0,2,23,2,0,2,0,2,0
NotOperator,0,2,0,0,2,20,2,0,1,-1,2,0
OrOperator,0,2,0,0,2,18,2,0,2,-1,2,0
PrefixOperator,0,2,0,0,2,21,2,3,1,-1,2,0
PropOperator,1,2,1,0,2,38,3,0,1,0,2,0
SelfResolvingOperator,0,0,0,0,0,3,0,3,1,-1,0,1
ThrowsOperator,0,2,0,0,2,27,3,0,2,-1,2,0
WithOperator,0,2,0,0,2,19,2,0,2,-1,1,0
OrConstraint,0,3,0,0,3,33,3,0,2,-1,2,2
PathConstraint,3,6,2,0,1,147,13,3,2,0.5,1,0
PredicateConstraint<T>,1,3,0,0,3,41,4,0,2,0,1,0
PrefixConstraint,1,1,0,0,0,17,2,9,2,0,2,1
PropertyConstraint,2,5,0,0,4,77,9,0,3,0,4,0
PropertyExistsConstraint,2,5,0,0,4,65,6,0,2,0,2,0
RangeConstraint<T>,2,3,0,0,3,43,4,0,2,0,2,0
RegexConstraint,0,3,0,0,2,33,4,0,1,-1,1,4
ResolvableConstraintExpression,0,5,2,0,2,116,5,0,2,-1,5,23
ReusableConstraint,1,3,0,0,3,46,3,0,1,0,2,1
SameAsConstraint,1,3,0,0,3,35,3,0,2,0,1,5
SamePathConstraint,0,3,0,0,2,29,3,0,3,-1,2,10
SamePathOrUnderConstraint,0,3,0,0,2,31,3,0,3,-1,2,9
SomeItemsConstraint,0,3,0,0,3,42,6,0,3,-1,2,1
StartsWithConstraint,0,3,0,0,2,35,5,0,1,-1,2,7
StringConstraint,2,3,1,0,1,50,3,4,2,0.6700000166893005,0,0
SubstringConstraint,0,3,0,0,2,33,5,0,3,-1,1,7
ThrowsConstraint,1,6,1,0,5,96,10,0,3,0,4,0
ExceptionInterceptor,0,3,0,0,0,60,5,0,0,-1,1,2
VoidInvocationDescriptor,1,2,1,0,2,20,2,0,1,0,0,0
GenericInvocationDescriptor<T>,1,2,1,0,2,19,2,0,1,0,0,0
IInvocationDescriptor,0,1,1,0,0,5,1,2,0,-1,0,1
ThrowsNothingConstraint,1,4,0,0,4,49,4,0,2,0.5,2,0
Tolerance,5,3,13,0,1,185,5,0,0,0,2,10
ToleranceMode,0,0,0,0,0,25,0,0,0,-1,0,4
TrueConstraint,0,1,0,0,1,7,1,0,2,-1,0,2
TypeConstraint,1,2,0,0,1,27,2,4,2,1,1,0
UniqueItemsConstraint,0,2,0,0,1,31,5,0,3,-1,2,0
XmlSerializableConstraint,1,4,0,0,3,69,5,0,2,0.75,1,0
OneTimeSetUpCommand,3,3,0,0,2,41,6,0,1,0,5,0
OneTimeTearDownCommand,2,2,0,0,2,71,6,0,1,0,9,0
ApplyChangesToContextCommand,1,2,0,0,2,31,3,0,1,0,4,0
TheoryResultCommand,0,2,0,0,2,40,4,0,1,-1,4,0
CommandDecoratorList,0,2,0,0,1,36,2,0,0,-1,2,1
CommandStage,0,0,0,0,0,42,0,0,0,-1,0,1
DelegatingTestCommand,1,1,0,0,0,15,1,5,1,0,1,0
ExpectedExceptionCommand,1,11,0,0,4,185,21,0,2,0,10,1
ICommandDecorator,0,1,2,0,0,21,1,3,0,-1,1,3
MaxTimeCommand,1,2,0,0,2,55,4,0,2,0,7,1
SetUpTearDownDecorator,0,1,2,0,0,17,1,0,1,-1,2,0
SetUpTearDownCommand,2,4,0,0,2,86,8,0,2,0,9,1
SkipCommand,0,4,0,0,2,48,5,0,1,-1,7,2
TestCommand,1,2,1,0,2,32,2,5,0,1,2,15
TestMethodCommand,7,4,0,0,2,134,5,0,1,0,6,0
SimpleCategoryExpression,2,2,1,0,1,36,2,0,0,0,2,1
AndFilter,1,5,0,0,5,60,9,0,1,0.4000000059604645,3,2
CategoryExpression,5,9,1,0,1,142,19,0,0,0,5,0
CategoryFilter,1,6,0,0,6,79,13,0,1,0.3300000131130219,2,2
NotFilter,2,3,2,0,2,65,7,0,1,0,3,1
OrFilter,1,5,1,0,5,75,9,0,1,0.4000000059604645,3,1
SimpleNameFilter,1,5,0,0,5,58,8,0,1,0.4000000059604645,2,0
IApplyToContext,0,1,0,0,0,8,1,3,0,-1,1,3
IApplyToTest,0,1,0,0,0,8,1,9,0,-1,1,1
AssemblyHelper,0,6,0,0,5,102,9,0,0,-1,0,5
CultureDetector,2,5,1,0,5,108,11,0,0,0,1,2
ExceptionHelper,0,3,0,0,2,62,5,0,0,-1,1,4
InvalidTestFixtureException,0,4,0,0,3,31,4,0,0,-1,0,0
MethodHelper,0,3,0,0,1,193,12,0,0,-1,0,1
NUnitException,0,4,0,0,3,36,4,0,0,-1,0,5
NUnitLiteTestAssemblyBuilder,1,8,0,0,3,181,19,0,1,0.25,8,0
NUnitLiteTestAssemblyRunner,3,4,1,0,4,108,8,0,1,0,8,0
OSPlatform,6,3,29,2,2,354,3,0,0,0.6700000166893005,2,2
ProductType,0,0,0,0,0,22,0,0,0,-1,0,2
OSVERSIONINFOEX,11,0,0,11,0,16,0,0,0,-1,0,1
ParameterSet,8,4,9,0,4,185,10,0,1,0.75,8,8
PlatformHelper,5,7,1,2,5,266,16,0,0,0,4,2
PropertyBag,1,18,2,0,17,444,22,0,2,0.1700000017881393,3,4
PropertyBagEnumerator,3,6,2,0,1,120,11,0,0,0.3300000131130219,2,1
PropertyNames,12,0,0,12,0,70,0,0,0,-1,0,28
RandomGenerator,2,12,1,1,12,161,12,0,0,1,1,2
Randomizer,3,8,1,0,8,146,15,0,0,0.75,0,6
Reflect,2,8,0,0,6,201,17,0,0,0.5,1,10
BaseTypesFirstComparer,0,1,0,0,1,15,4,0,0,-1,0,0
MethodInfoList,0,0,0,0,0,1,0,0,0,-1,0,1
TestCaseResult,0,1,4,0,1,51,1,0,1,-1,1,1
TestResult,7,10,14,0,8,435,20,2,2,0,12,33
TestSuiteResult,4,2,4,0,2,63,2,0,3,1,2,2
RuntimeType,0,0,0,0,0,17,0,0,0,-1,0,5
RuntimeFramework,6,8,6,1,4,336,19,0,0,0,2,3
FrameworkList,0,0,0,0,0,1,0,0,0,-1,0,0
StackFilter,0,1,0,0,1,35,4,0,0,-1,0,3
StringUtil,0,2,0,0,2,32,2,0,0,-1,0,6
TestExecutionContext,18,9,17,1,6,572,10,0,0,0.4399999976158142,4,21
TestFilter,1,4,1,1,2,149,7,6,1,0,2,6
EmptyFilter,0,2,0,0,2,13,2,0,2,-1,2,0
TestFixtureBuilder,1,4,0,0,3,44,5,0,0,0.5,2,1
TestListener,0,4,1,0,3,33,4,0,1,-1,3,0
ParameterizedFixtureSuite,1,1,2,0,1,39,1,0,1,0,0,2
ParameterizedMethodSuite,2,2,2,0,2,62,3,0,1,0,3,2
Test,12,10,17,0,6,381,13,3,2,0.800000011920929,7,45
TestAssembly,0,1,1,0,1,24,1,0,1,-1,0,1
TestFixture,0,2,0,0,2,26,2,0,1,-1,3,3
TestMethod,3,6,9,0,5,227,12,0,3,0.8299999833106995,12,8
TestSuite,3,11,4,0,11,277,20,4,3,0.6399999856948853,10,27
TextMessageWriter,16,27,1,3,14,452,53,0,1,0.1899999976158142,4,14
ThreadUtility,0,3,0,0,2,39,5,0,0,-1,0,1
TypeHelper,0,9,0,0,9,307,60,0,0,-1,0,7
Env,2,0,0,2,0,23,0,0,0,-1,0,18
ObjectList,0,1,0,0,1,12,2,0,0,-1,0,11
IParameterDataProvider,0,2,0,0,0,19,2,3,0,-1,0,2
ISuiteBuilder,0,2,0,0,0,22,2,1,0,-1,0,1
ITestCaseBuilder,0,2,0,0,0,22,2,1,0,-1,0,0
ITestCaseBuilder2,0,2,0,0,0,26,2,1,1,-1,1,1
ITestCaseProvider,0,2,0,0,0,21,2,3,0,-1,0,2
ParameterDataProviders,1,3,0,0,3,51,8,0,1,0,2,0
TestCaseProviders,1,3,0,0,3,67,8,0,1,0,1,0
CombinatorialStrategy,0,2,0,0,2,52,8,0,1,-1,1,1
CombinatorialTestCaseProvider,1,3,0,0,2,70,9,0,1,0,7,0
CombiningStrategy,2,2,2,0,2,53,2,3,0,1,0,2
DataAttributeTestCaseProvider,0,2,0,0,2,46,5,0,1,-1,2,0
DatapointProvider,0,4,0,0,2,150,18,0,1,-1,6,0
NUnitTestCaseBuilder,2,11,0,0,6,359,38,0,2,0.1800000071525574,16,1
NUnitTestFixtureBuilder,3,13,0,0,3,311,42,0,1,0.1500000059604645,16,1
PairwiseStrategy,0,4,0,0,2,713,9,0,1,-1,4,1
FleaRand,8,3,0,0,2,75,7,0,0,0,0,1
FeatureInfo,3,2,0,3,2,20,2,0,0,0,0,3
Tuple,1,2,1,0,2,52,4,0,0,0,1,4
TupleCollection,1,2,1,0,2,34,2,0,0,0,1,1
TestCase,1,3,0,1,3,42,7,0,0,0,2,3
TestCaseCollection,1,3,0,0,3,31,5,0,0,0,2,1
PairwiseTestCaseGenerator,6,13,0,0,2,378,52,0,0,0,6,1
ParameterDataProvider,0,2,0,0,2,42,5,0,1,-1,3,0
ProviderCache,1,3,0,0,3,68,6,0,0,0,2,1
CacheEntry,2,3,0,0,3,24,4,0,0,0,0,1
SequentialStrategy,0,2,0,0,2,47,6,0,1,-1,1,1
CompositeWorkItem,7,10,0,0,1,184,17,0,1,0,14,2
CountdownEvent,4,3,2,0,3,52,3,0,0,0,0,1
SimpleWorkItem,1,3,0,0,2,38,3,0,1,0,2,1
WorkItem,4,6,4,0,2,197,11,2,0,0,10,3
WorkItemState,0,0,0,0,0,17,0,0,0,-1,0,3
CommandLineOptions,19,7,19,0,3,420,12,0,0,0,1,2
StringList,0,0,0,0,0,1,0,0,0,-1,0,1
ConsoleWriter,1,3,2,0,3,80,3,0,0,1,0,0
DebugWriter,1,3,2,0,3,76,3,0,0,1,0,0
NUnit2XmlOutputWriter,3,16,0,0,2,338,34,0,1,0,9,2
OutputWriter,0,2,0,0,2,22,2,2,0,-1,1,0
NUnit3XmlOutputWriter,2,6,0,0,2,116,7,0,1,0,7,1
ResultReporter,4,11,1,0,6,163,25,0,0,0,8,1
ResultSummary,9,2,9,0,1,137,4,0,0,0,4,2
TcpWriter,5,4,1,0,4,39,4,0,0,0,0,0
TextUI,5,11,0,0,9,311,22,0,1,0.3600000143051147,17,1
