Type,NOF,NOM,NOP,NOPF,NOPM,LOC,WMC,NC,DIT,LCOM,Fan-Out,Fan-In
AlgorithmManager,9,9,5,1,3,974,106,0,0,0,50,2
LeanEngineAlgorithmHandlers,9,3,9,0,3,195,12,0,0,1,11,3
LeanEngineSystemHandlers,3,4,3,0,4,90,7,0,0,1,5,3
StateCheck,0,0,0,0,0,70,0,0,0,-1,0,0
Ping,6,3,0,0,3,66,5,0,0,0,7,1
Engine,3,5,2,0,2,434,25,0,0,0,36,2
ApiDataProvider,4,2,0,0,2,62,5,0,1,0,5,0
SingleEntryDataCacheProvider,2,4,0,0,4,61,6,0,1,0.5,3,7
DefaultDataProvider,0,2,0,0,2,26,3,0,1,-1,1,6
ISubscriptionDataSourceReader,0,1,0,0,0,15,1,3,0,-1,1,3
ITimeProvider,0,1,0,0,0,8,1,2,0,-1,0,12
CollectionSubscriptionDataSourceReader,5,4,0,0,2,112,9,0,1,0,9,1
ManualTimeProvider,2,7,0,0,7,75,7,0,1,0,1,7
RealTimeProvider,0,1,0,0,1,11,1,0,1,-1,0,2
DataFeedPacket,1,3,4,0,3,71,3,0,0,0,3,4
SubscriptionCollection,1,10,0,0,9,160,18,0,0,0,3,2
TextSubscriptionDataSourceReader,5,8,0,0,2,176,15,0,1,0,10,2
CreateStreamReaderErrorEventArgs,0,1,2,0,1,29,1,0,0,-1,1,1
BaseDataExchange,7,12,2,0,11,374,23,0,0,0,5,2
DataHandler,1,2,0,1,2,31,3,0,0,1,2,1
EnumeratorHandler,6,9,0,3,8,111,10,0,0,0.3300000131130219,2,2
LiveTradingDataFeed,18,16,2,0,6,738,43,2,1,0,63,0
SubscriptionLimiter,8,8,0,0,4,147,11,0,0,0,3,1
SubscriptionSynchronizer,1,3,0,0,2,152,4,0,0,0,15,1
Subscription,4,5,9,3,5,165,6,0,0,0,5,11
InvalidSourceEventArgs,0,1,2,0,1,29,1,0,0,-1,1,1
SubscriptionDataSourceReader,0,1,0,0,1,29,2,0,0,-1,7,5
ReaderErrorEventArgs,0,1,2,0,1,29,1,0,0,-1,0,1
SubscriptionDataReader,25,14,2,0,4,678,50,0,0,0.1400000005960464,32,1
TimeSlice,0,9,9,0,2,515,48,0,0,-1,40,6
UniverseSelection,6,3,0,0,2,217,26,0,0,0,24,3
UpdateData<T>,3,1,0,3,1,30,1,0,0,0,0,0
ZipDataCacheProvider,5,6,0,0,4,182,15,0,1,0.3300000131130219,3,1
CachedZipFile,3,3,2,0,3,57,4,0,0,0,0,1
ZipEntryNameSubscriptionDataSourceReader,5,3,0,0,2,65,5,0,1,0.6700000166893005,5,2
FileSystemDataFeed,12,18,2,0,6,537,44,0,1,0,45,1
IDataFeed,0,5,2,0,0,48,5,2,0,-1,8,11
BaseDataCollectionAggregatorEnumerator<T>,4,7,2,0,4,158,14,0,0,0.5699999928474426,2,0
BaseDataCollectionAggregatorEnumerator,0,1,0,0,1,12,1,3,0,-1,1,2
EnqueueableEnumerator<T>,7,6,4,0,6,144,7,0,0,0.3300000131130219,0,0
DataQueueFuturesChainUniverseDataCollectionEnumerator,5,4,2,0,4,92,4,0,0,0,2,1
DataQueueOptionChainUniverseDataCollectionEnumerator,5,4,2,0,4,92,4,0,0,0,2,1
FastForwardEnumerator,5,4,2,0,4,104,8,0,0,0,2,2
FillForwardEnumerator,9,6,2,0,4,262,25,1,0,0,10,1
FrontierAwareEnumerator,6,4,2,0,4,135,9,0,0,0,4,2
LiveFillForwardEnumerator,1,2,0,0,1,62,5,0,1,0,4,2
FuturesChainUniverseDataCollectionAggregatorEnumerator,0,3,0,0,1,41,6,0,1,-1,5,1
OptionChainUniverseDataCollectionEnumerator,0,2,0,0,1,30,4,0,1,-1,4,1
OptionChainUniverseDataCollectionAggregatorEnumerator,0,3,0,0,1,43,6,0,1,-1,5,1
OpenInterestEnumerator,4,5,2,0,5,112,7,0,0,0.4000000059604645,3,1
RateLimitEnumerator,5,4,2,0,4,100,6,0,0,0,2,2
RefreshEnumerator<T>,3,4,2,0,4,82,5,0,0,0,0,0
SubscriptionFilterEnumerator,5,6,2,0,5,148,12,0,0,0.3300000131130219,7,1
SynchronizingEnumerator,2,9,2,0,5,217,28,0,0,0.2199999988079071,2,3
SynchronizedEnumerator,2,1,0,2,1,6,1,0,0,0,0,1
QuoteBarBuilderEnumerator,4,5,2,0,5,123,7,0,0,0.4000000059604645,4,1
TradeBarBuilderEnumerator,4,5,2,0,5,118,7,0,0,0.4000000059604645,4,4
BaseDataCollectionSubscriptionEnumeratorFactory,2,2,0,0,2,38,2,0,1,0,6,1
BaseDataSubscriptionEnumeratorFactory,4,4,0,0,3,75,7,0,1,0,14,3
FineFundamentalSubscriptionEnumeratorFactory,4,3,0,0,2,121,9,0,1,0,8,2
FuturesChainUniverseSubscriptionEnumeratorFactory,4,4,0,0,3,84,5,0,1,0,15,2
OptionChainUniverseSubscriptionEnumeratorFactory,6,4,0,0,3,104,6,0,1,0,18,2
SubscriptionDataReaderSubscriptionEnumeratorFactory,8,3,0,0,3,78,4,0,1,0,13,1
UserDefinedUniverseSubscriptionEnumeratorFactory,2,2,0,0,2,28,2,0,1,0,5,2
ApiDataQueueHandler,1,4,0,0,4,42,4,0,1,0,3,1
LiveDataQueue,0,3,0,0,3,27,3,1,1,-1,1,0
FakeDataQueue,6,5,0,0,4,118,10,0,1,0,3,0
LocalFileSubscriptionStreamReader,2,5,3,0,5,109,10,0,1,0,1,2
RemoteFileSubscriptionStreamReader,1,3,2,0,3,57,3,0,1,0,2,1
RestSubscriptionStreamReader,2,3,2,0,3,59,4,0,1,0.6700000166893005,1,0
BrokerageHistoryProvider,1,4,0,0,3,87,6,0,1,0.5,17,3
SubscriptionDataReaderHistoryProvider,4,3,0,0,2,211,5,0,1,0.6700000166893005,22,1
ResultHandlerStub,1,25,5,1,24,46,25,0,1,1,14,1
FilterEnumerator<T>,2,4,2,0,4,52,6,0,0,0,0,0
SynchronizingHistoryProvider,1,3,1,0,2,96,13,2,1,1,13,0
LiveTradingRealTimeHandler,6,8,1,0,7,173,14,0,1,0.3799999952316284,9,0
BacktestingRealTimeHandler,3,7,1,0,7,117,14,0,1,0.4300000071525574,8,0
IRealTimeHandler,0,5,1,0,0,38,5,2,1,-1,4,7
ScheduledEventFactory,0,4,0,0,4,128,7,0,0,-1,10,2
DesktopResultHandler,8,26,7,0,26,474,37,0,1,0.4600000083446503,18,0
IResultHandler,0,24,5,0,0,221,24,5,0,-1,13,22
BacktestingResultHandler,36,28,7,0,27,836,59,0,1,0.1800000071525574,31,3
LiveTradingResultHandler,31,31,5,0,27,1118,78,0,1,0.1000000014901161,44,0
BrokerageSetupHandler,2,7,5,0,5,385,21,0,1,0.4300000071525574,31,0
ConsoleSetupHandler,0,7,5,0,5,183,12,0,1,-1,16,0
BacktestingSetupHandler,4,6,5,0,5,277,16,0,1,1,21,0
ISetupHandler,0,3,5,0,0,73,3,3,0,-1,7,8
BacktestingTransactionHandler,1,3,0,0,3,45,4,0,1,0,5,2
BrokerageTransactionHandler,13,26,5,0,15,1056,87,1,1,0,36,2
ITransactionHandler,0,4,2,0,0,40,4,1,1,-1,3,13
CandlestickPatterns,1,62,0,0,62,996,62,0,0,0,63,0
DollarVolumeUniverseDefinitions,1,5,0,0,5,111,5,0,0,0,10,2
QCAlgorithm,25,279,35,0,262,5460,449,161,1,0.3300000131130219,149,27
UniverseDefinitions,0,1,2,0,1,27,1,0,0,-1,1,4
CompositeLogHandler,1,6,0,0,6,74,11,0,1,0.3300000131130219,1,0
CompositeNLogHandler,1,6,0,0,6,74,11,0,1,0.3300000131130219,1,0
NLogHandler,3,7,0,0,5,92,7,0,1,0.2899999916553497,0,0
QueueLogHandler,4,6,1,0,5,97,7,0,1,0.3300000131130219,2,1
FunctionalLogHandler,4,6,0,0,6,72,9,0,1,0.5,0,1
ConsoleLogHandler,4,6,0,0,6,65,6,0,1,0.3300000131130219,0,0
FileLogHandler,4,8,0,0,6,102,9,1,1,0.25,0,1
ILogHandler,0,3,0,0,0,21,3,7,0,-1,0,7
LogHandlerExtensions,0,3,0,0,3,50,6,0,0,-1,1,0
LogEntry,3,3,0,3,3,50,3,0,0,0,1,3
LogType,0,0,0,0,0,6,0,0,0,-1,0,3
Log,5,8,3,0,7,226,17,0,0,0.5,2,161
RegressionFileLogHandler,0,1,0,0,1,11,1,0,2,-1,0,0
WhoCalledMe,0,1,0,0,1,16,1,0,0,-1,0,2
AbsolutePriceOscillator,0,2,0,0,2,25,2,1,1,-1,1,3
AccumulationDistribution,0,2,1,0,1,30,2,0,1,-1,2,3
AccumulationDistributionOscillator,4,4,1,0,3,65,4,0,1,0.5,5,2
ArnaudLegouxMovingAverage,1,5,0,0,4,85,8,0,0,0.800000011920929,2,4
AverageDirectionalIndex,2,11,9,0,2,308,24,0,1,0,3,7
AverageDirectionalMovementIndexRating,3,4,1,0,3,59,4,0,1,0.5,3,2
BalanceOfPower,0,2,1,0,1,31,2,0,1,-1,1,2
ChandeMomentumOscillator,3,4,1,0,3,83,8,0,0,0.75,2,2
DonchianChannel,1,4,3,0,3,71,5,0,1,1,3,2
DoubleExponentialMovingAverage,4,4,1,0,3,67,5,0,0,0.5,2,5
FractalAdaptiveMovingAverage,5,5,1,0,3,120,11,0,1,0.4000000059604645,2,2
FilteredIdentity,2,2,1,0,1,59,5,0,0,0,2,3
HullMovingAverage,3,4,1,0,3,62,5,0,0,0.5,2,4
RegressionChannel,1,4,6,0,3,94,4,0,1,0.5,3,4
SwissArmyKnifeTool,0,0,0,0,0,23,0,0,0,-1,0,3
SwissArmyKnife,13,4,1,0,3,146,10,0,1,0.5,3,2
TradeBarIndicator,0,1,0,0,0,11,1,6,0,-1,0,5
VolumeWeightedAveragePriceIndicator,3,4,1,0,3,64,4,0,1,0.5,4,2
FisherTransform,4,4,1,0,2,103,8,0,1,0.5,4,1
HeikinAshi,0,4,7,0,3,105,5,0,1,-1,2,2
IchimokuKinkoHyo,0,7,15,0,2,211,7,0,1,-1,3,2
IndicatorResult,0,1,2,0,1,43,1,0,0,-1,1,2
IndicatorStatus,0,0,0,0,0,17,0,0,0,-1,0,3
KaufmanAdaptiveMovingAverage,6,4,1,0,3,109,8,0,0,0.75,2,4
KeltnerChannels,1,6,5,0,3,134,6,0,1,0.6700000166893005,3,2
LeastSquaresMovingAverage,1,4,2,0,3,76,5,0,0,0.75,2,3
LogReturn,0,3,0,0,2,39,3,0,0,-1,2,2
MidPrice,3,3,1,0,2,49,3,0,1,0.6700000166893005,3,2
MidPoint,3,4,1,0,3,59,4,0,0,0.5,3,2
MomersionIndicator,3,5,1,0,4,113,8,0,0,0.6000000238418579,2,2
NormalizedAverageTrueRange,4,4,1,0,3,77,6,0,1,0.5,5,2
OnBalanceVolume,1,3,1,0,2,62,5,0,1,0.6700000166893005,3,2
LinearWeightedMovingAverage,0,3,0,0,2,62,6,0,0,-1,2,5
ParabolicStopAndReverse,9,7,1,0,3,239,21,0,1,0.2899999916553497,2,4
PercentagePriceOscillator,0,3,0,0,2,37,3,0,2,-1,3,2
WindowIdentity,0,3,1,0,2,40,3,0,0,-1,2,2
T3MovingAverage,4,4,1,0,3,73,6,0,0,0.5,2,4
RateOfChangeRatio,0,3,0,0,2,34,3,0,0,-1,2,2
Trix,5,4,1,0,3,73,7,0,0,0.5,3,2
TrueRange,1,2,1,0,1,49,5,0,1,1,1,4
TripleExponentialMovingAverage,4,4,1,0,3,67,6,0,0,0.5,2,4
TriangularMovingAverage,3,4,1,0,3,63,4,0,0,0.5,2,4
UltimateOscillator,9,4,1,0,3,104,6,0,1,0.5,5,2
Variance,2,4,1,0,3,73,7,1,0,0.75,2,3
WilliamsPercentR,0,4,3,0,3,68,5,0,1,-1,5,2
AroonOscillator,0,6,3,0,3,103,6,0,1,-1,5,6
AverageTrueRange,1,5,2,0,4,102,6,0,1,0.4000000059604645,4,7
CommodityChannelIndex,1,4,4,0,3,85,5,0,1,1,3,2
CompositeIndicator<T>,1,7,3,0,3,154,7,0,0,0.5699999928474426,2,0
ConstantIndicator<T>,1,3,1,0,2,49,3,0,0,0,0,0
Delay,0,3,1,0,2,47,4,0,0,-1,2,5
ExponentialMovingAverage,2,6,1,0,5,78,7,0,1,0.5,1,30
FunctionalIndicator<T>,3,4,1,0,3,69,5,0,0,0,0,0
Identity,0,2,1,0,1,29,2,0,1,-1,1,9
Indicator,0,1,0,0,0,11,1,8,0,-1,0,5
IndicatorBase<T>,1,11,4,0,7,632,19,0,1,0.9100000262260437,4,0
IndicatorExtensions,0,19,0,0,19,307,19,0,0,-1,8,0
MeanAbsoluteDeviation,0,4,2,0,3,64,5,0,0,-1,3,2
Minimum,0,4,2,0,3,80,6,0,0,-1,2,14
Momentum,0,3,0,0,2,38,4,0,0,-1,2,8
MomentumPercent,0,2,0,0,2,21,2,0,1,-1,0,4
MoneyFlowIndex,0,4,4,0,3,74,5,0,1,-1,3,2
MovingAverageConvergenceDivergence,0,4,4,0,3,84,5,1,1,-1,3,14
MovingAverageType,0,0,0,0,0,47,0,0,0,-1,0,28
RateOfChange,0,3,0,0,2,40,4,0,0,-1,2,4
RateOfChangePercent,0,3,0,0,2,40,4,1,0,-1,2,3
RelativeStrengthIndex,1,4,4,0,3,90,6,0,1,1,3,10
Stochastic,4,7,4,0,3,151,8,0,1,0.2899999916553497,2,2
Sum,1,4,1,0,3,52,5,0,0,0.75,2,4
SimpleMovingAverage,0,4,2,0,3,52,4,0,0,-1,2,24
MovingAverageTypeExtensions,0,2,0,0,2,101,4,0,0,-1,11,0
Maximum,0,4,2,0,3,80,6,0,0,-1,2,14
BarIndicator,0,1,0,0,0,11,1,18,0,-1,0,16
WindowIndicator<T>,1,4,2,0,1,61,4,0,0,0.5,1,0
StandardDeviation,0,3,1,0,2,46,3,0,1,-1,3,9
BollingerBands,0,4,6,0,3,90,4,0,1,-1,3,6
UpDownGapThreeMethods,0,3,1,0,2,73,5,0,1,-1,3,1
UpsideGapTwoCrows,4,4,1,0,3,103,8,0,1,0.5,7,1
UniqueThreeRiver,4,4,1,0,3,103,8,0,1,0.5,7,1
Tristar,2,4,1,0,3,96,9,0,1,0.5,6,1
Thrusting,4,4,1,0,3,99,8,0,1,0.5,7,1
TasukiGap,2,4,1,0,3,107,7,0,1,0.5,7,1
Takuri,6,4,1,0,3,102,9,0,1,0.5,6,1
StickSandwich,2,4,1,0,3,86,7,0,1,0.5,7,1
StalledPattern,8,4,1,0,3,137,11,0,1,0.5,7,1
SpinningTop,2,4,1,0,3,77,7,0,1,0.5,6,1
ShortLineCandle,4,4,1,0,3,89,8,0,1,0.5,6,1
ShootingStar,6,4,1,0,3,108,9,0,1,0.5,6,1
SeparatingLines,6,4,1,0,3,118,9,0,1,0.5,7,1
RiseFallThreeMethods,3,4,1,0,3,116,9,0,1,0.5,6,1
RickshawMan,6,4,1,0,3,114,9,0,1,0.5,6,1
Piercing,2,4,1,0,3,93,8,0,1,0.5,7,1
OnNeck,4,4,1,0,3,98,8,0,1,0.5,7,1
MorningStar,6,5,1,0,4,121,9,0,1,0.6000000238418579,7,1
MorningDojiStar,7,5,1,0,4,128,10,0,1,0.6000000238418579,7,1
MatHold,4,5,1,0,4,128,10,0,1,0.6000000238418579,7,1
MatchingLow,2,4,1,0,3,82,7,0,1,0.5,7,1
Marubozu,4,4,1,0,3,89,8,0,1,0.5,6,1
LongLineCandle,4,4,1,0,3,89,8,0,1,0.5,6,1
LongLeggedDoji,4,4,1,0,3,91,8,0,1,0.5,6,1
LadderBottom,2,4,1,0,3,92,7,0,1,0.5,7,1
KickingByLength,4,4,1,0,3,108,9,0,1,0.5,7,1
Kicking,4,4,1,0,3,108,9,0,1,0.5,7,1
InvertedHammer,6,4,1,0,3,108,9,0,1,0.5,6,1
InNeck,4,4,1,0,3,98,8,0,1,0.5,7,1
HomingPigeon,4,4,1,0,3,98,8,0,1,0.5,7,1
HighWaveCandle,4,4,1,0,3,89,8,0,1,0.5,6,1
HaramiCross,4,4,1,0,3,94,8,0,1,0.5,6,1
Harami,4,4,1,0,3,94,8,0,1,0.5,6,1
HangingMan,8,4,1,0,3,120,10,0,1,0.5,6,1
Hammer,8,4,1,0,3,120,10,0,1,0.5,6,1
GravestoneDoji,4,4,1,0,3,89,8,0,1,0.5,6,1
EveningStar,6,5,1,0,4,121,9,0,1,0.6000000238418579,7,1
EveningDojiStar,7,5,1,0,4,128,10,0,1,0.6000000238418579,7,1
DragonflyDoji,4,4,1,0,3,89,8,0,1,0.5,6,1
DojiStar,4,4,1,0,3,96,8,0,1,0.5,7,1
DarkCloudCover,3,5,1,0,4,100,8,0,1,0.6000000238418579,7,1
AbandonedBaby,7,5,1,0,4,144,10,0,1,0.6000000238418579,7,1
AdvanceBlock,10,4,1,0,3,185,14,0,1,0.5,7,1
ClosingMarubozu,4,4,1,0,3,100,8,0,1,0.5,7,1
BeltHold,4,4,1,0,3,100,8,0,1,0.5,7,1
Breakaway,2,4,1,0,3,108,7,0,1,0.5,7,1
CandleSettingType,0,0,0,0,0,60,0,0,0,-1,0,59
CandleRangeType,0,0,0,0,0,17,0,0,0,-1,0,2
CandleColor,0,0,0,0,0,12,0,0,0,-1,0,40
CandleSettings,1,2,0,0,2,41,2,0,0,0,2,58
CandleSetting,0,1,3,0,1,42,1,0,0,-1,1,59
CandlestickPattern,0,12,0,0,0,127,13,61,0,-1,6,59
HikkakeModified,4,4,1,0,3,158,7,0,1,0.5,6,1
ThreeBlackCrows,2,4,1,0,3,104,8,0,1,0.5,7,1
GapSideBySideWhite,4,4,1,0,3,102,8,0,1,0.5,7,1
ThreeInside,4,4,1,0,3,99,8,0,1,0.5,7,1
ConcealedBabySwallow,2,4,1,0,3,102,8,0,1,0.5,7,1
ThreeLineStrike,2,4,1,0,3,112,8,0,1,0.5,7,1
Engulfing,0,3,1,0,2,59,5,0,1,-1,3,1
Hikkake,2,4,1,0,3,119,8,0,1,0.75,3,1
ThreeOutside,0,3,1,0,2,65,5,0,1,-1,3,1
Counterattack,4,4,1,0,3,100,9,0,1,0.5,6,1
ThreeStarsInSouth,8,4,1,0,3,142,11,0,1,0.5,7,1
IdenticalThreeCrows,4,4,1,0,3,117,10,0,1,0.5,7,1
ThreeWhiteSoldiers,8,4,1,0,3,151,13,0,1,0.5,7,1
Doji,2,4,1,0,3,70,6,0,1,0.5,6,1
TwoCrows,2,4,1,0,3,88,7,0,1,0.5,7,1
EmptyCommandQueueHandler,0,3,0,0,3,28,3,0,1,-1,2,0
FileCommandQueueHandler,2,6,0,0,5,98,12,0,1,0.6700000166893005,4,1
JobQueue,11,4,1,0,3,152,10,0,1,0.75,11,0
EventMessagingHandler,3,14,1,0,7,242,27,0,1,0.2099999934434891,15,0
Messaging,2,4,1,0,4,113,7,0,1,0.75,16,0
StreamingApi,2,1,0,1,1,80,4,0,0,0,2,3
Response,2,0,0,2,0,13,0,0,0,-1,0,0
StreamingMessageHandler,3,6,1,0,5,93,8,0,1,0.3300000131130219,9,1
BacktestingBrokerage,4,15,2,0,13,396,24,1,1,0.2000000029802322,19,5
BacktestingBrokerageFactory,0,3,2,0,3,50,3,0,1,-1,3,0
BasicOptionAssignmentSimulation,7,3,0,0,2,161,10,0,1,0,17,3
IBacktestingMarketSimulation,0,1,0,0,0,9,1,1,0,-1,2,1
Brokerage,0,14,3,0,9,192,19,6,1,-1,7,1
BrokerageException,0,2,0,0,2,21,2,0,0,-1,0,0
BrokerageFactory,1,5,3,0,3,82,6,6,1,1,5,0
ISymbolMapper,0,2,0,0,0,21,2,5,0,-1,3,1
FxcmBrokerage,35,42,4,0,18,1552,135,0,2,0.1000000014901161,31,5
FxcmBrokerageFactory,2,4,2,0,4,89,5,0,2,1,7,0
FxcmSymbolMapper,4,9,1,0,7,243,19,0,1,0,5,5
"TupleList<T1,T2>",0,1,0,0,1,7,1,0,0,-1,0,0
AccountDownloadEndEventArgs,0,1,1,0,1,15,1,0,0,-1,0,2
AccountSummaryEventArgs,0,1,5,0,1,39,1,0,0,-1,0,1
ActionSide,5,0,0,5,0,28,0,0,0,-1,0,1
AgentDescription,10,0,0,10,0,52,0,0,0,-1,0,0
BarSize,14,0,0,14,0,72,0,0,0,-1,0,1
HistogramDataEventArgs,0,1,2,0,1,21,1,0,0,-1,0,1
HeadTimestampEventArgs,0,1,2,0,1,21,1,0,0,-1,0,1
RerouteMktDepthReqEventArgs,0,1,3,0,1,27,1,0,0,-1,0,1
RerouteMktDataReqEventArgs,0,1,3,0,1,27,1,0,0,-1,0,1
HistoricalNewsEndEventArgs,0,1,2,0,1,21,1,0,0,-1,0,1
NewsProvidersEventArgs,0,1,1,0,1,15,1,0,0,-1,0,1
NewsArticleEventArgs,0,1,3,0,1,27,1,0,0,-1,0,1
HistoricalNewsEventArgs,0,1,5,0,1,39,1,0,0,-1,0,1
TickReqParamsEventArgs,0,1,4,0,1,33,1,0,0,-1,0,1
SmartComponentsEventArgs,0,1,2,0,1,21,1,0,0,-1,0,1
TickNewsEventArgs,0,1,6,0,1,45,1,0,0,-1,0,1
MktDepthExchangesEventArgs,0,1,1,0,1,15,1,0,0,-1,0,1
SymbolSamplesEventArgs,0,1,2,0,1,21,1,0,0,-1,0,1
FamilyCodesEventArgs,0,1,1,0,1,15,1,0,0,-1,0,1
HistoricalDataUpdateEventArgs,0,1,2,0,1,21,1,0,0,-1,0,1
OrderStatus,12,0,0,12,0,74,0,0,0,-1,0,1
OrderType,18,0,0,18,0,106,0,0,0,-1,0,1
RightType,3,0,0,3,0,17,0,0,0,-1,0,1
SecurityType,12,0,0,12,0,62,0,0,0,-1,0,1
SoftDollarTiersEventArgs,0,1,2,0,1,21,1,0,0,-1,0,1
SecurityDefinitionOptionParameterEventArgs,0,1,7,0,1,52,1,0,0,-1,0,1
CommissionReportEventArgs,0,1,1,0,1,15,1,0,0,-1,0,1
ContractDetailsEventArgs,0,1,2,0,1,21,1,0,0,-1,0,2
CurrentTimeUtcEventArgs,0,1,1,0,1,15,1,0,0,-1,0,2
DeltaNeutralValidationEventArgs,0,1,2,0,1,21,1,0,0,-1,0,1
DisplayGroupUpdatedEventArgs,0,1,2,0,1,21,1,0,0,-1,0,1
ErrorEventArgs,0,1,3,0,1,27,1,0,0,-1,0,2
ExecutionDetailsEventArgs,0,2,3,0,2,37,2,0,0,-1,0,2
FundamentalDataEventArgs,0,1,2,0,1,21,1,0,0,-1,0,1
HistoricalDataEndEventArgs,0,1,3,0,1,27,1,0,0,-1,0,2
HistoricalDataEventArgs,0,1,2,0,1,21,1,0,0,-1,0,2
ManagedAccountsEventArgs,0,1,1,0,1,15,1,0,0,-1,0,1
MarketDataTypeEventArgs,0,1,2,0,1,21,1,0,0,-1,0,1
NextValidIdEventArgs,0,1,1,0,1,15,1,0,0,-1,0,2
OpenOrderEventArgs,0,1,4,0,1,33,1,0,0,-1,0,2
OrderStatusEventArgs,0,2,10,0,2,88,2,0,0,-1,0,2
PositionEventArgs,0,1,4,0,1,33,1,0,0,-1,0,1
AccountUpdateMultiEventArgs,0,1,6,0,1,45,1,0,0,-1,0,1
RealtimeBarEventArgs,0,1,9,0,1,65,1,0,0,-1,0,1
DisplayGroupListEventArgs,0,1,2,0,1,23,1,0,0,-1,0,1
PositionMultiEventArgs,0,1,6,0,1,45,1,0,0,-1,0,1
TimeInForce,7,0,0,7,0,37,0,0,0,-1,0,1
VerifyAndAuthCompletedEventArgs,0,1,2,0,1,21,1,0,0,-1,0,1
VerifyCompletedEventArgs,0,1,2,0,1,21,1,0,0,-1,0,1
VerifyAndAuthMessageApiEventArgs,0,1,2,0,1,21,1,0,0,-1,0,1
VerifyMessageApiEventArgs,0,1,1,0,1,15,1,0,0,-1,0,1
RequestEndEventArgs,0,1,1,0,1,15,1,0,0,-1,0,2
ReceiveFaEventArgs,0,1,2,0,1,21,1,0,0,-1,0,1
TickEfpEventArgs,0,1,9,0,1,63,1,0,0,-1,0,1
TickEventArgs,0,1,2,0,0,21,1,5,0,-1,0,0
TickGenericEventArgs,0,1,1,0,1,16,1,0,1,-1,0,1
TickOptionComputationEventArgs,0,1,8,0,1,58,1,0,1,-1,0,1
TickPriceEventArgs,0,1,2,0,1,22,1,0,1,-1,0,2
TickSizeEventArgs,0,1,1,0,1,16,1,0,1,-1,0,2
TickSnapshotEndEventArgs,0,1,1,0,1,15,1,0,0,-1,0,1
TickStringEventArgs,0,1,1,0,1,16,1,0,1,-1,0,1
UpdateAccountTimeEventArgs,0,1,1,0,1,15,1,0,0,-1,0,1
UpdateAccountValueEventArgs,0,1,4,0,1,33,1,0,0,-1,0,2
UpdateMarketDepthEventArgs,0,1,6,0,1,45,1,0,0,-1,0,1
UpdateMarketDepthLevel2EventArgs,0,1,7,0,1,51,1,0,0,-1,0,1
UpdateNewsBulletinEventArgs,0,1,4,0,1,33,1,0,0,-1,0,1
ScannerParametersEventArgs,0,1,1,0,1,15,1,0,0,-1,0,1
ScannerDataEventArgs,0,1,7,0,1,51,1,0,0,-1,0,1
UpdatePortfolioEventArgs,0,1,8,0,1,59,1,0,0,-1,0,2
InteractiveBrokersClient,0,146,2,0,75,1860,217,0,0,-1,60,1
HistoricalDataType,5,0,0,5,0,27,0,0,0,-1,0,1
InteractiveBrokersBrokerage,41,69,2,0,20,2468,166,0,2,0.07000000029802322,65,6
AccountValueKeys,1,0,0,1,0,6,0,0,0,-1,0,1
InteractiveBrokersBrokerageFactory,0,3,2,0,3,92,5,0,2,-1,6,0
InteractiveBrokersGatewayRunner,7,7,0,0,5,268,16,0,0,0.2899999916553497,4,6
ProcessExtensions,0,3,0,0,1,32,5,0,0,-1,0,1
InteractiveBrokersSymbolMapper,1,7,0,0,7,122,16,0,1,0.2899999916553497,5,2
OandaRestApiBase,18,18,1,0,13,430,23,2,2,0.2800000011920929,12,1
OandaRestApiV1,3,35,0,0,17,925,78,0,3,0.05999999865889549,50,2
OandaRestApiV20,5,25,1,0,17,713,50,0,3,0.119999997317791,50,2
Environment,0,0,0,0,0,12,0,0,0,-1,0,9
OandaBrokerage,3,18,1,1,17,270,27,0,2,0.1099999994039536,17,6
OandaBrokerageFactory,0,3,2,0,3,73,4,0,2,-1,5,0
OandaSymbolMapper,3,8,0,2,6,925,17,0,1,0,5,7
Server,0,0,0,0,0,22,0,0,0,-1,0,2
Account,22,0,11,11,0,141,0,0,0,-1,1,1
Candle,0,0,15,0,0,24,0,0,0,-1,0,1
Event,0,1,2,0,1,9,1,0,1,-1,0,1
Heartbeat,0,0,1,0,0,4,0,0,0,-1,0,1
IHeartbeat,0,1,0,0,0,4,1,2,0,-1,0,0
IsOptionalAttribute,0,1,0,0,1,7,1,0,0,-1,0,3
MaxValueAttribute,0,1,1,0,1,8,1,0,0,-1,0,0
MinValueAttribute,0,1,1,0,1,8,1,0,0,-1,0,0
Instrument,12,0,6,6,0,76,0,0,0,-1,1,1
Order,0,0,13,0,0,16,0,0,1,-1,0,1
Position,0,0,4,0,0,7,0,0,0,-1,0,1
Price,3,1,3,3,1,36,2,0,0,0,1,2
State,0,0,0,0,0,6,0,0,0,-1,0,1
TradeData,0,0,10,0,0,13,0,0,1,-1,0,1
Transaction,0,2,22,0,2,57,4,0,1,-1,0,1
AccountResponse,3,0,0,3,0,6,0,0,0,-1,0,0
AccountsResponse,1,0,0,1,0,5,0,0,0,-1,0,0
CandlesResponse,3,0,0,3,0,6,0,0,0,-1,0,1
InstrumentsResponse,1,0,0,1,0,4,0,0,0,-1,0,1
OrdersResponse,2,0,0,2,0,5,0,0,0,-1,0,1
PositionsResponse,1,0,0,1,0,4,0,0,0,-1,0,1
PostOrderResponse,0,0,7,0,0,11,0,0,1,-1,0,1
PricesResponse,2,0,0,2,0,5,0,0,0,-1,0,1
Response,0,1,0,0,1,27,4,4,0,-1,1,0
TradesResponse,2,0,0,2,0,5,0,0,0,-1,0,0
RateStreamResponse,2,1,0,2,1,9,1,0,1,0,2,1
CandlesRequest,9,1,1,9,1,41,1,0,1,0,2,1
ECandleFormat,0,0,0,0,0,5,0,0,0,-1,0,1
EGranularity,0,0,0,0,0,24,0,0,0,-1,0,1
ISmartProperty,0,1,1,0,0,5,1,1,0,-1,0,1
SmartProperty,1,3,2,0,3,44,4,0,1,1,0,1
Request,0,1,1,0,1,32,4,1,0,-1,1,1
Common,0,2,0,0,2,12,2,0,0,-1,0,1
EndpointResolver,0,1,0,0,1,47,2,0,0,-1,2,1
IDefaultApi,0,132,0,0,0,1837,132,1,1,-1,8,0
DefaultApi,1,141,2,0,141,6142,834,0,2,0.5299999713897705,42,1
ApiClient,2,20,2,1,17,453,46,0,0,0.6499999761581421,1,2
ApiException,0,3,2,0,3,41,3,0,0,-1,0,0
ApiResponse<T>,0,1,3,0,1,34,1,0,0,-1,0,0
Configuration,10,8,8,6,8,311,14,0,0,0.3799999952316284,1,2
IApiAccessor,0,1,2,0,0,19,1,1,0,-1,0,0
AcceptDatetimeFormat,0,0,0,0,0,16,0,0,0,-1,0,0
Account,0,7,34,0,6,625,8,0,0,-1,0,1
AccountChanges,0,7,9,0,6,225,8,0,0,-1,0,1
AccountChangesState,0,7,16,0,6,337,8,0,0,-1,0,1
AccountFinancingMode,0,0,0,0,0,22,0,0,0,-1,0,0
AccountID,0,7,0,0,6,82,8,0,0,-1,0,0
AccountProperties,0,7,3,0,6,129,8,0,0,-1,0,0
AccountSummary,0,7,31,0,6,577,8,0,0,-1,0,2
AccountUnits,0,7,0,0,6,82,8,0,0,-1,0,0
CalculatedPositionState,0,7,4,0,6,145,8,0,0,-1,0,0
CalculatedTradeState,0,7,2,0,6,113,8,0,0,-1,0,0
Candlestick,0,7,6,0,6,174,8,0,0,-1,1,1
CandlestickData,0,7,4,0,6,145,8,0,0,-1,0,2
CandlestickGranularity,0,0,0,0,0,130,0,0,0,-1,0,1
ClientComment,0,7,0,0,6,82,8,0,0,-1,0,0
ClientConfigureRejectTransaction,0,7,10,0,6,1183,8,0,0,-1,0,1
TypeEnum,0,0,0,0,0,7933,0,0,0,-1,0,1
RejectReasonEnum,0,0,0,0,0,8677,0,0,0,-1,0,0
ClientConfigureTransaction,0,7,9,0,6,438,8,0,0,-1,0,1
ClientExtensions,0,7,3,0,6,129,8,0,0,-1,0,42
ClientID,0,7,0,0,6,82,8,0,0,-1,0,0
ClientTag,0,7,0,0,6,82,8,0,0,-1,0,0
ClosePositionBody,0,7,4,0,6,143,8,0,0,-1,1,2
CloseTradeBody,0,7,1,0,6,97,8,0,0,-1,0,2
CloseTransaction,0,7,7,0,6,406,8,0,0,-1,0,0
ConfigureAccountBody,0,7,2,0,6,113,8,0,0,-1,0,2
CreateOrderBody,0,7,1,0,6,96,8,0,0,-1,1,2
CreateTransaction,0,7,12,0,6,486,8,0,0,-1,0,0
Currency,0,7,0,0,6,82,8,0,0,-1,0,0
DailyFinancingTransaction,0,7,11,0,6,497,8,0,0,-1,0,0
AccountFinancingModeEnum,0,0,0,0,0,22,0,0,0,-1,0,0
DateTime,0,7,0,0,6,82,8,0,0,-1,0,0
DecimalNumber,0,7,0,0,6,82,8,0,0,-1,0,0
DelayedTradeClosureTransaction,0,7,9,0,6,477,8,0,0,-1,0,0
ReasonEnum,0,0,0,0,0,754,0,0,0,-1,0,0
DynamicOrderState,0,7,4,0,6,145,8,0,0,-1,0,0
FundingReason,0,0,0,0,0,34,0,0,0,-1,0,0
InlineResponse200,0,7,1,0,6,97,8,0,0,-1,0,1
InlineResponse2001,0,7,2,0,6,112,8,0,0,-1,1,1
InlineResponse20010,0,7,3,0,6,128,8,0,0,-1,1,1
InlineResponse20011,0,7,2,0,6,113,8,0,0,-1,0,1
InlineResponse20012,0,7,2,0,6,113,8,0,0,-1,0,2
InlineResponse20013,0,7,2,0,6,112,8,0,0,-1,1,1
InlineResponse20014,0,7,8,0,6,203,8,0,0,-1,3,1
InlineResponse20015,0,7,1,0,6,96,8,0,0,-1,1,1
InlineResponse20016,0,7,1,0,6,96,8,0,0,-1,1,1
InlineResponse20017,0,7,7,0,6,443,8,0,0,-1,0,1
InlineResponse20018,0,7,2,0,6,112,8,0,0,-1,1,1
InlineResponse20019,0,7,2,0,6,113,8,0,0,-1,0,1
InlineResponse2002,0,7,2,0,6,112,8,0,0,-1,1,2
InlineResponse20020,0,7,2,0,6,111,8,0,0,-1,2,1
InlineResponse20021,0,7,1,0,6,97,8,0,0,-1,0,2
InlineResponse20022,0,7,2,0,6,111,8,0,0,-1,2,1
InlineResponse20023,0,7,2,0,6,113,8,0,0,-1,0,1
InlineResponse20024,0,7,2,0,6,113,8,0,0,-1,0,1
InlineResponse20025,0,7,2,0,6,112,8,0,0,-1,1,1
InlineResponse20026,0,7,5,0,6,158,8,0,0,-1,3,1
InlineResponse20027,0,7,3,0,6,128,8,0,0,-1,1,1
InlineResponse20028,0,7,12,0,6,263,8,0,0,-1,5,1
InlineResponse20029,0,7,3,0,6,264,8,0,0,-1,0,2
GranularityEnum,0,0,0,0,0,130,0,0,0,-1,0,0
InlineResponse2003,0,7,2,0,6,113,8,0,0,-1,0,2
InlineResponse2004,0,7,2,0,6,112,8,0,0,-1,1,1
InlineResponse2005,0,7,3,0,6,127,8,0,0,-1,2,1
InlineResponse2006,0,7,2,0,6,113,8,0,0,-1,0,1
InlineResponse2007,0,7,2,0,6,113,8,0,0,-1,0,1
InlineResponse2008,0,7,2,0,6,112,8,0,0,-1,1,1
InlineResponse2009,0,7,3,0,6,128,8,0,0,-1,1,1
InlineResponse201,0,7,7,0,6,188,8,0,0,-1,3,2
InlineResponse2011,0,7,8,0,6,203,8,0,0,-1,3,1
InlineResponse400,0,7,4,0,6,144,8,0,0,-1,1,0
InlineResponse4001,0,7,5,0,6,160,8,0,0,-1,1,0
InlineResponse4002,0,7,5,0,6,160,8,0,0,-1,1,0
InlineResponse4003,0,7,5,0,6,160,8,0,0,-1,1,0
InlineResponse4004,0,7,6,0,6,175,8,0,0,-1,1,0
InlineResponse4005,0,7,3,0,6,128,8,0,0,-1,1,0
InlineResponse4006,0,7,5,0,6,160,8,0,0,-1,1,0
InlineResponse4007,0,7,10,0,6,235,8,0,0,-1,4,0
InlineResponse401,0,7,2,0,6,113,8,0,0,-1,0,0
InlineResponse404,0,7,5,0,6,160,8,0,0,-1,1,0
InlineResponse4041,0,7,5,0,6,160,8,0,0,-1,1,0
InlineResponse4042,0,7,5,0,6,160,8,0,0,-1,1,0
InlineResponse4043,0,7,5,0,6,160,8,0,0,-1,1,0
InlineResponse4044,0,7,6,0,6,175,8,0,0,-1,1,0
InlineResponse4045,0,7,5,0,6,160,8,0,0,-1,1,0
InlineResponse4046,0,7,5,0,6,160,8,0,0,-1,1,0
Instrument,0,7,12,0,6,300,8,0,0,-1,0,1
InstrumentName,0,7,0,0,6,82,8,0,0,-1,0,0
InstrumentType,0,0,0,0,0,22,0,0,0,-1,0,0
LimitOrder,0,7,25,0,6,683,8,0,0,-1,4,0
StateEnum,0,0,0,0,0,259,0,0,0,-1,0,0
TimeInForceEnum,0,0,0,0,0,1024,0,0,0,-1,0,0
PositionFillEnum,0,0,0,0,0,529,0,0,0,-1,0,0
TriggerConditionEnum,0,0,0,0,0,937,0,0,0,-1,0,0
LimitOrderReason,0,0,0,0,0,16,0,0,0,-1,0,0
LimitOrderRejectTransaction,0,7,22,0,6,1514,8,0,0,-1,4,0
LimitOrderRequest,0,7,13,0,6,458,8,0,0,-1,4,1
LimitOrderTransaction,0,7,22,0,6,785,8,0,0,-1,4,0
LiquidityRegenerationSchedule,0,7,1,0,6,97,8,0,0,-1,0,0
LiquidityRegenerationScheduleStep,0,7,3,0,6,129,8,0,0,-1,0,0
MarginCallEnterTransaction,0,7,7,0,6,406,8,0,0,-1,0,0
MarginCallExitTransaction,0,7,7,0,6,406,8,0,0,-1,0,0
MarginCallExtendTransaction,0,7,8,0,6,422,8,0,0,-1,0,0
MarketIfTouchedOrder,0,7,27,0,6,715,8,0,0,-1,4,0
MarketIfTouchedOrderReason,0,0,0,0,0,16,0,0,0,-1,0,0
MarketIfTouchedOrderRejectTransaction,0,7,23,0,6,1530,8,0,0,-1,4,0
MarketIfTouchedOrderRequest,0,7,14,0,6,474,8,0,0,-1,4,1
MarketIfTouchedOrderTransaction,0,7,23,0,6,801,8,0,0,-1,4,0
MarketOrder,0,7,26,0,6,649,8,0,0,-1,8,0
MarketOrderDelayedTradeClose,0,7,3,0,6,129,8,0,0,-1,0,3
MarketOrderMarginCloseout,0,7,1,0,6,118,8,0,0,-1,0,3
MarketOrderMarginCloseoutReason,0,0,0,0,0,16,0,0,0,-1,0,0
MarketOrderPositionCloseout,0,7,2,0,6,113,8,0,0,-1,0,3
MarketOrderReason,0,0,0,0,0,34,0,0,0,-1,0,0
MarketOrderRejectTransaction,0,7,24,0,6,1514,8,0,0,-1,8,4
MarketOrderRequest,0,7,11,0,6,381,8,0,0,-1,4,1
MarketOrderTradeClose,0,7,3,0,6,129,8,0,0,-1,0,3
MarketOrderTransaction,0,7,23,0,6,769,8,0,0,-1,8,2
OpenTradeFinancing,0,7,2,0,6,113,8,0,0,-1,0,0
Order,0,7,4,0,6,177,8,0,0,-1,1,1
OrderCancelReason,0,0,0,0,0,178,0,0,0,-1,0,0
OrderCancelRejectTransaction,0,7,11,0,6,1382,8,0,0,-1,0,2
OrderCancelTransaction,0,7,11,0,6,653,8,0,0,-1,0,6
OrderClientExtensionsModifyRejectTransaction,0,7,12,0,6,1213,8,0,0,-1,1,2
OrderClientExtensionsModifyTransaction,0,7,11,0,6,468,8,0,0,-1,1,1
OrderFillReason,0,0,0,0,0,70,0,0,0,-1,0,0
OrderFillTransaction,0,7,19,0,6,671,8,0,0,-1,2,6
OrderID,0,7,0,0,6,82,8,0,0,-1,0,0
OrderIdentifier,0,7,2,0,6,113,8,0,0,-1,0,0
OrderPositionFill,0,0,0,0,0,34,0,0,0,-1,0,0
OrderRequest,0,7,0,0,6,82,8,0,0,-1,0,2
OrderSpecifier,0,7,0,0,6,82,8,0,0,-1,0,0
OrderState,0,0,0,0,0,28,0,0,0,-1,0,0
OrderTriggerCondition,0,0,0,0,0,40,0,0,0,-1,0,0
OrderType,0,0,0,0,0,46,0,0,0,-1,0,0
Position,0,7,6,0,6,175,8,0,0,-1,1,2
PositionAggregationMode,0,0,0,0,0,22,0,0,0,-1,0,0
PositionFinancing,0,7,3,0,6,129,8,0,0,-1,0,0
PositionSide,0,7,6,0,6,177,8,0,0,-1,0,2
Price,0,7,11,0,6,282,8,0,0,-1,2,2
StatusEnum,0,0,0,0,0,22,0,0,0,-1,0,0
PriceBucket,0,7,2,0,6,113,8,0,0,-1,0,1
PriceStatus,0,0,0,0,0,22,0,0,0,-1,0,0
PriceValue,0,7,0,0,6,82,8,0,0,-1,0,0
PricingHeartbeat,0,7,2,0,6,113,8,0,0,-1,0,1
QuoteHomeConversionFactors,0,7,2,0,6,113,8,0,0,-1,0,1
ReopenTransaction,0,7,7,0,6,406,8,0,0,-1,0,0
ReplaceOrderBody,0,7,1,0,6,96,8,0,0,-1,1,2
RequestID,0,7,0,0,6,82,8,0,0,-1,0,0
ResetResettablePLTransaction,0,7,7,0,6,406,8,0,0,-1,0,0
SetOrderClientExtensionsBody,0,7,2,0,6,111,8,0,0,-1,1,2
SetTradeClientExtensionsBody,0,7,1,0,6,96,8,0,0,-1,1,2
SetTradeDependentOrdersBody,0,7,3,0,6,126,8,0,0,-1,3,2
StopLossDetails,0,7,4,0,6,183,8,0,0,-1,1,17
StopLossOrder,0,7,20,0,6,568,8,0,0,-1,1,1
StopLossOrderReason,0,0,0,0,0,22,0,0,0,-1,0,0
StopLossOrderRejectTransaction,0,7,18,0,6,1421,8,0,0,-1,1,1
StopLossOrderRequest,0,7,8,0,6,343,8,0,0,-1,1,0
StopLossOrderTransaction,0,7,18,0,6,692,8,0,0,-1,1,1
StopOrder,0,7,26,0,6,699,8,0,0,-1,4,0
StopOrderReason,0,0,0,0,0,16,0,0,0,-1,0,0
StopOrderRejectTransaction,0,7,23,0,6,1530,8,0,0,-1,4,0
StopOrderRequest,0,7,14,0,6,474,8,0,0,-1,4,1
StopOrderTransaction,0,7,23,0,6,801,8,0,0,-1,4,0
TakeProfitDetails,0,7,4,0,6,183,8,0,0,-1,1,17
TakeProfitOrder,0,7,20,0,6,568,8,0,0,-1,1,1
TakeProfitOrderReason,0,0,0,0,0,22,0,0,0,-1,0,0
TakeProfitOrderRejectTransaction,0,7,18,0,6,1421,8,0,0,-1,1,1
TakeProfitOrderRequest,0,7,8,0,6,343,8,0,0,-1,1,0
TakeProfitOrderTransaction,0,7,18,0,6,692,8,0,0,-1,1,1
TimeInForce,0,0,0,0,0,34,0,0,0,-1,0,0
Trade,0,7,17,0,6,376,8,0,0,-1,4,1
TradeClientExtensionsModifyRejectTransaction,0,7,11,0,6,1198,8,0,0,-1,1,2
TradeClientExtensionsModifyTransaction,0,7,10,0,6,453,8,0,0,-1,1,1
TradeID,0,7,0,0,6,82,8,0,0,-1,0,0
TradeOpen,0,7,3,0,6,128,8,0,0,-1,1,2
TradeReduce,0,7,4,0,6,145,8,0,0,-1,0,2
TradeSpecifier,0,7,0,0,6,82,8,0,0,-1,0,0
TradeState,0,0,0,0,0,22,0,0,0,-1,0,0
TradeSummary,0,7,17,0,6,379,8,0,0,-1,1,0
TrailingStopLossDetails,0,7,4,0,6,183,8,0,0,-1,1,17
TrailingStopLossOrder,0,7,21,0,6,584,8,0,0,-1,1,1
TrailingStopLossOrderReason,0,0,0,0,0,22,0,0,0,-1,0,0
TrailingStopLossOrderRejectTransaction,0,7,18,0,6,1421,8,0,0,-1,1,1
TrailingStopLossOrderRequest,0,7,8,0,6,343,8,0,0,-1,1,0
TrailingStopLossOrderTransaction,0,7,18,0,6,692,8,0,0,-1,1,1
Transaction,0,7,6,0,6,177,8,0,0,-1,0,9
TransactionFilter,0,0,0,0,0,244,0,0,0,-1,0,0
TransactionHeartbeat,0,7,3,0,6,129,8,0,0,-1,0,1
TransactionID,0,7,0,0,6,82,8,0,0,-1,0,0
TransactionRejectReason,0,0,0,0,0,724,0,0,0,-1,0,0
TransactionType,0,0,0,0,0,208,0,0,0,-1,0,0
TransferFundsRejectTransaction,0,7,11,0,6,1238,8,0,0,-1,0,0
FundingReasonEnum,0,0,0,0,0,67,0,0,0,-1,0,0
TransferFundsTransaction,0,7,11,0,6,509,8,0,0,-1,0,0
UnitsAvailable,0,7,4,0,6,141,8,0,0,-1,1,1
UnitsAvailableDetails,0,7,2,0,6,113,8,0,0,-1,0,1
UserInfo,0,7,4,0,6,145,8,0,0,-1,0,1
UserInfoExternal,0,7,3,0,6,129,8,0,0,-1,0,1
UserSpecifier,0,7,0,0,6,82,8,0,0,-1,0,0
VWAPReceipt,0,7,2,0,6,113,8,0,0,-1,0,0
WeeklyAlignment,0,0,0,0,0,46,0,0,0,-1,0,0
PricingStreamSession,2,2,0,0,1,24,2,0,1,0,1,1
StreamSession,3,3,0,0,2,81,5,2,0,0,0,0
TransactionStreamSession,1,2,0,0,1,20,2,0,1,0,1,1
EventsSession,1,2,0,0,1,15,2,0,0,0,1,1
RatesSession,2,2,0,0,1,17,2,0,0,0,1,1
StreamSession<T>,4,5,0,0,3,81,8,0,0,0.800000011920929,0,0
PaperBrokerage,1,2,0,0,2,33,3,0,2,0,4,1
PaperBrokerageFactory,0,3,2,0,3,50,3,0,2,-1,3,0
TradierBrokerage,29,70,7,0,34,2346,171,0,2,0.1400000005960464,82,3
ContingentOrderQueue,2,2,0,2,2,29,3,0,0,0,2,1
TradierCachedOpenOrder,2,1,0,2,1,10,1,0,0,0,1,1
TradierPlaceOrderRequest,10,2,0,10,2,41,3,0,0,0,6,2
TradierBalance,1,0,0,1,0,10,0,0,0,-1,0,1
TradierBalanceDetails,27,0,0,27,0,111,0,0,0,-1,0,1
TradierAccountTypeSettings,5,1,0,5,1,26,1,2,0,0,0,0
TradierAccountTypeDayTrader,1,1,0,1,1,10,1,0,1,0,0,0
TradierAccountTypeMargin,1,1,0,1,1,10,1,0,1,0,0,0
TradierAccountTypeCash,3,1,0,3,1,18,1,0,0,0,0,0
TradierApiRequestType,0,0,0,0,0,9,0,0,0,-1,0,1
TradierAccountType,0,0,0,0,0,13,0,0,0,-1,0,1
TradierOrderDirection,0,0,0,0,0,35,0,0,0,-1,0,2
TradierOrderStatus,0,0,0,0,0,28,0,0,0,-1,0,1
TradierOrderDuration,0,0,0,0,0,10,0,0,0,-1,0,2
TradierOrderClass,0,0,0,0,0,16,0,0,0,-1,0,2
TradierAccountStatus,0,0,0,0,0,13,0,0,0,-1,0,1
TradierOptionStatus,0,0,0,0,0,13,0,0,0,-1,0,0
TradierTimeSeriesIntervals,0,0,0,0,0,15,0,0,0,-1,0,1
TradierHistoricalDataIntervals,0,0,0,0,0,12,0,0,0,-1,0,1
TradierOptionType,0,0,0,0,0,10,0,0,0,-1,0,0
TradierOptionExpirationType,0,0,0,0,0,10,0,0,0,-1,0,0
TradierAccountClassification,0,0,0,0,0,19,0,0,0,-1,0,1
TradierEventType,0,0,0,0,0,16,0,0,0,-1,0,0
TradierTradeType,0,0,0,0,0,10,0,0,0,-1,0,0
TradierOrderType,0,0,0,0,0,27,0,0,0,-1,0,2
TradierTimeSeriesContainer,1,0,0,1,0,7,0,0,0,-1,0,1
TradierTimeSeries,7,0,0,7,0,30,0,0,0,-1,0,1
TradierQuoteContainer,1,0,0,1,0,7,0,0,0,-1,0,1
TradierQuote,33,1,0,24,1,138,1,0,0,0,0,1
TradierHistoryDataContainer,1,0,0,1,0,7,0,0,0,-1,0,1
TradierHistoryBar,6,0,0,6,0,26,0,0,0,-1,0,1
TradierMarketStatus,5,0,0,5,0,22,0,0,0,-1,0,1
TradierCalendarStatus,3,0,0,3,0,14,0,0,0,-1,0,1
TradierCalendarDayContainer,1,0,0,1,0,7,0,0,0,-1,0,1
TradierCalendarDay,6,0,0,6,0,26,0,0,0,-1,0,0
TradierCalendarDayMarketHours,2,0,0,2,0,10,0,0,0,-1,0,0
TradierSearchContainer,1,0,0,1,0,6,0,0,0,-1,0,1
TradierSearchResult,4,0,0,4,0,18,0,0,0,-1,0,0
TradierStreamSession,2,0,0,2,0,7,0,0,0,-1,0,1
TradierStreamData,19,0,0,19,0,78,0,0,0,-1,0,1
TradierFaultContainer,1,1,0,1,1,10,1,0,0,0,0,1
TradierFault,2,1,0,2,1,14,1,0,0,0,0,1
TradierFaultDetail,1,1,0,1,1,10,1,0,0,0,0,0
TradierGainLossContainer,1,1,0,1,1,10,1,0,0,0,0,1
TradierGainLossClosed,1,0,0,1,0,7,0,0,0,-1,0,1
TradierGainLoss,9,1,0,9,1,44,1,0,0,0,0,0
TradierEventContainer,1,1,0,1,1,10,1,0,0,0,0,1
TradierEvents,1,1,0,1,1,11,1,0,0,0,0,1
TradierEvent,7,0,0,7,0,30,0,0,0,-1,0,0
TradierEventDetail,2,1,0,2,1,14,1,4,0,0,0,0
TradierTradeEvent,4,1,0,4,1,22,1,0,1,0,0,0
TradierJournalEvent,0,1,0,0,1,6,1,0,1,-1,0,0
TradierDividendEvent,0,1,0,0,1,6,1,0,1,-1,0,0
TradierOptionEvent,1,1,0,1,1,9,1,0,1,0,0,0
TradierOrdersContainer,1,1,0,1,1,11,1,0,0,0,0,1
TradierOrders,1,1,0,1,1,11,1,0,0,0,0,1
TradierOrder,18,1,0,18,1,78,1,1,0,0,0,2
TradierOrderDetailedContainer,1,0,0,1,0,6,0,0,0,-1,0,1
TradierOrderResponse,2,0,0,2,0,10,0,0,0,-1,0,1
TradierOrderResponseError,1,0,0,1,0,7,0,0,0,-1,0,1
TradierOrderResponseOrder,3,0,0,3,0,14,0,0,0,-1,0,1
TradierOrderDetailed,5,0,0,5,0,22,0,0,1,-1,0,1
TradierOrderLeg,14,1,0,14,1,62,1,0,0,0,0,0
TradierPositionsContainer,1,1,0,1,1,11,1,0,0,0,0,1
TradierPositions,1,1,0,1,1,11,1,0,0,0,0,1
TradierPosition,5,0,0,5,0,22,0,0,0,-1,0,1
TokenResponse,6,1,0,6,1,32,1,0,0,0,0,3
TradierBrokerageFactory,1,4,2,1,4,181,6,0,2,0.75,7,1
Configuration,0,0,6,0,0,50,0,0,0,-1,0,1
TradierUserContainer,1,1,0,1,1,10,1,0,0,0,0,1
TradierUser,0,1,3,0,1,23,1,0,0,-1,0,1
TradierUserAccount,0,1,7,0,1,44,1,0,0,-1,3,0
Config,2,15,0,0,13,352,41,0,0,0.2000000029802322,1,44
Compression,0,29,0,0,27,806,43,0,0,-1,2,7
ZipStreamWriter,5,6,1,0,4,131,11,0,0,0,1,0
Api,4,38,1,0,38,722,43,0,1,0.239999994635582,29,8
ApiConnection,3,2,1,1,2,86,3,0,0,0,3,2
ApiWebSocketConnection,12,9,0,0,5,285,16,0,0,0,8,1
