Type,NOF,NOM,NOP,NOPF,NOPM,LOC,WMC,NC,DIT,LCOM,Fan-Out,Fan-In
AccessModifer,0,0,0,0,0,1,0,0,0,-1,0,75
AccessModifierExtensions,0,1,0,0,1,9,1,0,0,-1,3,0
ArgumentDirection,0,0,0,0,0,4,0,0,0,-1,0,32
ArgumentDirectionExtenstions,0,1,0,0,1,13,2,0,0,-1,1,0
AssemblyData,2,8,4,1,7,75,8,1,1,0.5,0,95
AssemblyDataComparer,0,2,0,0,2,12,2,0,0,-1,1,0
CleanConstructor,1,2,0,1,2,23,2,0,1,1,4,17
CleanConstructors,0,1,0,0,1,5,1,0,0,-1,0,12
CleanDetachedVariable,0,1,0,0,1,8,1,0,1,-1,1,12
CleanEvent,0,3,0,0,3,20,3,0,1,-1,3,6
CleanEvents,0,1,0,0,1,7,1,0,0,-1,0,2
CleanField,0,1,0,0,1,7,1,0,1,-1,2,2
CleanMethods,0,1,0,0,1,5,1,0,0,-1,0,34
CleanArrayElement,0,1,1,0,1,10,1,0,1,-1,2,7
CleanProperty,0,1,0,0,1,8,1,0,1,-1,2,2
ShallowCollectionInfo,1,2,4,1,1,20,2,0,0,1,1,2
CollectionInfo,1,2,5,1,1,28,2,0,0,1,2,42
IContainerOfTypeMemberData,0,0,1,0,0,4,0,3,0,-1,0,9
ITypeSystem,0,24,0,0,0,41,24,1,0,-1,4,209
TypeDataProperties,0,0,0,0,0,27,0,0,0,-1,0,37
IPartOfTest,0,2,0,0,0,7,2,11,0,-1,0,16
CleanAssembly,0,2,2,0,2,17,2,0,0,-1,1,11
OverloadResolutionParameterInfo,0,3,2,0,3,26,4,0,0,-1,0,7
ParameterData,0,4,3,0,4,32,4,0,0,-1,3,5
ParameterTypeData,0,4,2,0,4,30,5,0,0,-1,0,0
CleanMethodContents,1,1,4,1,1,30,1,0,0,0,0,12
CleanArguments,2,2,2,2,1,23,2,0,0,1,3,29
CleanMembers,0,1,4,0,1,11,1,0,0,-1,0,30
CleanReturnValue,0,1,1,0,1,14,1,0,1,-1,1,17
TypeMemberData,1,9,11,0,7,124,10,1,1,0.5600000023841858,5,95
MemberRole,0,0,0,0,0,1,0,0,0,-1,0,32
CleanArgument,0,1,1,0,1,11,1,0,1,-1,2,37
CleanMember,0,2,7,0,1,30,2,3,1,-1,2,75
MemberAccessType,0,0,0,0,0,1,0,0,0,-1,0,46
CleanVariable,0,4,4,0,3,35,4,5,1,-1,1,74
CleanType,0,2,8,0,2,38,2,0,0,-1,1,93
TypeData,0,6,35,0,6,142,7,2,1,-1,5,322
CleanMethod,0,4,11,0,4,64,4,1,1,-1,8,68
IAssemblyCachesContainer,0,7,0,0,0,13,7,1,0,-1,1,3
AssemblyCachesContainer,3,11,0,0,8,144,14,0,1,0,8,0
ClassFactoryData,0,1,2,0,1,12,1,0,0,-1,0,1
AssemblyCache,2,3,3,0,3,54,4,0,0,0.6700000166893005,0,1
FactoryTypesAssemblyCache,2,2,1,0,2,43,3,0,0,0,1,2
IFactoryTypesCache,0,3,0,0,0,7,3,1,0,-1,1,1
FactoryTypesCache,1,4,0,0,4,27,4,0,1,0,3,0
IFactoryTypesProvider,0,1,0,0,0,4,1,1,0,-1,1,1
FactoryTypesProvider,2,2,0,0,2,21,3,0,1,0,3,0
HierarchyMapperAssemblyCacheData,0,1,3,0,1,13,1,0,0,-1,0,2
ProbingPathContainer,1,2,0,0,2,16,2,0,1,0,1,0
IAssemblyHierarchyMapperCache,0,3,0,0,0,6,3,1,0,-1,0,1
AssemblyHierarchyMapperCache,2,3,0,0,3,42,7,0,1,0,0,0
IHierarchyMapperCache,0,10,1,0,0,15,10,1,0,-1,1,2
HierarchyMapperCache,5,13,1,0,11,151,22,0,1,0,5,0
IMappedObjectsRepository,0,9,0,0,0,18,9,2,0,-1,3,1
MappedObjectsRepository,4,10,0,0,9,73,10,0,1,0,3,0
IMethodSelector,0,1,0,0,0,4,1,1,0,-1,2,2
MethodSelector,1,2,0,0,2,44,3,0,1,0,8,1
IShallowTypeRepository,0,10,0,0,0,18,10,2,0,-1,3,2
ShallowTypeRepository,5,11,0,0,10,78,11,0,1,0.449999988079071,3,0
IReflectionBridge,0,14,0,0,0,23,14,2,0,-1,3,2
ReflectionBridge,6,21,0,0,15,229,24,0,1,0,18,0
ITypeSystemClean,0,15,0,0,0,24,15,2,0,-1,2,12
TypeSystemClean,5,16,0,0,16,224,30,0,1,0,18,1
ITypeIdProvider,0,9,0,0,0,15,9,1,0,-1,1,36
TypeIdProvider,4,14,0,0,11,304,27,0,1,0.4300000071525574,2,4
"ReadWriteCache<TKey,TValue>",2,1,0,0,1,45,3,0,0,0,0,0
IHierarchyMapper,0,4,0,0,0,9,4,2,0,-1,0,8
HierarchyMapper,6,12,0,0,5,234,20,0,1,0,6,1
INumericResolver,0,2,0,0,0,5,2,1,0,-1,0,4
NumericResolver,2,2,0,0,2,52,4,0,1,0,0,0
TypeSystem,5,26,0,0,25,329,26,0,1,0.07999999821186066,16,2
IZeroProvider,0,1,0,0,0,4,1,1,0,-1,1,4
ZeroProvider,12,2,0,0,2,56,14,0,1,0,3,1
ICleanTypeRepository,0,6,0,0,0,10,6,1,1,-1,3,6
CleanTypeRepository,8,27,0,0,26,201,28,0,2,0,14,0
CleanAssemblyComparer,0,2,0,0,2,20,4,0,0,-1,2,1
MockPrefrencesProvider,0,4,0,0,4,23,4,0,1,-1,2,0
ICollectionItemInfoProvider,0,1,0,0,0,4,1,1,0,-1,1,1
CollectionItemInfoProvider,6,9,0,0,2,99,15,0,1,0,6,0
ShallowCleanEvent,0,1,1,0,1,9,1,0,0,-1,1,2
IMapperShallowToClean,0,4,0,0,0,7,4,1,0,-1,5,4
MapperShallowToClean,2,7,0,0,5,114,9,0,1,0.5699999928474426,20,0
EditableNonShallowTypeData,0,2,0,0,2,17,2,0,2,-1,5,1
ShallowCleanMethodContents,1,1,5,1,1,30,1,0,0,0,0,13
ShallowCleanType,0,1,5,0,1,25,1,0,0,-1,0,10
ShallowCleanVariable,0,1,2,0,0,12,1,2,0,-1,0,0
ShallowTypeMemberData,0,4,10,0,4,93,5,0,0,-1,2,18
ShallowCleanArgument,0,1,1,0,1,10,1,0,1,-1,1,1
ShallowCleanConstructor,0,1,0,0,1,11,1,0,1,-1,2,2
ShallowCleanMember,0,1,2,0,1,13,1,0,1,-1,2,1
ShallowCleanMethod,0,1,2,0,1,18,1,1,0,-1,4,2
ShallowTypeData,1,4,10,1,3,59,4,0,0,1,4,14
ClosedDetachedVariable,0,2,1,0,1,14,2,1,1,-1,1,1
ClosedEvent,0,3,1,0,2,26,4,0,1,-1,5,6
ClosedTestedClass,0,3,2,0,2,38,4,0,2,-1,6,29
IClosedTypeProvider,0,3,0,0,0,6,3,1,0,-1,1,7
ClosedTypeProvider,0,3,0,0,3,36,4,0,1,-1,6,9
ClosedArguments,0,4,2,0,4,36,4,0,1,-1,3,28
ClosedArrayElement,0,2,1,0,1,13,2,0,1,-1,1,9
ClosedConstructor,0,2,1,0,2,17,2,0,1,-1,3,13
ClosedMembers,1,8,5,0,7,91,11,0,1,0.6200000047683716,6,24
ClosedMethodInvocations,0,6,0,0,6,39,6,0,1,-1,3,12
ClosedReturnValue,0,3,1,0,2,25,5,0,1,-1,6,15
IClosed,0,0,0,0,0,1,0,6,1,-1,0,0
ClosedArgument,0,2,1,0,1,15,2,0,1,-1,1,27
ClosedMember,0,4,1,0,2,58,7,1,1,-1,10,30
ClosedVariable,4,10,3,0,6,156,17,5,2,0.5,9,22
ClosedMethod,0,7,5,0,6,91,9,1,2,-1,11,41
ClosedType,0,5,5,0,4,61,5,0,2,-1,8,54
ClosedTestCase,1,6,5,0,6,121,15,0,1,0.8299999833106995,10,116
CaseType,0,0,0,0,0,5,0,0,0,-1,0,14
CodeDomSerializedMethod,0,1,2,0,1,16,1,0,0,-1,2,3
HelperCodeFileProvider,1,2,0,0,2,14,2,0,1,0,2,0
IClosedObjectFreezer,0,11,0,0,0,22,11,1,0,-1,7,56
ClosedObjectFreezerBase,1,15,0,0,11,132,20,2,1,0.6700000166893005,30,0
VisualBasicClosedObjectFreezer,0,2,0,0,1,12,2,0,2,-1,3,1
CSharpClosedObjectFreezer,0,2,0,0,1,15,2,0,2,-1,5,2
ISingleCodeFileProvider,0,1,0,0,0,4,1,3,0,-1,1,1
UnsupportedCodeFileProvider,1,2,0,0,2,14,2,0,1,0,1,0
IStaticTypesBag,0,0,16,0,0,19,0,1,0,-1,0,23
StaticTypesBag,0,1,16,0,1,40,1,0,1,-1,1,0
IAssemblyFriendshipForCurrentTestProvider,0,1,0,0,0,4,1,1,0,-1,1,5
FriendshipProviderForTestAssembly,2,2,0,0,2,41,4,0,1,0,3,0
ICodeSerializationServicesGenerator,0,2,0,0,0,5,2,1,0,-1,4,2
CodeSerializationServicesGenerator,11,7,0,0,3,150,8,0,1,0,41,1
CodeSerializationSettings,0,1,10,0,1,38,1,1,0,-1,5,18
ExtraCodeFile,0,1,3,0,0,17,1,2,0,-1,2,13
IdeProjectRelativeFileLocation,0,0,0,0,0,1,0,0,0,-1,0,8
ExtraCodeFileForOtherContent,0,1,1,0,1,9,1,0,1,-1,1,4
ExtraCodeFileForSingleType,0,1,2,0,1,13,1,0,1,-1,2,7
HelperMethods,0,0,0,0,0,10,0,0,0,-1,0,5
IExtraCodeFilesProvider,0,1,0,0,0,6,1,1,0,-1,3,3
ExtraCodeFilesProvider,4,4,0,0,2,128,5,0,1,0,11,0
ILanguageSpecificSerializationServicesBag,0,0,8,0,0,13,0,1,0,-1,0,5
LanguageSpecificSerializationServicesBag,0,1,8,0,1,32,1,0,1,-1,7,1
SerializedMethod,0,1,3,0,1,14,1,0,0,-1,0,9
ICodeSerializationServices,0,1,22,0,0,37,1,2,0,-1,0,118
CodeSerializationServices,0,2,22,0,2,97,2,0,1,-1,18,1
OtherIssues,0,0,0,0,0,6,0,0,0,-1,0,7
TestsCode,0,1,11,0,1,85,4,0,0,-1,5,53
IClosedToCodeSerializer,0,2,0,0,0,5,2,1,0,-1,4,50
ClosedToCodeSerializer,9,5,0,2,3,155,7,0,1,0,23,2
CSharpUsingsStatmentsGenerator,0,3,0,0,3,42,4,0,1,-1,2,1
ILanguageSpecificCodeObjectFactory,0,1,0,0,0,4,1,2,0,-1,2,2
IAnonymousDelegatesGenerator,0,1,0,0,0,5,1,4,0,-1,2,10
IExtensionFramework,0,2,4,0,0,13,2,2,0,-1,1,2
IUsingStatementGenerator,0,3,0,0,0,8,3,2,0,-1,1,4
IEnumerableAccessSerializer,0,1,0,0,0,6,1,2,0,-1,2,2
MockedParameterInfo,0,2,4,0,2,20,2,0,0,-1,2,14
ICodeExtrapulator,0,4,0,0,0,7,4,2,0,-1,0,4
IMolesIntallationDataProvider,0,0,3,0,0,6,0,1,0,-1,0,1
MolesIntallationDataProvider,2,1,3,0,0,61,1,0,1,0,1,0
IMolesNamingConventionsProvider,0,5,0,0,0,11,5,1,0,-1,1,2
MolesNamingConventionsProvider,1,9,0,0,6,85,13,0,1,0.4399999976158142,4,0
JustMockFramework,1,33,8,1,23,415,50,0,1,0.3300000131130219,32,2
MockObjectMethods,0,0,0,0,0,6,0,0,0,-1,0,1
MolesMockingFramework,4,22,8,1,22,267,31,0,1,0.7300000190734863,22,4
IMolesDefinitionFileProvider,0,1,0,0,0,4,1,1,0,-1,1,1
MolesDefinitionFileProvider,1,2,0,0,1,25,2,0,1,0,4,0
DerivationBasedMockFramework,0,22,8,0,21,161,35,2,1,-1,14,0
IMockingFramework,0,19,4,0,0,33,19,4,1,-1,9,25
ITypeMockCSharpCodeSerialzer,0,0,0,0,0,1,0,1,1,-1,0,1
TypeMockCSharpCodeSerialzer,2,21,0,0,10,363,36,0,2,0,18,0
ITypeMockIsolatorAssembliesProvider,0,1,0,0,0,4,1,2,0,-1,1,3
TypeMockIsolatorAssembliesProvider,4,7,0,0,2,74,11,0,1,0,3,0
ITypeMockVbCodeSerialzer,0,0,0,0,0,1,0,1,1,-1,0,1
TypeMockVbCodeSerialzer,1,18,0,0,10,225,28,0,2,0.1099999994039536,17,0
ITypemockCodeSerializer,0,9,0,0,0,12,9,2,0,-1,5,1
TypeMockIsolatorFramework,5,25,9,1,22,333,47,0,2,0.3600000143051147,29,3
MoqMockFramework,1,23,5,1,16,307,32,0,2,0.3499999940395355,17,5
RhinoMocksFramework,1,26,5,1,16,417,40,0,2,0.3799999952316284,21,2
VbUsingsStatmentsGenerator,0,3,0,0,3,39,4,0,1,-1,1,1
Vb10AnonymousDelegatesGenerator,0,2,0,0,1,56,3,0,1,-1,7,2
Vb9AnonymousDelegatesGenerator,0,2,0,0,1,21,2,0,1,-1,4,2
VbCodeExtrapulator,0,7,0,0,6,77,9,0,1,-1,0,2
VbEnumerableAccessSerializer,0,1,0,0,1,11,1,0,1,-1,4,1
VbLanguageSpecificCodeObjectFactory,0,1,0,0,1,11,1,0,1,-1,2,1
VbCodeFilesStrings,4,0,0,4,0,209,0,0,0,-1,0,1
ICollectionCodeSerializer,0,2,0,0,0,8,2,1,0,-1,4,5
CollectionCodeSerializer,0,3,0,0,2,47,4,0,1,-1,12,0
IEventsSerializer,0,1,0,0,0,6,1,1,0,-1,4,2
EventsSerializer,2,2,0,0,2,64,5,0,1,0,16,0
BindingFlagsExtensions,0,1,0,0,1,33,4,0,0,-1,4,0
IAccumulatedSectionsInfo,0,0,4,0,0,7,0,1,0,-1,0,3
AccumulatedSectionsInfo,0,0,4,0,0,8,0,0,1,-1,0,0
IAssemblyPerLanguageVersionConverter,0,3,0,0,0,8,3,1,0,-1,3,5
AssemblyPerLanguageVersionConverter,4,4,0,0,4,80,9,0,1,0.5,6,0
ITestingFrameworkWrapper,0,19,4,0,0,33,19,1,0,-1,8,16
StyleAwareTestingFrameworkWrapper,2,23,4,0,20,256,35,0,1,0,16,0
ExpressionRole,0,0,0,0,0,5,0,0,0,-1,0,1
DeclaredValuesWrapper,0,1,3,0,1,13,1,0,0,-1,0,1
IPayloadAwareCodeObjectsFactory,0,9,0,0,0,20,9,1,0,-1,5,43
PayloadAwareCodeObjectsFactory,0,12,0,0,9,114,19,0,1,-1,16,0
ISerializedTypeNameProvider,0,2,0,0,0,5,2,2,0,-1,1,3
CSharpSerializedTypeNameProvider,1,3,0,0,3,44,5,0,1,0.6700000166893005,2,2
VbSerializedTypeNameProvider,1,3,0,0,3,43,5,0,1,0.6700000166893005,2,1
CodeElementAccessData,1,3,5,1,3,35,3,2,0,1,2,77
ITestLiveObjectBuilder,0,0,0,0,0,4,0,1,1,-1,0,1
TestLiveObjectBuilder,2,2,0,0,2,57,3,0,2,0,16,0
ExistingVariableSerializationContext,0,1,1,0,1,10,1,0,1,-1,3,3
IMethodArgumentsSerializer,0,4,0,0,0,7,4,1,0,-1,4,1
MethodArgumentsSerializer,1,9,0,0,5,196,18,0,1,0.3300000131130219,19,0
IReflectionCallsSerializer,0,6,0,0,0,11,6,1,0,-1,6,3
ReflectionCallsSerializer,3,10,0,0,7,262,21,0,1,0,18,1
SerilaizedTestMethod,0,1,4,0,1,15,1,0,0,-1,2,2
ITestDeclerationsRepository,0,10,0,0,0,15,10,1,0,-1,7,25
TestDeclerationsRepository,5,12,0,0,11,103,17,0,1,0,15,0
SectionType,0,0,0,0,0,6,0,0,0,-1,0,6
ITestMethodStyler,0,1,0,0,0,6,1,1,0,-1,3,6
TestMethodStyler,0,2,0,0,1,43,8,0,1,-1,4,0
ITestMethodVariablesNamer,0,4,0,0,0,7,4,1,0,-1,3,7
SpecialVariableRoles,0,0,0,0,0,10,0,0,0,-1,0,9
TestMethodVariablesNamer,1,7,0,0,4,63,9,0,1,0,6,0
VariableDecleration,0,1,2,0,1,11,1,0,0,-1,1,15
IVariableDeclerationDecider,0,2,0,0,0,5,2,1,0,-1,3,2
VariableDeclerationDecider,1,4,0,0,3,55,9,0,1,0.5,13,0
IMemberSerializer,0,5,0,0,0,9,5,1,0,-1,8,11
MemberSerializer,2,7,0,0,6,224,24,0,1,0.2899999916553497,21,1
FakeSpecification,0,0,0,0,0,8,0,0,0,-1,0,12
IMethodInvocationSerailizer,0,6,0,0,0,15,6,1,0,-1,8,9
MethodInvocationSerailizer,5,15,0,0,7,332,32,0,1,0,31,1
IReflectionUsageDecider,0,6,0,0,0,10,6,1,0,-1,4,4
ReflectionUsageDecider,0,10,0,0,6,126,22,0,1,-1,6,0
IUsingAndReferencesContainer,0,5,2,0,0,10,5,1,0,-1,2,48
UsingAndReferencesContainer,6,7,2,0,6,114,18,0,1,0,6,0
CodeElement,1,3,4,1,3,31,3,1,0,1,1,41
VariableSerializationContext,0,1,2,0,1,11,1,1,0,-1,2,40
ITestMethodSectionAdder,0,1,0,0,0,4,1,2,0,-1,3,0
ITestMethodActor,0,1,0,0,0,5,1,1,0,-1,3,2
TestMethodActor,3,2,0,0,2,151,4,0,1,0,20,1
ITestMethodArranger,0,1,0,0,0,4,1,1,0,-1,3,1
TestMethodArranger,0,2,0,0,1,37,4,0,1,-1,13,1
ITestMethodGenerator,0,1,0,0,0,4,1,1,0,-1,3,1
TestMethodGenerator,4,8,0,0,2,209,18,0,1,0,35,0
SameAttributeNameEqualityComparer,1,2,0,1,2,13,2,0,0,0,0,1
CodeGenPayload,3,5,9,0,5,57,7,0,0,1,7,104
ITestMethodAsserter,0,0,0,0,0,1,0,1,1,-1,0,1
TestMethodAsserter,0,3,0,0,1,71,11,0,2,-1,19,0
IIdeSolutionNameProvider,0,1,0,0,0,5,1,2,0,-1,0,2
IdeAttributeData,0,2,1,0,2,14,2,0,0,-1,0,5
IdeReference,0,1,0,0,1,4,1,2,0,-1,0,3
IdeReferenceFile,0,2,1,0,2,14,2,0,1,-1,1,11
IdeReferenceProject,0,2,1,0,2,14,2,0,1,-1,1,1
IdeMethod,1,4,4,0,3,35,4,0,0,0.5,2,12
IdeType,1,5,7,0,4,48,5,0,0,0.4000000059604645,0,21
IIdeCodeElementsFetcher,0,1,0,0,0,4,1,1,0,-1,1,4
IdeProject,1,6,11,0,5,86,6,1,0,0.5,5,66
IIdeCurrentContextFetcher,0,1,0,0,0,5,1,3,0,-1,0,2
IIdeInformationProvider,0,3,0,0,0,6,3,2,0,-1,0,5
IIdeProbingPathProvider,0,1,0,0,0,4,1,2,0,-1,0,11
IIdeBuildNotifier,0,0,0,0,0,5,0,1,0,-1,0,7
IIdeExistingProjectProvider,0,5,0,0,0,15,5,2,0,-1,1,13
IIdeCodeAdder,0,2,0,0,0,8,2,2,0,-1,1,6
IIdeCodeNavigator,0,2,0,0,0,5,2,2,0,-1,2,5
IIdeSourceControlRootProvider,0,1,0,0,0,4,1,1,0,-1,0,2
IGeneralInformationProvider,0,0,1,0,0,4,0,1,0,-1,0,1
GeneralInformationProvider,2,5,1,0,1,52,5,0,1,0,3,0
IIssueWebSubmitter,0,1,0,0,0,4,1,1,0,-1,0,1
IssueWebSubmitter,0,1,0,0,1,20,1,0,1,-1,0,0
SolutionFileNameRollingFileAppender,4,4,1,0,2,57,4,0,0,0,3,0
ClosedTestCaseSerializer,1,2,0,0,2,14,2,0,0,0,3,3
CrossAppDomainLogger_MainDomain,1,7,0,0,7,38,7,0,0,0.2899999916553497,2,2
InternalTypeLoadException,2,3,3,0,3,36,3,0,0,0.6700000166893005,0,2
CrossDomainLoggerExceptionNormalizer,0,3,0,0,1,56,5,0,0,-1,1,1
BugzScoutAppender,1,5,6,0,1,136,13,0,0,0.4000000059604645,4,0
CrossAppDomainLogger_ReflectionDomain,2,9,0,0,8,60,10,0,1,0.2199999988079071,3,1
IScoutWrapper,0,1,0,0,0,4,1,1,0,-1,0,1
ScoutWrapper,3,2,0,0,2,36,3,0,1,0,2,0
ILogSettingsChangesDetector,0,4,0,0,0,7,4,1,0,-1,0,1
LogSettingsChangesDetector,0,5,0,0,4,71,8,0,1,-1,0,1
ReflectionDomainUnloadingException,0,2,0,0,0,6,2,2,0,-1,0,4
RequestMadeWhileUnloadingReflectionDomainException,1,1,1,0,1,17,1,0,1,0,0,0
UnloadedInfoCallException,2,3,0,0,1,25,3,1,1,0,1,1
UnloadedTypeMissException,1,3,1,0,2,30,3,0,2,0,1,0
SingleWriteAppender,0,3,3,0,2,60,4,0,0,-1,0,0
TimeLogger,4,2,0,0,2,32,3,0,0,0,1,0
ILogger,0,5,0,0,0,9,5,2,0,-1,1,61
MainLogger,1,7,0,0,6,72,13,0,1,0,3,0
ILog4NetConfigurationProvider,0,1,0,0,0,5,1,4,0,-1,1,2
MockLog4NetConfigurationProvider,0,2,0,0,2,10,2,0,1,-1,1,0
LogSettingsFileConfigurationProvider,1,3,3,0,2,136,8,0,1,0,2,0
ILoggerImpl,0,5,0,0,0,9,5,3,0,-1,1,2
Log4NetLogger,2,8,4,0,7,109,14,0,1,0.3799999952316284,4,5
ListBoxLogger,2,13,3,0,6,190,25,0,1,0.3100000023841858,2,1
SimpleValueSelectionOptionViewModel<TOption>,0,1,1,0,0,11,1,0,1,-1,2,0
IPossibilityExtensions,0,1,0,0,1,8,1,0,0,-1,2,0
"DependentOptionNotificationProvider<TCurrentOption,TForbiddenPart>",0,2,0,0,0,21,4,0,0,-1,4,0
ContainerOfTypeMemberViewModel,0,3,5,0,1,42,4,2,1,-1,7,1
"DualNotificationProvdier<TOption,TFirstProvider,TSecondProvider>",2,2,0,0,1,23,2,0,0,0,3,0
"OptionsCantExistOnSameTimeProvider<TCurrentOption,TForbiddenOption>",0,1,0,0,0,15,1,0,0,-1,5,0
TypeEditorOptionBase<TPack>,1,7,2,0,4,50,8,0,1,1,6,0
ISettingsDependentOption,0,1,0,0,0,4,1,2,1,-1,1,1
ManuallyAddedValueOption,0,3,0,0,3,18,3,0,0,-1,0,2
IDualityExpectationPack,0,1,0,0,0,4,1,2,0,-1,1,3
IDualityPossibilityPack,0,1,0,0,0,4,1,2,0,-1,1,1
QualityNotificationsProviderBase<TOption>,0,2,0,0,0,14,2,0,1,-1,3,0
AllGoodQualityNotificationsProvider<TOption>,0,1,0,0,0,9,1,0,0,-1,2,0
SmoothScrollingLargeGroupsComboBox,0,3,0,0,1,47,8,0,0,-1,0,0
ValueOptionCollectionViewSource,0,1,0,0,1,9,1,0,0,-1,2,0
ValueOptionImportanceValues,12,0,0,12,0,15,0,0,0,-1,0,24
ApplicabilityManagerBase<TValueProvider>,1,9,0,0,3,59,13,0,1,0.8899999856948853,7,0
DataTemplateLocator,0,2,0,0,2,23,3,0,0,-1,0,2
IExpectationPack,0,1,0,0,0,5,1,1,1,-1,1,2
IOptionPackWithDualProvider,0,0,1,0,0,4,0,2,1,-1,0,6
ISecondValueProvider,0,1,0,0,0,4,1,2,0,-1,1,3
IOptionWithDualValues,0,0,2,0,0,5,0,2,1,-1,0,2
IValueOptionExtensions,0,1,0,0,1,7,1,0,0,-1,1,0
IValueOption,0,0,4,0,0,9,0,1,1,-1,0,55
ValueOption<T>,1,4,5,0,4,64,7,0,2,0.75,1,0
ValueOptionViewModel,0,3,3,0,3,32,3,1,1,-1,2,7
ICodeSerializer,0,4,4,0,0,14,4,3,0,-1,5,27
OptionToCodeSerializerBase<TFrozenOption>,0,7,4,0,1,72,7,0,1,-1,6,0
DefaultLevel,0,0,0,0,0,23,0,0,0,-1,0,31
NullValueProvider,0,2,0,0,1,14,2,0,1,-1,1,10
IApplicabilityManager,0,3,0,0,0,7,3,1,0,-1,1,13
IOptionNamer,0,3,0,0,0,6,3,1,0,-1,4,5
IOption,0,5,4,0,0,17,5,7,1,-1,3,56
IOptionQualityNotificationsProvider,0,1,0,0,0,4,1,1,0,-1,3,3
IOptionPack,0,4,8,0,0,17,4,5,0,-1,3,51
IDataDrivenOptionPack,0,0,1,0,0,4,0,2,1,-1,0,1
IDataDriverCodeSerializer,0,1,0,0,0,4,1,2,1,-1,1,1
ITypeEditorPossibility,0,0,0,0,0,2,0,4,1,-1,0,10
ITypeEditorOption,0,3,1,0,0,10,3,2,2,-1,4,5
"OptionNamerBase<TOption,TValueProvider>",0,6,1,0,2,40,7,0,1,-1,6,0
"OptionPackBase<TOption,TFrozenOption,TNamer,TApplicabilityManager,TFirstValueProvider,TDslCodeSerializer,TTestCodeSerializer,TQualityNotificationsProvider>",6,6,14,0,3,131,6,0,1,1,3,0
IPossibilityPack,0,1,0,0,0,5,1,1,1,-1,1,4
IValueProvider,0,3,1,0,0,12,3,2,0,-1,2,6
ValueProviderBase,0,4,1,0,3,27,4,17,1,-1,4,0
IOptionPacksProvider,0,1,2,0,0,7,1,1,0,-1,0,6
OptionPacksProvider,2,2,3,0,2,38,2,0,1,1,4,0
IHaveConsts,0,0,1,0,0,4,0,3,0,-1,0,2
ValueOptionEqualityComparer,1,2,0,1,2,46,7,0,0,1,1,4
OptionBaseSingle<TPack>,2,14,5,0,9,168,28,0,2,1,14,0
IExpectation,0,0,0,0,0,3,0,12,2,-1,0,23
IPossibility,0,0,0,0,0,3,0,17,2,-1,0,30
SimpleValueSelectionOptionViewModel,5,15,8,0,3,417,28,14,1,0.6000000238418579,18,28
BuildOptionSetReturnValue,3,1,0,0,1,13,1,0,0,0,1,1
ExtendedEditingOptionViewModel<T>,1,1,0,0,0,12,1,0,1,0,2,0
OptionForSelectionViewModel,0,4,1,0,4,30,4,0,1,-1,6,9
PexAssemblyInfoCodeFileProvider,0,1,0,0,1,37,1,0,1,-1,9,0
"PexAndMockIntegrationWarnningProvider<TCurrentOption,TForbiddenOption>",0,1,0,0,0,22,2,0,0,-1,7,0
PexPossibilityPack,0,1,3,0,0,35,1,0,2,-1,4,0
PexPossibilityCodeSerializer,1,5,1,0,2,50,5,0,2,0.6000000238418579,12,0
PexPossibilityToDslSerializer,0,1,0,0,0,13,1,0,0,-1,4,0
PexPossibilityApplicabilityManager,2,3,0,0,2,27,3,0,0,0.6700000166893005,11,0
PexPossibilityNamer,0,2,1,0,1,17,2,0,0,-1,4,0
PexPossibility,0,2,0,0,2,14,2,0,3,-1,1,4
IPexProvider,0,0,2,0,0,6,0,1,0,-1,0,2
PexProvider,2,2,2,0,0,80,3,0,1,0,2,0
FrozenCollectionItemExpectation,0,3,2,0,3,27,3,0,0,-1,1,2
CollectionItemExpectation,0,7,2,0,6,61,11,0,3,-1,4,10
CollectionItemExpectationApplicabilityManager,0,5,0,0,3,31,5,0,0,-1,8,0
CollectionItemExpectationCodeSerializer,0,1,0,0,0,24,2,0,0,-1,9,0
CollectionItemExpectationNamer,0,3,1,0,1,33,5,0,0,-1,7,0
CollectionItemExpectationPack,0,1,1,0,0,14,1,0,0,-1,4,0
CollectionItemExpectationToDslSerializer,0,1,0,0,0,14,1,0,0,-1,7,0
CollectionItemExpectationViewModel,1,4,2,0,2,86,7,0,2,1,13,1
FrozenMembersExpectation,0,3,1,0,3,23,3,0,0,-1,1,2
MembersExpectationQualityNotificationsProvider,0,1,0,0,0,15,2,0,0,-1,4,0
MembersExpectationCodeSerializer,0,1,0,0,0,32,4,0,0,-1,14,0
MembersExpectationApplicabilityManager,3,5,0,0,3,44,6,0,0,0.800000011920929,9,1
MembersExpectationNamer,0,4,0,0,1,23,4,0,0,-1,5,0
MembersExpectationPack,0,2,1,0,0,17,2,0,0,-1,4,0
MembersExpectationToDslSerializer,0,1,0,0,0,11,1,0,0,-1,5,0
SameDataTypeProvider,0,2,0,0,1,14,2,0,2,-1,3,1
MembersExpectation,0,5,0,0,4,34,5,0,3,-1,7,13
MembersExpectationMemberViewModel,3,4,4,0,2,102,4,0,1,1,7,2
MembersExtendedEditingExpectationViewModel,1,8,3,0,4,99,11,0,0,0.75,16,3
FrozenClosedArgument,0,1,2,0,1,19,1,0,1,-1,3,8
FrozenClosedArguments,0,3,0,0,3,19,3,0,1,-1,1,8
FrozenClosedArrayElement,0,1,0,0,1,8,1,0,1,-1,2,4
FrozenClosedConstructor,0,1,0,0,1,11,1,0,1,-1,3,6
FrozenClosedDetachedVariable,0,1,0,0,1,9,1,1,1,-1,2,0
FrozenClosedEvent,0,1,0,0,1,8,1,0,1,-1,2,5
FrozenClosedMember,0,1,1,0,1,13,1,1,1,-1,3,12
FrozenClosedMembers,0,3,0,0,3,26,3,0,1,-1,1,7
FrozenClosedMethod,0,4,5,0,4,52,4,1,1,-1,9,23
FrozenClosedMethodInvocations,0,3,0,0,3,19,3,0,1,-1,1,6
FrozenClosedReturnValue,0,1,0,0,1,8,1,0,1,-1,2,9
FrozenClosedTestCase,0,3,5,0,3,44,3,0,1,-1,8,48
FrozenClosedTestedClass,0,1,1,0,1,12,1,0,2,-1,3,13
FrozenClosedType,0,3,5,0,3,48,3,0,1,-1,9,24
FrozenClosedVariable,0,3,4,0,2,51,4,5,1,-1,6,25
IFrozenClosed,0,0,0,0,0,1,0,7,1,-1,0,0
IFrozenOption,0,0,1,0,0,4,0,2,2,-1,0,20
FrozenOptionBase<TPack>,0,4,1,0,3,19,4,0,3,-1,0,0
FrozenOptionWrapper<T>,0,3,2,0,3,28,3,0,3,-1,0,0
EventWasRaisedExpectationPack,0,1,1,0,0,22,1,0,0,-1,4,0
EventWasRaisedExpectationCodeSerializer,2,3,1,0,1,52,3,0,0,0,14,0
EventWasRaisedExpectationToDslSerializer,0,1,0,0,0,13,1,0,0,-1,4,0
EventWasRaisedExpectationApplicabilityManager,0,7,0,0,2,42,8,0,0,-1,9,0
EventWasRaisedExpectationNamer,0,2,1,0,1,17,2,0,0,-1,4,0
EventWasRaisedExpectation,0,2,0,0,2,13,2,0,3,-1,1,4
FrozenChangeMemberPossibility,0,3,1,0,3,23,3,0,0,-1,1,2
ChangeMemberPossibility,0,5,1,0,4,38,5,0,2,-1,7,9
ChangeMemberPossibilityApplicabilityManager,4,6,0,0,3,65,9,0,0,0.8299999833106995,10,0
ChangeMemberPossibilityCodeSerializer,0,2,0,0,0,43,6,0,0,-1,15,0
ChangeMemberPossibilityNamer,0,4,0,0,1,23,4,0,0,-1,8,0
ChangeMemberPossibilityPack,0,2,1,0,0,18,2,0,0,-1,5,0
ChangeMemberPossibilityValueProvider,0,2,0,0,1,14,2,0,2,-1,2,1
ChangeMemberPossibilityViewModel,0,2,0,0,1,13,2,0,0,-1,6,1
ChangeMemberToDslSerializer,0,1,0,0,0,12,1,0,0,-1,5,0
FrozenNewArrayPossibility,0,3,2,0,3,28,3,0,0,-1,2,2
DuplicateArrayMemberActionViewModel,3,4,1,0,2,43,4,0,1,0,11,0
NewArrayPossibilityCodeSerializer,0,2,0,0,0,39,3,0,0,-1,9,0
NewArrayToDslSerializer,0,1,0,0,0,25,2,0,0,-1,9,0
NewArrayApplicabilityManager,0,4,0,0,3,24,4,0,0,-1,8,0
NewArrayNamer,0,4,0,0,1,23,4,0,0,-1,6,0
NewArrayPossibilityPack,0,2,1,0,0,22,2,0,0,-1,5,0
NewArrayValueProvider,0,3,0,0,1,18,3,0,1,-1,6,1
NewArrayPossibility,0,7,2,0,5,64,9,0,3,-1,8,17
NewArrayPossibilityViewModel,2,8,4,0,3,95,8,0,0,0.6200000047683716,12,4
ArrayElementViewModel,1,3,2,0,1,49,3,0,1,0,4,3
ExtractedMethod,0,2,3,0,2,24,2,0,1,-1,2,5
ExtractedMethodTypeMemberData,0,1,0,0,1,21,1,0,2,-1,2,0
FactoryPossibility,2,9,7,0,6,151,12,0,2,0.6700000166893005,14,10
FactoryPossibilityApplicabilityManager,1,3,0,0,2,20,3,0,0,0.6700000166893005,5,0
FactoryPossibilityCodeSerializer,0,1,0,0,0,28,2,0,0,-1,9,0
FactoryPossibilityNamer,0,4,0,0,1,26,4,0,0,-1,9,0
IFactoryPossibilitySecondValueProvider,0,1,0,0,0,5,1,1,1,-1,2,2
FactoryPossibilitySecondValueProvider,2,8,1,0,6,104,11,0,2,0.3799999952316284,16,1
FactoryPossibilityToDslSerializer,0,1,0,0,0,49,4,0,0,-1,11,0
FrozenFactoryPossibility,0,3,3,0,3,36,4,0,0,-1,3,2
ICanBeFactoryMethod,0,1,2,0,0,6,1,2,1,-1,0,4
FactoryPossibilityExtendedViewModel,0,5,1,0,2,51,9,0,0,-1,7,1
FactoryPossibilityPack,1,3,3,0,1,47,3,0,2,1,6,1
FactoryPossibilitySimpleViewModel,0,3,0,0,1,53,8,0,2,-1,11,1
FactoryPossibilityValueProvider,2,4,0,0,2,78,9,0,2,0,16,2
MemberDataUsedAsFactoryViewModel,0,1,0,0,1,7,1,0,2,-1,1,1
FrozenMockOption,0,3,3,0,3,35,3,0,0,-1,3,3
MockedCodeElementAccessData,0,3,1,0,3,23,3,0,1,-1,4,13
MockCodeElement,0,1,1,0,1,11,1,0,1,-1,1,2
IMockingApplicabilityManager,0,2,0,0,0,5,2,1,0,-1,1,2
MockingApplicabilityManager,6,4,0,0,3,49,5,0,1,0,9,0
MockPossibilityQualityNotificationsProvider,0,1,0,0,0,54,5,0,0,-1,22,0
MocksCodeSerializer,0,6,0,0,0,114,12,0,0,-1,22,0
MockPossibilityToDslSerializer,0,1,0,0,0,11,1,0,0,-1,5,0
MockPossibilityApplicabilityManager,1,4,0,0,3,24,4,0,0,0.75,7,0
MockNamer,0,4,0,0,1,23,4,0,0,-1,8,0
MockPossibilityPack,0,3,1,0,1,39,3,0,1,-1,7,0
MockValueProvider,1,2,0,0,1,16,2,0,1,0,6,2
MockPossibility,0,6,1,0,5,47,7,0,2,-1,8,31
MockPossibilityViewModel,0,2,0,0,1,13,2,0,0,-1,6,1
FrozenNewInstancePossibility,0,3,1,0,3,23,3,0,0,-1,1,2
NewInstancePossibilityCodeSerializer,3,4,0,0,1,83,11,0,0,0,16,0
NewInstanceToDslSerializer,0,1,0,0,0,12,1,0,0,-1,5,0
NewInstancePossibilityApplicabilityManager,4,4,0,0,3,43,5,0,0,0.75,8,0
NewInstancePossibilityNamer,0,4,0,0,1,23,4,0,0,-1,8,0
NewInstancePossibilityPack,0,2,1,0,0,22,2,0,0,-1,5,0
NewInstancePossibilityValueProvider,0,2,0,0,1,12,2,0,1,-1,3,2
NewInstancePossibility,0,5,1,0,4,38,5,0,2,-1,7,27
NewInstancePossibilityViewModel,0,4,1,0,2,26,4,0,0,-1,8,1
MockingFw,5,2,0,5,1,18,2,0,0,0,0,6
TestingFw,5,2,0,5,1,18,2,0,0,0,0,6
UserSettingsWindow,4,6,0,0,3,111,8,0,0,0.6700000166893005,2,1
IUserSettingsWindowController,0,1,0,0,0,4,1,1,0,-1,0,9
UserSettingsWindowController,8,9,9,0,4,202,12,0,1,0.2199999988079071,9,1
SetEmailDialog,2,7,1,0,3,112,11,0,0,0.5699999928474426,1,1
AboutWindow,1,5,0,0,3,63,7,0,0,0.6000000238418579,2,1
IAboutWindowController,0,1,0,0,0,4,1,1,0,-1,0,3
AboutWindowController,4,3,3,0,2,60,3,0,1,0,7,1
EmailValidationRule,1,1,0,0,1,14,1,0,0,0,0,0
TestedProjectSettings,1,5,13,1,4,124,5,0,1,1,5,28
IReadonlyTestedProjectSettings,0,1,9,0,0,20,1,1,0,-1,1,35
TestedProjectSettingsViewModel,6,7,22,0,3,379,8,0,1,0.4300000071525574,10,3
ExtensionFrameworkViewModel,0,2,4,0,2,27,2,0,1,-1,3,2
AvailableFrameworkValidationRule,0,1,0,0,1,12,2,0,0,-1,1,0
A,0,2,3,0,2,18,2,0,0,-1,0,0
TestedProjectSettingsWindow,4,9,0,0,4,142,12,0,0,0.4399999976158142,4,1
ITestedProjectSettingsWindowController,0,1,0,0,0,6,1,2,0,-1,2,5
TestedProjectSettingsWindowController,3,2,0,0,2,59,5,0,1,0,13,0
UserPrefrences,0,1,5,0,0,24,1,0,0,-1,0,10
IUserPrefrencesFileHandler,0,2,0,0,0,5,2,1,0,-1,1,1
UserPrefrencesFileHandler,2,4,0,0,3,92,5,0,1,0,4,0
IUserPrefrencesProvider,0,3,0,0,0,8,3,3,0,-1,2,13
UserPrefrencesProvider,3,5,0,0,4,76,8,0,1,0,5,0
IArrangementMethodImporter,0,2,0,0,0,7,2,1,0,-1,2,3
ArrangementMethodImporter,4,5,0,0,3,136,14,0,1,0.4000000059604645,21,0
ArrangementMethodImporterViewModel,4,7,4,0,2,100,7,0,1,0.4300000071525574,8,2
ArrangementOptionViewModel,0,5,1,0,3,21,5,2,1,-1,2,1
ArrangePartViewModel,6,6,10,0,2,314,14,0,1,0.5,24,3
FactoryArrangementOptionViewModel,1,4,2,0,3,32,4,0,2,1,4,1
NewArrangementOptionViewModel,0,4,0,0,3,21,4,0,2,-1,5,0
ITestImporter,0,1,0,0,0,4,1,1,0,-1,1,2
TestImporter,8,2,0,0,2,138,9,0,1,0,17,0
ITestNameWindowController,0,1,0,0,0,5,1,1,0,-1,1,1
TestNameWindowController,0,1,0,0,1,9,1,0,1,-1,2,0
CompleteTestImporterViewModel,1,5,2,0,2,51,5,0,1,0.6000000238418579,5,1
AssertionTestPartWarningsIndicatorViewModel,0,2,0,0,1,18,2,0,1,-1,6,0
NonRecuresiveCheckingWarningsIndicatorViewModel,0,2,0,0,1,18,2,0,1,-1,5,0
ScenarioTestPartWarningsIndicatorViewModel,0,2,0,0,1,17,2,0,1,-1,6,0
WarningsIndicatorViewModelBase,0,5,3,0,1,79,10,2,1,-1,6,1
TestPartWarningsIndicatorViewModel,1,3,1,0,0,31,3,3,2,0.6700000166893005,4,0
QualityMessageViewModel,0,2,2,0,1,16,2,2,1,-1,2,1
TestErrorMessageViewModel,0,1,0,0,1,5,1,0,2,-1,2,0
TestWarningMessageViewModel,0,1,0,0,1,8,1,0,2,-1,2,0
TestCaseWarningsIndicatorViewModel,1,5,0,0,1,54,6,0,2,0,11,0
MoreThanNumberToAutoLessToHiddenCoverter,0,2,0,0,2,12,2,0,0,-1,0,0
ExistingTestsViewModel,2,7,2,0,2,98,12,0,1,0.2899999916553497,13,0
SingleExistingTestViewModel,1,3,2,0,2,46,4,0,1,0.6700000166893005,5,1
AssemblyBytes,2,0,0,2,0,6,0,0,0,-1,0,2
Registry_64bitAware,0,10,0,0,3,282,20,0,0,-1,1,2
KeyTypes,0,0,0,0,0,12,0,0,0,-1,0,0
KeyAccess,0,0,0,0,0,66,0,0,0,-1,0,1
RegistryHiveExtensions,0,3,0,0,3,35,5,0,0,-1,0,0
Sleep,0,1,0,0,1,11,2,0,0,-1,0,2
IQuickUnitSiteConnection,0,3,0,0,0,6,3,1,0,-1,0,3
QuickUnitSiteConnection,0,3,0,0,3,27,3,0,1,-1,2,0
EventDefinition,1,3,0,0,3,31,4,0,1,1,2,1
ArgumentWithClosedOptions,4,6,0,0,3,79,11,1,1,0,9,2
CtorDefinitions,2,3,0,1,2,37,5,0,1,1,6,1
MethodDefinitions,1,7,0,0,3,66,9,0,1,0,6,1
MemberDefinition,10,23,0,0,15,265,29,1,2,0.09000000357627869,14,1
PossibilityProviderForMustAssignValues,0,1,0,0,1,17,3,0,0,-1,4,3
Variable,3,7,1,0,4,53,9,1,1,0,7,3
VoidMethodDefinitions,13,22,0,3,14,210,32,2,1,0.09000000357627869,17,0
ITypeDefinitions,0,39,0,0,0,47,39,1,0,-1,2,87
ICanBeRaised,0,1,0,0,0,4,1,1,1,-1,0,3
IPropertyDefinition,0,1,0,0,0,4,1,1,1,-1,0,35
IMethodDefinitions,0,5,0,0,0,11,5,1,1,-1,1,59
ICtorDefinitions,0,1,0,0,0,5,1,1,1,-1,0,17
IVoidMethodDefinitions,0,8,0,0,0,15,8,3,1,-1,1,0
IMemberDefinition,0,1,0,0,0,5,1,2,1,-1,0,26
ITypeMemberData,0,9,0,0,0,12,9,2,0,-1,2,2
IArgumentWithClosedOptions,0,1,0,0,0,4,1,2,1,-1,1,41
IVariableWithPossibleExpectations,0,1,0,0,0,4,1,1,1,-1,1,6
IVariable,0,0,0,0,0,1,0,2,0,-1,0,0
TestTypeGenerator,0,26,0,0,19,229,29,0,0,-1,24,92
TypeDefinitions,7,45,0,0,19,447,55,0,1,0.3799999952316284,29,1
IClosedToDslSerializer,0,7,0,0,0,11,7,1,0,-1,8,15
ClosedToDslSerializer,1,25,0,0,8,768,58,0,1,0.07999999821186066,48,0
FakeTypeData,0,1,0,0,1,9,1,0,2,-1,5,4
INestedLambdaParameterStack,0,0,1,0,0,4,0,1,0,-1,0,2
NestedLambdaParameterStack,0,0,1,0,0,5,0,0,1,-1,0,0
IDslSerialziationServices,0,0,2,0,0,5,0,1,0,-1,0,39
DslSerialziationServices,0,1,2,0,1,12,1,0,1,-1,2,0
IOptionToDslSerializer,0,1,0,0,0,4,1,1,0,-1,3,6
OptionToDslSerializerBase<TOption>,0,2,0,0,0,11,2,0,1,-1,4,0
ISerializeToDslStateContainer,0,0,2,0,0,5,0,1,0,-1,0,35
SerializeToDslStateContainer,0,1,2,0,1,12,1,0,1,-1,2,0
IUsedTypeDatasContainer,0,5,3,0,0,11,5,1,0,-1,1,18
UsedTypeDatasContainer,8,8,3,0,6,152,19,0,1,0,12,0
FakeAssemblyData,0,1,0,0,1,8,1,0,2,-1,0,5
CompilableRepro,0,2,4,0,2,27,2,0,0,-1,0,8
PrimitiveToStringConverter,0,2,0,0,2,32,7,0,0,-1,0,3
"ReadWriteSyncDictionary<TKey,TValue>",2,9,0,0,9,136,10,0,0,0,0,0
PathComparer,1,2,0,1,2,19,3,0,0,0,0,2
INotifyCollectionChange,0,0,0,0,0,4,0,2,0,-1,0,0
CollectionChangedEventArgs<T>,0,1,2,0,1,11,1,0,0,-1,1,0
CollectionChangeType,0,0,0,0,0,5,0,0,0,-1,0,5
CodeSerializerAssist,0,7,0,0,7,89,10,0,0,-1,1,14
NullableClass<T>,1,1,2,0,1,26,1,0,0,0,0,0
Safe,0,1,0,0,1,13,1,0,0,-1,0,5
DictionaryWithStringKey_IgnoresCasing_Synced<T>,0,1,0,0,1,4,1,0,0,-1,0,0
EventArgs<T>,0,1,1,0,1,9,1,0,0,-1,0,0
"EventArgs<T1,T2>",0,1,2,0,1,11,1,0,0,-1,0,0
"EventArgs<T1,T2,T3>",0,1,3,0,1,13,1,0,0,-1,0,0
ArgumentValidator,0,7,0,0,7,74,15,0,0,-1,2,30
CodeCompiler,0,3,0,0,3,77,10,0,0,-1,2,12
CollectionBase<T>,1,4,0,0,1,30,4,0,0,0.75,0,0
ReflectionAssist,0,11,0,0,10,76,15,0,0,-1,0,72
QUSB,1,1,0,1,1,9,1,0,0,0,0,1
Serialize,1,0,1,0,0,5,0,0,0,-1,1,10
Serializer1,0,5,0,0,5,47,5,0,0,-1,2,11
"Tuple<T1,T2>",0,0,2,0,0,8,0,0,0,-1,0,0
IRandomNumberGenerator,0,2,0,0,0,6,2,1,0,-1,0,1
RandomNumberGenerator,1,2,0,0,2,19,2,0,1,0,0,0
CSharpCodeExtrapulator,1,12,0,1,9,151,17,0,1,0.5799999833106995,0,4
CSharpLanguageSpecificCodeObjectFactory,0,1,0,0,1,7,1,0,1,-1,2,1
CSharpEnumerableAccessSerializer,0,1,0,0,1,12,1,0,1,-1,5,1
CsharpCodeFilesStrings,4,0,0,4,0,233,0,0,0,-1,0,1
CSharp2DelegateGenerator,1,5,0,0,1,61,5,0,1,0,5,1
CSharp3DelegatesGenerator,1,5,0,0,2,74,6,0,1,0,8,1
XUnitFramework,1,25,8,1,23,295,32,0,1,0.800000011920929,19,4
MbUnitFramework,2,27,8,1,24,275,33,0,1,0.8100000023841858,23,2
MsTestFramework,2,26,8,1,23,273,34,0,1,0.8500000238418579,17,2
NunitFramework,2,27,8,1,24,274,33,0,1,0.8100000023841858,20,5
ITestingFramework,0,21,4,0,0,32,21,4,1,-1,8,12
PathExistsExpectationPack,0,1,1,0,0,23,1,0,0,-1,4,0
PathExistsExpectationCodeSerializer,2,2,0,0,1,32,3,0,0,0,11,0
PathExistsExpectationToDslSerializer,0,1,0,0,0,15,1,0,0,-1,5,0
PathExistsExpectationApplicabilityManager,1,4,0,0,2,34,5,0,0,0.75,5,0
PathExistsExpectationValueProvider,0,2,0,0,1,14,2,0,2,-1,3,1
PathExistsExpectationNamer,0,4,0,0,1,24,4,0,0,-1,6,0
FileExistanceEnum,0,0,0,0,0,5,0,0,0,-1,0,6
PathExistsExpectation,0,2,1,0,2,16,2,0,3,-1,2,5
MockMemberDataViewModel,1,2,0,0,1,28,3,0,2,0,11,1
MockExpectation,0,3,2,0,2,33,4,0,3,-1,4,12
MockExpectationToDslSerializer,0,1,0,0,0,17,1,0,0,-1,6,0
MockExpectationValueProvider,1,3,0,0,2,77,11,0,2,0,12,1
MockExpectationApplicabilityManager,1,5,0,0,2,54,9,0,0,0.6000000238418579,13,0
MockExpectationNamer,0,4,0,0,1,28,5,0,0,-1,7,0
MockExpectationPack,2,3,1,0,2,41,3,0,1,0.6700000166893005,11,0
MockExpectationViewModel,0,2,0,0,1,13,2,0,2,-1,5,1
ValidMemberOfTypeViewModelRule,0,1,0,0,1,8,1,0,0,-1,1,0
QualityMessageComparer,1,2,0,1,2,13,2,0,0,0,1,2
QualityContext,0,0,0,0,0,1,0,0,0,-1,0,16
IQualityNotificationsProvider,0,1,0,0,0,4,1,4,0,-1,3,6
ErrorMessage,0,1,0,0,1,7,1,0,1,-1,0,2
QualityMessageBase,0,1,2,0,0,11,1,2,0,-1,0,8
WarningMessage,0,1,0,0,1,7,1,0,1,-1,0,2
IRunnerCommunicator,0,2,0,0,0,5,2,2,0,-1,2,1
IRunnerCommunicatorToTestRunnerAppDomain,0,0,0,0,0,3,0,1,1,-1,0,2
RunnerCommunicatorToTestRunnerAppDomain,4,4,0,0,3,85,4,0,2,0,9,0
IRunnerExecutableLocator,0,2,0,0,0,5,2,1,0,-1,1,1
RunnerExecutableLocator,3,2,0,0,2,21,2,2,1,0,1,0
IRunnerCommunicatorToTestRunnerProcess,0,0,0,0,0,3,0,1,1,-1,0,2
RunnerCommunicatorToTestRunnerProcess,2,4,0,0,3,113,6,0,2,0,11,0
RunnerCommunicator_RunnerProcess,0,1,0,0,1,31,2,0,0,-1,7,0
InterProcessSerializer,1,4,0,1,2,40,4,0,0,0.75,3,2
ProcessParams,0,1,10,0,1,45,1,0,0,-1,2,4
RealTestRunner,0,4,0,0,2,98,9,0,0,-1,8,2
TestError,0,1,2,0,1,23,1,0,0,-1,1,8
ErrorType,0,0,0,0,0,8,0,0,0,-1,0,8
TestResult,0,0,2,0,0,9,0,0,0,-1,0,9
TestRunInSameProcess,0,1,0,0,1,9,1,0,1,-1,7,0
TestRunInDifferentProcess,0,1,0,0,1,9,1,0,1,-1,7,0
TestRun,12,9,0,0,3,195,14,2,0,0,26,1
ITestRunner,0,5,1,0,0,10,5,1,0,-1,1,2
TestRunner,8,9,1,0,6,177,17,0,1,0.3300000131130219,21,2
TestRunnerViewModel,3,12,6,0,2,198,17,0,1,0.3300000131130219,12,1
CodeDomTypeMemberExtensions,0,1,0,0,1,11,1,0,0,-1,1,0
CodeDomStatementExtensions,0,4,0,0,4,26,4,0,0,-1,0,0
CodeDomExpressionExtensions,0,3,0,0,3,21,3,0,0,-1,0,0
AllTrueToVisibleMultiValueConverter,0,2,0,0,2,12,2,0,0,-1,0,0
HasElementsToVisibleConverter,0,2,0,0,2,12,2,0,0,-1,0,0
ZeroToTrueConverter,0,2,0,0,2,12,2,0,0,-1,0,0
BoolToNoBoolConverter,0,2,0,0,2,12,2,0,0,-1,0,0
NullToFalseConverter,0,2,0,0,2,12,2,0,0,-1,0,0
WidthToVisConverter,0,2,0,0,2,12,2,0,0,-1,0,0
BoolToDoubleConverter,0,2,0,0,2,12,2,0,0,-1,0,0
NegativeToFalseConverter,0,2,0,0,2,12,2,0,0,-1,0,0
NonEmptyStringToVisibleConverter,0,2,0,0,2,12,2,0,0,-1,0,0
BoolToVisConverter,0,2,0,0,2,12,2,0,0,-1,0,0
VisToNotVisConverter,0,2,0,0,2,12,2,0,0,-1,0,0
StringLengthLimiterConverter,0,3,0,0,2,24,4,0,0,-1,0,1
VisibleToRowSpanConverter,0,2,0,0,2,12,2,0,0,-1,0,0
NullValueToNullStringConverter,1,4,0,0,4,44,6,0,0,0.5,0,2
DataTemplateContainer,0,1,0,0,1,7,1,0,0,-1,0,0
DataTemplatesCollectionContainer,0,1,0,0,1,7,1,0,0,-1,0,0
PopupWhichClosesOnEscape,0,2,0,0,0,56,6,0,0,-1,2,0
VersionNumberProvider,0,0,1,0,0,7,0,0,0,-1,0,6
ButtonWhichClosesParentPopupAfterClick,0,1,0,0,0,9,1,0,0,-1,0,0
PositiveIntegerRule,0,1,0,0,1,10,1,0,0,-1,0,0
ValidNumberRule,0,1,0,0,1,10,1,0,0,-1,0,0
ViewModelBase<T>,0,1,2,0,0,14,1,0,1,-1,1,0
IWrapper,0,0,1,0,0,4,0,1,0,-1,0,0
"ObservableCollectionWrapper<TViewModel,TModelInterface,TModelConcrete>",2,2,0,0,1,47,2,0,0,0,1,0
State,0,0,1,0,0,31,0,0,0,-1,0,0
GenericCommand,5,4,1,0,4,82,4,0,0,0,3,10
VMCounter,1,2,0,0,2,15,2,0,0,0,1,1
ViewModelBase,3,6,2,0,3,49,8,39,0,0.6700000166893005,2,6
CollectionItemChangePossibilityPack,0,1,1,0,0,23,1,0,0,-1,4,0
CollectionItemChangePossibilityCodeSerializer,0,1,0,0,0,45,3,0,0,-1,15,0
FrozenCollectionItemChangePossibility,0,3,2,0,3,26,3,0,0,-1,1,2
CollectionItemChangePossibilityToDslSerializer,0,1,0,0,0,16,1,0,0,-1,8,0
CollectionItemChangePossibilityApplicabilityManager,1,5,0,0,3,54,7,0,0,0.6000000238418579,10,0
CollectionItemChangePossibilityNamer,0,3,1,0,1,36,5,0,0,-1,7,0
CollectionItemChangePossibility,0,7,3,0,6,82,11,0,3,-1,7,7
CollectionItemChangePossibilityViewModel,4,4,5,0,2,136,11,0,2,0.5,14,2
IDelegateInfoProvider,0,1,0,0,0,4,1,1,0,-1,2,2
DelegateInfoProvider,3,2,0,0,2,37,4,0,1,0,9,0
ISimpleDelegatesGenerator,0,2,0,0,0,7,2,1,0,-1,3,2
SimpleDelegatesGenerator,4,4,0,0,3,68,5,0,1,0,9,0
WasCalledDelegateAccessData,0,2,1,0,2,14,2,0,1,-1,2,2
DelegateCodeSerializer,2,5,1,0,1,60,6,0,0,0.4000000059604645,15,0
DelegatePossibilityToDslSerializer,0,1,0,0,0,12,1,0,0,-1,5,0
DelegateApplicabilityManager,2,3,0,0,2,38,6,0,0,0.6700000166893005,13,0
DelegateNamer,0,4,0,0,1,23,4,0,0,-1,5,0
DelegatePossibilityPack,0,2,1,0,1,27,2,0,1,-1,6,0
DelegateValueProvider,0,2,0,0,1,13,2,0,2,-1,3,2
IDelegateOption,0,0,1,0,0,5,0,2,2,-1,0,1
DelegatePossibility,0,3,1,0,3,26,3,0,3,-1,3,11
EnumTypeAndValue,0,1,0,0,1,8,1,0,0,-1,0,3
EnumPossibilityCodeSerializer,0,2,0,0,0,49,3,0,0,-1,12,0
EnumPossibilityToDslSerializer,0,1,0,0,0,23,2,0,0,-1,6,0
EnumApplicabilityManager,0,3,0,0,2,17,3,0,0,-1,5,0
EnumPossibility,0,3,2,0,3,27,3,0,3,-1,3,9
EnumPossibilityPack,0,1,1,0,0,13,1,0,0,-1,4,0
EnumValueProvider,1,4,0,0,2,33,4,0,2,0,6,2
EnumNamer,0,4,0,0,1,24,4,0,0,-1,7,0
InfoGatherer,3,4,0,3,1,71,10,0,0,0,1,5
LiveObject,2,2,3,0,2,63,5,0,0,0,2,20
PrimitiveValueProvider,8,3,1,0,1,70,7,2,2,0,9,0
RowTestPossibilityPack,0,1,3,0,0,33,1,0,2,-1,4,0
RowTestPossibilityCodeSerializer,2,7,1,1,2,96,11,0,2,0.2899999916553497,15,0
RowTestPossibilityToDslSerializer,0,1,0,0,0,13,1,0,0,-1,4,0
RowTestPossibilityApplicabilityManager,4,4,0,0,2,37,4,0,0,0.5,7,0
RowTestPossibilityNamer,0,2,1,0,1,18,2,0,0,-1,4,0
RowTestPossibility,0,2,0,0,2,14,2,0,3,-1,1,7
TypeOfPossibility,0,3,1,0,3,25,3,0,3,-1,3,4
TypeOfPossibilityApplicabilityManager,1,3,0,0,2,20,3,0,0,0.6700000166893005,6,0
TypeOfPossibilityCodeSerializer,1,2,0,0,1,22,2,0,0,0,9,0
TypeOfPossibilityNamer,0,4,0,0,1,24,4,0,0,-1,6,0
TypeOfPossibilityToDslSerializer,0,1,0,0,0,19,2,0,0,-1,6,0
TypeOfPossibilityValueProvider,2,5,0,0,3,73,9,0,2,0.4000000059604645,11,1
TypeOfPossibilityPack,0,1,1,0,0,23,1,0,0,-1,4,0
Resources,2,1,3,0,0,48,1,0,0,0,0,0
ResourcesAccessor,0,0,1,0,0,7,0,0,0,-1,0,2
StylingConfiguration,0,2,9,0,1,59,2,0,0,-1,0,22
CollectionExpectationViewModel,1,2,2,0,1,37,2,0,2,1,4,1
CollectionExpectationPack,0,1,1,0,0,14,1,0,0,-1,4,0
CollectionExpectationCodeSerializer,0,1,0,0,0,40,3,0,0,-1,12,0
CollectionExpectationToDslSerializer,0,1,0,0,0,22,2,0,0,-1,6,0
CollectionExpectationApplicabilityManager,0,4,0,0,2,23,4,0,0,-1,6,0
CollectionExpectationNamer,0,4,0,0,1,23,4,0,0,-1,5,0
CollectionExpectation,0,4,2,0,3,40,4,0,3,-1,2,10
CollectionExpectationValueProvider,0,2,0,0,1,15,2,0,2,-1,3,1
CollectionExpectationComparisons,0,0,0,0,0,5,0,0,0,-1,0,17
CompareToValuesProvider,0,7,0,0,3,147,25,0,3,-1,19,3
ComparisonApplicabilityManager,1,4,0,0,2,27,4,0,0,0.75,6,0
ComparisonExpectationCodeSerializer,2,6,0,0,1,241,18,0,0,0,14,0
ComparisonExpectationPack,2,2,2,0,1,47,4,0,2,0,10,1
ComparisonExpectationQualityNotificationsProvider,0,1,0,0,0,31,3,0,0,-1,4,0
ComparisonNamer,0,4,0,0,1,40,5,0,0,-1,6,0
ComparisonToDslSerialzer,0,1,0,0,0,130,7,0,0,-1,10,0
ComparisonTypeValueProvider,1,6,0,0,3,47,8,0,2,0.3300000131130219,6,0
ComparisonSelectionViewModel,0,1,0,0,1,10,1,0,2,-1,3,1
NumericOrValueFromExistingValueListValidator,0,1,1,0,1,17,2,0,0,-1,0,0
VariableName,0,2,1,0,2,14,2,0,0,-1,0,4
DefaultComparisonType,0,0,0,0,0,1,0,0,0,-1,0,16
NumericComparisonType,0,0,0,0,0,6,0,0,0,-1,0,23
StringComparisonType,0,0,0,0,0,12,0,0,0,-1,0,24
ComparisonExpectation,1,19,9,0,14,236,24,0,3,0.5299999713897705,17,31
NumericExpectationViewModel,0,4,1,0,1,37,5,0,2,-1,5,1
StringExpectationViewModel,1,4,2,0,1,44,6,0,2,1,6,1
EnumExpectationApplicabilityManager,0,4,0,0,2,23,4,0,0,-1,5,0
EnumExpectationCodeSerializer,0,1,0,0,0,15,1,0,0,-1,8,0
EnumExpectationNamer,0,4,0,0,1,24,4,0,0,-1,7,0
EnumExpectationPack,0,1,1,0,0,13,1,0,0,-1,4,0
EnumExpectationToDslSerializer,0,1,0,0,0,23,2,0,0,-1,6,0
EnumExpectation,0,3,2,0,3,27,3,0,3,-1,3,6
ExpectationApplicabilityManager<TValueProvider>,0,4,0,0,0,29,5,0,0,-1,8,0
"ExpectationPackBase<TOption,TFrozenOption,TNamer,TApplicabilityManager,TFirstValueProvider,TDslSerializer,TCodeSerializer,TQualityNotificationsProvider>",0,5,0,0,3,32,5,0,2,-1,4,0
UnusedMembersViewModel,4,15,8,0,2,316,29,0,1,0.3300000131130219,25,3
VariableActionViewModel,0,3,0,0,2,13,3,1,1,-1,2,1
UnusedMembersList,0,1,0,0,0,12,1,0,0,-1,1,0
MockMethodInvocationViewModel,0,2,0,0,2,48,5,0,1,-1,15,2
TypeMemberDataSelectionDialogItemViewModel,1,4,6,0,1,40,4,2,1,0.75,8,2
MembersSelectionDialogItemViewModel,2,2,0,0,1,33,3,0,2,0,11,0
MethodsSelectionDialogItemViewModel,2,2,0,0,1,34,3,0,2,0,13,0
UsedMembersViewModel,1,2,3,0,2,67,6,0,1,1,14,2
MethodInvocationViewModel,0,2,6,0,2,42,2,0,1,-1,10,0
MemberViewModel,0,3,1,0,2,41,5,0,1,-1,10,5
VariableViewModel,5,8,15,0,4,197,17,3,1,0.5,14,6
ActPartViewModel,0,2,7,0,2,37,2,0,1,-1,7,1
ConstructorViewModel,0,2,4,0,2,40,3,0,1,-1,8,2
ConstructorsViewModel,2,2,3,0,2,94,4,0,1,1,11,0
MembersViewModel,0,2,2,0,2,19,2,0,1,-1,3,2
IAssemblyFriendshipAuthority,0,5,0,0,0,9,5,1,0,-1,2,8
AssemblyFriendshipAuthority,4,7,0,0,6,80,10,0,1,0,9,0
ICodeContextValidator,0,2,0,0,0,5,2,1,0,-1,3,3
CodeContextValidator,4,3,0,0,3,103,13,0,1,0,15,0
ICodeSerializationSettingsProvider,0,1,0,0,0,4,1,1,0,-1,2,4
CodeSerializationSettingsProvider,0,1,0,0,1,53,1,0,1,-1,13,1
ExtractedMethodsCollection,0,1,0,0,1,7,1,0,0,-1,1,4
IExtractedMethodsCache,0,1,0,0,0,4,1,1,0,-1,1,1
ExtractedMethodsCache,1,4,0,0,2,38,5,0,1,0,6,0
ITestsFixtureDataProvider,0,5,0,0,0,13,5,2,0,-1,2,3
TestsFixtureDataProvider,0,5,0,0,5,67,8,0,1,-1,12,2
AlertChangesWhenDone,3,4,0,0,2,57,7,0,0,0,2,0
DotNetVersion,0,0,0,0,0,8,0,0,0,-1,0,71
IFrameworksProvider,0,9,0,0,0,13,9,1,0,-1,1,24
FrameworksProvider,2,10,0,0,10,73,11,0,1,0,4,0
IFullTestedTypeNameFromTestsCreator,0,1,0,0,0,4,1,1,0,-1,1,1
FullTestedTypeNameFromTestsCreator,0,1,0,0,1,56,3,0,1,-1,7,0
IPresentationSynchronizationManager,0,3,0,0,0,7,3,2,0,-1,0,8
PresentationSynchronizationManager,1,3,0,0,3,36,4,0,1,0,0,0
ITestsFixtureToTestedTypeMatcher,0,1,0,0,0,5,1,1,0,-1,1,2
TestsFixtureToTestedTypeMatcher,3,2,0,0,2,36,2,0,1,0,10,0
IUserNotificationsManager,0,6,0,0,0,10,6,1,0,-1,0,23
UserNotificationsManager,1,7,0,0,7,56,8,0,1,0.2899999916553497,2,0
IRootWindowHandleProvider,0,0,2,0,0,5,0,1,0,-1,0,1
RootWindowHandleProvider,2,0,2,0,0,48,0,0,1,-1,0,0
Win32WindowWrapper,0,1,1,0,1,9,1,0,0,-1,0,0
WpfMessageBoxButtonExtensions,0,1,0,0,1,14,2,0,0,-1,0,0
WpfMessageBoxImageExtensions,0,1,0,0,1,15,2,0,0,-1,0,0
WpfMessageBoxResultExtensions,0,1,0,0,1,15,2,0,0,-1,0,0
WinFormsDialogResultExtensions,0,1,0,0,1,16,2,0,0,-1,0,0
Languages,0,0,0,0,0,9,0,0,0,-1,0,95
LanguageEnumExtensions,0,3,0,0,2,49,6,0,0,-1,1,0
TypeUsageContext,0,3,3,0,3,23,3,1,0,-1,3,38
WhateverContext,0,1,1,0,0,10,1,3,0,-1,1,11
NothingContext,0,1,0,0,1,4,1,0,1,-1,1,2
ExistingTestsContext,0,1,1,0,1,7,1,0,1,-1,1,3
TestEditingContext,0,3,8,0,3,54,4,0,1,-1,3,115
IViewModelServiceBagServicesAggregate,0,4,0,0,0,8,4,1,0,-1,4,19
ViewModelServiceBagServicesAggregate,1,6,0,0,4,80,13,0,1,0,10,0
IControllerServiceBag,0,0,20,0,0,29,0,1,0,-1,0,8
ControllerServiceBag,0,1,20,0,1,79,1,0,1,-1,20,0
ICurrencyManager,0,5,2,0,0,18,5,1,0,-1,2,11
CurrencyManager,3,7,2,0,6,84,9,0,1,0,6,0
IMembersFilter,0,1,0,0,0,4,1,1,0,-1,2,5
MembersFilter,0,2,0,0,1,13,2,0,1,-1,2,1
MethodUsageExpansionQuery,0,1,5,0,1,16,1,0,0,-1,2,1
IPrimaryPossibilitiesProvider,0,4,0,0,0,9,4,1,0,-1,3,9
PrimaryPossibilitiesProvider,4,7,0,0,5,104,14,0,1,0,25,1
IUsedMembersSelector,0,4,0,0,0,11,4,1,0,-1,2,5
UsedMembersSelector,2,9,0,0,5,152,14,0,1,0,12,1
TypeMemberDataEqualityComparer,0,2,0,0,2,26,4,0,0,-1,1,1
ContextType,0,0,0,0,0,11,0,0,0,-1,0,46
VariableUsageContext,0,1,1,0,1,10,1,0,1,-1,2,190
IViewModelServiceBag,0,0,15,0,0,18,0,1,0,-1,0,173
ViewModelServiceBag,0,1,15,0,1,56,1,0,1,-1,15,0
ITestCasesCache,0,5,0,0,0,9,5,1,0,-1,3,3
TestCasesCache,3,9,0,0,6,121,9,0,1,0,9,1
ITestCasesProvider,0,2,0,0,0,7,2,1,0,-1,1,4
TestCasesProvider,6,4,0,0,3,81,9,0,1,0,20,0
CodeContextWithProjectAndType,0,1,2,0,1,15,1,0,1,-1,2,39
CodeContext,2,5,3,1,4,50,5,1,0,0.4000000059604645,4,32
FuncExtensions,0,1,0,0,1,22,4,0,0,-1,0,0
LicenseManager,0,4,0,0,0,107,8,0,0,-1,4,5
QuickUnitLicense,3,0,0,0,0,10,0,0,0,-1,0,4
SelectedFilePossibilityPack,0,1,1,0,0,23,1,0,0,-1,4,0
FilePathsQualityNotificationsProvider,0,1,0,0,0,23,2,0,0,-1,4,0
FilePathPossibilityApplicabilityManager,2,3,0,0,2,34,4,0,0,0.6700000166893005,5,0
FilePathValueProvider,0,2,1,0,1,16,2,0,2,-1,2,1
SelectedFilePossibilityCodeSerializer,2,2,0,0,1,34,4,0,0,0,10,0
SelectedFilePossibilityToDslSerializer,0,1,0,0,0,14,1,0,0,-1,4,0
SelectedFilePossibilityNamer,0,4,0,0,1,28,4,0,0,-1,5,0
SelectedFilePossibility,0,2,2,0,2,21,2,0,3,-1,2,6
SelectedFilePossibilityViewModel,0,3,1,0,1,34,4,0,2,-1,5,1
TempFilePossibilityPack,0,1,1,0,0,24,1,0,0,-1,4,0
FileContentPossibilityApplicabilityManager,2,3,0,0,2,34,4,0,0,0.6700000166893005,5,0
FileContentPossibilityValueProvider,0,2,0,0,1,14,2,0,2,-1,2,1
TempFilePossibilityCodeSerializer,2,2,0,0,1,56,3,0,0,0,20,0
TempFilePossibilityToDslSerializer,0,1,0,0,0,14,1,0,0,-1,4,0
TempFilePossibilityNamer,1,6,0,0,3,40,6,0,0,0.6700000166893005,8,0
TempFilePossibility,0,2,1,0,2,16,2,0,3,-1,2,7
TempFilePossibilityViewModel,1,2,1,0,1,27,2,0,2,1,5,1
DelegateWasCalledExpectationPack,0,2,1,0,1,27,2,0,1,-1,6,0
DelegateWasCalledExpectationToDslSerializer,0,1,0,0,0,25,2,0,0,-1,5,0
DelegateWasCalledExpectationApplicabilityManager,0,4,0,0,2,51,9,0,0,-1,13,0
DelegateWasCalledExpectationValueProvider,0,2,0,0,1,14,2,0,2,-1,3,1
DelegateWasCalledExpectationNamer,0,4,0,0,1,24,4,0,0,-1,5,0
DelegateWasCalledExpectation,0,3,1,0,3,24,3,0,3,-1,3,7
PossibilityApplicabilityManager<TValueProvider>,0,3,0,0,0,18,3,0,0,-1,5,0
SingleExpressionPossibilityCodeSerializer<TFrozenOption>,0,2,0,0,0,17,2,0,0,-1,4,0
"PossibilityPackBase<TOption,TFrozenOption,TNamer,TApplicabilityManager,TFirstValueProvider,TDslSerializer,TCodeSerializer,TQualityNotificationsProvider>",0,5,0,0,3,32,5,0,2,-1,4,0
ExtendedEditingOptionForTypeDataViewModel<T>,2,8,2,0,1,88,9,0,0,1,8,0
DataResource,1,2,1,1,0,43,2,0,0,1,0,1
DataResourceBindingExtension,3,3,1,0,1,113,7,0,0,0,1,0
ExceptionExpectationCodeSerializer,0,3,1,0,0,38,5,0,0,-1,9,0
ExceptionExpectationApplicabilityManager,0,4,0,0,2,22,4,0,0,-1,5,0
ExceptionExpectationNamer,0,4,0,0,1,23,4,0,0,-1,6,0
ExceptionExpectationPack,0,1,1,0,0,13,1,0,0,-1,4,0
ExceptionExpectationToDslSerializer,0,1,0,0,0,21,2,0,0,-1,5,0
ExceptionExpectation,0,3,1,0,3,24,3,0,3,-1,3,15
TypeOfExpectationCodeSerializer,0,1,0,0,0,11,1,0,0,-1,7,0
TypeOfApplicabilityManager,1,4,0,0,2,27,4,0,0,0.75,6,0
TypeOfExpectationNamer,0,4,0,0,1,23,4,0,0,-1,6,0
TypeOfExpectationPack,0,1,1,0,0,12,1,0,0,-1,4,0
TypeOfExpectationToDslSerializer,0,1,0,0,0,17,2,0,0,-1,5,0
TypeOfExpectationValueProvider,0,3,1,0,2,31,5,0,1,-1,6,2
TypeOfExpectation,0,3,1,0,3,27,3,0,3,-1,3,8
PrimitivePossibilityQualityNotificationsProvider,0,1,0,0,0,15,2,0,0,-1,3,0
PrimativeApplicabilityManager,0,3,0,0,2,17,3,0,0,-1,5,0
PrimitivePossibilityCodeSerializer,0,3,0,0,2,49,7,0,0,-1,10,1
PrimitivePossibilityPack,2,2,1,0,1,35,4,0,0,0,9,1
PrimitivePossibilityNamer,0,4,0,0,1,34,4,0,0,-1,6,0
PrimitiveToDslSerializer,0,1,0,0,0,33,3,0,0,-1,10,0
PrimitivePossibilityValueProvider,0,10,0,0,3,207,31,0,3,-1,17,3
TypeMemberPossibilityValueProvider,1,2,0,0,2,22,3,0,0,0,5,4
PrimitivePossibility,0,6,4,0,6,128,11,0,3,-1,12,54
PrimitivePossibilityForNumberViewModel,0,3,1,0,1,30,4,0,2,-1,5,1
PrimitivePossibilityForStringViewModel,0,3,0,0,1,22,4,0,2,-1,5,2
TypeDataValueProvider,1,7,2,0,1,131,17,8,2,0,9,0
StructureMapApplicabilityManager,2,3,0,0,2,40,4,0,0,0.6700000166893005,10,0
StructureMapCodeSerializer,1,2,0,0,1,26,2,0,0,0,10,0
StructureMapNamer,0,4,0,0,1,23,4,0,0,-1,6,0
StructureMapPossibility,0,3,1,0,3,23,3,0,3,-1,3,4
StructureMapPossibilityPack,0,1,1,0,0,12,1,0,0,-1,4,0
StructureMapPossibilityToDslSerializer,0,1,0,0,0,17,2,0,0,-1,5,0
DefaultValueCodeSerializer,0,1,0,0,0,9,1,0,0,-1,6,0
DefaultValuePossibilityToDslSerializer,0,1,0,0,0,17,2,0,0,-1,5,0
DefaultValueApplicabilityManager,1,3,0,0,2,26,3,0,0,0.6700000166893005,6,0
DefaultValuePossibility,0,3,1,0,3,25,3,0,3,-1,3,13
DefaultValueNamer,0,4,0,0,1,23,4,0,0,-1,6,0
DefaultValuePossibilityPack,0,1,1,0,0,12,1,0,0,-1,3,0
SameTypeValueProvider,0,2,0,0,1,14,2,0,2,-1,3,1
ExceptionPossibilityCodeSerializer,0,1,1,0,0,18,1,0,0,-1,6,0
ExceptionPossibilityToDslSerializer,0,1,0,0,0,18,2,0,0,-1,5,0
ExceptionPossibilityNamer,0,4,0,0,1,23,4,0,0,-1,6,0
ExceptionPossibilityApplicabilityManager,0,3,0,0,2,18,3,0,0,-1,6,0
ExceptionPossibilityPack,0,1,1,0,0,12,1,0,0,-1,4,0
ExceptionValueProvider,1,4,0,0,1,25,4,0,3,0.75,5,3
ExceptionPossibility,0,3,1,0,3,25,3,0,3,-1,3,11
DoubleExtensions,0,3,0,0,3,16,3,0,0,-1,0,0
ICompiledMethodParser,0,4,0,0,0,8,4,1,0,-1,2,3
CompiledMethodParser,5,16,0,0,5,278,32,0,1,0,17,0
ICompiledTypeDataProvider,0,1,0,0,0,4,1,1,0,-1,0,3
CompiledTypeDataProvider,9,4,0,0,2,226,24,0,1,0,10,0
ICompiledTypeParser,0,3,0,0,0,8,3,1,0,-1,1,1
CompiledTypeParser,5,13,0,0,4,228,23,0,1,0,13,0
IMethodBodyReader,0,1,0,0,0,4,1,1,0,-1,0,1
MethodBodyReader,5,17,0,0,2,384,33,0,1,0,5,1
MethodContentExpansionQuery,2,5,8,0,5,67,5,0,0,1,1,1
IMutableTypesProvider,0,1,0,0,0,4,1,1,0,-1,0,1
MutableTypesProvider,0,1,0,0,1,9,1,0,1,-1,0,0
ITypeLoader,0,7,0,0,0,12,7,1,0,-1,2,4
TypeLoader,8,16,0,0,8,318,30,0,1,0,6,1
ITypeMemberDataFactory,0,1,0,0,0,7,1,1,0,-1,0,5
TypeMemberDataFactory,2,9,0,0,2,228,21,0,1,0,6,0
ITypeSystemDataBridge,0,9,0,0,0,14,9,1,0,-1,1,1
TypeSystemDataBridge,4,12,0,0,10,199,20,0,1,0,7,0
ReflectionBridge_Unsafe,3,16,0,0,16,106,16,0,1,0.1899999976158142,10,1
UnchangedApplicabilityManager,0,4,0,0,2,23,4,0,0,-1,6,0
UnchangedPossibility,0,2,0,0,2,14,2,0,3,-1,1,13
UnchangedPossibilityCodeSerializer,0,3,1,0,0,23,3,0,0,-1,5,0
UnchangedPossibilityPack,0,1,1,0,0,12,1,0,0,-1,3,0
UnchangedToDslSerializer,0,1,0,0,0,8,1,0,0,-1,4,0
UnchangedNamer,0,2,1,0,1,17,2,0,0,-1,4,0
CommandRibbonViewModel,3,6,10,0,2,171,7,0,1,0.3300000131130219,13,2
IPollingManager,0,0,1,0,0,5,0,2,0,-1,0,1
PollingManager,2,3,1,0,2,39,4,0,1,0.6700000166893005,0,0
QuickUnitControlWrapper,3,5,1,0,2,97,8,0,0,0.4000000059604645,2,2
ITestCaseViewController,0,3,1,0,0,9,3,1,0,-1,1,2
TestCaseViewController,5,8,1,0,4,254,20,0,1,0,21,1
TestCaseViewModel,2,5,3,0,3,68,8,0,1,0.6000000238418579,12,9
MainView,5,5,0,0,2,104,8,0,0,0.4000000059604645,0,3
IMainController,0,1,0,0,0,5,1,1,0,-1,1,2
MainController,9,7,10,0,3,214,14,0,1,0,20,2
TitleViewModel,8,4,10,0,2,151,5,0,1,0.5,10,0
UserMessageViewModel,2,4,5,0,4,62,4,0,1,1,1,6
GetTestNameWindow,1,8,4,0,3,133,13,0,0,0.75,2,1
IStringStyleProvider,0,3,1,0,0,8,3,1,0,-1,0,35
StringStyleProvider,1,4,1,0,4,34,4,0,1,0.5,1,1
ITestCaseNamer,0,1,0,0,0,4,1,1,0,-1,2,2
TestCaseNamer,2,4,0,0,1,118,11,0,1,0,17,0
IDefaultSettingsProvider,0,1,0,0,0,5,1,1,0,-1,1,4
DefaultSettingsProvider,0,1,0,0,1,9,1,0,1,-1,5,0
XxxInfoExtensions,1,3,0,0,3,34,3,0,0,1,1,0
BootstraperProxy,0,4,0,0,4,42,4,0,0,-1,0,1
ContainerBootstrapper,0,1,0,0,1,33,1,0,0,-1,0,3
AddInternalsVisibleToAttributeToTestedProject,2,7,0,0,5,106,14,0,1,0.2899999916553497,14,0
AddInternalsVisibleToAttributeToTestedProjectForMockingFramework,1,6,0,0,5,95,11,0,1,0,17,0
IContextAction,0,4,0,0,0,9,4,2,0,-1,1,2
ContextActionViewModel,4,5,7,0,2,117,5,0,1,0.4000000059604645,7,1
IContextActionsProvider,0,1,0,0,0,4,1,1,0,-1,0,2
ContextActionsProvider,1,2,0,0,2,15,2,0,1,0,1,0
ResizerResources,1,7,0,0,1,113,13,0,0,0.8600000143051147,1,0
GripAlignmentConverter,0,2,0,0,2,27,3,0,0,-1,1,0
GripCursorConverter,0,2,0,0,2,24,3,0,0,-1,1,0
GripRotationConverter,0,2,0,0,2,24,3,0,0,-1,1,0
ResizeDirection,0,0,0,0,0,19,0,0,0,-1,0,5
Resizer,13,7,8,4,0,209,13,0,0,0.7099999785423279,3,3
ResizerAutomationPeer,0,7,3,0,2,74,9,0,0,-1,1,1
DependencyObjectExtenstions,0,1,0,0,1,17,3,0,0,-1,0,0
GrayscaleEffect,3,3,2,2,1,54,4,0,0,0.6700000166893005,1,0
DisposableExtensions,0,1,0,0,1,16,2,0,0,-1,0,0
TypeExtensions,0,6,0,0,6,63,8,0,0,-1,1,0
EnumExtensions,0,4,0,0,4,26,4,0,0,-1,0,0
StringSeperateExtenstions,0,1,0,0,1,20,4,0,0,-1,0,0
StringTrimExtenstions,0,3,0,0,3,69,13,0,0,-1,0,0
StringExtenstions,0,12,0,0,12,72,15,0,0,-1,1,0
EventHandlerExtensions,0,2,0,0,2,17,4,0,0,-1,0,0
LocalizableAttribute,1,3,1,0,3,45,3,0,0,1,0,0
StringFormatMethodAttribute,1,1,1,0,1,22,1,0,0,0,0,0
InvokerParameterNameAttribute,0,0,0,0,0,4,0,0,0,-1,0,1
AssertionMethodAttribute,0,0,0,0,0,4,0,0,0,-1,0,0
AssertionConditionAttribute,1,1,1,0,1,22,1,0,0,0,1,2
AssertionConditionType,0,0,0,0,0,22,0,0,0,-1,0,1
TerminatesProgramAttribute,0,0,0,0,0,4,0,0,0,-1,0,0
CanBeNullAttribute,0,0,0,0,0,4,0,0,0,-1,0,16
NotNullAttribute,0,0,0,0,0,4,0,0,0,-1,0,81
CannotApplyEqualityOperatorAttribute,0,0,0,0,0,4,0,0,0,-1,0,0
BaseTypeRequiredAttribute,1,1,1,0,1,23,1,0,0,0,0,0
UsedImplicitlyAttribute,0,4,2,0,4,37,4,0,0,-1,2,3
MeansImplicitUseAttribute,0,4,2,0,4,37,4,0,0,-1,2,0
ImplicitUseKindFlags,0,0,0,0,0,20,0,0,0,-1,0,2
ImplicitUseTargetFlags,0,0,0,0,0,17,0,0,0,-1,0,2
DataBoundAttribute,0,0,0,0,0,5,0,0,0,-1,0,0
MayBeUsedInTesting,0,0,0,0,0,5,0,0,0,-1,0,1
UsedByIocAttribute,0,0,0,0,0,5,0,0,0,-1,0,0
ReflectedAttribute,0,0,0,0,0,5,0,0,0,-1,0,4
TestedAttribute,0,0,0,0,0,5,0,0,0,-1,0,6
MockVariableAssertionToPromptSelection,0,1,0,0,1,8,1,0,1,-1,1,2
AssertPartViewModel,4,8,3,0,2,190,13,0,1,0.3799999952316284,20,3
MemberAssertionForSelectionViewModel,0,1,1,0,1,10,1,0,1,-1,6,2
VariableAssertionForManipulationViewModel,4,3,5,0,2,110,7,0,1,0.6700000166893005,9,6
VariableAssertionForSelectionViewModel,0,6,5,0,3,96,12,2,1,-1,10,2
IUpdatesPollingManager,0,0,1,0,0,5,0,1,0,-1,0,1
UpdatesPollingManager,2,4,1,0,1,52,5,0,1,0,2,0
IVersionUpdateManager,0,2,0,0,0,5,2,1,0,-1,1,1
VersionUpdateManager,4,6,0,0,3,95,9,0,1,0,8,0
EnumerableExtenstions,0,23,0,0,23,222,32,0,0,-1,1,0
ObjectAsEnumerableExtenstions,0,2,0,0,2,22,4,0,0,-1,0,2
StringEnumerableExtenstions,0,2,0,0,2,11,2,0,0,-1,0,0
ListExtenstions,0,2,0,0,2,12,2,0,0,-1,0,0
CollectionExtensions,0,2,0,0,2,18,4,0,0,-1,0,0
PurgerViewModel,3,5,4,0,2,90,5,0,1,0.6000000238418579,6,2
TypeMemberDataViewModel,0,5,11,0,3,71,8,0,1,-1,10,0
DispatcherExtensions,0,2,0,0,2,19,3,0,0,-1,0,0
ListBoxExtensions,0,1,0,0,1,12,2,0,0,-1,0,0
PropertyChangedEventHandlerExtensions,0,1,0,0,1,10,2,0,0,-1,1,0
GeneratedInternalTypeHelper,0,5,0,0,0,44,5,0,0,-1,0,0
