Type,NOF,NOM,NOP,NOPF,NOPM,LOC,WMC,NC,DIT,LCOM,Fan-Out,Fan-In
JSConstructor,0,0,0,0,0,3,0,0,0,-1,0,1
JSFunction,0,0,1,0,0,4,0,0,0,-1,0,1
JSGetter,0,0,1,0,0,4,0,0,0,-1,0,1
JSSetter,0,0,1,0,0,4,0,0,0,-1,0,1
JSStaticFunction,0,0,1,0,0,4,0,0,0,-1,0,1
CanBeNullAttribute,0,0,0,0,0,5,0,0,0,-1,0,0
NotNullAttribute,0,0,0,0,0,5,0,0,0,-1,0,8
StringFormatMethodAttribute,0,1,1,0,1,14,1,0,0,-1,0,0
InvokerParameterNameAttribute,0,0,0,0,0,2,0,0,0,-1,0,0
NotifyPropertyChangedInvocatorAttribute,0,2,1,0,2,10,2,0,0,-1,0,0
ContractAnnotationAttribute,0,2,2,0,2,13,2,0,0,-1,1,0
LocalizationRequiredAttribute,0,2,1,0,2,10,2,0,0,-1,0,0
CannotApplyEqualityOperatorAttribute,0,0,0,0,0,4,0,0,0,-1,0,0
BaseTypeRequiredAttribute,0,1,1,0,1,10,1,0,0,-1,1,0
UsedImplicitlyAttribute,0,4,2,0,4,18,4,0,0,-1,2,0
MeansImplicitUseAttribute,0,4,2,0,4,18,4,0,0,-1,2,0
ImplicitUseKindFlags,0,0,0,0,0,16,0,0,0,-1,0,2
ImplicitUseTargetFlags,0,0,0,0,0,10,0,0,0,-1,0,2
PublicAPIAttribute,0,2,1,0,2,10,2,0,0,-1,1,0
InstantHandleAttribute,0,0,0,0,0,2,0,0,0,-1,0,0
PureAttribute,0,0,0,0,0,2,0,0,0,-1,0,0
PathReferenceAttribute,0,2,1,0,2,10,2,3,0,-1,0,0
AspMvcAreaMasterLocationFormatAttribute,0,1,0,0,1,5,1,0,0,-1,0,0
AspMvcAreaPartialViewLocationFormatAttribute,0,1,0,0,1,5,1,0,0,-1,0,0
AspMvcAreaViewLocationFormatAttribute,0,1,0,0,1,5,1,0,0,-1,0,0
AspMvcMasterLocationFormatAttribute,0,1,0,0,1,5,1,0,0,-1,0,0
AspMvcPartialViewLocationFormatAttribute,0,1,0,0,1,5,1,0,0,-1,0,0
AspMvcViewLocationFormatAttribute,0,1,0,0,1,5,1,0,0,-1,0,0
AspMvcActionAttribute,0,2,1,0,2,10,2,0,0,-1,1,0
AspMvcAreaAttribute,0,2,1,0,2,10,2,0,1,-1,1,0
AspMvcControllerAttribute,0,2,1,0,2,10,2,0,0,-1,1,0
AspMvcMasterAttribute,0,0,0,0,0,2,0,0,0,-1,0,0
AspMvcModelTypeAttribute,0,0,0,0,0,2,0,0,0,-1,0,0
AspMvcPartialViewAttribute,0,0,0,0,0,2,0,0,1,-1,0,0
AspMvcSupressViewErrorAttribute,0,0,0,0,0,2,0,0,0,-1,0,0
AspMvcDisplayTemplateAttribute,0,0,0,0,0,2,0,0,0,-1,0,0
AspMvcEditorTemplateAttribute,0,0,0,0,0,2,0,0,0,-1,0,0
AspMvcTemplateAttribute,0,0,0,0,0,2,0,0,0,-1,0,0
AspMvcViewAttribute,0,0,0,0,0,2,0,0,1,-1,0,0
AspMvcActionSelectorAttribute,0,0,0,0,0,2,0,0,0,-1,0,0
HtmlElementAttributesAttribute,0,2,1,0,2,12,2,0,0,-1,1,0
HtmlAttributeValueAttribute,0,1,1,0,1,11,1,0,0,-1,1,0
RazorSectionAttribute,0,0,0,0,0,2,0,0,0,-1,0,0
Arguments,12,20,0,0,6,454,60,0,1,0.1500000059604645,13,1
BaseFunction,16,29,3,0,10,742,61,11,1,0.3100000023841858,24,10
BoundFunction,4,5,1,0,4,67,8,0,2,0,7,1
Callable,0,1,0,0,0,11,1,4,0,-1,2,21
ClassCache,7,11,0,0,6,174,16,0,0,0.2700000107288361,2,3
ClassShutter,0,1,0,0,0,44,1,1,0,-1,0,6
CodeGenerator,20,38,0,0,1,1633,102,0,1,0,15,1
BigIntegerEx,1,4,0,0,4,33,6,0,0,1,0,1
TransformerException,0,0,0,0,0,3,0,0,0,-1,0,0
OutputKeys,0,0,0,0,0,5,0,0,0,-1,0,0
StreamResult,0,1,0,0,1,7,1,0,0,-1,0,0
DOMSource,0,1,0,0,1,6,1,0,0,-1,0,0
BitArrayEx,0,2,0,0,2,17,4,0,0,-1,0,0
CharEx,0,2,0,0,2,23,8,0,0,-1,0,4
MethodBaseEx,0,3,0,0,3,15,3,0,0,-1,0,0
InstanceIdInfo,0,1,2,0,1,10,1,0,0,-1,1,7
LanguageFeatures,0,0,0,0,0,199,0,0,0,-1,0,22
LanguageVersion,0,0,0,0,0,27,0,0,0,-1,0,28
PropertyAttributes,0,0,0,0,0,44,0,0,0,-1,0,40
TypeEx,0,4,0,0,4,19,4,0,0,-1,1,0
ClassLoader,0,1,0,0,1,15,2,0,0,-1,0,9
CompilerEnvirons,3,3,18,0,3,147,3,0,0,0.6700000166893005,5,20
ConstProperties,0,3,0,0,0,70,3,1,0,-1,1,2
Context,43,111,0,4,87,2408,209,1,0,0.1899999976158142,46,163
ClassShutterSetter,0,2,0,0,0,5,2,1,0,-1,1,1
_ClassShutterSetter_1970,1,3,0,0,3,16,3,0,1,0,2,1
ContextFactory,7,23,0,0,13,524,34,6,0,0.3899999856948853,11,36
Listener,0,2,0,0,0,17,2,1,0,-1,1,2
GlobalSetter,0,2,0,0,0,5,2,1,0,-1,1,1
GlobalSetterImpl,0,2,0,0,2,11,2,0,1,-1,1,1
ContinuationPending,2,5,0,0,3,55,5,0,0,0.4000000059604645,1,6
Decompiler,9,19,0,5,1,953,46,0,0,0,5,6
DefaultErrorReporter,3,5,0,0,3,62,10,0,1,0.4000000059604645,3,5
Delegator,1,17,3,0,16,191,19,1,1,0.119999997317791,4,1
DToA,29,14,0,0,0,1210,131,0,0,0,1,2
EcmaError,2,4,0,0,3,57,4,0,1,0,0,6
ErrorReporter,0,3,0,0,0,54,3,5,0,-1,0,20
Evaluator,0,7,0,0,0,89,7,2,0,-1,6,5
EvaluatorException,0,5,0,0,3,46,5,1,1,-1,0,13
Function,0,2,0,0,0,35,2,7,1,-1,2,24
FunctionObject,17,13,3,7,7,562,44,0,2,0.3100000023841858,7,2
GeneratedClassLoader,0,2,0,0,0,21,2,0,0,-1,0,1
Icode,66,4,0,0,0,382,7,2,0,0,1,1
IdFunctionCall,0,1,0,0,0,8,1,5,0,-1,3,1
IdFunctionObject,6,12,4,0,11,147,21,0,2,0,7,25
IdScriptableObject,1,36,0,0,16,854,96,18,1,0.2800000011920929,9,17
PrototypeValues,9,14,0,0,0,287,44,0,0,0,7,1
ILGeneratorEx,0,13,0,0,13,186,19,0,0,-1,0,0
ImporterTopLevel,7,18,0,0,9,295,39,2,1,0.2199999988079071,8,1
InterpretedFunction,1,16,1,0,6,141,19,0,1,0.25,6,3
Interpreter,7,59,0,0,11,3686,237,0,1,0.119999997317791,43,6
CallFrame,24,2,0,0,1,60,3,0,0,1,6,2
ContinuationJump,4,1,0,0,0,61,2,0,0,0,3,1
GeneratorState,3,1,0,0,0,11,1,0,0,0,0,1
InterpreterData,32,16,0,0,13,112,16,0,1,0.5600000023841858,4,4
IRFactory,6,85,0,0,5,2765,240,1,1,0.05000000074505806,66,3
IRFactoryNet,0,4,0,0,3,157,11,0,2,-1,5,0
JavaAdapter,2,28,0,0,12,915,105,0,1,0.25,20,1
JavaAdapterSignature,3,3,0,0,2,56,12,0,0,0,1,1
JavaMembers,6,22,0,0,0,917,106,0,0,0,18,5
MethodSignature,2,4,0,0,2,26,5,0,0,0.5,1,1
BeanProperty,3,1,0,0,0,12,1,0,0,0,2,1
FieldAndMethods,2,2,0,0,1,37,4,0,1,0,5,1
JavaScriptException,1,3,0,0,3,60,8,0,1,0,5,5
Kit,0,13,0,0,10,494,35,0,0,-1,3,35
ComplexKey,3,3,0,0,2,28,5,0,0,0,0,1
LazilyLoadedCtor,10,7,0,0,1,134,11,0,0,0,4,3
_PrivilegedAction_87,1,2,0,0,2,12,2,0,0,0,1,0
MemberBox,5,22,0,0,1,327,42,0,0,0,3,9
NativeArray,56,80,7,0,27,2405,265,0,2,0.2099999934434891,18,14
_IComparer_969,5,2,0,0,2,60,4,0,0,0,6,0
_IComparer_996,0,2,0,0,2,37,3,0,0,-1,3,0
NativeBoolean,7,7,0,0,3,173,17,0,2,0.4300000071525574,6,2
NativeCall,6,7,0,0,2,105,18,0,2,0.7099999785423279,8,5
NativeContinuation,4,10,0,0,8,98,16,0,2,0.6000000238418579,5,3
NativeDate,71,47,0,0,3,2587,152,0,2,0.09000000357627869,9,2
NativeError,6,13,0,0,6,255,34,0,2,0.3799999952316284,9,3
NativeFunction,0,10,2,0,4,106,11,1,2,-1,6,11
NativeGenerator,16,8,0,3,3,307,21,0,2,0.3799999952316284,10,6
CloseGeneratorAction,1,2,0,0,1,21,2,0,0,0,5,0
_Callable_84,0,1,0,0,1,7,1,0,1,-1,3,0
GeneratorClosedException,0,0,0,0,0,5,0,0,0,-1,0,0
NativeGlobal,18,16,0,0,2,895,68,0,1,0,11,1
NativeIterator,8,11,0,1,3,273,27,0,2,0.1800000071525574,13,4
StopIteration,0,2,0,0,2,12,2,0,1,-1,1,1
WrappedJavaIterator,2,3,0,0,2,23,4,0,0,0.6700000166893005,1,1
NativeJavaArray,3,13,1,0,13,126,24,0,1,0.3100000023841858,9,4
NativeJavaClass,2,18,0,0,14,291,36,0,2,0.2199999988079071,16,5
NativeJavaConstructor,1,3,1,0,3,25,3,0,2,0,4,1
NativeJavaMethod,8,12,1,0,3,596,45,1,2,0.25,16,4
ResolvedOverload,2,4,0,0,2,62,12,0,0,0,2,1
NativeJavaObject,22,29,2,0,17,1189,65,2,1,0.2800000011920929,14,7
NativeJavaPackage,3,14,0,0,11,154,16,1,1,0.5,9,2
NativeJavaTopPackage,3,6,0,0,4,121,21,0,2,0.5,9,0
NativeJSON,7,16,0,0,4,630,58,0,2,0.25,16,1
StringifyState,8,1,0,0,0,21,1,0,0,0,3,1
NativeMath,30,7,0,0,2,770,15,0,2,0.5699999928474426,7,1
NativeNumber,12,9,0,0,3,310,18,0,2,0.4399999976158142,8,2
NativeObject,27,23,9,0,16,887,34,1,2,0.699999988079071,11,13
KeyCollection,1,9,4,0,1,56,9,0,0,0.6700000166893005,1,0
ValueCollection,1,9,4,0,1,61,10,0,0,0.7799999713897705,1,0
NativeScript,7,11,2,0,4,199,20,0,2,0.3600000143051147,10,1
NativeString,60,23,1,0,6,1216,51,0,2,0.1700000017881393,11,3
NativeWith,4,19,2,0,13,139,27,0,1,0.3199999928474426,5,2
Node,50,69,0,43,56,1056,115,1,0,0.1700000017881393,9,22
PropListItem,4,0,0,0,0,35,0,0,0,-1,0,1
NodeTransformer,3,9,0,0,2,616,30,1,0,0.2199999988079071,9,2
Parser,34,139,0,1,6,4528,424,1,0,0.009999999776482582,73,13
ParserException,0,0,0,0,0,20,0,0,0,-1,0,0
ConditionData,3,0,0,0,0,6,0,0,0,-1,1,1
PerFunctionVariables,8,2,0,0,0,40,2,0,0,0,4,2
Ref,0,4,0,0,4,14,4,1,0,-1,1,3
RefCallable,0,1,0,0,0,17,1,0,1,-1,2,1
RegExpProxy,0,6,0,0,0,10,6,1,0,-1,2,6
RegExpProxyConstants,3,0,0,3,0,6,0,0,0,-1,0,2
RhinoException,8,22,1,0,15,362,50,3,0,0.3199999928474426,4,12
Script,0,1,0,0,0,22,1,1,0,-1,2,25
Scriptable,0,12,2,0,0,238,12,4,0,-1,0,129
ScriptableConstants,1,0,0,1,0,12,0,0,0,-1,0,23
ScriptableObject,14,111,2,0,70,3559,307,11,1,0.1099999994039536,25,60
Slot,7,8,0,0,0,80,11,2,0,0,4,3
GetterSlot,2,5,0,0,0,133,14,0,1,0,13,1
RelinkedSlot,1,8,0,0,0,41,8,0,1,0,5,1
ScriptRuntime,33,201,0,30,164,4299,554,1,0,0.239999994635582,61,69
_BaseFunction_41,0,2,1,0,2,14,2,0,2,-1,3,0
NoSuchMethodShim,2,2,0,0,1,24,2,0,1,0,3,1
IdEnumeration,8,0,0,0,0,13,0,0,0,-1,1,1
MessageProvider,0,1,0,0,0,14,1,1,0,-1,0,1
DefaultMessageProvider,0,1,0,0,1,14,1,0,1,-1,2,0
ScriptStackElement,3,4,0,3,4,53,8,0,0,0,0,2
SpecialRef,6,6,0,0,4,134,13,0,1,0,5,1
Synchronizer,1,3,0,0,3,36,3,0,2,0,4,1
Token,172,4,0,170,4,1515,7,0,0,0,0,77
CommentType,0,0,0,0,0,7,0,0,0,-1,0,3
TokenStream,31,50,0,0,5,2470,143,0,0,0.03999999910593033,8,2
TopLevel,1,6,0,0,6,142,12,2,2,0.3300000131130219,6,8
Builtins,0,0,0,0,0,11,0,0,0,-1,0,8
UintMap,10,20,0,0,13,515,83,0,0,0.1000000014901161,1,5
Undefined,1,2,0,1,1,12,2,0,0,1,0,33
UniqueTag,7,3,0,3,2,74,5,0,0,0,1,5
VMBridge,1,0,1,0,0,102,0,0,0,-1,0,1
WrapFactory,1,6,0,0,6,169,16,0,0,0.3300000131130219,6,12
WrappedException,1,2,0,0,2,31,4,0,2,0,1,3
Wrapper,0,1,0,0,0,8,1,1,0,-1,0,14
ArrayComprehension,6,18,0,0,18,171,25,0,1,0.2800000011920929,4,2
ArrayComprehensionLoop,0,7,0,0,7,51,8,0,1,-1,2,3
ArrayLiteral,5,16,0,0,16,197,22,0,1,0.3100000023841858,3,2
Assignment,0,6,0,0,6,21,6,0,1,-1,1,3
AstNode,4,27,2,0,24,642,47,34,1,0.3300000131130219,8,52
PositionComparator,0,1,0,0,1,14,1,0,0,-1,1,0
DebugPrintVisitor,2,4,0,0,3,39,6,0,1,0,3,2
AstRoot,2,12,0,0,12,170,17,0,1,0.4199999868869781,5,16
_NodeVisitor_139,0,2,0,0,2,19,4,0,1,-1,2,0
Block,0,6,0,0,6,53,9,0,2,-1,3,3
BreakStatement,2,9,0,0,9,106,12,0,1,0.3300000131130219,5,2
CatchClause,6,18,0,0,18,159,22,0,2,0.2199999988079071,5,4
Comment,2,6,0,0,6,55,6,0,2,0.3300000131130219,3,4
ConditionalExpression,5,16,0,0,16,152,18,0,2,0.25,3,3
ContinueStatement,2,12,0,0,12,113,15,0,1,0.25,4,2
DestructuringForm,0,2,0,0,0,22,2,2,0,-1,0,2
DoLoop,2,9,0,0,9,68,10,0,1,0.3300000131130219,3,2
ElementGet,4,15,0,0,15,117,16,0,2,0.1299999952316284,3,3
EmptyExpression,0,5,0,0,5,31,5,0,2,-1,2,2
EmptyStatement,0,5,0,0,5,33,5,0,2,-1,2,1
ErrorCollector,1,7,0,0,7,56,8,0,1,0.5699999928474426,2,0
ErrorNode,1,7,0,0,7,46,7,0,2,0.5699999928474426,2,1
ExpressionStatement,1,11,0,0,11,132,13,0,2,0,3,3
ForInLoop,5,15,0,0,15,140,18,2,1,0.2700000107288361,3,2
ForLoop,3,11,0,0,11,157,13,0,1,0.1800000071525574,3,3
FunctionCall,5,15,0,0,15,154,20,1,2,0.2000000029802322,3,3
FunctionNode,17,39,0,3,39,448,58,0,1,0.1800000071525574,8,19
Form,0,0,0,0,0,6,0,0,0,-1,0,1
GeneratorExpression,6,18,0,0,18,171,25,0,1,0.2800000011920929,4,2
GeneratorExpressionLoop,0,7,0,0,7,39,8,0,2,-1,2,3
IdeErrorReporter,0,2,0,0,0,53,2,1,1,-1,0,1
IfStatement,6,18,0,0,18,171,25,0,2,0.2199999988079071,3,3
InfixExpression,3,18,0,0,18,188,21,5,2,0.3300000131130219,3,3
Jump,3,17,0,1,17,168,37,5,2,0.1800000071525574,3,11
KeywordLiteral,0,8,0,0,8,88,10,0,2,-1,2,1
Label,1,8,0,0,8,61,9,0,3,0.5,2,3
LabeledStatement,2,13,0,0,13,145,20,0,2,0.2300000041723251,4,3
LetNode,4,14,0,0,14,133,18,0,1,0.2099999934434891,4,2
Loop,3,10,0,0,10,59,10,4,1,0.5,1,3
Name,2,14,0,0,14,169,14,0,2,0.1400000005960464,3,16
NewExpression,1,7,0,0,7,98,13,0,3,0.2899999916553497,4,2
NodeVisitor,0,1,0,0,0,31,1,2,0,-1,1,56
NumberLiteral,2,12,0,0,12,98,12,0,2,0.1700000017881393,2,4
ObjectLiteral,3,10,0,0,10,133,15,0,2,0.300000011920929,3,4
ObjectProperty,0,9,0,0,9,91,12,0,3,-1,2,4
ParenthesizedExpression,1,9,0,0,9,69,10,0,2,0.2199999988079071,3,3
ParseProblem,5,12,0,0,12,73,12,0,0,0,1,1
Type,0,0,0,0,0,5,0,0,0,-1,0,2
PropertyGet,0,12,0,0,12,112,13,0,3,-1,4,3
RegExpLiteral,2,9,0,0,9,67,9,0,2,0.3300000131130219,2,4
ReturnStatement,1,8,0,0,8,75,11,0,2,0,3,4
Scope,4,22,0,0,21,273,36,5,3,0.2700000107288361,6,10
ScriptNode,14,37,0,0,36,363,58,2,4,0.300000011920929,9,18
StringLiteral,2,10,0,0,10,79,11,0,2,0.300000011920929,3,3
SwitchCase,2,11,0,0,11,167,22,0,2,0.1800000071525574,3,4
SwitchStatement,5,15,0,0,15,170,20,0,3,0.2000000029802322,4,3
Symbol,5,14,0,0,14,103,16,0,0,0.2899999916553497,3,3
ThrowStatement,1,10,0,0,10,85,11,0,2,0,3,2
TryStatement,5,14,0,0,14,187,22,0,2,0.2099999934434891,4,3
UnaryExpression,2,14,0,0,14,138,19,0,2,0.2899999916553497,3,3
VariableDeclaration,2,15,0,0,14,158,20,0,2,0,5,4
VariableInitializer,2,11,0,0,11,149,17,0,2,0.2700000107288361,4,4
WhileLoop,1,7,0,0,7,66,9,0,2,0.2899999916553497,3,2
WithStatement,4,14,0,0,14,111,16,0,2,0.2099999934434891,3,3
XmlDotQuery,1,6,0,0,6,53,6,0,3,0.5,2,2
XmlElemRef,3,12,0,0,12,117,16,0,1,0.25,4,2
XmlExpression,2,10,0,0,10,60,11,0,1,0.5,2,2
XmlFragment,0,3,0,0,3,21,3,2,2,-1,1,1
XmlLiteral,1,8,0,0,8,84,12,0,2,0.25,3,2
XmlMemberGet,0,11,0,0,11,111,11,0,3,-1,3,1
XmlPropRef,1,7,0,0,7,71,11,0,1,0.2899999916553497,3,2
XmlRef,3,10,0,0,10,91,11,2,2,0.6000000238418579,1,3
XmlString,1,7,0,0,7,51,7,0,3,0.5699999928474426,1,1
Yield,1,8,0,0,8,66,10,0,2,0,3,1
ByteCode,0,0,3,0,0,15,0,0,0,-1,0,1
ClassFileWriter,1,2,0,1,2,29,2,0,0,1,0,3
ClassFileFormatException,0,1,0,0,0,7,1,0,0,-1,0,1
ModuleScope,2,3,0,0,3,21,3,0,3,0,1,2
ModuleScript,3,5,0,0,5,58,5,0,0,0,1,6
ModuleScriptProvider,0,1,0,0,0,42,1,2,0,-1,2,3
Require,11,10,3,0,5,365,26,0,2,0.2000000029802322,9,7
RequireBuilder,4,5,0,0,5,91,5,0,0,0,5,1
CachingModuleScriptProviderBase,6,8,0,0,1,144,12,2,1,0,7,1
CachedModuleScript,2,3,0,0,1,31,3,0,0,0,1,4
DefaultUrlConnectionExpiryCalculator,1,3,0,0,3,31,4,0,1,0.6700000166893005,0,0
ModuleSource,5,6,0,0,6,92,6,0,0,0,0,4
ModuleSourceProvider,0,2,0,0,0,99,2,1,0,-1,1,3
ModuleSourceProviderConstants,1,0,0,1,0,12,0,0,0,-1,1,3
ModuleSourceProviderBase,0,8,0,0,2,166,15,1,1,-1,5,0
MultiModuleScriptProvider,1,2,0,0,2,26,4,0,1,0,4,0
ParsedContentType,2,3,0,0,3,67,10,0,0,0,0,2
SoftCachingModuleScriptProvider,2,6,0,0,2,93,11,0,2,0.3300000131130219,7,0
ScriptReference,4,3,0,0,0,27,4,0,0,0,2,1
StrongCachingModuleScriptProvider,1,3,0,0,1,19,3,0,2,0.6700000166893005,3,0
UrlConnectionExpiryCalculator,0,1,0,0,0,14,1,1,0,-1,0,2
UrlConnectionSecurityDomainProvider,0,1,0,0,0,19,1,0,0,-1,0,1
UrlModuleSourceProvider,4,11,0,0,2,242,18,0,2,0.1800000071525574,6,0
UrlValidator,4,7,0,0,1,92,17,0,0,0,1,1
CachingTypeBuilder,4,15,0,0,14,96,18,0,0,0,0,3
IdentityGenerator,1,1,0,0,1,9,1,0,0,0,0,1
Block,11,16,0,0,0,595,59,0,0,0,7,2
FatBlock,3,5,0,0,0,38,7,0,0,0,1,1
BodyCodegen,48,83,0,6,5,3941,241,0,0,0,30,2
ExceptionManager,2,7,0,0,0,164,18,0,0,0,5,1
ExceptionInfo,5,1,0,0,0,18,1,0,0,0,2,1
FinallyReturnPoint,2,0,0,2,0,7,0,0,0,-1,0,1
IVariableInfoEmitter,0,5,0,0,0,8,5,2,0,-1,0,1
ArgumentInfoEmitter,2,6,0,0,6,29,6,0,1,0.3300000131130219,0,0
LocalInfoEmitter,2,6,0,0,6,30,6,0,1,0,0,0
Codegen,16,50,1,1,12,988,104,0,1,0.1800000071525574,28,4
SecurityController,0,1,0,0,1,8,1,0,0,-1,1,1
OptFunctionNode,6,13,0,1,9,111,20,0,0,0.3100000023841858,5,6
Optimizer,6,7,0,0,0,495,22,0,0,0,6,2
OptRuntime,0,23,0,0,20,219,35,0,1,-1,12,1
GeneratorState,10,1,0,2,0,19,1,0,0,0,1,2
OptTransformer,2,4,0,0,0,82,13,0,1,0,7,1
Messages,2,1,256,0,0,2327,1,0,0,0,0,1
Messages,2,1,49,0,0,505,1,0,0,0,0,1
Arrays,0,2,0,0,2,30,7,0,0,-1,0,3
Dictionaries,0,2,0,0,2,14,2,0,0,-1,0,0
MemberInfoEx,0,1,0,0,1,13,3,0,0,-1,0,0
NumberUtil,0,1,0,0,1,17,1,0,0,-1,0,0
DebugFrame,0,5,0,0,0,37,5,1,0,-1,2,2
DebuggableObject,0,1,0,0,0,18,1,1,0,-1,0,1
DebuggableScript,0,12,0,0,0,79,12,1,0,-1,0,6
Debugger,0,2,0,0,0,23,2,1,0,-1,2,3
JsonParser,5,17,0,0,2,519,55,0,0,0,4,2
ParseException,0,4,0,0,3,16,4,0,0,-1,0,2
NativeRegExp,71,61,0,6,7,3054,192,0,2,0.07999999821186066,23,2
RECompiled,7,1,0,0,0,16,1,0,0,0,1,3
RENode,17,1,0,0,0,24,1,0,0,0,0,2
CompilerState,10,1,0,0,0,24,1,0,0,0,2,1
REProgState,7,1,0,0,0,22,1,0,0,0,1,3
REBackTrackData,8,1,0,0,0,22,1,0,0,0,2,3
REGlobalData,7,3,0,0,0,31,4,0,0,0,3,2
RECharSet,6,1,0,0,0,19,1,0,0,0,0,2
NativeRegExpCtor,23,9,1,0,2,460,19,0,2,0.3300000131130219,11,1
RegExpImpl,7,13,0,0,6,670,69,0,1,0.3100000023841858,14,2
GlobData,10,0,0,0,0,15,0,0,0,-1,2,1
SubString,4,4,0,1,4,26,4,0,0,0.5,0,2
ScriptableOutputStream,2,9,0,0,7,166,19,0,0,0,4,0
PendingLookup,1,2,0,0,0,13,2,0,0,0,0,1
SourceReader,0,6,0,0,3,163,15,0,0,-1,2,2
ToolErrorReporter,4,17,0,0,14,174,26,0,1,0.1800000071525574,8,5
CachedPowers,5,1,0,0,0,84,1,0,0,0,2,1
CachedPower,3,1,0,0,0,41,1,0,0,0,0,1
DiyFp,4,14,0,0,1,152,16,0,0,0,0,3
DoubleHelper,7,10,0,0,0,135,14,0,0,0.2000000029802322,1,1
FastDtoa,9,8,0,0,3,534,16,0,0,0,4,1
FastDtoaBuilder,5,7,0,0,3,120,15,0,0,0,0,1
XMLLib,1,19,0,0,18,123,22,0,0,0.8899999856948853,4,4
Factory,0,2,0,0,2,8,2,1,0,-1,1,3
DefaultFactory,1,2,0,0,2,12,2,0,1,0,0,1
XMLObject,0,15,0,0,15,80,15,0,2,-1,3,1
