Type,NOF,NOM,NOP,NOPF,NOPM,LOC,WMC,NC,DIT,LCOM,Fan-Out,Fan-In
InvokeTmxIfConditionCommand,0,1,3,0,0,19,1,0,1,-1,0,0
ExportTmxTestSettingsCommand,0,1,0,0,0,9,1,0,1,-1,1,0
ImportTmxTestSettingsCommand,0,1,0,0,0,26,1,0,1,-1,1,0
CloseTmxTestDBCommand,0,1,1,0,0,21,1,0,1,-1,1,0
NewTmxTestDBCommand,0,1,0,0,0,19,2,0,1,-1,0,0
OpenTmxTestDBCommand,0,1,0,0,0,19,2,0,1,-1,0,0
GetTestResultsFromCollectionsCommand,0,1,0,0,0,37,5,0,1,-1,4,0
GetTestResultsFromSearchCommand,0,1,0,0,0,68,1,0,1,-1,4,0
GetTestResultsViaDataSetCommand,0,1,0,0,0,71,1,0,1,-1,3,0
StartTmxLoggingCommand,0,0,0,0,0,3,0,0,0,-1,0,0
AddTmxTestBucketCommand,0,1,0,0,0,12,1,0,1,-1,0,0
AddTmxTestConstantCommand,0,0,0,0,0,5,0,0,1,-1,0,0
GetTmxTestBucketCommand,0,1,0,0,1,11,1,0,1,-1,1,0
GetTmxTestConstantValueCommand,0,0,0,0,0,5,0,0,1,-1,0,0
RemoveTmxTestBucketCommand,0,0,0,0,0,5,0,0,1,-1,0,0
RemoveTmxTestConstantCommand,0,0,0,0,0,5,0,0,1,-1,0,0
SetTmxTestBucketCommand,0,1,0,0,1,11,1,0,1,-1,1,0
SetTmxTestConstantValueCommand,0,0,0,0,0,5,0,0,1,-1,0,0
GetTmxTestResultDetailsCommand,0,1,0,0,0,9,1,0,1,-1,1,1
GetTmxTestResultStatusCommand,0,1,0,0,0,9,1,0,1,-1,1,1
GetTmxTestScenarioStatusCommand,0,1,1,0,0,14,1,0,1,-1,1,1
GetTmxTestStatisticsCommand,0,1,0,0,0,30,1,0,1,-1,3,0
GetTmxTestSuiteStatusCommand,0,1,1,0,0,14,1,0,1,-1,1,1
UpdateTmxTestStatisticsCommand,0,1,0,0,0,22,3,0,1,-1,2,0
AddTmxTestTaskResultCommand,0,1,2,0,0,26,1,0,1,-1,1,1
ReceiveTmxTestReportCommand,0,1,0,0,0,9,1,0,1,-1,1,1
SetTmxServerSettingsCommand,0,1,1,0,0,12,1,0,1,-1,1,1
GetTmxCommonDataItemCommand,0,1,1,0,0,14,1,0,1,-1,1,1
InvokeTmxTestTaskCommand,0,1,1,0,0,14,1,0,1,-1,1,1
NewTmxTestRunCommand,0,1,3,0,0,25,1,0,1,-1,1,1
ReceiveTmxTestResultsCommand,0,1,0,0,0,9,1,0,1,-1,1,1
ReceiveTmxTestTaskCommand,0,3,2,0,1,27,3,0,1,-1,3,1
RegisterTmxSystemUnderTestCommand,0,3,4,0,1,33,3,0,1,-1,3,1
SendTmxCommonDataItemCommand,0,1,2,0,0,19,1,0,1,-1,1,1
SendTmxDetailedStatusCommand,0,1,1,0,0,13,1,0,1,-1,1,1
SendTmxFileSystemItemCommand,0,1,4,0,0,23,1,0,1,-1,1,1
SendTmxTestTaskResultCommand,0,1,1,0,0,15,1,0,1,-1,1,1
UnregisterTmxSystemUnderTestCommand,0,1,0,0,0,9,1,0,1,-1,1,1
InvokeTmxTestCaseCommand,0,1,0,0,0,12,1,1,1,-1,1,0
InvokeTmxTestScenarioCommand,0,1,0,0,0,12,1,1,1,-1,1,0
InvokeTmxTestSuiteCommand,0,1,0,0,0,15,1,1,1,-1,1,0
SetTmxTestCaseParametersCommand,0,1,0,0,1,8,1,0,2,-1,0,0
SetTmxTestScenarioParametersCommand,0,1,0,0,1,8,1,0,2,-1,0,0
SetTmxTestSuiteParametersCommand,0,1,0,0,1,8,1,0,2,-1,0,0
BackupTmxTestResultsCommand,0,1,0,0,0,20,1,0,1,-1,0,0
ExportTmxTestLogCommand,0,1,0,0,0,34,2,0,1,-1,0,0
ExportTmxTestResultsCommand,0,1,0,0,0,64,2,0,1,-1,4,0
ExportTmxTestSummaryCommand,0,1,0,0,0,36,2,0,1,-1,0,0
ImportTmxTestResultsCommand,0,5,0,0,0,95,6,0,1,-1,4,0
InitializeTmxResultsStorageCommand,0,1,5,0,0,47,2,0,1,-1,2,0
RestoreTmxTestResultsCommand,0,0,0,0,0,5,0,0,1,-1,0,0
SaveTmxTestScreenshotCommand,0,0,0,0,0,5,0,0,1,-1,0,0
SearchTmxTestResultCommand,0,1,2,0,0,41,1,0,1,-1,2,0
SearchTmxTestScenarioCommand,0,1,1,0,0,38,1,0,1,-1,2,0
SearchTmxTestSuiteCommand,0,1,1,0,0,38,1,0,1,-1,2,0
AddTmxSimpleTestResultCommand,0,2,4,0,1,28,2,0,1,-1,2,1
AddTmxTestCaseCommand,0,1,0,0,0,10,1,0,1,-1,1,0
GetTmxTestCaseCommand,0,0,0,0,0,5,0,0,1,-1,0,0
NewTmxTestPlatformCommand,0,1,0,0,0,11,1,0,1,-1,1,0
OpenTmxTestPlatformCommand,0,1,0,0,0,13,1,0,1,-1,3,0
RemoveTmxTestCaseCommand,0,0,0,0,0,5,0,0,1,-1,0,0
SetTmxCurrentTestResultCommand,0,2,3,0,1,23,2,0,1,-1,2,2
SetTmxTestCaseCommand,0,0,0,0,0,5,0,0,1,-1,0,0
AddTmxTestResultDetailCommand,0,1,0,0,0,22,2,0,1,-1,2,0
AddTmxTestScenarioCommand,0,1,0,0,0,9,1,0,1,-1,1,1
CloseTmxTestResultCommand,0,2,2,0,1,37,2,0,1,-1,4,2
NewTmxTestSuiteCommand,0,1,0,0,0,11,1,0,1,-1,1,0
OpenTmxTestScenarioCommand,0,1,0,0,0,34,2,0,1,-1,5,0
OpenTmxTestSuiteCommand,0,1,0,0,0,11,1,0,1,-1,1,0
ReceiveTmxCommonDataItemsCollection,0,1,0,0,0,9,1,0,1,-1,1,1
GetTmxCurrentTestTaskCommand,0,1,0,0,0,9,1,0,1,-1,1,1
ImportExportHelper,0,2,0,0,2,179,6,0,0,-1,2,2
AssertionsCmdletBase,0,0,0,0,0,3,0,0,1,-1,0,0
ClientCmdletBase,0,0,3,0,0,13,0,14,1,-1,0,0
CommonCmdletBase,0,31,8,0,1,248,35,25,1,-1,4,39
ConditionsCmdletBase,0,0,0,0,0,3,0,1,2,-1,0,0
DatabaseCmdletBase,0,0,0,0,0,3,0,5,2,-1,0,0
DatabaseFileCmdletBase,0,0,1,0,0,8,0,2,3,-1,0,0
DatabaseFileOpenCmdletBase,0,0,3,0,0,13,0,2,4,-1,0,0
TestBucketCmdletBase,0,1,2,0,0,21,1,4,1,-1,1,0
TestCaseCmdletBase,0,1,1,0,1,13,1,4,3,-1,0,0
TestConstantCmdletBase,0,0,1,0,0,7,0,4,3,-1,0,0
TestResultsCmdletBase,0,0,1,0,0,7,0,0,2,-1,0,0
TestStructureCmdletBase,0,0,2,0,0,10,0,1,3,-1,0,0
ImportExportCmdletBase,85,19,4,0,1,990,46,4,1,0.6299999952316284,10,0
SearchCmdletBase,0,1,20,0,1,115,1,4,2,-1,0,2
ServerCmdletBase,0,0,3,0,0,31,0,1,2,-1,0,0
SettingsCmdletBase,0,1,2,0,0,25,2,2,2,-1,0,1
TestCaseExecCmdletBase,0,0,4,0,0,17,0,1,1,-1,0,2
TestExecCmdletBase,0,3,0,0,3,203,12,3,2,-1,8,0
TestScenarioExecCmdletBase,0,0,4,0,0,15,0,1,3,-1,0,2
TestSuiteExecCmdletBase,0,0,4,0,0,15,0,1,3,-1,0,2
TestResultStatusCmdletBase,0,0,5,0,0,19,0,2,1,-1,0,0
AddScenarioCmdletBase,0,1,4,0,1,27,1,1,1,-1,0,3
AddTestCaseCmdletBase,0,0,1,0,0,9,0,1,4,-1,0,1
NewPlatformCmdletBase,0,0,6,0,0,26,0,1,1,-1,0,1
NewSuiteCmdletBase,0,1,4,0,1,35,1,1,2,-1,0,2
OpenScenarioCmdletBase,0,0,1,0,0,7,0,2,1,-1,0,0
OpenSuiteCmdletBase,0,0,1,0,0,7,0,2,2,-1,0,2
OpenTestCaseCmdletBase,0,0,0,0,0,3,0,0,1,-1,0,0
PlatformCmdletBase,0,0,0,0,0,3,0,2,2,-1,0,0
ScenarioCmdletBase,0,1,3,0,1,20,1,2,2,-1,0,0
SuiteCmdletBase,0,0,0,0,0,3,0,0,2,-1,0,0
TestResultCmdletBase,0,2,7,0,2,59,4,7,2,-1,1,0
TestResultDetailCmdletBase,0,1,6,0,1,30,2,1,2,-1,1,0
TmxNewLoggerCommand,0,2,0,0,0,10,2,0,1,-1,1,0
TmxStartLoggingCommand,0,2,0,0,0,10,2,0,1,-1,1,0
TmxGetTestResultDetailsCommand,0,2,0,0,0,21,2,0,1,-1,4,1
TmxGetTestResultStatusCommand,0,2,0,0,0,25,2,0,1,-1,4,1
TmxGetTestScenarioStatusCommand,0,2,0,0,0,45,3,0,1,-1,4,1
TmxGetTestSuiteStatusCommand,0,2,0,0,0,80,4,0,1,-1,5,1
AddTestTaskResultCommand,0,2,0,0,0,22,2,0,1,-1,4,1
ReceiveCommonDataItemsCollectionCommand,0,2,0,0,0,21,2,0,1,-1,4,1
ReceiveTestResportCommand,0,2,0,0,0,16,2,0,1,-1,4,1
SetServerSettingsCommand,0,2,0,0,0,13,2,0,1,-1,3,1
GetCurrentTestTaskCommand,0,2,0,0,0,17,2,0,1,-1,3,1
GetCommonDataItemCommand,0,2,0,0,0,25,2,0,1,-1,4,1
InvokeTestTaskCommand,0,6,0,0,0,75,8,0,1,-1,12,1
NewTestRunCommand,0,2,0,0,0,18,2,0,1,-1,4,1
ReceiveTestResultsCommand,0,2,0,0,0,16,2,0,1,-1,4,1
ReceiveTestTaskCommand,0,2,0,0,0,71,6,0,1,-1,9,1
RegisterSystemUnderTestCommand,0,2,0,0,0,43,6,0,1,-1,6,2
SendCommonDataItemCommand,0,2,0,0,0,21,2,0,1,-1,5,1
SendDetailedStatusCommand,0,2,0,0,0,27,2,0,1,-1,4,1
SendFileSystemItemCommand,0,2,0,0,0,16,2,0,1,-1,4,1
SendTestTaskResultCommand,0,2,0,0,0,24,3,0,1,-1,6,1
UnregisterSystemUnderTestCommand,0,2,0,0,0,16,2,0,1,-1,4,1
TmxInvokeTestCaseCommand,0,2,0,0,0,44,4,0,1,-1,7,1
TmxInvokeTestScenarioCommand,0,2,0,0,0,43,4,0,1,-1,6,1
TmxInvokeTestSuiteCommand,0,2,0,0,0,39,4,0,1,-1,5,1
TmxAddSimpleTestResultCommand,0,2,0,0,0,145,10,0,1,-1,7,1
TmxAddTestCaseCommand,0,2,0,0,0,36,3,0,1,-1,5,1
TmxAddTestResultDetailCommand,0,2,0,0,0,10,2,0,1,-1,1,0
TmxAddTestScenarioCommand,0,2,0,0,0,79,5,0,1,-1,7,2
TmxCloseTestResultCommand,0,2,0,0,0,47,6,0,1,-1,3,2
TmxGetTestCaseCommand,0,2,0,0,0,10,2,0,1,-1,1,0
TmxNewTestPlatformCommand,0,2,0,0,0,31,3,0,1,-1,4,1
TmxNewTestSuiteCommand,0,2,0,0,0,46,7,0,1,-1,5,2
TmxOpenTestScenarioCommand,0,2,0,0,0,10,2,0,1,-1,1,0
TmxOpenTestSuiteCommand,0,2,0,0,0,27,3,0,1,-1,5,2
TmxRemoveTestCaseCommand,0,2,0,0,0,10,2,0,1,-1,1,0
TmxSetCurrentTestResultCommand,0,2,0,0,0,121,6,0,1,-1,8,2
TmxSetTestCaseCommand,0,2,0,0,0,10,2,0,1,-1,1,0
TmxCommand,0,2,1,0,0,10,2,38,0,-1,1,0
TmxFactory,2,3,2,0,2,57,4,0,0,0,0,0
TmxModule,0,1,0,0,1,6,1,0,0,-1,0,0
TestExecHelper,0,1,0,0,0,28,1,0,0,-1,0,0
Database,0,0,7,0,0,23,0,0,1,-1,0,0
TestBucket,0,3,4,0,3,31,3,0,1,-1,0,0
TestConstant,0,2,7,0,2,34,2,0,1,-1,0,0
SQLiteHelper,0,17,0,0,14,1287,34,0,0,-1,4,3
TmxProvider,2,10,0,0,0,373,18,0,0,0.5,1,0
TmxDriveInfo,1,2,1,0,2,51,2,0,0,1,0,1
SQLiteData,0,1,1,0,0,9,1,0,0,-1,0,1
AddTLBuildCommand,0,1,3,0,0,23,1,0,1,-1,2,1
AddTLTestCaseCommand,0,1,11,0,0,60,1,0,1,-1,1,1
AddTLTestSubSuiteCommand,0,0,0,0,0,11,0,0,1,-1,0,0
AddTLTestSuiteCommand,0,1,0,0,0,9,1,0,1,-1,1,1
ConnectTLServerCommand,0,1,0,0,0,10,1,0,1,-1,1,0
GetTLBuildCommand,0,1,0,0,0,11,1,0,1,-1,2,1
GetTLProjectCommand,0,1,0,0,0,11,1,0,1,-1,1,1
GetTLTestCaseCommand,0,1,0,0,0,9,1,0,1,-1,1,1
GetTLTestPlanCommand,0,1,0,0,0,9,1,0,1,-1,1,2
GetTLTestSuiteCommand,0,1,0,0,0,9,1,0,1,-1,1,0
NewTLTestPlanCommand,0,2,0,0,1,14,2,0,1,-1,1,1
NewTLUserCommand,0,1,0,0,0,9,1,0,1,-1,1,1
TLAddTestPlanCmdletBase,0,1,3,0,1,36,1,1,1,-1,0,0
TLBuildCmdletBase,0,1,3,0,1,25,1,2,1,-1,0,1
TLCollectionCmdletBase,0,1,0,0,1,6,1,0,1,-1,0,0
TLGetTestPlanCmdletBase,0,1,2,0,1,22,1,1,1,-1,0,2
TLProjectCmdletBase,0,1,2,0,1,17,1,1,1,-1,0,3
TLSCmdletBase,0,1,0,0,1,9,1,9,2,-1,0,13
TLSConnectCmdletBase,0,1,5,0,1,29,1,1,3,-1,0,2
TLTestCaseCmdletBase,0,1,7,0,1,44,1,2,3,-1,0,0
TLTestPlanCmdletBase,0,1,6,0,1,28,1,2,3,-1,0,0
TLTestSubSuiteCmdletBase,0,1,0,0,1,6,1,1,3,-1,0,0
TLTestSuiteCmdletBase,0,1,5,0,1,32,1,2,3,-1,0,2
TLUserCmdletBase,0,1,9,0,0,37,1,1,3,-1,0,0
TLSrvAddBuildCommand,0,2,0,0,1,15,2,0,1,-1,3,1
TLSrvGetBuildCommand,0,2,0,0,0,29,3,0,1,-1,4,1
TLSrvConnectCommand,0,2,0,0,0,12,2,0,1,-1,2,1
TLSrvAddTestCaseCommand,0,2,0,0,0,27,3,0,1,-1,6,1
TLSrvGetTestCaseCommand,0,2,0,0,0,55,9,0,1,-1,7,1
TLSrvGetTestPlanCommand,0,2,0,0,0,64,6,0,1,-1,6,3
TLSrvNewTestPlanCommand,0,2,0,0,0,15,2,0,1,-1,3,1
TLSrvGetProjectCommand,0,2,0,0,0,33,4,0,1,-1,3,4
TLSrvAddTestSuiteCommand,0,2,0,0,0,13,2,0,1,-1,3,1
TLSrvGetTestSuiteCommand,0,2,0,0,0,60,9,0,1,-1,7,1
TLSrvCommand,0,2,1,0,0,10,2,11,0,-1,1,0
TLSrvNewUserCommand,0,2,0,0,0,23,2,0,1,-1,3,1
TestLinkFactory,0,0,0,0,0,4,0,0,0,-1,0,0
TLHelper,0,24,0,0,19,897,77,0,0,-1,12,14
WrappedTestLink,0,1,0,0,1,6,1,0,1,-1,0,0
TLAddinData,0,0,4,0,0,11,0,0,0,-1,0,12
ConnectRMServerCommand,0,1,0,0,0,10,1,0,1,-1,1,0
RMCmdletBase,0,0,0,0,0,3,0,1,2,-1,0,2
RMConnectCmdletBase,0,1,5,0,1,29,1,1,3,-1,0,1
RMConnectServerCommand,0,2,0,0,0,12,2,0,1,-1,2,1
RMSrvCommand,0,2,1,0,1,10,2,1,0,-1,1,0
RMHelper,0,2,0,0,1,28,2,0,0,-1,1,1
InvokeSeWebElementClickCommand,0,1,6,0,0,47,1,0,1,-1,1,0
InvokeSeWebElementDragAndDropCommand,0,2,1,0,1,23,2,0,1,-1,1,0
MoveSeCursorToWebElementCommand,0,2,2,0,1,23,2,0,1,-1,1,0
InvokeSeAlertAcceptCommand,0,2,0,0,1,15,2,0,1,-1,1,0
InvokeSeAlertDismissCommand,0,2,0,0,1,15,2,0,1,-1,1,0
ReadSeAlertTextCommand,0,2,0,0,1,15,2,0,1,-1,1,0
SetSeAlertKeysCommand,0,2,1,0,1,21,2,0,1,-1,1,0
ScreenshotCmdletBase,0,2,8,0,1,77,2,2,1,-1,1,0
SaveSeScreenshotCommand,0,1,0,0,1,10,1,0,2,-1,0,1
GetSeScreenshotCommand,0,1,2,0,1,18,1,0,2,-1,0,0
ConvertToSeAutomationElementCommand,0,2,0,0,1,18,2,0,1,-1,1,0
AddSeChromeExtensionCommand,0,2,1,0,1,24,2,0,1,-1,1,2
CloseSeWebDriverCurrentBrowserWindowCommand,0,2,0,0,1,18,2,0,1,-1,1,1
AddSeFirefoxExtensionCommand,0,2,1,0,1,24,2,0,1,-1,1,2
NewSeFirefoxProfileCommand,0,2,2,0,1,25,2,0,1,-1,1,2
GetSeWebDriverCookiesCommand,0,2,0,0,1,18,2,0,1,-1,1,0
GetSeWebDriverWindowCommand,0,2,0,0,1,18,2,0,1,-1,1,1
AddSeChromeArgumentCommand,0,2,1,0,1,24,2,0,1,-1,1,2
NewSeChromeOptionsCommand,0,2,0,0,1,17,2,0,1,-1,1,1
SetSeChromeBinaryCommand,0,2,1,0,1,24,2,0,1,-1,1,2
NewSeInternetExplorerOptionsCommand,0,2,0,0,1,17,2,0,1,-1,1,2
SetSeInternetExplorerOptionCommand,0,2,0,0,1,18,2,0,1,-1,1,0
ReadSeWebDriverNativeWindowHandleCommand,0,2,1,0,1,23,2,0,1,-1,1,1
ReadSeWebDriverPageSourceCommand,0,2,0,0,1,18,2,0,1,-1,1,1
ReadSeWebDriverTitleCommand,0,2,0,0,1,18,2,0,1,-1,1,1
ReadSeWebDriverUrlCommand,0,2,0,0,1,18,2,0,1,-1,1,2
SelectSeWebDriverCommand,0,2,0,0,1,25,3,0,1,-1,1,1
SetSeWebDriverTimeoutCommand,0,2,3,0,1,45,2,0,1,-1,1,1
StartSeWebDriverCommand,0,2,11,0,1,105,3,6,1,-1,3,2
StartSeFirefoxCommand,0,1,0,0,1,10,1,0,2,-1,2,0
StartSeDriverServerCommand,0,1,0,0,1,6,1,3,2,-1,0,1
StartSeChromeCommand,0,1,0,0,1,10,1,0,3,-1,2,6
StartSeInternetExplorer32Command,0,1,0,0,1,11,1,0,3,-1,3,1
StartSeInternetExplorer64Command,0,1,0,0,1,11,1,0,3,-1,3,0
StartSeSafariCommand,0,1,0,0,1,9,1,0,2,-1,2,0
StartSeOperaCommand,0,1,0,0,1,9,1,0,2,-1,1,0
StartSeAndroidCommand,0,1,0,0,1,9,1,0,2,-1,1,0
StartSeHtmlUnitCommand,0,1,0,0,1,9,1,0,2,-1,1,0
StopSeWebDriverCommand,0,3,2,0,1,94,11,3,1,-1,1,0
StopSeFirefoxCommand,0,1,0,0,1,5,1,0,2,-1,0,0
StopSeChromeCommand,0,1,0,0,1,5,1,0,2,-1,0,0
StopSeInternetExplorerCommand,0,1,0,0,1,5,1,0,2,-1,0,0
ClearSeWebElementCommand,0,2,0,0,1,18,2,0,1,-1,1,0
ConvertFromSeTableCommand,0,2,0,0,1,17,2,0,1,-1,1,0
GetSeElementByTypeCommand,0,2,4,0,1,33,2,123,1,-1,1,1
GetSeAnyCommand,0,1,0,0,1,7,1,0,2,-1,0,0
GetSeCommentCommand,0,1,0,0,1,7,1,0,2,-1,0,0
GetSeDocTypeCommand,0,1,0,0,1,7,1,0,2,-1,0,0
GetSeACommand,0,1,0,0,1,7,1,0,2,-1,0,0
GetSeAbbrCommand,0,1,0,0,1,7,1,0,2,-1,0,0
GetSeAcronymCommand,0,1,0,0,1,7,1,0,2,-1,0,0
GetSeAddressCommand,0,1,0,0,1,7,1,0,2,-1,0,0
GetSeAppletCommand,0,1,0,0,1,7,1,0,2,-1,0,0
GetSeAreaCommand,0,1,0,0,1,7,1,0,2,-1,0,0
GetSeArticleCommand,0,1,0,0,1,7,1,0,2,-1,0,0
GetSeAsideCommand,0,1,0,0,1,7,1,0,2,-1,0,0
GetSeAudioCommand,0,1,0,0,1,7,1,0,2,-1,0,0
GetSeBCommand,0,1,0,0,1,7,1,0,2,-1,0,0
GetSeBaseCommand,0,1,0,0,1,7,1,0,2,-1,0,0
GetSeBasefontCommand,0,1,0,0,1,7,1,0,2,-1,0,0
GetSeBdiCommand,0,1,0,0,1,7,1,0,2,-1,0,0
GetSeBdoCommand,0,1,0,0,1,7,1,0,2,-1,0,0
GetSeBigCommand,0,1,0,0,1,7,1,0,2,-1,0,0
GetSeBlockQuoteCommand,0,1,0,0,1,7,1,0,2,-1,0,0
GetSeBodyCommand,0,1,0,0,1,7,1,0,2,-1,0,0
GetSeBrCommand,0,1,0,0,1,7,1,0,2,-1,0,0
GetSeButtonCommand,0,1,0,0,1,7,1,0,2,-1,0,0
GetSeCanvasCommand,0,1,0,0,1,7,1,0,2,-1,0,0
GetSeCaptionCommand,0,1,0,0,1,7,1,0,2,-1,0,0
GetSeCenterCommand,0,1,0,0,1,7,1,0,2,-1,0,0
GetSeCiteCommand,0,1,0,0,1,7,1,0,2,-1,0,0
GetSeCodeCommand,0,1,0,0,1,7,1,0,2,-1,0,0
GetSeColCommand,0,1,0,0,1,7,1,0,2,-1,0,0
GetSeColGroupCommand,0,1,0,0,1,7,1,0,2,-1,0,0
GetSeCommandCommand,0,1,0,0,1,7,1,0,2,-1,0,0
GetSeDataListCommand,0,1,0,0,1,7,1,0,2,-1,0,0
GetSeDdCommand,0,1,0,0,1,7,1,0,2,-1,0,0
GetSeDelCommand,0,1,0,0,1,7,1,0,2,-1,0,0
GetSeDetailsCommand,0,1,0,0,1,7,1,0,2,-1,0,0
GetSeDfnCommand,0,1,0,0,1,7,1,0,2,-1,0,0
GetSeDirCommand,0,1,0,0,1,7,1,0,2,-1,0,0
GetSeDivCommand,0,1,0,0,1,7,1,0,2,-1,0,0
GetSeDlCommand,0,1,0,0,1,7,1,0,2,-1,0,0
GetSeDtCommand,0,1,0,0,1,7,1,0,2,-1,0,0
GetSeEmCommand,0,1,0,0,1,7,1,0,2,-1,0,0
GetSeEmbedCommand,0,1,0,0,1,7,1,0,2,-1,0,0
GetSeFieldSetCommand,0,1,0,0,1,7,1,0,2,-1,0,0
GetSeFigCaptionCommand,0,1,0,0,1,7,1,0,2,-1,0,0
GetSeFigureCommand,0,1,0,0,1,7,1,0,2,-1,0,0
GetSeFontCommand,0,1,0,0,1,7,1,0,2,-1,0,0
GetSeFooterCommand,0,1,0,0,1,7,1,0,2,-1,0,0
GetSeFormCommand,0,1,0,0,1,7,1,0,2,-1,0,0
GetSeFrameCommand,0,1,0,0,1,7,1,0,2,-1,0,0
GetSeFrameSetCommand,0,1,0,0,1,7,1,0,2,-1,0,0
GetSeHeadCommand,0,1,0,0,1,7,1,0,2,-1,0,0
GetSeHeaderCommand,0,1,0,0,1,7,1,0,2,-1,0,0
GetSeHGroupCommand,0,1,0,0,1,7,1,0,2,-1,0,0
GetSeH1Command,0,1,0,0,1,7,1,0,2,-1,0,0
GetSeH2Command,0,1,0,0,1,7,1,0,2,-1,0,0
GetSeH3Command,0,1,0,0,1,7,1,0,2,-1,0,0
GetSeH4Command,0,1,0,0,1,7,1,0,2,-1,0,0
GetSeH5Command,0,1,0,0,1,7,1,0,2,-1,0,0
GetSeH6Command,0,1,0,0,1,7,1,0,2,-1,0,0
GetSeHrCommand,0,1,0,0,1,7,1,0,2,-1,0,0
GetSeHtmlCommand,0,1,0,0,1,7,1,0,2,-1,0,0
GetSeICommand,0,1,0,0,1,7,1,0,2,-1,0,0
GetSeIFrameCommand,0,1,0,0,1,7,1,0,2,-1,0,0
GetSeImgCommand,0,1,0,0,1,7,1,0,2,-1,0,0
GetSeInputCommand,0,1,0,0,1,7,1,0,2,-1,0,0
GetSeInsCommand,0,1,0,0,1,7,1,0,2,-1,0,0
GetSeKbdCommand,0,1,0,0,1,7,1,0,2,-1,0,0
GetSeKeygenCommand,0,1,0,0,1,7,1,0,2,-1,0,0
GetSeLabelCommand,0,1,0,0,1,7,1,0,2,-1,0,0
GetSeLegendCommand,0,1,0,0,1,7,1,0,2,-1,0,0
GetSeLiCommand,0,1,0,0,1,7,1,0,2,-1,0,0
GetSeLinkCommand,0,1,0,0,1,7,1,0,2,-1,0,0
GetSeMapCommand,0,1,0,0,1,7,1,0,2,-1,0,0
GetSeMarkCommand,0,1,0,0,1,7,1,0,2,-1,0,0
GetSeMenuCommand,0,1,0,0,1,7,1,0,2,-1,0,0
GetSeMetaCommand,0,1,0,0,1,7,1,0,2,-1,0,0
GetSeMeterCommand,0,1,0,0,1,7,1,0,2,-1,0,0
GetSeNavCommand,0,1,0,0,1,7,1,0,2,-1,0,0
GetSeNoFramesCommand,0,1,0,0,1,7,1,0,2,-1,0,0
GetSeNoScriptCommand,0,1,0,0,1,7,1,0,2,-1,0,0
GetSeObjectCommand,0,1,0,0,1,7,1,0,2,-1,0,0
GetSeOlCommand,0,1,0,0,1,7,1,0,2,-1,0,0
GetSeOptGroupCommand,0,1,0,0,1,7,1,0,2,-1,0,0
GetSeOptionCommand,0,1,0,0,1,7,1,0,2,-1,0,0
GetSeOutputCommand,0,1,0,0,1,7,1,0,2,-1,0,0
GetSePCommand,0,1,0,0,1,7,1,0,2,-1,0,0
GetSeParamCommand,0,1,0,0,1,7,1,0,2,-1,0,0
GetSePreCommand,0,1,0,0,1,7,1,0,2,-1,0,0
GetSeProgressCommand,0,1,0,0,1,7,1,0,2,-1,0,0
GetSeQCommand,0,1,0,0,1,7,1,0,2,-1,0,0
GetSeRpCommand,0,1,0,0,1,7,1,0,2,-1,0,0
GetSeRtCommand,0,1,0,0,1,7,1,0,2,-1,0,0
GetSeRubyCommand,0,1,0,0,1,7,1,0,2,-1,0,0
GetSeSCommand,0,1,0,0,1,7,1,0,2,-1,0,0
GetSeSampCommand,0,1,0,0,1,7,1,0,2,-1,0,0
GetSeScriptCommand,0,1,0,0,1,7,1,0,2,-1,0,0
GetSeSectionCommand,0,1,0,0,1,7,1,0,2,-1,0,0
GetSeSelectCommand,0,1,0,0,1,7,1,0,2,-1,0,0
GetSeSmallCommand,0,1,0,0,1,7,1,0,2,-1,0,0
GetSeSourceCommand,0,1,0,0,1,7,1,0,2,-1,0,0
GetSeSpanCommand,0,1,0,0,1,7,1,0,2,-1,0,0
GetSeStrikeCommand,0,1,0,0,1,7,1,0,2,-1,0,0
GetSeStrongCommand,0,1,0,0,1,7,1,0,2,-1,0,0
GetSeStyleCommand,0,1,0,0,1,7,1,0,2,-1,0,0
GetSeSubCommand,0,1,0,0,1,7,1,0,2,-1,0,0
GetSeSummaryCommand,0,1,0,0,1,7,1,0,2,-1,0,0
GetSeSupCommand,0,1,0,0,1,7,1,0,2,-1,0,0
GetSeTableCommand,0,1,0,0,1,7,1,0,2,-1,0,0
GetSeTBodyCommand,0,1,0,0,1,7,1,0,2,-1,0,0
GetSeTdCommand,0,1,0,0,1,7,1,0,2,-1,0,0
GetSeTextAreaCommand,0,1,0,0,1,7,1,0,2,-1,0,0
GetSeTFootCommand,0,1,0,0,1,7,1,0,2,-1,0,0
GetSeThCommand,0,1,0,0,1,7,1,0,2,-1,0,0
GetSeTHeadCommand,0,1,0,0,1,7,1,0,2,-1,0,0
GetSeTimeCommand,0,1,0,0,1,7,1,0,2,-1,0,0
GetSeTitleCommand,0,1,0,0,1,7,1,0,2,-1,0,0
GetSeTrCommand,0,1,0,0,1,7,1,0,2,-1,0,0
GetSeTrackCommand,0,1,0,0,1,7,1,0,2,-1,0,0
GetSeTtCommand,0,1,0,0,1,7,1,0,2,-1,0,0
GetSeUCommand,0,1,0,0,1,7,1,0,2,-1,0,0
GetSeUlCommand,0,1,0,0,1,7,1,0,2,-1,0,0
GetSeVarCommand,0,1,0,0,1,7,1,0,2,-1,0,0
GetSeVideoCommand,0,1,0,0,1,7,1,0,2,-1,0,0
GetSeWbrCommand,0,1,0,0,1,7,1,0,2,-1,0,0
ReadSeWebElementAttributeCommand,0,2,1,0,1,28,2,0,1,-1,1,1
ReadSeWebElementCssValueCommand,0,2,1,0,1,28,2,0,1,-1,1,1
ReadSeWebElementTextCommand,0,2,0,0,1,18,2,0,1,-1,1,1
ReadSeWebElementDisplayedCommand,0,2,0,0,1,18,2,0,1,-1,1,1
ReadSeWebElementEnabledCommand,0,2,0,0,1,18,2,0,1,-1,1,1
ReadSeWebElementLocationCommand,0,2,0,0,1,18,2,0,1,-1,1,1
ReadSeWebElementSelectedCommand,0,2,0,0,1,18,2,0,1,-1,1,1
ReadSeWebElementSizeCommand,0,2,0,0,1,18,2,0,1,-1,1,1
ReadSeWebElementTagNameCommand,0,2,0,0,1,18,2,0,1,-1,1,1
SetSeWebElementKeysCommand,0,2,1,0,1,27,2,0,1,-1,1,1
SubmitSeWebElementCommand,0,2,0,0,1,18,2,0,1,-1,1,1
InvokeSeJsExecutorCommand,0,2,0,0,1,20,2,0,1,-1,1,0
ResetSeTestDataCommand,0,2,0,0,1,12,2,0,1,-1,1,0
EnterSeUrlCommand,0,2,1,0,1,26,2,0,1,-1,1,6
GetSeWebElementCommand,0,3,0,0,1,23,3,0,1,-1,2,2
InvokeSeNavigateBackCommand,0,2,0,0,1,19,2,0,1,-1,1,3
InvokeSeNavigateForwardCommand,0,2,0,0,1,19,2,0,1,-1,1,2
InvokeSePageRefreshCommand,0,2,0,0,1,16,2,0,1,-1,1,0
SwitchSeToActiveElementCommand,0,2,0,0,1,15,2,0,1,-1,1,0
SwitchSeToAlertCommand,0,2,0,0,1,15,2,0,1,-1,1,0
SwitchSeToDefaultContentCommand,0,2,0,0,1,15,2,0,1,-1,1,0
SwitchSeToFrameCommand,0,2,0,0,1,47,5,0,1,-1,2,0
SwitchSeToWindowCommand,0,2,1,0,1,23,2,0,1,-1,1,0
NewSePageObjectCommand,0,2,0,0,1,16,2,0,1,-1,1,0
GetSeWebElementAncestorsCommand,0,2,0,0,1,14,2,0,1,-1,1,0
GetSeWebElementParentCommand,0,2,0,0,1,14,2,0,1,-1,1,0
GetSeSelectionCommand,0,2,0,0,1,20,2,0,1,-1,1,0
SetSeSelectionCommand,0,2,0,0,1,22,2,0,1,-1,1,0
StartSeTranscriptCommand,0,3,0,0,1,74,3,1,1,-1,2,0
StartSeRecorderCommand,0,1,0,0,1,8,1,0,2,-1,0,0
ActionsCmdletBase,0,1,0,0,1,16,1,3,1,-1,0,0
AlertCmdletBase,0,1,1,0,1,13,1,4,1,-1,0,1
CommonCmdletBase,4,56,3,0,2,1063,96,9,1,0.5400000214576721,17,50
ConvertCmdletBase,0,1,0,0,1,10,1,1,1,-1,0,0
ChromeOptionsCmdletBase,0,1,0,0,1,6,1,2,2,-1,0,0
EditChromeOptionsCmdletBase,0,1,1,0,1,12,1,3,3,-1,0,3
DriverCmdletBase,0,1,1,0,1,36,1,3,2,-1,0,0
EditFirefoxProfileCmdletBase,0,1,1,0,1,12,1,1,1,-1,0,2
FirefoxProfileCmdletBase,0,1,0,0,1,6,1,2,2,-1,0,1
EditIeOptionsCmdletBase,0,1,5,0,1,30,1,1,1,-1,0,1
IeOptionsCmdletBase,0,1,0,0,1,6,1,2,2,-1,0,0
StartDriverCmdletBase,0,2,3,0,1,38,2,1,3,-1,1,2
GetElementByTypeCmdletBase,0,1,10,0,1,51,1,1,1,-1,1,1
GetSelectionCmdletBase,0,1,4,0,1,26,1,1,1,-1,0,0
HasWebDriverInputCmdletBase,0,2,1,0,1,27,3,11,2,-1,2,6
HasWebElementInputCmdletBase,0,2,1,0,1,36,3,7,2,-1,2,2
JsExecutorCmdletBase,0,1,2,0,1,15,1,1,3,-1,0,0
NavigationCmdletBase,0,1,0,0,1,24,1,9,3,-1,0,0
GetCmdletBase,0,1,13,0,1,82,1,1,3,-1,1,1
SetSelectionCmdletBase,0,1,6,0,1,41,1,1,3,-1,0,0
SwitchToCmdletBase,0,1,0,0,1,33,1,1,4,-1,0,0
SwitchToFrameCmdletBase,0,1,3,0,1,27,1,1,5,-1,0,1
TranscriptCmdletBase,0,1,7,0,1,41,1,1,2,-1,1,9
WebElementCmdletBase,0,1,1,0,1,12,1,16,3,-1,0,1
CsLanguage,0,1,10,0,1,17,1,0,1,-1,0,0
IJsRecorder,0,4,0,0,0,7,4,2,0,-1,1,2
JavaLanguage,0,1,10,0,1,17,1,0,1,-1,0,0
PsLanguage,0,1,10,0,1,17,1,0,1,-1,0,0
RecordedAction,0,1,5,0,1,17,1,0,1,-1,1,7
RecordedCodeSequence,0,4,7,0,3,72,9,0,1,-1,1,4
RecordedData,0,1,4,0,1,14,1,0,1,-1,1,5
RecordedWebElement,0,1,16,0,1,35,1,0,1,-1,1,7
Recorder,14,15,1,13,1,1080,58,0,0,0.1299999952316284,13,12
JsRecorder,5,5,0,0,5,96,6,0,1,1,4,1
CapabilitiesFactory,0,1,0,0,1,14,1,0,0,-1,0,1
WebDriverModule,1,2,0,0,1,320,2,0,0,1,0,0
SeSaveScreenshotCommand,0,2,0,0,0,46,2,0,1,-1,3,1
ISearchHistory,0,0,3,0,0,6,0,1,0,-1,0,1
SearchHistory,0,1,3,0,1,10,1,0,1,-1,0,0
WebElementDecorator,1,25,11,0,25,356,25,1,0,0,0,3
SeAddChromeArgumentCommand,0,2,0,0,0,11,2,0,1,-1,2,2
SeAddChromeExtensionCommand,0,2,0,0,0,11,2,0,1,-1,2,2
SeNewChromeOptionsCommand,0,2,0,0,0,11,2,0,1,-1,2,2
SeSetChromeBinaryCommand,0,2,0,0,0,11,2,0,1,-1,2,2
SeAddFirefoxExtensionCommand,0,2,0,0,0,11,2,0,1,-1,2,2
SeNewFirefoxProfileCommand,0,2,0,0,0,11,2,0,1,-1,2,2
SeNewIeOptionsCommand,0,2,0,0,0,11,2,0,1,-1,2,3
SeSetIeOptionCommand,0,2,0,0,0,11,2,0,1,-1,2,1
SeCloseWebDriverCurrentBrowserWindowCommand,0,2,0,0,0,13,2,0,1,-1,3,1
SeGetWebDriverCookiesCommand,0,2,0,0,0,16,2,0,1,-1,3,1
SeGetWebDriverWindowCommand,0,2,0,0,0,13,2,0,1,-1,3,1
SeReadWebDriverNativeWindowHandleCommand,0,2,0,0,0,18,2,0,1,-1,4,1
SeReadWebDriverPageSourceCommand,0,2,0,0,0,16,2,0,1,-1,3,2
SeReadWebDriverTitleCommand,0,2,0,0,0,16,2,0,1,-1,3,2
SeReadWebDriverUrlCommand,0,2,0,0,0,13,2,0,1,-1,3,2
SeSelectWebDriverCommand,0,2,0,0,0,13,2,0,1,-1,3,1
SeSetWebDriverTimeoutCommand,0,2,0,0,0,22,5,0,1,-1,4,1
SeStartChromeCommand,0,2,0,0,0,12,2,0,1,-1,2,6
SeStartFirefoxCommand,0,2,0,0,0,11,2,0,1,-1,2,0
SeStartInternetExplorer32Command,0,2,0,0,0,12,2,0,1,-1,2,1
SeStartInternetExplorer64Command,0,2,0,0,0,12,2,0,1,-1,2,0
SeStartOperaCommand,0,2,0,0,0,11,2,0,1,-1,2,0
SeStartSafariCommand,0,2,0,0,0,11,2,0,1,-1,2,0
SeStartWebDriverCommand,0,2,0,0,0,45,2,0,1,-1,2,1
SeStopWebDriverCommand,0,2,0,0,0,12,2,0,1,-1,1,0
SeWebDriverCommand,0,2,0,0,0,10,2,17,1,-1,1,0
SeConvertFromTableCommand,0,2,0,0,0,11,2,0,1,-1,2,1
SeClearWebElementCommand,0,2,0,0,0,16,2,0,1,-1,3,1
SeGetElementByTypeCommand,0,2,0,0,0,14,2,0,1,-1,3,1
SeGetWebElementCommand,0,2,0,0,0,13,2,0,1,-1,3,2
SeReadWebElementAttributeCommand,0,2,0,0,0,18,2,0,1,-1,3,1
SeReadWebElementCssValueCommand,0,2,0,0,0,18,2,0,1,-1,3,1
SeReadWebElementDisplayedCommand,0,2,0,0,0,16,2,0,1,-1,3,1
SeReadWebElementEnabledCommand,0,2,0,0,0,16,2,0,1,-1,3,1
SeReadWebElementLocationCommand,0,2,0,0,0,16,2,0,1,-1,3,1
SeReadWebElementSelectedCommand,0,2,0,0,0,16,2,0,1,-1,3,1
SeReadWebElementSizeCommand,0,2,0,0,0,16,2,0,1,-1,3,1
SeReadWebElementTagNameCommand,0,2,0,0,0,16,2,0,1,-1,3,1
SeReadWebElementTextCommand,0,2,0,0,0,16,2,0,1,-1,3,1
SeSetWebElementKeysCommand,0,2,0,0,0,18,2,0,1,-1,3,1
SeSubmitWebElementCommand,0,2,0,0,0,13,2,0,1,-1,3,1
SeWebElementCommand,0,2,0,0,0,10,2,14,1,-1,1,0
SeEnterUrlCommand,0,2,0,0,0,26,2,0,1,-1,3,6
SeInvokeNavigateBackCommand,0,2,0,0,0,13,2,0,1,-1,3,3
SeInvokeNavigateForwardCommand,0,2,0,0,0,13,2,0,1,-1,3,2
SeNavigationCommand,0,2,0,0,0,10,2,3,1,-1,1,0
SeCommand,0,2,1,0,0,10,2,13,0,-1,1,0
WebElementsFrom,0,0,0,0,0,5,0,0,0,-1,0,1
FindElementParameters,0,0,0,0,0,13,0,0,0,-1,0,2
Drivers,0,0,0,0,0,11,0,0,0,-1,0,8
InternetExplorer,0,0,0,0,0,4,0,0,0,-1,0,3
RecorderLanguages,0,0,0,0,0,5,0,0,0,-1,0,2
DriverServers,0,0,0,0,0,6,0,0,0,-1,0,2
DriverServerConstructorOptions,0,0,0,0,0,9,0,0,0,-1,0,4
FirefoxProfileConstructorOptions,0,0,0,0,0,6,0,0,0,-1,0,1
FirefoxDriverConstructorOptions,0,0,0,0,0,8,0,0,0,-1,0,0
DriverTimeoutTypes,0,0,0,0,0,6,0,0,0,-1,0,2
SwitchToFrameWays,0,0,0,0,0,6,0,0,0,-1,0,2
Constructors,0,0,0,0,0,8,0,0,0,-1,0,2
SeHelper,37,74,2,5,58,3471,224,0,0,0.7699999809265137,32,81
WebDriverFactory,6,7,2,0,4,529,24,0,0,0.5699999928474426,12,19
CurrentData,1,4,9,0,1,114,8,0,0,0.5,1,11
Preferences,3,1,29,0,0,311,1,0,0,0,0,10
GetTamsMemorySnapshotCommand,0,1,3,0,0,34,1,0,1,-1,1,1
CompareTamsObjectCommand,0,1,2,0,0,25,1,0,1,-1,1,1
CommonCmdletBase,0,29,0,0,0,173,33,2,1,-1,3,3
MemorySnapshotCmdletBase,0,1,0,0,1,6,1,1,2,-1,0,1
ObjectComparisonCmdletBase,0,1,0,0,1,6,1,1,2,-1,0,1
TamsGetMemorySnapshotCommand,0,2,0,0,0,48,4,0,1,-1,3,1
TamsCompareObjectCommand,0,2,0,0,0,16,2,0,1,-1,3,1
TamsCommand,0,2,1,0,0,10,2,2,0,-1,1,0
TAMSHelper,0,2,0,0,2,52,8,0,0,-1,2,2
Preferences,0,1,1,0,0,11,1,0,0,-1,0,1
GetTamsMemorySnapshotCommand,0,1,3,0,0,34,1,0,1,-1,1,1
CompareTamsObjectCommand,0,1,2,0,0,25,1,0,1,-1,1,1
CommonCmdletBase,0,29,0,0,0,173,33,2,1,-1,3,3
MemorySnapshotCmdletBase,0,1,0,0,1,6,1,1,2,-1,0,1
ObjectComparisonCmdletBase,0,1,0,0,1,6,1,1,2,-1,0,1
TamsGetMemorySnapshotCommand,0,2,0,0,0,48,4,0,1,-1,3,1
TamsCompareObjectCommand,0,2,0,0,0,16,2,0,1,-1,3,1
TamsCommand,0,2,1,0,0,10,2,2,0,-1,1,0
TAMSHelper,0,2,0,0,2,52,8,0,0,-1,2,2
Preferences,0,1,1,0,0,11,1,0,0,-1,0,1
PSCmdletBase,0,58,15,0,19,1040,99,16,0,-1,2,42
ExtensionMethods,0,3,0,0,3,73,7,0,0,-1,0,0
UnitTestOutput,1,8,5,0,6,262,10,0,0,0.3799999952316284,0,37
Util,0,3,0,0,2,31,4,0,0,-1,0,0
RecordingTypes,0,0,0,0,0,22,0,0,0,-1,0,6
ActionTypes,0,0,0,0,0,6,0,0,0,-1,0,0
CodeAmount,0,0,0,0,0,5,0,0,0,-1,0,3
LogLevels,0,0,0,0,0,8,0,0,0,-1,0,25
ICommonCmdletBase,0,18,0,0,0,24,18,0,0,-1,1,0
ICurrentData,0,1,4,0,0,63,1,0,0,-1,0,0
ILanguagePackage,0,0,10,0,0,13,0,6,0,-1,0,2
IRecordedActionItem,0,0,1,0,0,4,0,2,1,-1,0,4
IRecordedCodeSequence,0,2,7,0,0,13,2,2,0,-1,1,9
IRecordedDataItem,0,0,1,0,0,4,0,2,1,-1,0,1
IRecordedElementItem,0,0,1,0,0,4,0,2,1,-1,0,2
IRecordedItem,0,0,3,0,0,6,0,3,0,-1,0,2
ISettings,0,0,11,0,0,201,0,0,0,-1,0,0
PSTestHelper,0,3,0,0,1,35,6,0,0,-1,0,6
AssembliesLoader,3,3,0,0,2,45,9,0,0,0,0,3
TracingControl,2,4,0,0,1,34,5,0,0,0,0,3
GetDtSomethingCommand,0,1,1,0,0,38,5,0,0,-1,0,0
AddDtXmlDataEntryCommand,0,1,3,0,0,25,1,0,1,-1,1,1
CompareDtXmlDataCommand,0,1,1,0,0,17,1,0,1,-1,1,1
ImportDtXmlFileCommand,0,1,2,0,0,21,1,0,1,-1,1,1
NewDtXmlComparerCommand,0,1,0,0,0,10,1,0,1,-1,1,1
CommonCmdletBase,0,31,1,0,1,179,35,1,1,-1,4,5
XMLCmdletBase,0,1,0,0,1,6,1,4,2,-1,0,1
DataModule,1,1,0,0,0,34,1,0,0,0,0,0
DataCommand,0,2,1,0,0,10,2,4,0,-1,1,0
DtAddXmlDataEntryCommand,0,2,0,0,0,13,2,0,1,-1,3,1
DtCompareXmlDataCommand,0,2,0,0,0,13,2,0,1,-1,2,1
DtImportXmlFileCommand,0,2,0,0,0,13,2,0,1,-1,3,1
DtNewXmlComparerCommand,0,2,0,0,0,13,2,0,1,-1,3,1
DataFactory,4,2,1,0,0,48,3,0,0,1,0,2
XMLComparisonResults,0,0,0,0,0,19,0,0,0,-1,0,0
IXMLComparer,0,2,1,0,0,6,2,1,0,-1,0,1
IXMLDataEntry,0,0,3,0,0,6,0,1,0,-1,0,1
XMLComparer,0,3,2,0,3,35,4,0,1,-1,0,0
XMLDataEntry,0,1,3,0,1,12,1,0,1,-1,0,0
XMLHelper,0,3,0,0,3,70,5,0,0,-1,4,3
Preferences,0,1,1,0,0,11,1,0,0,-1,0,1
NewMqMockCommand,0,2,2,0,1,27,2,0,1,-1,1,1
CommonCmdletBase,0,30,0,0,1,235,33,1,1,-1,3,3
MoqCommand,0,3,1,0,0,13,3,1,0,-1,1,0
MoqNewMockCommand,0,2,0,0,0,50,2,0,1,-1,3,1
MoqHelper,0,2,0,0,1,36,2,0,0,-1,1,1
Preferences,0,1,1,0,1,11,1,0,0,-1,0,1
ConvertFromHapHtmlPageCommand,0,1,0,0,1,7,1,0,1,-1,0,0
ConvertFromHapTableCommand,0,1,1,0,0,15,1,0,1,-1,1,1
ImportHapHtmlPageCommand,0,1,3,0,0,23,1,0,1,-1,1,1
ConvertFromHtmlPageCommand,0,1,0,0,1,6,1,0,0,-1,0,0
ConvertFromTableCommand,0,2,0,0,2,13,2,0,1,-1,3,1
HapCommand,0,2,1,0,2,10,2,2,0,-1,1,0
ImportHtmlPageCommand,0,2,0,0,2,18,2,0,1,-1,4,1
CommonCmdletBase,0,1,0,0,1,6,1,3,0,-1,0,3
ConverterTemplate,0,1,0,0,1,16,1,1,0,-1,0,0
FromHtmlNodeToCsvConverter,0,1,0,0,1,26,3,0,1,-1,1,1
SmartString,0,1,1,0,1,9,1,0,0,-1,0,1
PageImporter,1,5,0,0,2,47,8,0,0,0,1,1
PageImporterData,0,0,3,0,0,6,0,0,0,-1,0,2
