Type,NOF,NOM,NOP,NOPF,NOPM,LOC,WMC,NC,DIT,LCOM,Fan-Out,Fan-In
Sys_CodeConfigServices,0,0,0,0,0,3,0,0,1,-1,0,0
Sys_GeneralServices,0,1,0,0,1,8,1,0,1,-1,1,1
Sys_SqlCommanderServices,0,2,0,0,2,88,2,0,1,-1,2,2
Sys_DelegateApproveServices,0,0,0,0,0,3,0,0,1,-1,0,0
Sys_VersionServices,0,0,0,0,0,4,0,0,1,-1,0,0
Sys_AttOvertimePermitConfigServices,3,24,1,0,21,1248,30,0,1,"0,209999993443489",13,21
Sys_AsynTaskServices,0,0,0,0,0,4,0,0,1,-1,0,1
Sys_BookmarkServices,0,0,0,0,0,5,0,0,1,-1,0,2
Sys_DynamicColumnServices,0,1,0,0,1,21,1,0,1,-1,3,2
Sys_GroupPermissionServices,0,4,0,0,4,108,4,0,1,-1,5,1
Sys_AutoBackupServices,0,0,0,0,0,4,0,0,1,-1,0,0
Task_AutoBackup,0,2,4,0,1,59,3,0,0,-1,1,0
Sys_LockObjectItemServices,0,0,0,0,0,3,0,0,1,-1,0,3
Sys_LockObjectServices,0,1,0,0,1,21,1,0,1,-1,3,3
Sys_ReleaseNoteServices,0,0,0,0,0,5,0,0,1,-1,0,0
Sys_GroupServices,0,2,0,0,2,31,3,0,1,-1,4,3
Sys_DataPermissionServices,0,4,0,0,4,73,6,0,1,-1,8,2
Sys_ResourceServices,0,3,0,0,3,62,4,0,1,-1,5,3
Sys_UserApproveServices,0,5,0,0,5,203,13,0,1,-1,14,1
Sys_CodeObjectServices,0,0,0,0,0,3,0,0,1,-1,0,0
Sys_UserServices,0,15,0,0,13,480,23,0,1,-1,22,6
Sys_AllSettingServices,0,5,0,0,5,151,5,0,1,-1,4,11
EmployeeServices,0,1,0,0,1,29,1,0,1,-1,4,2
HreGenericService<T>,1,1,0,0,1,9,1,0,0,0,2,0
Hre_AccidentServices,0,0,0,0,0,3,0,0,1,-1,0,0
Hre_ContractExtendServices,0,0,0,0,0,3,0,0,1,-1,0,2
Hre_AppendixContractServices,0,0,0,0,0,3,0,0,1,-1,0,2
Hre_PlanHeadCountServices,0,0,0,0,0,4,0,0,1,-1,0,1
Hre_ProfileQualificationServices,0,0,0,0,0,3,0,0,1,-1,0,0
Hre_StopWorkingServices,0,6,0,0,6,300,9,0,1,-1,23,3
Hre_UniformServices,0,0,0,0,0,3,0,0,1,-1,0,0
Hre_QualificationServices,0,0,0,0,0,3,0,0,1,-1,0,0
Hre_CertificateServices,0,0,0,0,0,3,0,0,1,-1,0,0
Hre_SoftSkillServices,0,0,0,0,0,3,0,0,0,-1,0,0
Hre_CardHistoryServices,0,0,0,0,0,3,0,0,1,-1,0,1
Hre_AddressServices,0,0,0,0,0,3,0,0,1,-1,0,1
Hre_ContractServices,0,6,0,0,6,449,17,0,1,-1,17,9
Hre_DependantServices,0,1,0,0,1,80,1,0,1,-1,4,2
Hre_DisciplineServices,0,0,0,0,0,3,0,0,1,-1,0,0
Hre_HDTJobServices,0,6,0,0,6,252,7,0,1,-1,8,2
Hre_ProfileServices,0,42,0,0,38,2498,110,0,1,-1,64,37
Hre_RelativesServices,0,1,0,0,1,17,1,0,1,-1,2,6
Hre_ReportServices,1,63,0,0,56,5569,100,0,1,"0,589999973773956",114,2
Hre_RewardServices,0,0,0,0,0,3,0,0,1,-1,0,0
Hre_CandidateGeneralServices,0,0,0,0,0,3,0,0,1,-1,0,2
Hre_VisaInfoServices,0,0,0,0,0,3,0,0,1,-1,0,0
Hre_CandidateHistoryServices,0,0,0,0,0,3,0,0,1,-1,0,1
Hre_WorkHistoryServices,0,3,0,0,3,80,3,0,1,-1,6,7
Att_AnalysisOvertimeServices,0,7,0,0,4,656,22,0,1,-1,30,0
Att_AnnualDetailServices,1,3,1,0,1,482,3,0,1,0,29,1
Att_AnnualSickLeaveDetailServices,1,4,1,0,3,685,18,0,1,"0,75",33,2
Att_ProcessApprovedServices,0,11,0,0,11,1725,11,0,1,-1,28,3
Att_ComputeWorkdayAdjustServices,0,10,0,0,5,1237,64,0,1,-1,42,1
TamScanLogModel,0,0,11,0,0,32,0,0,0,-1,0,1
Att_RptExceptionDataServices,0,2,0,0,1,268,2,0,1,-1,27,1
Att_TimeSheetServices,0,0,0,0,0,3,0,0,1,-1,0,1
Att_WorkDayHelper,0,6,0,0,5,718,47,0,0,-1,20,6
Att_AttendanceLib,5,17,5,0,17,2816,256,0,0,"0,529999971389771",36,8
Att_AttendanceServices,0,44,0,0,30,3709,274,0,1,-1,80,12
Att_AttendanceTableItemServices,0,0,0,0,0,181,0,0,1,-1,0,0
Att_AttendanceTableServices,0,1,0,0,1,208,1,0,1,-1,4,0
Att_GenericService<T>,1,1,0,0,1,10,1,0,0,0,2,0
Att_ReportServices,2,89,1,0,58,12018,140,0,1,"0,550000011920929",155,3
Att_PregnancyServices,0,0,0,0,0,7,0,0,1,-1,0,1
Att_RosterGroupServices,2,3,2,0,3,305,18,0,1,"0,670000016689301",11,3
Att_CutOffDurationServices,0,1,0,0,1,15,1,0,1,-1,3,5
Att_GradeServices,0,4,0,0,4,80,4,0,1,-1,3,4
Att_TAMServices,0,14,0,0,9,729,34,0,1,-1,14,1
Att_TAMScanLogServices,0,0,0,0,0,5,0,0,1,-1,0,0
Att_ReportLateEarlyTotalServices,0,2,0,0,2,194,7,0,1,-1,19,1
Att_WorkDayServices,0,16,0,0,6,1817,43,0,1,-1,38,6
Att_RosterServices,0,24,0,0,17,1959,107,0,1,-1,37,9
Att_OvertimeServices,3,48,2,1,30,5093,194,0,1,"0,230000004172325",70,8
Att_LeavedayServices,0,25,0,0,20,2513,109,0,1,-1,74,8
Att_OvertimePermitConfigServices,0,2,0,0,2,532,26,0,1,-1,5,1
Att_AnnualInsuranceLeaveDetailServices,0,3,0,0,3,237,3,0,1,-1,17,2
HDTJobTypeRange,0,0,3,0,0,6,0,0,0,-1,0,2
Att_AnnualLeaveDetailServices,0,7,0,0,6,846,51,0,1,-1,26,3
Att_CompensationServices,0,1,0,0,1,60,1,0,1,-1,3,1
Att_CompensationDetailServices,0,4,0,0,3,270,6,0,1,-1,25,1
Att_AnnualLeaveServices,0,2,0,0,2,340,2,0,1,-1,8,1
Att_AllowLimitOvertimeServices,0,2,0,0,1,630,45,0,1,-1,7,1
