Type,NOF,NOM,NOP,NOPF,NOPM,LOC,WMC,NC,DIT,LCOM,Fan-Out,Fan-In
ActivationType,0,0,0,0,0,13,0,0,0,-1,0,29
CallInterceptorBuilder<T>,0,15,1,0,13,189,15,0,0,-1,2,0
CallInterceptorCollection,0,7,0,0,4,76,9,0,0,-1,1,5
CallInterceptorHelper<T>,0,15,1,0,10,215,20,0,0,-1,3,0
ClientHeartbeatEventArgs,0,2,2,0,2,28,2,0,0,-1,0,1
ComponentCatalog,2,17,1,0,15,322,39,0,1,0.4699999988079071,8,5
ComponentInfo,0,0,3,0,0,28,0,0,0,-1,0,1
ComponentRegistry,1,6,0,0,6,70,7,0,1,0,1,0
CallInterceptionData,2,2,3,0,2,60,4,0,0,0,0,5
CallInterceptor,1,6,8,0,6,111,7,0,0,1,1,8
DisconnectedEventArgs,0,2,3,0,2,29,2,0,0,-1,0,1
IComponentCatalog,0,10,0,0,0,68,10,2,0,-1,2,4
IComponentCatalogExtensions,0,19,0,0,19,218,20,0,0,-1,3,0
IComponentRegistry,0,6,0,0,0,39,6,1,0,-1,1,1
InvalidSessionException,0,5,0,0,4,45,5,0,0,-1,0,0
InvocationDetails,0,1,19,0,1,104,4,0,0,-1,0,2
InvokeCanceledEventArgs,0,1,6,0,1,47,4,0,0,-1,0,2
InvokeCanceledException,0,5,0,0,4,45,5,0,0,-1,0,1
BeforeInvokeEventArgs,0,1,7,0,1,51,4,0,0,-1,0,3
AfterInvokeEventArgs,0,1,6,0,1,50,5,0,0,-1,0,3
ISerializationHandler,0,2,0,0,0,16,2,1,0,-1,0,2
LanguageResource,2,1,60,0,0,563,1,0,0,0,0,31
LoginEventArgs,0,2,5,0,2,51,2,0,0,-1,1,2
LoginEventType,0,0,0,0,0,11,0,0,0,-1,0,2
NewLogonNeededEventArgs,0,3,2,0,3,38,3,0,0,-1,1,1
LogicalCallContextData,1,1,1,0,1,20,1,0,0,0,0,1
CustomSerializationContainer,0,2,3,0,2,46,2,0,0,-1,0,1
SerializationHandlerRepository,2,6,0,0,5,102,10,0,0,0,2,3
SubscriptionEventArgs,0,0,4,0,0,19,0,0,0,-1,0,3
ZyanComponentHost,12,43,11,1,18,646,64,0,1,0.5099999904632568,17,37
ZyanConnection,22,37,14,0,17,933,81,0,0,0.3199999928474426,25,47
ComponentRegistration,2,22,11,0,22,432,22,0,0,1,1,11
IZyanDispatcher,0,9,1,0,0,73,9,0,0,-1,0,6
ZyanConnectionSetup,0,2,5,0,2,44,3,0,0,-1,1,1
ZyanErrorAction,0,0,0,0,0,15,0,0,0,-1,0,2
ZyanErrorEventArgs,0,1,5,0,1,52,1,0,0,-1,1,2
ZyanProxy,11,17,2,0,2,573,51,0,0,0,24,1
ServerSession,7,3,7,0,0,96,3,0,0,0.6700000166893005,1,11
ZyanSettings,0,0,5,0,0,38,0,0,0,-1,0,19
ClientAddressServerChannelSink,2,4,1,1,4,42,5,0,0,0.5,0,2
ClientAddressServerChannelSinkProvider,1,4,1,0,4,27,5,0,0,1,1,0
CompressionMethod,0,0,0,0,0,19,0,0,0,-1,0,10
DefinitionExtensions,0,3,0,0,3,67,7,0,0,-1,1,0
IComponentCatalogMefExtensions,1,5,0,0,2,144,12,0,0,0.6000000238418579,4,0
NonSharedPartsCatalog,0,1,4,0,1,42,1,0,0,-1,0,1
ZyanComponentAttribute,2,3,2,2,2,48,4,0,0,0,1,2
ZyanComposablePart,3,4,8,0,4,108,5,0,0,1,1,1
ZyanCatalog,2,3,5,0,3,80,4,0,0,1,1,0
ZyanComposablePartDefinition,2,4,8,0,3,128,6,0,0,0.75,3,1
ZyanInterfaceAttribute,0,3,2,0,2,43,4,0,0,-1,1,0
DelegateCorrelationInfo,1,2,5,0,2,64,3,0,0,1,1,1
DelegateInterceptor,0,2,2,0,2,54,4,0,1,-1,1,4
DynamicEventWireBase,0,1,3,0,0,51,3,1,1,-1,2,0
DynamicEventWire<T>,0,1,2,0,1,21,1,0,2,-1,0,0
DynamicWireBase,1,2,2,0,0,34,2,2,0,1,2,1
DynamicWireFactory,3,11,0,0,4,234,22,0,0,0.449999988079071,2,2
DynamicWire<T>,0,1,2,0,1,21,1,0,1,-1,0,0
EmptyDelegateFactory,2,2,0,0,2,94,3,0,0,1,1,2
InternalDelegateFactory<TDelegate>,1,1,1,0,0,59,1,0,0,0,0,0
EventFilter,0,1,0,0,1,48,3,0,0,-1,2,0
CombinedEventFilter,0,3,1,0,3,24,5,0,1,-1,1,1
EventFilterBase<TEventArgs>,0,4,0,0,2,57,6,0,1,-1,0,0
EventStub,1,12,4,0,6,282,26,0,0,0.5799999833106995,1,3
IDelegateHolder,0,2,2,0,0,21,2,1,0,-1,0,3
DelegateHolder<T>,2,4,6,0,3,70,5,0,1,0.75,1,0
SafeDynamicInvoker,2,4,1,0,3,200,11,0,0,0,1,0
FilteredEventHandler,0,7,0,0,7,85,7,0,0,-1,2,2
FilteredCustomHandler<TDelegate>,1,3,6,0,1,99,8,0,1,1,3,0
FilteredSystemEventHandler,0,3,5,0,1,76,7,0,1,-1,2,1
FilteredSystemEventHandler<TEventArgs>,0,3,5,0,1,76,6,0,1,-1,2,0
FlexibleEventFilter<TEventArgs>,1,2,2,0,1,36,2,0,0,1,0,0
IEventFilter,0,2,0,0,0,16,2,4,0,-1,0,8
IFilteredEventHandler,0,0,3,0,0,15,0,3,0,-1,0,4
SessionEventArgs,0,2,1,0,2,24,2,2,0,-1,1,2
SessionEventFilter,0,2,1,0,1,34,3,0,0,-1,1,1
DiscoveryClient,1,10,12,0,4,175,17,0,0,0.300000011920929,3,1
DiscoveryEventArgs,0,1,1,0,1,16,1,0,0,-1,1,2
DiscoveryServer,2,8,6,1,4,142,12,0,0,0.5,2,2
DiscoveryMetadata,0,4,2,0,4,57,5,4,0,-1,0,7
DiscoveryMetadataHelper,0,7,1,0,6,129,17,0,0,-1,4,4
DiscoveryRequest,1,2,2,1,1,38,2,0,1,0,0,5
DiscoveryResponse,1,3,2,1,2,67,6,0,1,0.6700000166893005,2,5
ClientQueryHandler,1,3,2,0,3,54,3,3,1,1,1,1
ClientQueryProvider,0,3,1,0,3,48,4,0,1,-1,3,0
ServerQueryHandler,0,7,1,0,5,243,9,1,1,-1,4,1
ZyanConstants,4,2,0,4,2,36,2,0,0,1,2,3
ClientQueryRemotingHandler,2,4,0,0,4,58,8,0,2,0.5,2,2
RemotingConstants,5,1,0,5,1,32,1,0,0,0,0,5
ServerQueryRemotingHandler,1,8,1,0,5,143,11,4,1,0.5,4,0
ClientQueryWcfHandler,0,3,0,0,3,48,6,0,2,-1,1,2
ServerQueryWcfHandler,1,7,0,0,5,98,11,0,2,0.5699999928474426,4,1
ServiceConstants,3,0,0,3,0,15,0,0,0,-1,0,1
ServiceHelper,0,5,0,0,5,98,6,0,0,-1,1,5
NetDataContractFormat,0,5,0,0,4,68,6,0,0,-1,0,0
NetDataContractSerializerOperationBehavior,0,3,0,0,3,38,3,0,0,-1,0,0
ZyanClientQueryHandler,1,4,2,0,4,64,8,0,2,0.75,1,3
ZyanEntityQueryHandler,0,6,2,0,6,77,9,0,1,-1,1,0
ZyanExtensions,3,4,0,0,2,70,10,0,0,1,4,0
ZyanObjectQueryHandler,0,6,2,0,6,77,9,0,1,-1,1,0
ZyanQueryHandler,0,4,0,0,4,40,4,0,1,-1,0,0
ZyanMethodQueryHandler,1,6,4,0,6,69,9,0,1,1,5,2
ZyanServerQueryHandler,0,6,1,0,6,107,11,0,1,-1,5,1
IBaseSource,0,0,0,0,0,3,0,2,0,-1,0,0
IEntitySource,0,1,0,0,0,9,1,4,1,-1,0,7
InterLinqContext,0,1,1,0,0,23,2,1,0,-1,1,0
InterLinqQueryBase,2,0,2,0,0,33,0,1,0,-1,1,2
InterLinqQuery<T>,2,6,3,0,4,168,9,0,1,0.5,2,0
InterLinqQueryHandler,0,4,1,0,4,49,4,1,1,-1,0,0
InterLinqQueryProvider,0,4,0,0,4,62,4,1,0,-1,1,0
IObjectSource,0,1,0,0,0,9,1,5,1,-1,0,7
IQueryHandler,0,4,0,0,0,25,4,6,0,-1,0,14
IQueryRemoteHandler,0,1,0,0,0,43,1,5,0,-1,1,14
ExpressionConversionHelper,0,6,0,0,6,72,6,0,0,-1,5,0
ExpressionSerializationHandler,0,3,1,0,3,54,6,0,1,-1,1,0
SerializableBinaryExpression,0,4,5,0,2,157,7,0,1,-1,3,3
SerializableConditionalExpression,0,3,3,0,2,60,4,0,1,-1,2,3
SerializableConstantExpression,0,3,1,0,2,76,7,0,1,-1,2,3
SerializableExpression,0,5,3,0,1,76,6,14,0,-1,2,26
SerializableExpressionTyped,0,2,0,0,2,22,2,0,1,-1,2,3
SerializableInvocationExpression,0,3,2,0,2,58,5,0,1,-1,2,3
SerializableLambdaExpression,0,3,2,0,2,69,5,1,1,-1,3,3
SerializableListInitExpression,0,3,2,0,2,61,6,0,1,-1,3,3
SerializableMemberExpression,0,3,2,0,2,57,5,0,1,-1,5,3
SerializableMemberInitExpression,0,3,2,0,2,69,7,0,1,-1,4,3
SerializableMethodCallExpression,0,3,3,0,2,74,7,0,1,-1,4,3
SerializableNewArrayExpression,0,3,1,0,2,77,5,0,1,-1,3,3
SerializableNewExpression,0,4,3,0,2,98,11,0,1,-1,7,5
SerializableParameterExpression,0,3,1,0,2,49,5,0,1,-1,1,4
SerializableTypeBinaryExpression,0,3,2,0,2,52,4,0,1,-1,4,3
SerializableUnaryExpression,0,3,2,0,2,79,5,0,1,-1,4,3
ExpressionConverter,0,24,0,0,1,291,27,0,1,-1,20,22
ExpressionVisitor,1,33,1,0,1,394,47,2,0,0.1500000059604645,0,0
RewriteExpressionVisitor,0,21,0,0,1,219,23,0,1,-1,0,0
SerializableExpressionConverter,0,24,1,0,1,296,33,0,1,-1,26,1
SerializableExpressionVisitor,1,29,1,0,4,374,43,1,0,0.1400000005960464,21,0
SerializableElementInit,0,4,2,0,3,72,7,0,0,-1,2,5
SerializableMemberAssignment,0,3,1,0,2,44,4,0,1,-1,2,3
SerializableMemberBinding,0,4,2,0,1,50,4,3,0,-1,1,2
SerializableMemberListBinding,0,3,1,0,2,55,6,0,1,-1,2,3
SerializableMemberMemberBinding,0,3,1,0,2,55,6,0,1,-1,2,3
AnonymousMetaProperty,0,4,2,0,4,63,6,0,0,-1,2,1
AnonymousMetaType,0,16,5,0,5,392,30,0,1,-1,3,0
AnonymousObject,0,3,1,0,3,57,5,0,0,-1,1,1
AnonymousProperty,0,3,2,0,3,43,3,0,0,-1,0,2
AnonymousTypeHelper,0,4,0,0,4,103,20,0,0,-1,0,0
DynamicAssemblyHolder,3,2,2,0,0,63,2,0,0,1,0,1
InterLinqGroupingBase,0,2,0,0,2,15,2,1,0,-1,0,1
"InterLinqGrouping<TKey,TElement>",0,5,2,0,4,68,5,0,1,-1,0,0
InterLinqConstructorInfo,0,3,1,0,3,51,3,0,1,-1,2,2
InterLinqFieldInfo,0,6,2,0,6,99,8,0,1,-1,3,0
InterLinqMemberInfo,0,6,3,0,4,79,7,4,0,-1,2,8
InterLinqMethodBase,0,5,1,0,3,81,10,2,1,-1,3,1
InterLinqMethodInfo,0,6,5,0,6,178,13,0,2,-1,3,3
InterLinqNestedType,0,3,1,0,3,45,3,0,1,-1,1,0
InterLinqPropertyInfo,0,6,2,0,6,96,8,0,1,-1,3,0
InterLinqType,1,7,4,0,6,147,14,2,1,0.4300000071525574,2,19
InterLinqTypeSystem,4,9,1,0,7,200,22,0,0,0.4399999976158142,1,19
TypeConverter,0,6,0,0,2,184,26,0,0,-1,4,3
NotificationEventArgs,0,1,1,0,1,17,1,0,0,-1,0,3
NotificationReceiver,2,4,1,0,4,61,6,0,0,0.5,1,0
NotificationSender,2,2,0,0,2,32,3,0,0,0,2,0
NotificationService,2,6,0,0,4,127,6,0,0,0,1,1
ClientProtocolSetup,6,11,5,0,6,194,23,4,1,0.7300000190734863,3,5
CustomClientProtocolSetup,8,4,6,0,1,111,7,3,2,1,1,3
CustomServerProtocolSetup,7,4,5,0,1,101,7,3,1,1,1,1
IConnectionNotification,0,0,0,0,0,7,0,1,0,-1,0,1
ClientProtocolSetupExtensions,0,9,0,0,9,149,28,0,0,-1,2,0
ServerProtocolSetup,6,8,5,0,4,178,18,4,1,0.5,3,0
ServerProtocolSetupExtensions,0,9,0,0,9,149,28,0,0,-1,2,0
IClientProtocolSetup,0,3,4,0,0,40,3,7,0,-1,0,13
IServerProtocolSetup,0,2,5,0,0,36,2,1,0,-1,0,5
Versioning,0,0,0,0,0,11,0,0,0,-1,0,10
HttpCustomClientProtocolSetup,1,28,1,0,27,371,31,0,3,0.9599999785423279,5,7
HttpCustomServerProtocolSetup,3,19,3,0,19,328,21,0,2,0.949999988079071,4,2
IpcBinaryClientProtocolSetup,7,6,6,0,5,150,13,0,2,0.8299999833106995,4,9
IpcBinaryServerProtocolSetup,7,3,8,0,3,141,8,0,2,0.6700000166893005,3,13
NullChannel,2,9,7,0,7,187,20,0,0,0.5600000023841858,1,2
NullClientChannelSink,1,8,4,0,7,165,8,0,0,0.75,3,1
Provider,0,1,1,0,1,20,1,0,0,-1,2,0
NullClientProtocolSetup,1,4,0,0,3,48,5,0,2,1,2,9
NullMessages,4,4,0,0,3,122,4,0,0,0,2,2
RequestMessage,1,1,5,0,1,36,1,0,0,0,0,3
ResponseMessage,0,0,3,0,0,18,0,0,0,-1,0,2
NullServerChannelSink,1,6,3,0,4,133,10,0,0,1,4,1
NullServerProtocolSetup,0,1,0,0,1,11,1,0,2,-1,0,12
DuplicateConnectionException,0,1,1,0,1,20,1,0,0,-1,0,0
MessageException,0,1,1,0,1,23,1,0,0,-1,0,0
TransportHeaderWrapper,3,4,1,0,4,65,6,0,0,0.75,0,2
TcpCustomClientProtocolSetup,1,16,2,0,15,229,19,0,3,0.9399999976158142,5,11
TcpCustomServerProtocolSetup,3,19,5,0,19,352,21,0,2,0.949999988079071,4,4
TcpBinaryClientProtocolSetup,4,6,5,0,5,132,10,0,2,0.8299999833106995,5,7
TcpBinaryServerProtocolSetup,6,7,8,0,7,180,10,0,2,0.8600000143051147,3,3
TcpDuplexClientProtocolSetup,4,26,4,0,25,439,29,0,3,0.9200000166893005,5,12
TcpDuplexServerProtocolSetup,7,38,6,0,37,740,41,0,2,1,5,4
CryptoClientChannelSink,9,13,1,0,5,386,21,0,0,0.1500000059604645,2,1
AsyncProcessingState,4,2,4,0,1,67,3,0,0,0,0,1
CryptoClientChannelSinkProvider,4,3,4,0,3,100,7,0,0,0.6700000166893005,2,0
CryptoRemotingException,0,5,0,0,4,47,5,0,0,-1,0,0
CryptoServerChannelSink,9,12,1,0,5,352,21,0,0,0.3300000131130219,2,2
SweepTimerWrapper,0,2,2,0,2,22,3,0,0,-1,1,1
CryptoServerChannelSinkProvider,7,4,4,0,4,129,8,0,0,0.75,2,0
ChannelWrapper,4,11,6,0,9,143,16,0,1,0.6399999856948853,1,4
MessageSinkWrapper,0,4,2,0,3,32,5,0,0,-1,1,1
AuthCredentials,0,4,6,0,4,112,7,3,0,-1,3,5
BasicWindowsAuthProvider,0,2,0,0,1,87,10,0,1,-1,7,0
WindowsSecurityTools,0,2,1,0,0,44,2,0,0,-1,2,1
LogonType,0,0,0,0,0,10,0,0,0,-1,0,2
ProviderType,0,0,0,0,0,7,0,0,0,-1,0,2
AuthRequestMessage,4,0,3,4,0,32,0,0,0,-1,0,12
AuthResponseMessage,0,1,6,0,1,38,1,0,0,-1,0,14
IAuthenticationProvider,0,1,0,0,0,9,1,8,0,-1,1,5
NullAuthenticationProvider,0,1,0,0,1,20,1,0,1,-1,2,0
IntegratedWindowsAuthProvider,0,1,0,0,1,46,5,0,1,-1,3,0
AccountLockedException,0,7,1,0,6,73,7,0,0,-1,0,0
AccountNotFoundException,0,7,1,0,6,73,7,0,0,-1,0,0
PasswordExpiredException,0,7,1,0,6,73,7,0,0,-1,0,0
ISrpAccount,0,0,3,0,0,17,0,2,0,-1,0,4
ISrpAccountRepository,0,2,0,0,0,14,2,2,0,-1,1,1
SrpAuthenticationProvider,0,7,5,0,2,136,12,0,1,-1,6,2
Step1Data,0,0,3,0,0,6,0,0,0,-1,0,1
SrpCredentials,0,2,1,0,2,49,2,0,1,-1,3,2
SrpProtocolConstants,7,0,0,7,0,37,0,0,0,-1,0,4
InProcSessionManager,2,6,1,0,6,82,9,0,1,0,1,0
ISessionManager,0,10,2,0,0,82,10,1,0,-1,1,2
ISessionVariableAdapter,0,4,0,0,0,36,4,1,0,-1,0,0
SessionManagerBase,3,18,5,0,13,251,24,2,1,0.5600000023841858,3,1
SessionVariableAdapter,2,5,0,0,4,74,5,0,1,0,1,1
SqlSessionManager,4,20,0,0,8,534,22,0,2,0,2,0
AssemblyLocator,3,3,1,0,0,62,5,0,0,0,0,0
ConcurrentCollection<T>,2,26,8,0,13,379,36,0,0,0.2300000041723251,0,0
Crc32Calculator,2,1,1,0,1,56,2,0,0,0,0,1
LocalCallContextData,1,6,3,0,3,93,10,0,0,0.8299999833106995,0,2
LZF,6,2,0,0,2,169,12,0,0,1,0,0
Disposable,0,3,1,0,3,30,4,0,0,-1,0,1
DisposableMarshalByRefObject,0,2,1,0,2,24,3,1,0,-1,0,0
DynamicTypeBinder,0,1,0,0,1,15,1,0,0,-1,1,0
ExceptionHelper,1,3,0,0,1,53,6,0,0,0.6700000166893005,0,0
Extensions,1,8,0,0,8,191,28,0,0,0.8799999952316284,0,0
MessageHelpers,0,1,0,0,1,17,2,0,0,-1,0,2
MonoCheck,1,0,2,0,0,22,0,0,0,-1,0,3
RemotingHelper,1,1,0,0,1,23,3,0,0,0,1,12
"TypeComparer<I,T>",0,3,1,0,1,51,7,0,0,-1,2,0
TypeHelper,3,3,0,0,2,122,16,0,0,0,0,4
Asynchronizer<T>,0,2,1,0,2,28,2,0,0,-1,0,0
SyncContextSwitcher<T>,2,2,0,1,2,37,3,0,0,0,0,0
TransactionStarter<T>,2,4,3,2,4,96,4,0,0,0.75,0,0
ClrThreadPool,0,2,0,0,2,18,2,0,1,-1,0,0
IThreadPool,0,1,0,0,0,9,1,1,0,-1,0,2
IThreadPoolExtensions,0,1,0,0,1,12,1,0,0,-1,1,0
