Component,Threshold,Cutoff,Status
IAudioCodec,5,7.512020405994262,Clean
SpeexCodec,8,7.512020405994262,Fault_proner
FrequencyProvider,2,7.512020405994262,Clean
codecWrapper,3,7.512020405994262,Clean
TestLocalVoiceController,3,7.512020405994262,Clean
UnityNetworkVoiceController,5,7.512020405994262,Clean
VoiceControllerBase,9,7.512020405994262,Fault_proner
AudioClipInputDevice,8,7.512020405994262,Fault_proner
AudioInputDeviceBase,5,7.512020405994262,Clean
IAudioPlayer,4,7.512020405994262,Clean
MicrophoneInputDevice,9,7.512020405994262,Fault_proner
UnityAudioPlayer,9,7.512020405994262,Fault_proner
VoicePacketWrapper,7,7.512020405994262,Clean
FrequencyMode,1,7.512020405994262,Clean
IFrequencyProvider,3,7.512020405994262,Clean
AudioUtils,7,7.512020405994262,Clean
BigArray<T>,6,7.512020405994262,Clean
ChunkBuffer,5,7.512020405994262,Clean
FastList<T>,7,7.512020405994262,Clean
PooledEnumerator,7,7.512020405994262,Clean
FunctorComparer,6,7.512020405994262,Clean
TempArray<T>,3,7.512020405994262,Clean
VoiceControllerCollection<T>,2,7.512020405994262,Clean
"VoiceControllerKeyedCollection<K,T>",3,7.512020405994262,Clean
SplashScreen,2,7.512020405994262,Clean
GizmoType,1,7.512020405994262,Clean
GizmoTypeDrawer,1,7.512020405994262,Clean
LoadbalancingPeer,6,7.512020405994262,Clean
EnterRoomParams,3,7.512020405994262,Clean
OpJoinRandomRoomParams,4,7.512020405994262,Clean
ErrorCode,3,7.512020405994262,Clean
ActorProperties,2,7.512020405994262,Clean
GamePropertyKey,3,7.512020405994262,Clean
EventCode,2,7.512020405994262,Clean
ParameterCode,4,7.512020405994262,Clean
OperationCode,4,7.512020405994262,Clean
JoinMode,1,7.512020405994262,Clean
MatchmakingMode,1,7.512020405994262,Clean
ReceiverGroup,1,7.512020405994262,Clean
EventCaching,1,7.512020405994262,Clean
PropertyTypeFlag,0,7.512020405994262,Clean
RaiseEventOptions,3,7.512020405994262,Clean
LobbyType,0,7.512020405994262,Clean
TypedLobby,5,7.512020405994262,Clean
TypedLobbyInfo,2,7.512020405994262,Clean
CustomAuthenticationType,0,7.512020405994262,Clean
AuthenticationValues,5,7.512020405994262,Clean
SocketUdp,5,7.512020405994262,Clean
IPunObservable,0,7.512020405994262,Clean
IPunCallbacks,3,7.512020405994262,Clean
IPunPrefabPool,1,7.512020405994262,Clean
MonoBehaviour,3,7.512020405994262,Clean
PunBehaviour,5,7.512020405994262,Clean
PhotonMessageInfo,6,7.512020405994262,Clean
RoomOptions,4,7.512020405994262,Clean
PunEvent,2,7.512020405994262,Clean
PhotonStream,6,7.512020405994262,Clean
HelpURL,0,7.512020405994262,Clean
EditorSceneManager,3,7.512020405994262,Clean
SceneManager,2,7.512020405994262,Clean
SceneManagerHelper,2,7.512020405994262,Clean
WebRpcResponse,5,7.512020405994262,Clean
IPunObservable_duplicated,0,7.512020405994262,Clean
IPunCallbacks_duplicated,3,7.512020405994262,Clean
IPunPrefabPool_duplicated,1,7.512020405994262,Clean
MonoBehaviour_duplicated,2,7.512020405994262,Clean
PunBehaviour_duplicated,5,7.512020405994262,Clean
PhotonMessageInfo_duplicated,6,7.512020405994262,Clean
RoomOptions_duplicated,4,7.512020405994262,Clean
PunEvent_duplicated,2,7.512020405994262,Clean
PhotonStream_duplicated,6,7.512020405994262,Clean
HelpURL_duplicated,0,7.512020405994262,Clean
EditorSceneManager_duplicated,3,7.512020405994262,Clean
SceneManager_duplicated,2,7.512020405994262,Clean
SceneManagerHelper_duplicated,2,7.512020405994262,Clean
WebRpcResponse_duplicated,5,7.512020405994262,Clean
IPunObservable_duplicated_duplicated,0,7.512020405994262,Clean
IPunCallbacks_duplicated_duplicated,3,7.512020405994262,Clean
IPunPrefabPool_duplicated_duplicated,1,7.512020405994262,Clean
MonoBehaviour_duplicated_duplicated,2,7.512020405994262,Clean
PunBehaviour_duplicated_duplicated,5,7.512020405994262,Clean
PhotonMessageInfo_duplicated_duplicated,6,7.512020405994262,Clean
RoomOptions_duplicated_duplicated,4,7.512020405994262,Clean
PunEvent_duplicated_duplicated,2,7.512020405994262,Clean
PhotonStream_duplicated_duplicated,6,7.512020405994262,Clean
HelpURL_duplicated_duplicated,0,7.512020405994262,Clean
EditorSceneManager_duplicated_duplicated,3,7.512020405994262,Clean
SceneManager_duplicated_duplicated,3,7.512020405994262,Clean
SceneManagerHelper_duplicated_duplicated,2,7.512020405994262,Clean
WebRpcResponse_duplicated_duplicated,5,7.512020405994262,Clean
TimeKeeper,4,7.512020405994262,Clean
ChatChannel,8,7.512020405994262,Fault_proner
ChatClient,8,7.512020405994262,Fault_proner
ChatDisconnectCause,1,7.512020405994262,Clean
ChatEventCode,3,7.512020405994262,Clean
ChatOperationCode,3,7.512020405994262,Clean
ChatParameterCode,4,7.512020405994262,Clean
ChatPeer,9,7.512020405994262,Fault_proner
CustomAuthenticationType_duplicated,1,7.512020405994262,Clean
AuthenticationValues_duplicated,7,7.512020405994262,Clean
ParameterCode_duplicated,3,7.512020405994262,Clean
ErrorCode_duplicated,4,7.512020405994262,Clean
ChatState,1,7.512020405994262,Clean
ChatUserStatus,2,7.512020405994262,Clean
IChatClientListener,5,7.512020405994262,Clean
FirstPersonController,5,7.512020405994262,Clean
HeadBob,6,7.512020405994262,Clean
MouseLook,8,7.512020405994262,Fault_proner
RigidbodyFirstPersonController,8,7.512020405994262,Fault_proner
MovementSettings,6,7.512020405994262,Clean
AdvancedSettings,3,7.512020405994262,Clean
Ball,5,7.512020405994262,Clean
BallUserControl,5,7.512020405994262,Clean
AICharacterControl,4,7.512020405994262,Clean
ThirdPersonCharacter,6,7.512020405994262,Clean
ThirdPersonUserControl,5,7.512020405994262,Clean
AxisTouchButton,7,7.512020405994262,Clean
ButtonHandler,4,7.512020405994262,Clean
CrossPlatformInputManager,8,7.512020405994262,Fault_proner
ActiveInputMethod,1,7.512020405994262,Clean
VirtualAxis,6,7.512020405994262,Clean
VirtualButton,7,7.512020405994262,Clean
InputAxisScrollbar,2,7.512020405994262,Clean
Joystick,7,7.512020405994262,Clean
AxisOption,1,7.512020405994262,Clean
MobileControlRig,3,7.512020405994262,Clean
TiltInput,6,7.512020405994262,Clean
AxisOptions,1,7.512020405994262,Clean
AxisMapping,4,7.512020405994262,Clean
MappingType,1,7.512020405994262,Clean
TiltInputAxisStylePropertyDrawer,0,7.512020405994262,Clean
TouchPad,7,7.512020405994262,Clean
ControlStyle,1,7.512020405994262,Clean
VirtualInput,9,7.512020405994262,Fault_proner
MobileInput,6,7.512020405994262,Clean
StandaloneInput,5,7.512020405994262,Clean
TiltInput_duplicated,6,7.512020405994262,Clean
AxisOptions_duplicated,0,7.512020405994262,Clean
AxisMapping_duplicated,3,7.512020405994262,Clean
MappingType_duplicated,0,7.512020405994262,Clean
TiltInputAxisStylePropertyDrawer_duplicated,0,7.512020405994262,Clean
ActivateTrigger,6,7.512020405994262,Clean
Mode,1,7.512020405994262,Clean
AutoMobileShaderSwitch,1,7.512020405994262,Clean
ReplacementDefinition,3,7.512020405994262,Clean
ReplacementList,1,7.512020405994262,Clean
ReplacementListDrawer,5,7.512020405994262,Clean
AutoMoveAndRotate,4,7.512020405994262,Clean
Vector3andSpace,3,7.512020405994262,Clean
CameraRefocus,6,7.512020405994262,Clean
CurveControlledBob,7,7.512020405994262,Clean
DragRigidbody,4,7.512020405994262,Clean
DynamicShadowSettings,5,7.512020405994262,Clean
FollowTarget,2,7.512020405994262,Clean
FOVKick,7,7.512020405994262,Clean
FPSCounter,2,7.512020405994262,Clean
LerpControlledBob,6,7.512020405994262,Clean
ObjectResetter,5,7.512020405994262,Clean
ParticleSystemDestroyer,5,7.512020405994262,Clean
PlatformSpecificContent,5,7.512020405994262,Clean
BuildTargetGroup,1,7.512020405994262,Clean
SimpleActivatorMenu,3,7.512020405994262,Clean
SimpleMouseRotator,6,7.512020405994262,Clean
SmoothFollow,3,7.512020405994262,Clean
TimedObjectActivator,5,7.512020405994262,Clean
Action,1,7.512020405994262,Clean
Entry,4,7.512020405994262,Clean
Entries,2,7.512020405994262,Clean
EntriesDrawer,6,7.512020405994262,Clean
TimedObjectDestructor,2,7.512020405994262,Clean
WaypointCircuit,9,7.512020405994262,Fault_proner
WaypointList,4,7.512020405994262,Clean
RoutePoint,3,7.512020405994262,Clean
WaypointListDrawer,6,7.512020405994262,Clean
TransformNameComparer,0,7.512020405994262,Clean
WaypointProgressTracker,6,7.512020405994262,Clean
ProgressStyle,1,7.512020405994262,Clean
AutoMobileShaderSwitch_duplicated,1,7.512020405994262,Clean
ReplacementDefinition_duplicated,2,7.512020405994262,Clean
ReplacementList_duplicated,1,7.512020405994262,Clean
ReplacementListDrawer_duplicated,5,7.512020405994262,Clean
TimedObjectActivator_duplicated,4,7.512020405994262,Clean
Action_duplicated,0,7.512020405994262,Clean
Entry_duplicated,3,7.512020405994262,Clean
Entries_duplicated,1,7.512020405994262,Clean
EntriesDrawer_duplicated,6,7.512020405994262,Clean
WaypointCircuit_duplicated,8,7.512020405994262,Fault_proner
WaypointList_duplicated,3,7.512020405994262,Clean
RoutePoint_duplicated,3,7.512020405994262,Clean
WaypointListDrawer_duplicated,6,7.512020405994262,Clean
TransformNameComparer_duplicated,0,7.512020405994262,Clean
CrossPlatformInitialize,4,7.512020405994262,Clean
ReorderableListResources,6,7.512020405994262,Clean
ResourceName,0,7.512020405994262,Clean
