Component,Threshold,Cutoff,Status
BodyCollider,1,6.4675495444726225,Clean
CircularDrive,6,6.4675495444726225,Clean
Axis_t,0,6.4675495444726225,Clean
ComplexThrowable,6,6.4675495444726225,Clean
AttachMode,1,6.4675495444726225,Clean
ControllerHoverHighlight,7,6.4675495444726225,Fault_proner
CustomEvents,0,6.4675495444726225,Clean
UnityEventSingleFloat,0,6.4675495444726225,Clean
UnityEventHand,1,6.4675495444726225,Clean
DebugUI,4,6.4675495444726225,Clean
DestroyOnDetachedFromHand,1,6.4675495444726225,Clean
DestroyOnParticleSystemDeath,1,6.4675495444726225,Clean
DestroyOnTriggerEnter,2,6.4675495444726225,Clean
DistanceHaptics,2,6.4675495444726225,Clean
DontDestroyOnLoad,0,6.4675495444726225,Clean
EnumFlags,2,6.4675495444726225,Clean
EnumFlagsPropertyDrawer,1,6.4675495444726225,Clean
FallbackCameraController,5,6.4675495444726225,Clean
Hand,9,6.4675495444726225,Fault_proner
HandType,1,6.4675495444726225,Clean
AttachmentFlags,1,6.4675495444726225,Clean
AttachedObject,3,6.4675495444726225,Clean
HandEditor,4,6.4675495444726225,Clean
HapticRack,6,6.4675495444726225,Clean
HideOnHandFocusLost,1,6.4675495444726225,Clean
IgnoreHovering,1,6.4675495444726225,Clean
InputModule,6,6.4675495444726225,Clean
Interactable,4,6.4675495444726225,Clean
InteractableButtonEvents,5,6.4675495444726225,Clean
InteractableHoverEvents,6,6.4675495444726225,Clean
ItemPackage,4,6.4675495444726225,Clean
ItemPackageType,1,6.4675495444726225,Clean
ItemPackageReference,2,6.4675495444726225,Clean
ItemPackageSpawner,7,6.4675495444726225,Fault_proner
LinearAnimation,6,6.4675495444726225,Clean
LinearAnimator,6,6.4675495444726225,Clean
LinearAudioPitch,6,6.4675495444726225,Clean
LinearBlendshape,6,6.4675495444726225,Clean
LinearDisplacement,5,6.4675495444726225,Clean
LinearDrive,6,6.4675495444726225,Clean
LinearMapping,1,6.4675495444726225,Clean
Player,9,6.4675495444726225,Fault_proner
PlaySound,7,6.4675495444726225,Fault_proner
SeeThru,5,6.4675495444726225,Clean
SleepOnAwake,0,6.4675495444726225,Clean
SoundDeparent,1,6.4675495444726225,Clean
SoundPlayOneshot,8,6.4675495444726225,Fault_proner
SpawnAndAttachAfterControllerIsTracking,4,6.4675495444726225,Clean
SpawnAndAttachToHand,3,6.4675495444726225,Clean
SpawnRenderModel,5,6.4675495444726225,Clean
Throwable,6,6.4675495444726225,Clean
UIElement,5,6.4675495444726225,Clean
UIElementEditor,2,6.4675495444726225,Clean
Unparent,3,6.4675495444726225,Clean
Util,8,6.4675495444726225,Fault_proner
AfterTimer_Component,6,6.4675495444726225,Clean
VelocityEstimator,7,6.4675495444726225,Fault_proner
ControllerButtonHints,9,6.4675495444726225,Fault_proner
OffsetType,1,6.4675495444726225,Clean
ButtonHintInfo,3,6.4675495444726225,Clean
ArcheryTarget,6,6.4675495444726225,Clean
Arrow,8,6.4675495444726225,Fault_proner
ArrowHand,7,6.4675495444726225,Fault_proner
ArrowheadRotation,0,6.4675495444726225,Clean
Balloon,8,6.4675495444726225,Fault_proner
BalloonColor,1,6.4675495444726225,Clean
BalloonColliders,4,6.4675495444726225,Clean
BalloonHapticBump,2,6.4675495444726225,Clean
BalloonSpawner,7,6.4675495444726225,Fault_proner
ExplosionWobble,2,6.4675495444726225,Clean
FireSource,7,6.4675495444726225,Fault_proner
Longbow,8,6.4675495444726225,Fault_proner
Handedness,1,6.4675495444726225,Clean
SoundBowClick,5,6.4675495444726225,Clean
ControllerHintsExample,5,6.4675495444726225,Clean
InteractableExample,5,6.4675495444726225,Clean
AllowTeleportWhileAttachedToHand,2,6.4675495444726225,Clean
ChaperoneInfo,7,6.4675495444726225,Fault_proner
IgnoreTeleportTrace,0,6.4675495444726225,Clean
Teleport,9,6.4675495444726225,Fault_proner
TeleportArc,8,6.4675495444726225,Fault_proner
TeleportArea,9,6.4675495444726225,Fault_proner
TeleportAreaEditor,4,6.4675495444726225,Clean
TeleportMarkerBase,8,6.4675495444726225,Fault_proner
TeleportPoint,10,6.4675495444726225,Fault_proner
TeleportPointType,1,6.4675495444726225,Clean
TeleportPointEditor,4,6.4675495444726225,Clean
IVRSystem,3,6.4675495444726225,Clean
IVRExtendedDisplay,2,6.4675495444726225,Clean
IVRTrackedCamera,3,6.4675495444726225,Clean
IVRApplications,3,6.4675495444726225,Clean
IVRChaperone,3,6.4675495444726225,Clean
IVRChaperoneSetup,3,6.4675495444726225,Clean
IVRCompositor,3,6.4675495444726225,Clean
IVROverlay,3,6.4675495444726225,Clean
IVRRenderModels,3,6.4675495444726225,Clean
IVRNotifications,1,6.4675495444726225,Clean
IVRSettings,3,6.4675495444726225,Clean
IVRScreenshots,3,6.4675495444726225,Clean
IVRResources,1,6.4675495444726225,Clean
IVRDriverManager,1,6.4675495444726225,Clean
CVRSystem,6,6.4675495444726225,Clean
PollNextEventUnion,2,6.4675495444726225,Clean
GetControllerStateUnion,2,6.4675495444726225,Clean
GetControllerStateWithPoseUnion,2,6.4675495444726225,Clean
CVRExtendedDisplay,5,6.4675495444726225,Clean
CVRTrackedCamera,6,6.4675495444726225,Clean
CVRApplications,6,6.4675495444726225,Clean
CVRChaperone,6,6.4675495444726225,Clean
CVRChaperoneSetup,6,6.4675495444726225,Clean
CVRCompositor,6,6.4675495444726225,Clean
CVROverlay,6,6.4675495444726225,Clean
PollNextOverlayEventUnion,2,6.4675495444726225,Clean
CVRRenderModels,6,6.4675495444726225,Clean
GetComponentStateUnion,2,6.4675495444726225,Clean
CVRNotifications,3,6.4675495444726225,Clean
CVRSettings,6,6.4675495444726225,Clean
CVRScreenshots,6,6.4675495444726225,Clean
CVRResources,3,6.4675495444726225,Clean
CVRDriverManager,3,6.4675495444726225,Clean
OpenVRInterop,4,6.4675495444726225,Clean
EVREye,1,6.4675495444726225,Clean
ETextureType,1,6.4675495444726225,Clean
EColorSpace,1,6.4675495444726225,Clean
ETrackingResult,1,6.4675495444726225,Clean
ETrackedDeviceClass,1,6.4675495444726225,Clean
ETrackedControllerRole,1,6.4675495444726225,Clean
ETrackingUniverseOrigin,1,6.4675495444726225,Clean
ETrackedDeviceProperty,2,6.4675495444726225,Clean
ETrackedPropertyError,1,6.4675495444726225,Clean
EVRSubmitFlags,1,6.4675495444726225,Clean
EVRState,0,6.4675495444726225,Clean
EVREventType,2,6.4675495444726225,Clean
EDeviceActivityLevel,1,6.4675495444726225,Clean
EVRButtonId,1,6.4675495444726225,Clean
EVRMouseButton,0,6.4675495444726225,Clean
EHiddenAreaMeshType,1,6.4675495444726225,Clean
EVRControllerAxisType,1,6.4675495444726225,Clean
EVRControllerEventOutputType,0,6.4675495444726225,Clean
ECollisionBoundsStyle,0,6.4675495444726225,Clean
EVROverlayError,1,6.4675495444726225,Clean
EVRApplicationType,1,6.4675495444726225,Clean
EVRFirmwareError,1,6.4675495444726225,Clean
EVRNotificationError,1,6.4675495444726225,Clean
EVRInitError,2,6.4675495444726225,Clean
EVRScreenshotType,1,6.4675495444726225,Clean
EVRScreenshotPropertyFilenames,1,6.4675495444726225,Clean
EVRTrackedCameraError,1,6.4675495444726225,Clean
EVRTrackedCameraFrameType,1,6.4675495444726225,Clean
EVRApplicationError,1,6.4675495444726225,Clean
EVRApplicationProperty,1,6.4675495444726225,Clean
EVRApplicationTransitionState,1,6.4675495444726225,Clean
ChaperoneCalibrationState,1,6.4675495444726225,Clean
EChaperoneConfigFile,1,6.4675495444726225,Clean
EChaperoneImportFlags,0,6.4675495444726225,Clean
EVRCompositorError,1,6.4675495444726225,Clean
VROverlayInputMethod,1,6.4675495444726225,Clean
VROverlayTransformType,1,6.4675495444726225,Clean
VROverlayFlags,1,6.4675495444726225,Clean
VRMessageOverlayResponse,1,6.4675495444726225,Clean
EGamepadTextInputMode,0,6.4675495444726225,Clean
EGamepadTextInputLineMode,0,6.4675495444726225,Clean
EOverlayDirection,1,6.4675495444726225,Clean
EVROverlayIntersectionMaskPrimitiveType,1,6.4675495444726225,Clean
EVRRenderModelError,1,6.4675495444726225,Clean
EVRComponentProperty,0,6.4675495444726225,Clean
EVRNotificationType,1,6.4675495444726225,Clean
EVRNotificationStyle,1,6.4675495444726225,Clean
EVRSettingsError,1,6.4675495444726225,Clean
EVRScreenshotError,1,6.4675495444726225,Clean
VREvent_Data_t,3,6.4675495444726225,Clean
VROverlayIntersectionMaskPrimitive_Data_t,2,6.4675495444726225,Clean
HmdMatrix34_t,3,6.4675495444726225,Clean
HmdMatrix44_t,3,6.4675495444726225,Clean
HmdVector3_t,3,6.4675495444726225,Clean
HmdVector4_t,2,6.4675495444726225,Clean
HmdVector3d_t,2,6.4675495444726225,Clean
HmdVector2_t,2,6.4675495444726225,Clean
HmdQuaternion_t,2,6.4675495444726225,Clean
HmdColor_t,3,6.4675495444726225,Clean
HmdQuad_t,4,6.4675495444726225,Clean
HmdRect2_t,3,6.4675495444726225,Clean
DistortionCoordinates_t,3,6.4675495444726225,Clean
Texture_t,4,6.4675495444726225,Clean
TrackedDevicePose_t,4,6.4675495444726225,Clean
VRTextureBounds_t,3,6.4675495444726225,Clean
VRVulkanTextureData_t,2,6.4675495444726225,Clean
D3D12TextureData_t,2,6.4675495444726225,Clean
VREvent_Controller_t,0,6.4675495444726225,Clean
VREvent_Mouse_t,2,6.4675495444726225,Clean
VREvent_Scroll_t,2,6.4675495444726225,Clean
VREvent_TouchPadMove_t,2,6.4675495444726225,Clean
VREvent_Notification_t,1,6.4675495444726225,Clean
VREvent_Process_t,2,6.4675495444726225,Clean
VREvent_Overlay_t,0,6.4675495444726225,Clean
VREvent_Status_t,0,6.4675495444726225,Clean
VREvent_Keyboard_t,2,6.4675495444726225,Clean
VREvent_Ipd_t,0,6.4675495444726225,Clean
VREvent_Chaperone_t,1,6.4675495444726225,Clean
VREvent_Reserved_t,1,6.4675495444726225,Clean
VREvent_PerformanceTest_t,0,6.4675495444726225,Clean
VREvent_SeatedZeroPoseReset_t,0,6.4675495444726225,Clean
VREvent_Screenshot_t,1,6.4675495444726225,Clean
VREvent_ScreenshotProgress_t,0,6.4675495444726225,Clean
VREvent_ApplicationLaunch_t,1,6.4675495444726225,Clean
VREvent_EditingCameraSurface_t,1,6.4675495444726225,Clean
VREvent_MessageOverlay_t,0,6.4675495444726225,Clean
VREvent_Property_t,2,6.4675495444726225,Clean
VREvent_t,4,6.4675495444726225,Clean
VREvent_t_Packed,6,6.4675495444726225,Clean
HiddenAreaMesh_t,2,6.4675495444726225,Clean
VRControllerAxis_t,2,6.4675495444726225,Clean
VRControllerState_t,4,6.4675495444726225,Clean
VRControllerState_t_Packed,7,6.4675495444726225,Fault_proner
Compositor_OverlaySettings,3,6.4675495444726225,Clean
CameraVideoStreamFrameHeader_t,4,6.4675495444726225,Clean
AppOverrideKeys_t,2,6.4675495444726225,Clean
Compositor_FrameTiming,4,6.4675495444726225,Clean
Compositor_CumulativeStats,3,6.4675495444726225,Clean
VROverlayIntersectionParams_t,4,6.4675495444726225,Clean
VROverlayIntersectionResults_t,4,6.4675495444726225,Clean
IntersectionMaskRectangle_t,2,6.4675495444726225,Clean
IntersectionMaskCircle_t,2,6.4675495444726225,Clean
VROverlayIntersectionMaskPrimitive_t,3,6.4675495444726225,Clean
RenderModel_ComponentState_t,4,6.4675495444726225,Clean
RenderModel_Vertex_t,3,6.4675495444726225,Clean
RenderModel_TextureMap_t,3,6.4675495444726225,Clean
RenderModel_TextureMap_t_Packed,5,6.4675495444726225,Clean
RenderModel_t,3,6.4675495444726225,Clean
RenderModel_t_Packed,5,6.4675495444726225,Clean
RenderModel_ControllerMode_State_t,1,6.4675495444726225,Clean
NotificationBitmap_t,3,6.4675495444726225,Clean
COpenVRContext,8,6.4675495444726225,Fault_proner
OpenVR,9,6.4675495444726225,Fault_proner
