Component,Threshold,Cutoff,Status
CameraIntrinsics,5,7.724518459069021,Clean
KinectBuffer,6,7.724518459069021,Clean
PointF,4,7.724518459069021,Clean
AudioBeamSubFrame,7,7.724518459069021,Clean
AudioBeamFrame,8,7.724518459069021,Fault_proner
BodyFrame,8,7.724518459069021,Fault_proner
Body,5,7.724518459069021,Clean
ColorFrame,8,7.724518459069021,Fault_proner
DepthFrame,8,7.724518459069021,Fault_proner
BodyIndexFrame,8,7.724518459069021,Fault_proner
InfraredFrame,8,7.724518459069021,Fault_proner
KinectSensor,9,7.724518459069021,Fault_proner
LongExposureInfraredFrame,8,7.724518459069021,Fault_proner
CoordinateMapper,8,7.724518459069021,Fault_proner
Activity,0,7.724518459069021,Clean
Appearance,0,7.724518459069021,Clean
AudioBeam,7,7.724518459069021,Clean
AudioBeamFrameArrivedEventArgs,5,7.724518459069021,Clean
AudioBeamFrameList,5,7.724518459069021,Clean
AudioBeamFrameReader,8,7.724518459069021,Fault_proner
AudioBeamFrameReference,6,7.724518459069021,Clean
AudioBeamMode,0,7.724518459069021,Clean
AudioBodyCorrelation,5,7.724518459069021,Clean
AudioSource,7,7.724518459069021,Clean
BodyFrameArrivedEventArgs,5,7.724518459069021,Clean
BodyFrameReader,8,7.724518459069021,Fault_proner
BodyFrameReference,6,7.724518459069021,Clean
BodyFrameSource,8,7.724518459069021,Fault_proner
BodyIndexFrameArrivedEventArgs,5,7.724518459069021,Clean
BodyIndexFrameReader,8,7.724518459069021,Fault_proner
BodyIndexFrameReference,6,7.724518459069021,Clean
BodyIndexFrameSource,7,7.724518459069021,Clean
CameraSpacePoint,5,7.724518459069021,Clean
ColorCameraSettings,5,7.724518459069021,Clean
ColorFrameArrivedEventArgs,5,7.724518459069021,Clean
ColorFrameReader,8,7.724518459069021,Fault_proner
ColorFrameReference,6,7.724518459069021,Clean
ColorFrameSource,8,7.724518459069021,Fault_proner
ColorImageFormat,1,7.724518459069021,Clean
ColorSpacePoint,5,7.724518459069021,Clean
CoordinateMappingChangedEventArgs,4,7.724518459069021,Clean
DepthFrameArrivedEventArgs,5,7.724518459069021,Clean
DepthFrameReader,8,7.724518459069021,Fault_proner
DepthFrameReference,6,7.724518459069021,Clean
DepthFrameSource,7,7.724518459069021,Clean
DepthSpacePoint,4,7.724518459069021,Clean
DetectionResult,0,7.724518459069021,Clean
Expression,0,7.724518459069021,Clean
FrameCapturedEventArgs,6,7.724518459069021,Clean
FrameCapturedStatus,0,7.724518459069021,Clean
FrameDescription,6,7.724518459069021,Clean
FrameEdges,0,7.724518459069021,Clean
FrameSourceTypes,0,7.724518459069021,Clean
HandState,0,7.724518459069021,Clean
InfraredFrameArrivedEventArgs,5,7.724518459069021,Clean
InfraredFrameReader,8,7.724518459069021,Fault_proner
InfraredFrameReference,6,7.724518459069021,Clean
InfraredFrameSource,7,7.724518459069021,Clean
IsAvailableChangedEventArgs,5,7.724518459069021,Clean
Joint,5,7.724518459069021,Clean
JointOrientation,5,7.724518459069021,Clean
JointType,1,7.724518459069021,Clean
KinectAudioCalibrationState,0,7.724518459069021,Clean
KinectCapabilities,0,7.724518459069021,Clean
KinectUnityAddinUtils,0,7.724518459069021,Clean
LongExposureInfraredFrameArrivedEventArgs,5,7.724518459069021,Clean
LongExposureInfraredFrameReader,8,7.724518459069021,Fault_proner
LongExposureInfraredFrameReference,6,7.724518459069021,Clean
LongExposureInfraredFrameSource,7,7.724518459069021,Clean
MultiSourceFrame,6,7.724518459069021,Clean
MultiSourceFrameArrivedEventArgs,5,7.724518459069021,Clean
MultiSourceFrameReader,8,7.724518459069021,Fault_proner
MultiSourceFrameReference,6,7.724518459069021,Clean
TrackingConfidence,0,7.724518459069021,Clean
TrackingState,0,7.724518459069021,Clean
Vector4,4,7.724518459069021,Clean
"CollectionMap<TKey,TValue>",0,7.724518459069021,Clean
EventPump,8,7.724518459069021,Fault_proner
ExceptionHelper,4,7.724518459069021,Clean
INativeWrapper,2,7.724518459069021,Clean
NativeObjectCache,6,7.724518459069021,Clean
NativeWrapper,0,7.724518459069021,Clean
SmartGCHandle,4,7.724518459069021,Clean
"ThreadSafeDictionary<TKey,TValue>",4,7.724518459069021,Clean
PropertyChangedEventArgs,6,7.724518459069021,Clean
Complex,6,7.724518459069021,Clean
Matrix,7,7.724518459069021,Clean
DefinitenessType,0,7.724518459069021,Clean
Arm,8,7.724518459069021,Fault_proner
Bone,8,7.724518459069021,Fault_proner
BoneType,1,7.724518459069021,Clean
ClockCorrelator,6,7.724518459069021,Clean
Config,7,7.724518459069021,Clean
ValueType,1,7.724518459069021,Clean
Controller,9,7.724518459069021,Fault_proner
PolicyFlag,1,7.724518459069021,Clean
CSharpExtensions,4,7.724518459069021,Clean
Device,7,7.724518459069021,Clean
DeviceType,0,7.724518459069021,Clean
DeviceList,6,7.724518459069021,Clean
DistortionData,4,7.724518459069021,Clean
LeapEvent,1,7.724518459069021,Clean
LeapEventArgs,3,7.724518459069021,Clean
FrameEventArgs,2,7.724518459069021,Clean
ImageEventArgs,2,7.724518459069021,Clean
ImageRequestFailedEventArgs,5,7.724518459069021,Clean
LogEventArgs,2,7.724518459069021,Clean
PolicyEventArgs,2,7.724518459069021,Clean
DistortionEventArgs,2,7.724518459069021,Clean
ConfigChangeEventArgs,3,7.724518459069021,Clean
SetConfigResponseEventArgs,3,7.724518459069021,Clean
ConnectionEventArgs,1,7.724518459069021,Clean
ConnectionLostEventArgs,1,7.724518459069021,Clean
DeviceEventArgs,2,7.724518459069021,Clean
DeviceFailureEventArgs,2,7.724518459069021,Clean
FailedDevice,3,7.724518459069021,Clean
FailureType,0,7.724518459069021,Clean
FailedDeviceList,3,7.724518459069021,Clean
Finger,8,7.724518459069021,Fault_proner
FingerType,1,7.724518459069021,Clean
Frame,7,7.724518459069021,Clean
Hand,8,7.724518459069021,Fault_proner
IController,5,7.724518459069021,Clean
Image,8,7.724518459069021,Fault_proner
FormatType,1,7.724518459069021,Clean
PerspectiveType,0,7.724518459069021,Clean
ImageType,1,7.724518459069021,Clean
RequestFailureReason,1,7.724518459069021,Clean
InteractionBox,5,7.724518459069021,Clean
Matrix_duplicated,7,7.724518459069021,Clean
MessageSeverity,1,7.724518459069021,Clean
TimeBracket,2,7.724518459069021,Clean
TrackedQuad,6,7.724518459069021,Clean
Constants,2,7.724518459069021,Clean
Vector,8,7.724518459069021,Fault_proner
TestHandFactory,5,7.724518459069021,Clean
CircularObjectBuffer<T>,6,7.724518459069021,Clean
Connection,9,7.724518459069021,Fault_proner
DistortionDictionary,4,7.724518459069021,Clean
ImageData,9,7.724518459069021,Fault_proner
ImageFuture,4,7.724518459069021,Clean
eLeapConnectionStatus,0,7.724518459069021,Clean
eLeapDeviceCaps,0,7.724518459069021,Clean
eLeapDeviceType,0,7.724518459069021,Clean
eDistortionMatrixType,0,7.724518459069021,Clean
eLeapPolicyFlag,0,7.724518459069021,Clean
eLeapDeviceStatus,1,7.724518459069021,Clean
eLeapImageType,1,7.724518459069021,Clean
eLeapImageFormat,1,7.724518459069021,Clean
eLeapPerspectiveType,0,7.724518459069021,Clean
eLeapImageRequestError,1,7.724518459069021,Clean
eLeapHandType,1,7.724518459069021,Clean
eLeapLogSeverity,1,7.724518459069021,Clean
eLeapValueType,1,7.724518459069021,Clean
eLeapRS,1,7.724518459069021,Clean
eLeapEventType,1,7.724518459069021,Clean
eLeapDeviceFlag,0,7.724518459069021,Clean
eLeapConnectionFlags,0,7.724518459069021,Clean
LEAP_CONNECTION_CONFIG,2,7.724518459069021,Clean
LEAP_CONNECTION_INFO,2,7.724518459069021,Clean
LEAP_CONNECTION_EVENT,1,7.724518459069021,Clean
LEAP_DEVICE_REF,3,7.724518459069021,Clean
LEAP_CONNECTION_LOST_EVENT,1,7.724518459069021,Clean
LEAP_DEVICE_EVENT,2,7.724518459069021,Clean
LEAP_DEVICE_FAILURE_EVENT,2,7.724518459069021,Clean
LEAP_TRACKING_EVENT,4,7.724518459069021,Clean
LEAP_CONNECTION_MESSAGE,3,7.724518459069021,Clean
LEAP_DISCONNECTION_EVENT,1,7.724518459069021,Clean
LEAP_DEVICE_INFO,3,7.724518459069021,Clean
LEAP_DISTORTION_MATRIX,1,7.724518459069021,Clean
LEAP_FRAME_HEADER,3,7.724518459069021,Clean
LEAP_IMAGE_FRAME_REQUEST_TOKEN,2,7.724518459069021,Clean
LEAP_IMAGE_COMPLETE_EVENT,3,7.724518459069021,Clean
LEAP_IMAGE_FRAME_DESCRIPTION,3,7.724518459069021,Clean
LEAP_IMAGE_FRAME_REQUEST_ERROR_EVENT,3,7.724518459069021,Clean
LEAP_IMAGE_PROPERTIES,3,7.724518459069021,Clean
LEAP_VECTOR,4,7.724518459069021,Clean
LEAP_MATRIX,5,7.724518459069021,Clean
LEAP_BONE,4,7.724518459069021,Clean
LEAP_DIGIT,4,7.724518459069021,Clean
LEAP_PALM,3,7.724518459069021,Clean
LEAP_HAND,3,7.724518459069021,Clean
LEAP_TIP,2,7.724518459069021,Clean
LEAP_LOG_EVENT,2,7.724518459069021,Clean
LEAP_POLICY_EVENT,2,7.724518459069021,Clean
LEAP_VARIANT_VALUE_TYPE,3,7.724518459069021,Clean
LEAP_VARIANT_REF_TYPE,3,7.724518459069021,Clean
LEAP_CONFIG_RESPONSE_EVENT,2,7.724518459069021,Clean
LEAP_CONFIG_RESPONSE_EVENT_WITH_REF_TYPE,2,7.724518459069021,Clean
LEAP_CONFIG_CHANGE_EVENT,2,7.724518459069021,Clean
LeapC,7,7.724518459069021,Clean
Logger,4,7.724518459069021,Clean
ObjectPool<T>,6,7.724518459069021,Clean
PendingImages,7,7.724518459069021,Clean
PooledObject,3,7.724518459069021,Clean
ServiceFrameFactory,6,7.724518459069021,Clean
StructMarshal<T>,3,7.724518459069021,Clean
StructContainer,1,7.724518459069021,Clean
HandFactory,2,7.724518459069021,Clean
HandPool,8,7.724518459069021,Fault_proner
HandProxy,7,7.724518459069021,Clean
HandRepresentation,6,7.724518459069021,Clean
CapsuleHand,8,7.724518459069021,Fault_proner
DebugFinger,1,7.724518459069021,Clean
DebugHand,6,7.724518459069021,Clean
FingerModel,9,7.724518459069021,Fault_proner
HandDrop,5,7.724518459069021,Clean
HandEnableDisable,2,7.724518459069021,Clean
HandFader,4,7.724518459069021,Clean
HandModel,11,7.724518459069021,Fault_proner
HandTransitionBehavior,4,7.724518459069021,Clean
Chirality,1,7.724518459069021,Clean
ModelType,1,7.724518459069021,Clean
IHandModel,8,7.724518459069021,Fault_proner
MinimalHand,8,7.724518459069021,Fault_proner
RiggedFinger,5,7.724518459069021,Clean
RiggedHand,7,7.724518459069021,Clean
RigidFinger,3,7.724518459069021,Clean
RigidHand,7,7.724518459069021,Clean
SkeletalFinger,5,7.724518459069021,Clean
SkeletalHand,7,7.724518459069021,Clean
LeapDeviceType,1,7.724518459069021,Clean
LeapDeviceInfo,4,7.724518459069021,Clean
LeapHandController,8,7.724518459069021,Fault_proner
LeapImageRetriever,8,7.724518459069021,Fault_proner
LeapTextureData,8,7.724518459069021,Fault_proner
LeapDistortionData,6,7.724518459069021,Clean
EyeTextureData,8,7.724518459069021,Fault_proner
LeapProvider,2,7.724518459069021,Clean
LeapServiceProvider,9,7.724518459069021,Fault_proner
DisconnectionNotice,6,7.724518459069021,Clean
EnableDepthBuffer,2,7.724518459069021,Clean
ExecuteBeforeAttribute,1,7.724518459069021,Clean
ExecuteAfterAttribute,1,7.724518459069021,Clean
ExecuteBeforeDefault,0,7.724518459069021,Clean
ExecuteAfterDefault,0,7.724518459069021,Clean
ExecutionOrderSolver,4,7.724518459069021,Clean
NodeType,1,7.724518459069021,Clean
Node,7,7.724518459069021,Clean
FitHeightToScreen,0,7.724518459069021,Clean
FrameRateControls,6,7.724518459069021,Clean
KeyEnableBehaviors,3,7.724518459069021,Clean
KeyEnableGameObjects,3,7.724518459069021,Clean
UnityVectorExtension,0,7.724518459069021,Clean
UnityMatrixExtension,5,7.724518459069021,Clean
SmoothedFloat,5,7.724518459069021,Clean
SmoothedQuaternion,3,7.724518459069021,Clean
SmoothedVector3,3,7.724518459069021,Clean
StretchToScreen,0,7.724518459069021,Clean
Utils,1,7.724518459069021,Clean
EyeType,6,7.724518459069021,Clean
OrderType,0,7.724518459069021,Clean
LeapVRCameraControl,8,7.724518459069021,Fault_proner
CameraParams,3,7.724518459069021,Clean
LeapVRTemporalWarping,7,7.724518459069021,Clean
WarpedAnchor,0,7.724518459069021,Clean
SyncMode,0,7.724518459069021,Clean
TransformData,2,7.724518459069021,Clean
TemporalWarpingStatus,4,7.724518459069021,Clean
Trigger,0,7.724518459069021,Clean
Direction,0,7.724518459069021,Clean
EnableCondition,0,7.724518459069021,Clean
DisableCondition,0,7.724518459069021,Clean
Vector2i,3,7.724518459069021,Clean
Sizei,3,7.724518459069021,Clean
Recti,4,7.724518459069021,Clean
Quatf,2,7.724518459069021,Clean
Vector2f,3,7.724518459069021,Clean
Vector3f,3,7.724518459069021,Clean
Matrix4f,1,7.724518459069021,Clean
Matrix4f_Raw,3,7.724518459069021,Clean
Posef,4,7.724518459069021,Clean
PoseStatef,3,7.724518459069021,Clean
FovPort,3,7.724518459069021,Clean
HmdType,1,7.724518459069021,Clean
HmdCaps,1,7.724518459069021,Clean
TrackingCaps,0,7.724518459069021,Clean
DistortionCaps,0,7.724518459069021,Clean
Eye,1,7.724518459069021,Clean
HmdDesc,4,7.724518459069021,Clean
HmdDesc_Raw,4,7.724518459069021,Clean
StatusBits,0,7.724518459069021,Clean
SensorData,2,7.724518459069021,Clean
TrackingState_duplicated,4,7.724518459069021,Clean
FrameTiming,3,7.724518459069021,Clean
FrameTiming_Raw,3,7.724518459069021,Clean
EyeRenderDesc,3,7.724518459069021,Clean
RenderAPIType,1,7.724518459069021,Clean
RenderAPIConfigHeader,4,7.724518459069021,Clean
RenderAPIConfig_Raw,3,7.724518459069021,Clean
RenderAPIConfig,3,7.724518459069021,Clean
OpenGLWindowsConfig,4,7.724518459069021,Clean
OpenGLLinuxConfig,3,7.724518459069021,Clean
AndroidGLESConfig,2,7.724518459069021,Clean
D3D9Config,3,7.724518459069021,Clean
D3D10Config,3,7.724518459069021,Clean
D3D11Config,3,7.724518459069021,Clean
TextureHeader,4,7.724518459069021,Clean
Texture,3,7.724518459069021,Clean
GLTextureData,3,7.724518459069021,Clean
D3D9TextureData,3,7.724518459069021,Clean
D3D10TextureData,4,7.724518459069021,Clean
D3D11TextureData,4,7.724518459069021,Clean
Texture_Raw,3,7.724518459069021,Clean
DistortionVertex,2,7.724518459069021,Clean
DistortionMesh,4,7.724518459069021,Clean
DistortionMesh_Raw,3,7.724518459069021,Clean
HSWDisplayState,2,7.724518459069021,Clean
Hmd,7,7.724518459069021,Clean
PSMoveSharpConstants,3,7.724518459069021,Clean
Float4,3,7.724518459069021,Clean
NetworkWriterHelper,0,7.724518459069021,Clean
NetworkReaderHelper,5,7.724518459069021,Clean
PSMoveSharpServerConfig,3,7.724518459069021,Clean
PSMoveSharpStatus,3,7.724518459069021,Clean
PSMoveSharpPadData,2,7.724518459069021,Clean
PSMoveSharpGemState,4,7.724518459069021,Clean
PSMoveSharpImageState,3,7.724518459069021,Clean
PSMoveSharpPointerState,3,7.724518459069021,Clean
PSMoveSharpNavInfo,4,7.724518459069021,Clean
PSMoveSharpNavPadData,5,7.724518459069021,Clean
PSMoveSharpSphereState,3,7.724518459069021,Clean
PSMoveSharpCameraState,3,7.724518459069021,Clean
PSMoveSharpPositionPointerState,3,7.724518459069021,Clean
PSMoveSharpCameraFrameSlice,3,7.724518459069021,Clean
PSMoveSharpCameraFrameStateCollector,8,7.724518459069021,Fault_proner
PSMoveSharpCameraFrameState,7,7.724518459069021,Clean
PSMoveSharpState,5,7.724518459069021,Clean
PSMoveClient,7,7.724518459069021,Clean
ClientRequest,0,7.724518459069021,Clean
PSMoveClientThreadedRead,7,7.724518459069021,Clean
UdpState,2,7.724518459069021,Clean
LeapTriggerManager,3,7.724518459069021,Clean
TriggerPackage,2,7.724518459069021,Clean
LeapHandControllerEditor,5,7.724518459069021,Clean
LeapImageRetrieverEditor,3,7.724518459069021,Clean
