Component,Threshold,Cutoff,Status
IVRSystem,3,5.7219605791034365,Clean
IVRExtendedDisplay,1,5.7219605791034365,Clean
IVRApplications,3,5.7219605791034365,Clean
IVRChaperone,3,5.7219605791034365,Clean
IVRChaperoneSetup,3,5.7219605791034365,Clean
IVRCompositor,3,5.7219605791034365,Clean
IVROverlay,3,5.7219605791034365,Clean
IVRRenderModels,3,5.7219605791034365,Clean
IVRNotifications,1,5.7219605791034365,Clean
IVRSettings,3,5.7219605791034365,Clean
CVRSystem,6,5.7219605791034365,Fault_proner
CVRExtendedDisplay,6,5.7219605791034365,Fault_proner
CVRApplications,6,5.7219605791034365,Fault_proner
CVRChaperone,6,5.7219605791034365,Fault_proner
CVRChaperoneSetup,6,5.7219605791034365,Fault_proner
CVRCompositor,6,5.7219605791034365,Fault_proner
CVROverlay,6,5.7219605791034365,Fault_proner
CVRRenderModels,6,5.7219605791034365,Fault_proner
CVRNotifications,4,5.7219605791034365,Clean
CVRSettings,6,5.7219605791034365,Fault_proner
OpenVRInterop,4,5.7219605791034365,Clean
EVREye,1,5.7219605791034365,Clean
EGraphicsAPIConvention,1,5.7219605791034365,Clean
EColorSpace,1,5.7219605791034365,Clean
ETrackingResult,1,5.7219605791034365,Clean
ETrackedDeviceClass,1,5.7219605791034365,Clean
ETrackedControllerRole,1,5.7219605791034365,Clean
ETrackingUniverseOrigin,1,5.7219605791034365,Clean
ETrackedDeviceProperty,2,5.7219605791034365,Clean
ETrackedPropertyError,1,5.7219605791034365,Clean
EVRSubmitFlags,1,5.7219605791034365,Clean
EVRState,0,5.7219605791034365,Clean
EVREventType,2,5.7219605791034365,Clean
EDeviceActivityLevel,1,5.7219605791034365,Clean
EVRButtonId,1,5.7219605791034365,Clean
EVRMouseButton,0,5.7219605791034365,Clean
EVRControllerAxisType,1,5.7219605791034365,Clean
EVRControllerEventOutputType,0,5.7219605791034365,Clean
ECollisionBoundsStyle,0,5.7219605791034365,Clean
EVROverlayError,1,5.7219605791034365,Clean
EVRApplicationType,1,5.7219605791034365,Clean
EVRFirmwareError,1,5.7219605791034365,Clean
EVRNotificationError,1,5.7219605791034365,Clean
EVRInitError,2,5.7219605791034365,Clean
EVRApplicationError,1,5.7219605791034365,Clean
EVRApplicationProperty,1,5.7219605791034365,Clean
EVRApplicationTransitionState,1,5.7219605791034365,Clean
ChaperoneCalibrationState,1,5.7219605791034365,Clean
EChaperoneConfigFile,1,5.7219605791034365,Clean
EChaperoneImportFlags,0,5.7219605791034365,Clean
EVRCompositorError,1,5.7219605791034365,Clean
VROverlayInputMethod,1,5.7219605791034365,Clean
VROverlayTransformType,1,5.7219605791034365,Clean
VROverlayFlags,1,5.7219605791034365,Clean
EGamepadTextInputMode,0,5.7219605791034365,Clean
EGamepadTextInputLineMode,0,5.7219605791034365,Clean
EOverlayDirection,1,5.7219605791034365,Clean
EVRRenderModelError,1,5.7219605791034365,Clean
EVRComponentProperty,0,5.7219605791034365,Clean
EVRNotificationType,1,5.7219605791034365,Clean
EVRNotificationStyle,1,5.7219605791034365,Clean
EVRSettingsError,1,5.7219605791034365,Clean
VREvent_Data_t,3,5.7219605791034365,Clean
HmdMatrix34_t,3,5.7219605791034365,Clean
HmdMatrix44_t,3,5.7219605791034365,Clean
HmdVector3_t,2,5.7219605791034365,Clean
HmdVector4_t,2,5.7219605791034365,Clean
HmdVector3d_t,1,5.7219605791034365,Clean
HmdVector2_t,2,5.7219605791034365,Clean
HmdQuaternion_t,2,5.7219605791034365,Clean
HmdColor_t,3,5.7219605791034365,Clean
HmdQuad_t,4,5.7219605791034365,Clean
HmdRect2_t,3,5.7219605791034365,Clean
DistortionCoordinates_t,3,5.7219605791034365,Clean
Texture_t,3,5.7219605791034365,Clean
TrackedDevicePose_t,4,5.7219605791034365,Clean
VRTextureBounds_t,3,5.7219605791034365,Clean
VREvent_Controller_t,0,5.7219605791034365,Clean
VREvent_Mouse_t,1,5.7219605791034365,Clean
VREvent_Scroll_t,1,5.7219605791034365,Clean
VREvent_TouchPadMove_t,2,5.7219605791034365,Clean
VREvent_Notification_t,1,5.7219605791034365,Clean
VREvent_Process_t,1,5.7219605791034365,Clean
VREvent_Overlay_t,0,5.7219605791034365,Clean
VREvent_Status_t,0,5.7219605791034365,Clean
VREvent_Keyboard_t,2,5.7219605791034365,Clean
VREvent_Ipd_t,0,5.7219605791034365,Clean
VREvent_Chaperone_t,1,5.7219605791034365,Clean
VREvent_Reserved_t,1,5.7219605791034365,Clean
VREvent_PerformanceTest_t,0,5.7219605791034365,Clean
VREvent_SeatedZeroPoseReset_t,0,5.7219605791034365,Clean
VREvent_t,4,5.7219605791034365,Clean
HiddenAreaMesh_t,2,5.7219605791034365,Clean
VRControllerAxis_t,2,5.7219605791034365,Clean
VRControllerState_t,4,5.7219605791034365,Clean
Compositor_OverlaySettings,3,5.7219605791034365,Clean
AppOverrideKeys_t,2,5.7219605791034365,Clean
Compositor_FrameTiming,4,5.7219605791034365,Clean
VROverlayIntersectionParams_t,3,5.7219605791034365,Clean
VROverlayIntersectionResults_t,4,5.7219605791034365,Clean
RenderModel_ComponentState_t,3,5.7219605791034365,Clean
RenderModel_Vertex_t,3,5.7219605791034365,Clean
RenderModel_TextureMap_t,1,5.7219605791034365,Clean
RenderModel_t,2,5.7219605791034365,Clean
RenderModel_ControllerMode_State_t,1,5.7219605791034365,Clean
NotificationBitmap_t,3,5.7219605791034365,Clean
COpenVRContext,8,5.7219605791034365,Fault_proner
OpenVR,8,5.7219605791034365,Fault_proner
Util,3,5.7219605791034365,Clean
Vector3Extensions,2,5.7219605791034365,Clean
AAMode,1,5.7219605791034365,Clean
Antialiasing,9,5.7219605791034365,Fault_proner
Bloom,9,5.7219605791034365,Fault_proner
LensFlareStyle,1,5.7219605791034365,Clean
TweakMode,1,5.7219605791034365,Clean
HDRBloomMode,1,5.7219605791034365,Clean
BloomScreenBlendMode,1,5.7219605791034365,Clean
BloomQuality,1,5.7219605791034365,Clean
LensflareStyle34,1,5.7219605791034365,Clean
TweakMode34,1,5.7219605791034365,Clean
BloomAndFlares,9,5.7219605791034365,Fault_proner
BloomOptimized,8,5.7219605791034365,Fault_proner
Resolution,1,5.7219605791034365,Clean
BlurType,1,5.7219605791034365,Clean
Blur,7,5.7219605791034365,Fault_proner
BlurOptimized,8,5.7219605791034365,Fault_proner
CameraMotionBlur,9,5.7219605791034365,Fault_proner
MotionBlurFilter,1,5.7219605791034365,Clean
ColorCorrectionCurves,9,5.7219605791034365,Fault_proner
ColorCorrectionMode,1,5.7219605791034365,Clean
ColorCorrectionLookup,8,5.7219605791034365,Fault_proner
ColorCorrectionRamp,1,5.7219605791034365,Clean
ContrastEnhance,7,5.7219605791034365,Fault_proner
ContrastStretch,6,5.7219605791034365,Fault_proner
CreaseShading,7,5.7219605791034365,Fault_proner
DepthOfField,9,5.7219605791034365,Fault_proner
BlurSampleCount,1,5.7219605791034365,Clean
DepthOfFieldDeprecated,9,5.7219605791034365,Fault_proner
Dof34QualitySetting,1,5.7219605791034365,Clean
DofResolution,1,5.7219605791034365,Clean
DofBlurriness,1,5.7219605791034365,Clean
BokehDestination,1,5.7219605791034365,Clean
EdgeDetection,8,5.7219605791034365,Fault_proner
EdgeDetectMode,1,5.7219605791034365,Clean
Fisheye,7,5.7219605791034365,Fault_proner
GlobalFog,7,5.7219605791034365,Fault_proner
Grayscale,2,5.7219605791034365,Clean
ImageEffectBase,6,5.7219605791034365,Fault_proner
ImageEffects,5,5.7219605791034365,Clean
MotionBlur,6,5.7219605791034365,Fault_proner
NoiseAndGrain,8,5.7219605791034365,Fault_proner
NoiseAndScratches,6,5.7219605791034365,Fault_proner
PostEffectsBase,7,5.7219605791034365,Fault_proner
PostEffectsHelper,3,5.7219605791034365,Clean
Quads,5,5.7219605791034365,Clean
ScreenOverlay,8,5.7219605791034365,Fault_proner
OverlayBlendMode,1,5.7219605791034365,Clean
ScreenSpaceAmbientObscurance,7,5.7219605791034365,Fault_proner
ScreenSpaceAmbientOcclusion,6,5.7219605791034365,Fault_proner
SSAOSamples,1,5.7219605791034365,Clean
SepiaTone,1,5.7219605791034365,Clean
SunShafts,9,5.7219605791034365,Fault_proner
SunShaftsResolution,1,5.7219605791034365,Clean
ShaftsScreenBlendMode,1,5.7219605791034365,Clean
TiltShift,8,5.7219605791034365,Fault_proner
TiltShiftMode,1,5.7219605791034365,Clean
TiltShiftQuality,1,5.7219605791034365,Clean
Tonemapping,9,5.7219605791034365,Fault_proner
TonemapperType,1,5.7219605791034365,Clean
AdaptiveTexSize,1,5.7219605791034365,Clean
Triangles,3,5.7219605791034365,Clean
Twirl,3,5.7219605791034365,Clean
VignetteAndChromaticAberration,8,5.7219605791034365,Fault_proner
AberrationMode,1,5.7219605791034365,Clean
Vortex,3,5.7219605791034365,Clean
AntialiasingEditor,6,5.7219605791034365,Fault_proner
BloomAndFlaresEditor,6,5.7219605791034365,Fault_proner
BloomEditor,6,5.7219605791034365,Fault_proner
CameraMotionBlurEditor,6,5.7219605791034365,Fault_proner
ColorCorrectionCurvesEditor,6,5.7219605791034365,Fault_proner
ColorCorrectionLookupEditor,5,5.7219605791034365,Clean
CreaseShadingEditor,6,5.7219605791034365,Fault_proner
DepthOfFieldDeprecatedEditor,6,5.7219605791034365,Fault_proner
DepthOfFieldEditor,7,5.7219605791034365,Fault_proner
EdgeDetectionEditor,5,5.7219605791034365,Clean
NoiseAndGrainEditor,6,5.7219605791034365,Fault_proner
SunShaftsEditor,6,5.7219605791034365,Fault_proner
TonemappingEditor,6,5.7219605791034365,Fault_proner
VignetteAndChromaticAberrationEditor,5,5.7219605791034365,Clean
