Component,Threshold,Cutoff,Status
LeanClassPool<T>,4,7.489826113929542,Clean
LeanPool,9,7.489826113929542,Fault_proner
DelayedDestruction,2,7.489826113929542,Clean
NotificationType,1,7.489826113929542,Clean
LeanPooledRigidbody,0,7.489826113929542,Clean
LeanPooledRigidbody2D,0,7.489826113929542,Clean
TransitionHandler,1,7.489826113929542,Clean
ControlParameters,2,7.489826113929542,Clean
Transition,9,7.489826113929542,Fault_proner
CrossfadeTransition,5,7.489826113929542,Clean
ClipTransition,8,7.489826113929542,Fault_proner
Layer,8,7.489826113929542,Fault_proner
MixamoWrapMode,1,7.489826113929542,Clean
State,9,7.489826113929542,Fault_proner
ClipRootMotionInfo,6,7.489826113929542,Clean
RootMotionSetup,6,7.489826113929542,Clean
RootMotionExtractionType,1,7.489826113929542,Clean
RootMotionRotExtractionType,1,7.489826113929542,Clean
TreeNode,9,7.489826113929542,Fault_proner
BlankClip,6,7.489826113929542,Clean
Clip,10,7.489826113929542,Fault_proner
BlendNode,2,7.489826113929542,Clean
Blend2d,8,7.489826113929542,Fault_proner
AdditiveBlend,8,7.489826113929542,Fault_proner
AnimationGraph,9,7.489826113929542,Fault_proner
JSON,6,7.489826113929542,Clean
Util,3,7.489826113929542,Clean
BodyCollider,0,7.489826113929542,Clean
CircularDrive,6,7.489826113929542,Clean
Axis_t,0,7.489826113929542,Clean
ComplexThrowable,6,7.489826113929542,Clean
AttachMode,1,7.489826113929542,Clean
ControllerHoverHighlight,7,7.489826113929542,Clean
CustomEvents,0,7.489826113929542,Clean
UnityEventSingleFloat,0,7.489826113929542,Clean
UnityEventHand,1,7.489826113929542,Clean
DebugUI,2,7.489826113929542,Clean
DestroyOnDetachedFromHand,1,7.489826113929542,Clean
DestroyOnParticleSystemDeath,0,7.489826113929542,Clean
DestroyOnTriggerEnter,0,7.489826113929542,Clean
DistanceHaptics,2,7.489826113929542,Clean
DontDestroyOnLoad,0,7.489826113929542,Clean
EnumFlags,1,7.489826113929542,Clean
EnumFlagsPropertyDrawer,0,7.489826113929542,Clean
FallbackCameraController,5,7.489826113929542,Clean
Hand,9,7.489826113929542,Fault_proner
HandType,1,7.489826113929542,Clean
AttachmentFlags,1,7.489826113929542,Clean
AttachedObject,3,7.489826113929542,Clean
HandEditor,2,7.489826113929542,Clean
HapticRack,6,7.489826113929542,Clean
HideOnHandFocusLost,1,7.489826113929542,Clean
IgnoreHovering,1,7.489826113929542,Clean
InputModule,6,7.489826113929542,Clean
Interactable,2,7.489826113929542,Clean
InteractableButtonEvents,5,7.489826113929542,Clean
InteractableHoverEvents,4,7.489826113929542,Clean
ItemPackage,4,7.489826113929542,Clean
ItemPackageType,1,7.489826113929542,Clean
ItemPackageReference,2,7.489826113929542,Clean
ItemPackageSpawner,7,7.489826113929542,Clean
LinearAnimation,5,7.489826113929542,Clean
LinearAnimator,5,7.489826113929542,Clean
LinearAudioPitch,6,7.489826113929542,Clean
LinearBlendshape,4,7.489826113929542,Clean
LinearDisplacement,3,7.489826113929542,Clean
LinearDrive,6,7.489826113929542,Clean
LinearMapping,1,7.489826113929542,Clean
Player,9,7.489826113929542,Fault_proner
PlaySound,7,7.489826113929542,Clean
SeeThru,5,7.489826113929542,Clean
SleepOnAwake,0,7.489826113929542,Clean
SoundDeparent,0,7.489826113929542,Clean
SoundPlayOneshot,8,7.489826113929542,Fault_proner
SpawnAndAttachAfterControllerIsTracking,2,7.489826113929542,Clean
SpawnAndAttachToHand,2,7.489826113929542,Clean
SpawnRenderModel,5,7.489826113929542,Clean
Throwable,6,7.489826113929542,Clean
UIElement,5,7.489826113929542,Clean
UIElementEditor,1,7.489826113929542,Clean
Unparent,1,7.489826113929542,Clean
Util_duplicated,8,7.489826113929542,Fault_proner
AfterTimer_Component,5,7.489826113929542,Clean
VelocityEstimator,7,7.489826113929542,Clean
ControllerButtonHints,9,7.489826113929542,Fault_proner
OffsetType,1,7.489826113929542,Clean
ButtonHintInfo,3,7.489826113929542,Clean
ArcheryTarget,6,7.489826113929542,Clean
Arrow,7,7.489826113929542,Clean
ArrowHand,7,7.489826113929542,Clean
ArrowheadRotation,0,7.489826113929542,Clean
Balloon,7,7.489826113929542,Clean
BalloonColor,1,7.489826113929542,Clean
BalloonColliders,4,7.489826113929542,Clean
BalloonHapticBump,2,7.489826113929542,Clean
BalloonSpawner,7,7.489826113929542,Clean
ExplosionWobble,1,7.489826113929542,Clean
FireSource,7,7.489826113929542,Clean
Longbow,8,7.489826113929542,Fault_proner
Handedness,1,7.489826113929542,Clean
SoundBowClick,3,7.489826113929542,Clean
ControllerHintsExample,5,7.489826113929542,Clean
InteractableExample,5,7.489826113929542,Clean
AllowTeleportWhileAttachedToHand,2,7.489826113929542,Clean
ChaperoneInfo,5,7.489826113929542,Clean
IgnoreTeleportTrace,0,7.489826113929542,Clean
Teleport,9,7.489826113929542,Fault_proner
TeleportArc,8,7.489826113929542,Fault_proner
TeleportArea,9,7.489826113929542,Fault_proner
TeleportAreaEditor,2,7.489826113929542,Clean
TeleportMarkerBase,8,7.489826113929542,Fault_proner
TeleportPoint,10,7.489826113929542,Fault_proner
TeleportPointType,1,7.489826113929542,Clean
TeleportPointEditor,2,7.489826113929542,Clean
IVRSystem,3,7.489826113929542,Clean
IVRExtendedDisplay,2,7.489826113929542,Clean
IVRTrackedCamera,3,7.489826113929542,Clean
IVRApplications,3,7.489826113929542,Clean
IVRChaperone,3,7.489826113929542,Clean
IVRChaperoneSetup,3,7.489826113929542,Clean
IVRCompositor,3,7.489826113929542,Clean
IVROverlay,3,7.489826113929542,Clean
IVRRenderModels,3,7.489826113929542,Clean
IVRNotifications,1,7.489826113929542,Clean
IVRSettings,3,7.489826113929542,Clean
IVRScreenshots,2,7.489826113929542,Clean
IVRResources,1,7.489826113929542,Clean
CVRSystem,6,7.489826113929542,Clean
GetControllerStateUnion,2,7.489826113929542,Clean
GetControllerStateWithPoseUnion,2,7.489826113929542,Clean
CVRExtendedDisplay,4,7.489826113929542,Clean
CVRTrackedCamera,6,7.489826113929542,Clean
CVRApplications,6,7.489826113929542,Clean
CVRChaperone,6,7.489826113929542,Clean
CVRChaperoneSetup,6,7.489826113929542,Clean
CVRCompositor,6,7.489826113929542,Clean
CVROverlay,6,7.489826113929542,Clean
CVRRenderModels,6,7.489826113929542,Clean
GetComponentStateUnion,2,7.489826113929542,Clean
CVRNotifications,3,7.489826113929542,Clean
CVRSettings,6,7.489826113929542,Clean
CVRScreenshots,6,7.489826113929542,Clean
CVRResources,3,7.489826113929542,Clean
OpenVRInterop,4,7.489826113929542,Clean
EVREye,1,7.489826113929542,Clean
ETextureType,1,7.489826113929542,Clean
EColorSpace,1,7.489826113929542,Clean
ETrackingResult,1,7.489826113929542,Clean
ETrackedDeviceClass,1,7.489826113929542,Clean
ETrackedControllerRole,1,7.489826113929542,Clean
ETrackingUniverseOrigin,1,7.489826113929542,Clean
ETrackedDeviceProperty,2,7.489826113929542,Clean
ETrackedPropertyError,1,7.489826113929542,Clean
EVRSubmitFlags,1,7.489826113929542,Clean
EVRState,0,7.489826113929542,Clean
EVREventType,2,7.489826113929542,Clean
EDeviceActivityLevel,1,7.489826113929542,Clean
EVRButtonId,1,7.489826113929542,Clean
EVRMouseButton,0,7.489826113929542,Clean
EHiddenAreaMeshType,1,7.489826113929542,Clean
EVRControllerAxisType,1,7.489826113929542,Clean
EVRControllerEventOutputType,0,7.489826113929542,Clean
ECollisionBoundsStyle,0,7.489826113929542,Clean
EVROverlayError,1,7.489826113929542,Clean
EVRApplicationType,1,7.489826113929542,Clean
EVRFirmwareError,1,7.489826113929542,Clean
EVRNotificationError,1,7.489826113929542,Clean
EVRInitError,2,7.489826113929542,Clean
EVRScreenshotType,1,7.489826113929542,Clean
EVRScreenshotPropertyFilenames,1,7.489826113929542,Clean
EVRTrackedCameraError,1,7.489826113929542,Clean
EVRTrackedCameraFrameType,1,7.489826113929542,Clean
EVRApplicationError,1,7.489826113929542,Clean
EVRApplicationProperty,1,7.489826113929542,Clean
EVRApplicationTransitionState,1,7.489826113929542,Clean
ChaperoneCalibrationState,1,7.489826113929542,Clean
EChaperoneConfigFile,1,7.489826113929542,Clean
EChaperoneImportFlags,0,7.489826113929542,Clean
EVRCompositorError,1,7.489826113929542,Clean
VROverlayInputMethod,1,7.489826113929542,Clean
VROverlayTransformType,1,7.489826113929542,Clean
VROverlayFlags,1,7.489826113929542,Clean
VRMessageOverlayResponse,1,7.489826113929542,Clean
EGamepadTextInputMode,0,7.489826113929542,Clean
EGamepadTextInputLineMode,0,7.489826113929542,Clean
EOverlayDirection,1,7.489826113929542,Clean
EVROverlayIntersectionMaskPrimitiveType,1,7.489826113929542,Clean
EVRRenderModelError,1,7.489826113929542,Clean
EVRComponentProperty,0,7.489826113929542,Clean
EVRNotificationType,1,7.489826113929542,Clean
EVRNotificationStyle,1,7.489826113929542,Clean
EVRSettingsError,1,7.489826113929542,Clean
EVRScreenshotError,1,7.489826113929542,Clean
VREvent_Data_t,3,7.489826113929542,Clean
VROverlayIntersectionMaskPrimitive_Data_t,2,7.489826113929542,Clean
HmdMatrix34_t,3,7.489826113929542,Clean
HmdMatrix44_t,3,7.489826113929542,Clean
HmdVector3_t,3,7.489826113929542,Clean
HmdVector4_t,2,7.489826113929542,Clean
HmdVector3d_t,2,7.489826113929542,Clean
HmdVector2_t,2,7.489826113929542,Clean
HmdQuaternion_t,2,7.489826113929542,Clean
HmdColor_t,3,7.489826113929542,Clean
HmdQuad_t,4,7.489826113929542,Clean
HmdRect2_t,3,7.489826113929542,Clean
DistortionCoordinates_t,3,7.489826113929542,Clean
Texture_t,4,7.489826113929542,Clean
TrackedDevicePose_t,4,7.489826113929542,Clean
VRTextureBounds_t,3,7.489826113929542,Clean
VRVulkanTextureData_t,2,7.489826113929542,Clean
D3D12TextureData_t,2,7.489826113929542,Clean
VREvent_Controller_t,0,7.489826113929542,Clean
VREvent_Mouse_t,2,7.489826113929542,Clean
VREvent_Scroll_t,2,7.489826113929542,Clean
VREvent_TouchPadMove_t,2,7.489826113929542,Clean
VREvent_Notification_t,1,7.489826113929542,Clean
VREvent_Process_t,2,7.489826113929542,Clean
VREvent_Overlay_t,0,7.489826113929542,Clean
VREvent_Status_t,0,7.489826113929542,Clean
VREvent_Keyboard_t,2,7.489826113929542,Clean
VREvent_Ipd_t,0,7.489826113929542,Clean
VREvent_Chaperone_t,1,7.489826113929542,Clean
VREvent_Reserved_t,1,7.489826113929542,Clean
VREvent_PerformanceTest_t,0,7.489826113929542,Clean
VREvent_SeatedZeroPoseReset_t,0,7.489826113929542,Clean
VREvent_Screenshot_t,1,7.489826113929542,Clean
VREvent_ScreenshotProgress_t,0,7.489826113929542,Clean
VREvent_ApplicationLaunch_t,1,7.489826113929542,Clean
VREvent_EditingCameraSurface_t,1,7.489826113929542,Clean
VREvent_MessageOverlay_t,0,7.489826113929542,Clean
VREvent_Property_t,2,7.489826113929542,Clean
VREvent_t,4,7.489826113929542,Clean
HiddenAreaMesh_t,2,7.489826113929542,Clean
VRControllerAxis_t,2,7.489826113929542,Clean
VRControllerState_t,4,7.489826113929542,Clean
VRControllerState_t_Packed,4,7.489826113929542,Clean
Compositor_OverlaySettings,3,7.489826113929542,Clean
CameraVideoStreamFrameHeader_t,4,7.489826113929542,Clean
AppOverrideKeys_t,2,7.489826113929542,Clean
Compositor_FrameTiming,4,7.489826113929542,Clean
Compositor_CumulativeStats,3,7.489826113929542,Clean
VROverlayIntersectionParams_t,4,7.489826113929542,Clean
VROverlayIntersectionResults_t,4,7.489826113929542,Clean
IntersectionMaskRectangle_t,2,7.489826113929542,Clean
IntersectionMaskCircle_t,2,7.489826113929542,Clean
VROverlayIntersectionMaskPrimitive_t,3,7.489826113929542,Clean
RenderModel_ComponentState_t,4,7.489826113929542,Clean
RenderModel_Vertex_t,3,7.489826113929542,Clean
RenderModel_TextureMap_t,3,7.489826113929542,Clean
RenderModel_TextureMap_t_Packed,3,7.489826113929542,Clean
RenderModel_t,3,7.489826113929542,Clean
RenderModel_t_Packed,3,7.489826113929542,Clean
RenderModel_ControllerMode_State_t,1,7.489826113929542,Clean
NotificationBitmap_t,3,7.489826113929542,Clean
COpenVRContext,8,7.489826113929542,Fault_proner
OpenVR,9,7.489826113929542,Fault_proner
IVRSystem_duplicated,3,7.489826113929542,Clean
IVRExtendedDisplay_duplicated,2,7.489826113929542,Clean
IVRApplications_duplicated,3,7.489826113929542,Clean
IVRChaperone_duplicated,3,7.489826113929542,Clean
IVRChaperoneSetup_duplicated,3,7.489826113929542,Clean
IVRCompositor_duplicated,3,7.489826113929542,Clean
IVROverlay_duplicated,3,7.489826113929542,Clean
IVRRenderModels_duplicated,3,7.489826113929542,Clean
IVRNotifications_duplicated,1,7.489826113929542,Clean
IVRSettings_duplicated,3,7.489826113929542,Clean
IVRTrackedCamera_duplicated,3,7.489826113929542,Clean
CVRSystem_duplicated,6,7.489826113929542,Clean
CVRExtendedDisplay_duplicated,4,7.489826113929542,Clean
CVRApplications_duplicated,6,7.489826113929542,Clean
CVRChaperone_duplicated,6,7.489826113929542,Clean
CVRChaperoneSetup_duplicated,6,7.489826113929542,Clean
CVRCompositor_duplicated,6,7.489826113929542,Clean
CVROverlay_duplicated,6,7.489826113929542,Clean
CVRRenderModels_duplicated,6,7.489826113929542,Clean
CVRNotifications_duplicated,3,7.489826113929542,Clean
CVRSettings_duplicated,6,7.489826113929542,Clean
CVRTrackedCamera_duplicated,5,7.489826113929542,Clean
OpenVRInterop_duplicated,4,7.489826113929542,Clean
EVREye_duplicated,1,7.489826113929542,Clean
EGraphicsAPIConvention,1,7.489826113929542,Clean
EColorSpace_duplicated,1,7.489826113929542,Clean
ETrackingResult_duplicated,1,7.489826113929542,Clean
ETrackedDeviceClass_duplicated,1,7.489826113929542,Clean
ETrackedControllerRole_duplicated,1,7.489826113929542,Clean
ETrackingUniverseOrigin_duplicated,1,7.489826113929542,Clean
ETrackedDeviceProperty_duplicated,2,7.489826113929542,Clean
ETrackedPropertyError_duplicated,1,7.489826113929542,Clean
EVRSubmitFlags_duplicated,1,7.489826113929542,Clean
EVRState_duplicated,0,7.489826113929542,Clean
EVREventType_duplicated,2,7.489826113929542,Clean
EDeviceActivityLevel_duplicated,1,7.489826113929542,Clean
EVRButtonId_duplicated,1,7.489826113929542,Clean
EVRMouseButton_duplicated,0,7.489826113929542,Clean
EVRControllerAxisType_duplicated,1,7.489826113929542,Clean
EVRControllerEventOutputType_duplicated,0,7.489826113929542,Clean
ECollisionBoundsStyle_duplicated,0,7.489826113929542,Clean
EVROverlayError_duplicated,1,7.489826113929542,Clean
EVRApplicationType_duplicated,1,7.489826113929542,Clean
EVRFirmwareError_duplicated,1,7.489826113929542,Clean
EVRNotificationError_duplicated,1,7.489826113929542,Clean
EVRInitError_duplicated,2,7.489826113929542,Clean
EVRApplicationError_duplicated,1,7.489826113929542,Clean
EVRApplicationProperty_duplicated,1,7.489826113929542,Clean
EVRApplicationTransitionState_duplicated,1,7.489826113929542,Clean
ChaperoneCalibrationState_duplicated,1,7.489826113929542,Clean
EChaperoneConfigFile_duplicated,1,7.489826113929542,Clean
EChaperoneImportFlags_duplicated,0,7.489826113929542,Clean
EVRCompositorError_duplicated,1,7.489826113929542,Clean
VROverlayInputMethod_duplicated,1,7.489826113929542,Clean
VROverlayTransformType_duplicated,1,7.489826113929542,Clean
VROverlayFlags_duplicated,1,7.489826113929542,Clean
EGamepadTextInputMode_duplicated,0,7.489826113929542,Clean
EGamepadTextInputLineMode_duplicated,0,7.489826113929542,Clean
EOverlayDirection_duplicated,1,7.489826113929542,Clean
EVRRenderModelError_duplicated,1,7.489826113929542,Clean
EVRComponentProperty_duplicated,0,7.489826113929542,Clean
EVRNotificationType_duplicated,1,7.489826113929542,Clean
EVRNotificationStyle_duplicated,1,7.489826113929542,Clean
EVRSettingsError_duplicated,1,7.489826113929542,Clean
ECameraVideoStreamFormat,1,7.489826113929542,Clean
VREvent_Data_t_duplicated,3,7.489826113929542,Clean
HmdMatrix34_t_duplicated,3,7.489826113929542,Clean
HmdMatrix44_t_duplicated,3,7.489826113929542,Clean
HmdVector3_t_duplicated,3,7.489826113929542,Clean
HmdVector4_t_duplicated,2,7.489826113929542,Clean
HmdVector3d_t_duplicated,2,7.489826113929542,Clean
HmdVector2_t_duplicated,2,7.489826113929542,Clean
HmdQuaternion_t_duplicated,2,7.489826113929542,Clean
HmdColor_t_duplicated,3,7.489826113929542,Clean
HmdQuad_t_duplicated,4,7.489826113929542,Clean
HmdRect2_t_duplicated,3,7.489826113929542,Clean
DistortionCoordinates_t_duplicated,3,7.489826113929542,Clean
Texture_t_duplicated,4,7.489826113929542,Clean
TrackedDevicePose_t_duplicated,4,7.489826113929542,Clean
VRTextureBounds_t_duplicated,3,7.489826113929542,Clean
VREvent_Controller_t_duplicated,0,7.489826113929542,Clean
VREvent_Mouse_t_duplicated,2,7.489826113929542,Clean
VREvent_Scroll_t_duplicated,2,7.489826113929542,Clean
VREvent_TouchPadMove_t_duplicated,2,7.489826113929542,Clean
VREvent_Notification_t_duplicated,1,7.489826113929542,Clean
VREvent_Process_t_duplicated,2,7.489826113929542,Clean
VREvent_Overlay_t_duplicated,0,7.489826113929542,Clean
VREvent_Status_t_duplicated,0,7.489826113929542,Clean
VREvent_Keyboard_t_duplicated,1,7.489826113929542,Clean
VREvent_Ipd_t_duplicated,0,7.489826113929542,Clean
VREvent_Chaperone_t_duplicated,1,7.489826113929542,Clean
VREvent_Reserved_t_duplicated,1,7.489826113929542,Clean
VREvent_PerformanceTest_t_duplicated,0,7.489826113929542,Clean
VREvent_SeatedZeroPoseReset_t_duplicated,0,7.489826113929542,Clean
VREvent_t_duplicated,4,7.489826113929542,Clean
HiddenAreaMesh_t_duplicated,2,7.489826113929542,Clean
VRControllerAxis_t_duplicated,2,7.489826113929542,Clean
VRControllerState_t_duplicated,4,7.489826113929542,Clean
Compositor_OverlaySettings_duplicated,3,7.489826113929542,Clean
Compositor_FrameTiming_duplicated,4,7.489826113929542,Clean
VROverlayIntersectionParams_t_duplicated,4,7.489826113929542,Clean
VROverlayIntersectionResults_t_duplicated,4,7.489826113929542,Clean
RenderModel_ComponentState_t_duplicated,4,7.489826113929542,Clean
RenderModel_Vertex_t_duplicated,3,7.489826113929542,Clean
RenderModel_TextureMap_t_duplicated,2,7.489826113929542,Clean
RenderModel_t_duplicated,2,7.489826113929542,Clean
RenderModel_ControllerMode_State_t_duplicated,1,7.489826113929542,Clean
NotificationBitmap_t_duplicated,3,7.489826113929542,Clean
CameraVideoStreamFrame_t,4,7.489826113929542,Clean
COpenVRContext_duplicated,8,7.489826113929542,Fault_proner
OpenVR_duplicated,8,7.489826113929542,Fault_proner
Arrow_duplicated,7,7.489826113929542,Clean
ArrowNotch,2,7.489826113929542,Clean
ArrowSpawner,6,7.489826113929542,Clean
BowAim,8,7.489826113929542,Fault_proner
BowAnimation,1,7.489826113929542,Clean
BowHandle,4,7.489826113929542,Clean
Follow,2,7.489826113929542,Clean
AutoRotation,1,7.489826113929542,Clean
Breakable_Cube,4,7.489826113929542,Clean
ButtonReactor,3,7.489826113929542,Clean
Controller_Hand,5,7.489826113929542,Clean
Hands,1,7.489826113929542,Clean
Controller_Menu,5,7.489826113929542,Clean
ControlReactor,1,7.489826113929542,Clean
ExcludeTeleport,0,7.489826113929542,Clean
FireExtinguisher_Base,9,7.489826113929542,Fault_proner
FireExtinguisher_Sprayer,8,7.489826113929542,Fault_proner
Gun,4,7.489826113929542,Clean
HandLift,5,7.489826113929542,Clean
Lamp,4,7.489826113929542,Clean
LightSaber,7,7.489826113929542,Clean
Menu_Color_Changer,3,7.489826113929542,Clean
Menu_Container_Object_Colors,3,7.489826113929542,Clean
Menu_Object_Spawner,7,7.489826113929542,Clean
PrimitiveTypes,1,7.489826113929542,Clean
ModelVillage_TeleportLocation,2,7.489826113929542,Clean
Openable_Door,7,7.489826113929542,Clean
RC_Car,7,7.489826113929542,Clean
RC_Car_Controller,4,7.489826113929542,Clean
RealGun,8,7.489826113929542,Fault_proner
RealGun_SafetySwitch,6,7.489826113929542,Clean
RealGun_Slide,7,7.489826113929542,Clean
Remote_Beam,2,7.489826113929542,Clean
Remote_Beam_Controller,2,7.489826113929542,Clean
RendererOffOnDash,4,7.489826113929542,Clean
SnapDropZoneGroup_Switcher,3,7.489826113929542,Clean
Sphere_Spawner,3,7.489826113929542,Clean
Sword,7,7.489826113929542,Clean
UI_Interactions,4,7.489826113929542,Clean
UI_Keyboard,3,7.489826113929542,Clean
UseRotate,7,7.489826113929542,Clean
VRTK_ControllerAppearance_Example,5,7.489826113929542,Clean
VRTK_ControllerEvents_ListenerExample,4,7.489826113929542,Clean
VRTK_ControllerInteract_ListenerExample,4,7.489826113929542,Clean
VRTK_ControllerPointerEvents_ListenerExample,3,7.489826113929542,Clean
VRTK_ControllerUIPointerEvents_ListenerExample,4,7.489826113929542,Clean
VRTK_RoomExtender_ControllerExample,4,7.489826113929542,Clean
Whirlygig,4,7.489826113929542,Clean
Zipline,7,7.489826113929542,Clean
PanelMenuDemoFlyingSaucer,0,7.489826113929542,Clean
PanelMenuDemoSphere,0,7.489826113929542,Clean
PanelMenuUIGrid,5,7.489826113929542,Clean
Direction,1,7.489826113929542,Clean
PanelMenuUISlider,4,7.489826113929542,Clean
SceneChanger,4,7.489826113929542,Clean
VRTK_ConsoleViewer,6,7.489826113929542,Clean
VRTK_ControllerRigidbodyActivator,3,7.489826113929542,Clean
VRTK_ControllerTooltips,8,7.489826113929542,Fault_proner
TooltipButtons,1,7.489826113929542,Clean
VRTK_DestinationPoint,7,7.489826113929542,Clean
VRTK_FramesPerSecondViewer,4,7.489826113929542,Clean
VRTK_ObjectTooltip,7,7.489826113929542,Clean
SnapDropZoneEventArgs,1,7.489826113929542,Clean
VRTK_SnapDropZone,8,7.489826113929542,Fault_proner
SnapTypes,1,7.489826113929542,Clean
PanelMenuController,7,7.489826113929542,Clean
TouchpadPressPosition,1,7.489826113929542,Clean
PanelMenuItemControllerEventArgs,1,7.489826113929542,Clean
PanelMenuItemController,6,7.489826113929542,Clean
RadialButtonIcon,1,7.489826113929542,Clean
RadialMenu,8,7.489826113929542,Fault_proner
RadialMenuButton,3,7.489826113929542,Clean
ButtonEvent,1,7.489826113929542,Clean
UICircle,7,7.489826113929542,Clean
VRTK_IndependentRadialMenuController,7,7.489826113929542,Clean
RadialMenuController,6,7.489826113929542,Clean
VRTK_ContentHandler,5,7.489826113929542,Clean
VRTK_Button,8,7.489826113929542,Fault_proner
ButtonEvents,1,7.489826113929542,Clean
ButtonDirection,1,7.489826113929542,Clean
VRTK_Chest,7,7.489826113929542,Clean
Control3DEventArgs,2,7.489826113929542,Clean
VRTK_Control,9,7.489826113929542,Fault_proner
ValueChangedEvent,1,7.489826113929542,Clean
DefaultControlEvents,2,7.489826113929542,Clean
ControlValueRange,2,7.489826113929542,Clean
Direction_duplicated,1,7.489826113929542,Clean
VRTK_Door,7,7.489826113929542,Clean
VRTK_Drawer,7,7.489826113929542,Clean
VRTK_Knob,7,7.489826113929542,Clean
KnobDirection,1,7.489826113929542,Clean
VRTK_Lever,9,7.489826113929542,Fault_proner
LeverDirection,1,7.489826113929542,Clean
VRTK_Slider,7,7.489826113929542,Clean
VRTK_SpringLever,7,7.489826113929542,Clean
VRTK_Wheel,7,7.489826113929542,Clean
GrabTypes,1,7.489826113929542,Clean
VRTK_ControllerModelElementPaths,3,7.489826113929542,Clean
VRTK_ControllerElementHighlighers,4,7.489826113929542,Clean
ControllerActionsEventArgs,1,7.489826113929542,Clean
VRTK_ControllerActions,8,7.489826113929542,Fault_proner
ControllerInteractionEventArgs,3,7.489826113929542,Clean
VRTK_ControllerEvents,8,7.489826113929542,Fault_proner
ButtonAlias,1,7.489826113929542,Clean
InteractableObjectEventArgs,1,7.489826113929542,Clean
VRTK_InteractableObject,10,7.489826113929542,Fault_proner
AllowedController,1,7.489826113929542,Clean
ValidDropTypes,1,7.489826113929542,Clean
VRTK_InteractControllerAppearance,8,7.489826113929542,Fault_proner
VRTK_InteractGrab,8,7.489826113929542,Fault_proner
VRTK_InteractHaptics,8,7.489826113929542,Fault_proner
ObjectInteractEventArgs,2,7.489826113929542,Clean
VRTK_InteractTouch,7,7.489826113929542,Clean
VRTK_InteractUse,7,7.489826113929542,Clean
VRTK_ObjectAutoGrab,6,7.489826113929542,Clean
VRTK_ControllerTracker,1,7.489826113929542,Clean
Bezier,3,7.489826113929542,Clean
VRTK_CurveGenerator,8,7.489826113929542,Fault_proner
BezierControlPointMode,1,7.489826113929542,Clean
VRTK_EventSystem,7,7.489826113929542,Clean
VRTK_ObjectCache,4,7.489826113929542,Clean
VRTK_PlayerObject,5,7.489826113929542,Clean
ObjectTypes,1,7.489826113929542,Clean
VRTK_RoomExtender_PlayAreaGizmo,6,7.489826113929542,Clean
VRTK_ScreenFade,5,7.489826113929542,Clean
VRTKTrackedControllerEventArgs,2,7.489826113929542,Clean
VRTK_TrackedController,7,7.489826113929542,Clean
VRTK_TrackedHeadset,1,7.489826113929542,Clean
VRTK_UIGraphicRaycaster,7,7.489826113929542,Clean
VRTK_VRInputModule,6,7.489826113929542,Clean
VRTK_BaseObjectControlAction,8,7.489826113929542,Fault_proner
AxisListeners,1,7.489826113929542,Clean
VRTK_RotateObjectControlAction,2,7.489826113929542,Clean
VRTK_SlideObjectControlAction,6,7.489826113929542,Clean
VRTK_SnapRotateObjectControlAction,5,7.489826113929542,Clean
VRTK_WarpObjectControlAction,7,7.489826113929542,Clean
VRTK_BasicTeleport,9,7.489826113929542,Fault_proner
VRTK_ButtonControl,7,7.489826113929542,Clean
DashTeleportEventArgs,1,7.489826113929542,Clean
VRTK_DashTeleport,9,7.489826113929542,Fault_proner
VRTK_HeightAdjustTeleport,7,7.489826113929542,Clean
VRTK_MoveInPlace,7,7.489826113929542,Clean
ControlOptions,1,7.489826113929542,Clean
DirectionalMethod,1,7.489826113929542,Clean
ObjectControlEventArgs,3,7.489826113929542,Clean
VRTK_ObjectControl,9,7.489826113929542,Fault_proner
DirectionDevices,1,7.489826113929542,Clean
PlayerClimbEventArgs,2,7.489826113929542,Clean
VRTK_PlayerClimb,6,7.489826113929542,Clean
VRTK_RoomExtender,7,7.489826113929542,Clean
MovementFunction,1,7.489826113929542,Clean
VRTK_TeleportDisableOnControllerObscured,4,7.489826113929542,Clean
VRTK_TeleportDisableOnHeadsetCollision,4,7.489826113929542,Clean
VRTK_TouchpadControl,7,7.489826113929542,Clean
TouchpadMovementAxisEventArgs,3,7.489826113929542,Clean
VRTK_TouchpadMovement,6,7.489826113929542,Clean
VerticalAxisMovement,1,7.489826113929542,Clean
HorizontalAxisMovement,1,7.489826113929542,Clean
AxisMovementType,1,7.489826113929542,Clean
AxisMovementDirection,1,7.489826113929542,Clean
VRTK_TouchpadWalking,6,7.489826113929542,Clean
VRTK_BasePointerRenderer,9,7.489826113929542,Fault_proner
VisibilityStates,1,7.489826113929542,Clean
PointerOriginSmoothingSettings,3,7.489826113929542,Clean
VRTK_BezierPointerRenderer,7,7.489826113929542,Clean
VRTK_StraightPointerRenderer,7,7.489826113929542,Clean
VRTK_BasePointer,10,7.489826113929542,Fault_proner
pointerVisibilityStates,1,7.489826113929542,Clean
VRTK_BezierPointer,7,7.489826113929542,Clean
DestinationMarkerEventArgs,3,7.489826113929542,Clean
VRTK_DestinationMarker,8,7.489826113929542,Fault_proner
VRTK_PlayAreaCursor,8,7.489826113929542,Fault_proner
VRTK_PlayAreaCollider,6,7.489826113929542,Clean
VRTK_Pointer,9,7.489826113929542,Fault_proner
VRTK_SimplePointer,7,7.489826113929542,Clean
BodyPhysicsEventArgs,1,7.489826113929542,Clean
VRTK_BodyPhysics,9,7.489826113929542,Fault_proner
FallingRestrictors,1,7.489826113929542,Clean
HeadsetCollisionEventArgs,2,7.489826113929542,Clean
VRTK_HeadsetCollision,8,7.489826113929542,Fault_proner
VRTK_HeadsetCollider,6,7.489826113929542,Clean
VRTK_HeadsetCollisionFade,4,7.489826113929542,Clean
HeadsetControllerAwareEventArgs,2,7.489826113929542,Clean
VRTK_HeadsetControllerAware,8,7.489826113929542,Fault_proner
HeadsetFadeEventArgs,2,7.489826113929542,Clean
VRTK_HeadsetFade,7,7.489826113929542,Clean
VRTK_HipTracking,5,7.489826113929542,Clean
VRTK_PositionRewind,6,7.489826113929542,Clean
VRTK_UICanvas,7,7.489826113929542,Clean
VRTK_UIPointerAutoActivator,1,7.489826113929542,Clean
VRTK_UIDraggableItem,8,7.489826113929542,Fault_proner
VRTK_UIDropZone,4,7.489826113929542,Clean
UIPointerEventArgs,3,7.489826113929542,Clean
VRTK_UIPointer,8,7.489826113929542,Fault_proner
ActivationMethods,1,7.489826113929542,Clean
ClickMethods,1,7.489826113929542,Clean
VRTK_ObjectFollow,8,7.489826113929542,Fault_proner
VRTK_RigidbodyFollow,6,7.489826113929542,Clean
MovementOption,1,7.489826113929542,Clean
VRTK_TransformFollow,7,7.489826113929542,Clean
FollowMoment,1,7.489826113929542,Clean
VRTK_AdaptiveQuality,9,7.489826113929542,Fault_proner
AdaptiveSetting<T>,3,7.489826113929542,Clean
CommandLineArguments,3,7.489826113929542,Clean
KeyboardShortcuts,3,7.489826113929542,Clean
ShaderPropertyIDs,3,7.489826113929542,Clean
Timing,5,7.489826113929542,Clean
VRTK_DeviceFinder,6,7.489826113929542,Clean
Devices,1,7.489826113929542,Clean
Headsets,1,7.489826113929542,Clean
VRTK_PolicyList,8,7.489826113929542,Fault_proner
OperationTypes,1,7.489826113929542,Clean
CheckTypes,1,7.489826113929542,Clean
VRTK_SDKManager,8,7.489826113929542,Fault_proner
SupportedSDKs,1,7.489826113929542,Clean
VRTK_SDKDetails,3,7.489826113929542,Clean
VRTK_SharedMethods,6,7.489826113929542,Clean
VRTK_Simulator,6,7.489826113929542,Clean
Keys,3,7.489826113929542,Clean
SDK_BaseBoundaries,7,7.489826113929542,Clean
SDK_BaseController,7,7.489826113929542,Clean
ButtonPressTypes,1,7.489826113929542,Clean
ControllerElements,1,7.489826113929542,Clean
ControllerHand,1,7.489826113929542,Clean
SDK_ControllerHapticModifiers,2,7.489826113929542,Clean
SDK_BaseHeadset,7,7.489826113929542,Clean
SDK_BaseSystem,4,7.489826113929542,Clean
SDK_DaydreamBoundaries,1,7.489826113929542,Clean
SDK_DaydreamController,1,7.489826113929542,Clean
SDK_DaydreamHeadset,1,7.489826113929542,Clean
SDK_DaydreamSystem,1,7.489826113929542,Clean
SDK_FallbackBoundaries,6,7.489826113929542,Clean
SDK_FallbackController,7,7.489826113929542,Clean
SDK_FallbackHeadset,6,7.489826113929542,Clean
SDK_FallbackSystem,4,7.489826113929542,Clean
SDK_OculusVRBoundaries,1,7.489826113929542,Clean
SDK_OculusVRController,1,7.489826113929542,Clean
SDK_OculusVRHeadset,1,7.489826113929542,Clean
SDK_OculusVRSystem,1,7.489826113929542,Clean
SDK_ControllerSim,7,7.489826113929542,Clean
SDK_InputSimulator,6,7.489826113929542,Clean
SDK_SimBoundaries,1,7.489826113929542,Clean
SDK_SimController,1,7.489826113929542,Clean
SDK_SimHeadset,1,7.489826113929542,Clean
SDK_SimSystem,1,7.489826113929542,Clean
SDK_SteamVRBoundaries,5,7.489826113929542,Clean
SDK_SteamVRController,7,7.489826113929542,Clean
SDK_SteamVRHeadset,5,7.489826113929542,Clean
SDK_SteamVRSystem,4,7.489826113929542,Clean
VRTK_SDK_Bridge,7,7.489826113929542,Clean
VRTK_BaseGrabAttach,9,7.489826113929542,Fault_proner
VRTK_BaseJointGrabAttach,9,7.489826113929542,Fault_proner
VRTK_ChildOfControllerGrabAttach,6,7.489826113929542,Clean
VRTK_ClimbableGrabAttach,2,7.489826113929542,Clean
VRTK_CustomJointGrabAttach,5,7.489826113929542,Clean
VRTK_FixedJointGrabAttach,2,7.489826113929542,Clean
VRTK_RotatorTrackGrabAttach,4,7.489826113929542,Clean
VRTK_SpringJointGrabAttach,4,7.489826113929542,Clean
VRTK_TrackObjectGrabAttach,10,7.489826113929542,Fault_proner
VRTK_BaseHighlighter,8,7.489826113929542,Fault_proner
VRTK_MaterialColorSwapHighlighter,10,7.489826113929542,Fault_proner
VRTK_MaterialPropertyBlockColorSwapHighlighter,6,7.489826113929542,Clean
VRTK_OutlineObjectCopyHighlighter,8,7.489826113929542,Fault_proner
VRTK_AxisScaleGrabAction,8,7.489826113929542,Fault_proner
VRTK_BaseGrabAction,8,7.489826113929542,Fault_proner
VRTK_ControlDirectionGrabAction,8,7.489826113929542,Fault_proner
VRTK_SwapControllerGrabAction,1,7.489826113929542,Clean
VRTK_BasicTeleport_UnityEvents,6,7.489826113929542,Clean
UnityObjectEvent,1,7.489826113929542,Clean
VRTK_BodyPhysics_UnityEvents,6,7.489826113929542,Clean
VRTK_Button_UnityEvents,5,7.489826113929542,Clean
VRTK_Control_UnityEvents,5,7.489826113929542,Clean
VRTK_ControllerActions_UnityEvents,6,7.489826113929542,Clean
VRTK_ControllerEvents_UnityEvents,6,7.489826113929542,Clean
VRTK_DashTeleport_UnityEvents,6,7.489826113929542,Clean
VRTK_DestinationMarker_UnityEvents,6,7.489826113929542,Clean
VRTK_HeadsetCollision_UnityEvents,6,7.489826113929542,Clean
VRTK_HeadsetControllerAware_UnityEvents,6,7.489826113929542,Clean
VRTK_HeadsetFade_UnityEvents,6,7.489826113929542,Clean
VRTK_InteractableObject_UnityEvents,6,7.489826113929542,Clean
VRTK_InteractGrab_UnityEvents,6,7.489826113929542,Clean
VRTK_InteractTouch_UnityEvents,6,7.489826113929542,Clean
VRTK_InteractUse_UnityEvents,6,7.489826113929542,Clean
VRTK_ObjectControl_UnityEvents,6,7.489826113929542,Clean
VRTK_PlayerClimb_UnityEvents,6,7.489826113929542,Clean
VRTK_SnapDropZone_UnityEvents,6,7.489826113929542,Clean
VRTK_UIPointer_UnityEvents,6,7.489826113929542,Clean
LeanPool_Editor,3,7.489826113929542,Clean
ValveShaderGUI,6,7.489826113929542,Clean
BlendMode,1,7.489826113929542,Clean
SpecularMode,1,7.489826113929542,Clean
Styles,4,7.489826113929542,Clean
VRTK_AdaptiveQualityEditor,4,7.489826113929542,Clean
VRTK_EditorUtilities,3,7.489826113929542,Clean
VRTK_ObjectSetup,5,7.489826113929542,Clean
PrimaryGrab,1,7.489826113929542,Clean
SecondaryGrab,1,7.489826113929542,Clean
VRTK_PolicyListEditor,1,7.489826113929542,Clean
VRTK_SDKManagerEditor,5,7.489826113929542,Clean
RadialMenuInspector,1,7.489826113929542,Clean
