Component,Threshold,Cutoff,Status
BodyCollider,0,7.537781184776727,Clean
CircularDrive,6,7.537781184776727,Clean
Axis_t,0,7.537781184776727,Clean
ComplexThrowable,6,7.537781184776727,Clean
AttachMode,1,7.537781184776727,Clean
ControllerHoverHighlight,7,7.537781184776727,Clean
CustomEvents,0,7.537781184776727,Clean
UnityEventSingleFloat,0,7.537781184776727,Clean
UnityEventHand,1,7.537781184776727,Clean
DebugUI,2,7.537781184776727,Clean
DestroyOnDetachedFromHand,1,7.537781184776727,Clean
DestroyOnParticleSystemDeath,0,7.537781184776727,Clean
DestroyOnTriggerEnter,0,7.537781184776727,Clean
DistanceHaptics,2,7.537781184776727,Clean
DontDestroyOnLoad,0,7.537781184776727,Clean
EnumFlags,2,7.537781184776727,Clean
EnumFlagsPropertyDrawer,1,7.537781184776727,Clean
FallbackCameraController,5,7.537781184776727,Clean
Hand,9,7.537781184776727,Fault_proner
HandType,1,7.537781184776727,Clean
AttachmentFlags,1,7.537781184776727,Clean
AttachedObject,3,7.537781184776727,Clean
HandEditor,3,7.537781184776727,Clean
HapticRack,6,7.537781184776727,Clean
HideOnHandFocusLost,1,7.537781184776727,Clean
IgnoreHovering,1,7.537781184776727,Clean
InputModule,6,7.537781184776727,Clean
Interactable,2,7.537781184776727,Clean
InteractableButtonEvents,5,7.537781184776727,Clean
InteractableHoverEvents,4,7.537781184776727,Clean
ItemPackage,4,7.537781184776727,Clean
ItemPackageType,1,7.537781184776727,Clean
ItemPackageReference,2,7.537781184776727,Clean
ItemPackageSpawner,7,7.537781184776727,Clean
LinearAnimation,5,7.537781184776727,Clean
LinearAnimator,5,7.537781184776727,Clean
LinearAudioPitch,6,7.537781184776727,Clean
LinearBlendshape,4,7.537781184776727,Clean
LinearDisplacement,3,7.537781184776727,Clean
LinearDrive,6,7.537781184776727,Clean
LinearMapping,1,7.537781184776727,Clean
Player,9,7.537781184776727,Fault_proner
PlaySound,7,7.537781184776727,Clean
SeeThru,5,7.537781184776727,Clean
SleepOnAwake,0,7.537781184776727,Clean
SoundDeparent,0,7.537781184776727,Clean
SoundPlayOneshot,8,7.537781184776727,Fault_proner
SpawnAndAttachAfterControllerIsTracking,2,7.537781184776727,Clean
SpawnAndAttachToHand,3,7.537781184776727,Clean
SpawnRenderModel,5,7.537781184776727,Clean
Throwable,6,7.537781184776727,Clean
UIElement,5,7.537781184776727,Clean
UIElementEditor,2,7.537781184776727,Clean
Unparent,2,7.537781184776727,Clean
Util,8,7.537781184776727,Fault_proner
AfterTimer_Component,6,7.537781184776727,Clean
VelocityEstimator,7,7.537781184776727,Clean
ControllerButtonHints,9,7.537781184776727,Fault_proner
OffsetType,1,7.537781184776727,Clean
ButtonHintInfo,3,7.537781184776727,Clean
ArcheryTarget,6,7.537781184776727,Clean
Arrow,7,7.537781184776727,Clean
ArrowHand,7,7.537781184776727,Clean
ArrowheadRotation,0,7.537781184776727,Clean
Balloon,8,7.537781184776727,Fault_proner
BalloonColor,1,7.537781184776727,Clean
BalloonColliders,4,7.537781184776727,Clean
BalloonHapticBump,2,7.537781184776727,Clean
BalloonSpawner,7,7.537781184776727,Clean
ExplosionWobble,2,7.537781184776727,Clean
FireSource,7,7.537781184776727,Clean
Longbow,8,7.537781184776727,Fault_proner
Handedness,1,7.537781184776727,Clean
SoundBowClick,4,7.537781184776727,Clean
ControllerHintsExample,5,7.537781184776727,Clean
InteractableExample,5,7.537781184776727,Clean
AllowTeleportWhileAttachedToHand,2,7.537781184776727,Clean
ChaperoneInfo,6,7.537781184776727,Clean
IgnoreTeleportTrace,0,7.537781184776727,Clean
Teleport,9,7.537781184776727,Fault_proner
TeleportArc,8,7.537781184776727,Fault_proner
TeleportArea,9,7.537781184776727,Fault_proner
TeleportAreaEditor,3,7.537781184776727,Clean
TeleportMarkerBase,8,7.537781184776727,Fault_proner
TeleportPoint,10,7.537781184776727,Fault_proner
TeleportPointType,1,7.537781184776727,Clean
TeleportPointEditor,3,7.537781184776727,Clean
Add_HeadsetCollisionFade,1,7.537781184776727,Clean
SceneChanger,4,7.537781184776727,Clean
Setup_Scene_031,1,7.537781184776727,Clean
Setup_Scene_034,1,7.537781184776727,Clean
ArrowNotch,2,7.537781184776727,Clean
ArrowSpawner,6,7.537781184776727,Clean
BowAim,8,7.537781184776727,Fault_proner
BowAnimation,2,7.537781184776727,Clean
BowHandle,4,7.537781184776727,Clean
Follow,2,7.537781184776727,Clean
AutoRotation,1,7.537781184776727,Clean
Breakable_Cube,4,7.537781184776727,Clean
ButtonReactor,2,7.537781184776727,Clean
Controller_Hand,5,7.537781184776727,Clean
Hands,1,7.537781184776727,Clean
Controller_Menu,5,7.537781184776727,Clean
ControlReactor,1,7.537781184776727,Clean
ExcludeTeleport,0,7.537781184776727,Clean
Gun,5,7.537781184776727,Clean
Lamp,4,7.537781184776727,Clean
LightSaber,7,7.537781184776727,Clean
Menu_Color_Changer,4,7.537781184776727,Clean
Menu_Container_Object_Colors,4,7.537781184776727,Clean
Menu_Object_Spawner,7,7.537781184776727,Clean
PrimitiveTypes,1,7.537781184776727,Clean
ModelVillage_TeleportLocation,2,7.537781184776727,Clean
Openable_Door,8,7.537781184776727,Fault_proner
RC_Car,7,7.537781184776727,Clean
RC_Car_Controller,4,7.537781184776727,Clean
Remote_Beam,3,7.537781184776727,Clean
Remote_Beam_Controller,2,7.537781184776727,Clean
RendererOffOnDash,4,7.537781184776727,Clean
Sphere_Spawner,3,7.537781184776727,Clean
Sword,7,7.537781184776727,Clean
UI_Interactions,5,7.537781184776727,Clean
UI_Keyboard,3,7.537781184776727,Clean
UseRotate,7,7.537781184776727,Clean
VRTK_ControllerAppearance_Example,5,7.537781184776727,Clean
VRTK_ControllerEvents_ListenerExample,4,7.537781184776727,Clean
VRTK_ControllerInteract_ListenerExample,4,7.537781184776727,Clean
VRTK_ControllerPointerEvents_ListenerExample,3,7.537781184776727,Clean
VRTK_ControllerUIPointerEvents_ListenerExample,3,7.537781184776727,Clean
VRTK_RoomExtender_ControllerExample,4,7.537781184776727,Clean
Whirlygig,4,7.537781184776727,Clean
DestinationMarkerEventArgs,3,7.537781184776727,Clean
VRTK_DestinationMarker,8,7.537781184776727,Fault_proner
VRTK_WorldPointer,10,7.537781184776727,Fault_proner
pointerVisibilityStates,1,7.537781184776727,Clean
VRTK_PlayAreaCollider,6,7.537781184776727,Clean
RadialButtonIcon,1,7.537781184776727,Clean
RadialMenu,8,7.537781184776727,Fault_proner
RadialMenuButton,3,7.537781184776727,Clean
ButtonEvent,1,7.537781184776727,Clean
UICircle,7,7.537781184776727,Clean
VRTK_IndependentRadialMenuController,8,7.537781184776727,Fault_proner
RadialMenuController,7,7.537781184776727,Clean
VRTK_ContentHandler,5,7.537781184776727,Clean
VRTK_Button,8,7.537781184776727,Fault_proner
ButtonDirection,1,7.537781184776727,Clean
ButtonEvents,1,7.537781184776727,Clean
VRTK_Chest,7,7.537781184776727,Clean
VRTK_Door,7,7.537781184776727,Clean
VRTK_Drawer,7,7.537781184776727,Clean
VRTK_Knob,7,7.537781184776727,Clean
KnobDirection,1,7.537781184776727,Clean
VRTK_Lever,9,7.537781184776727,Fault_proner
LeverDirection,1,7.537781184776727,Clean
VRTK_Slider,7,7.537781184776727,Clean
VRTK_Spring_Lever,6,7.537781184776727,Clean
VRTK_Control,8,7.537781184776727,Fault_proner
Direction,1,7.537781184776727,Clean
ValueChangedEvent,1,7.537781184776727,Clean
DefaultControlEvents,2,7.537781184776727,Clean
ControlValueRange,2,7.537781184776727,Clean
VRTK_ConsoleViewer,6,7.537781184776727,Clean
Bezier,4,7.537781184776727,Clean
CurveGenerator,8,7.537781184776727,Fault_proner
BezierControlPointMode,1,7.537781184776727,Clean
VRTK_DeviceFinder,6,7.537781184776727,Clean
Devices,1,7.537781184776727,Clean
ControllerHand,1,7.537781184776727,Clean
VRTK_FramesPerSecondViewer,4,7.537781184776727,Clean
Utilities,6,7.537781184776727,Clean
VRTK_EventSystemVRInput,6,7.537781184776727,Clean
VRTK_ObjectCache,4,7.537781184776727,Clean
VRTK_PlayerObject,2,7.537781184776727,Clean
ObjectTypes,1,7.537781184776727,Clean
VRTK_RoomExtender_PlayAreaGizmo,6,7.537781184776727,Clean
VRTK_UIGraphicRaycaster,8,7.537781184776727,Fault_proner
VRGraphic,3,7.537781184776727,Clean
VRTK_AdaptiveQuality,9,7.537781184776727,Fault_proner
CommandLineArguments,3,7.537781184776727,Clean
ShaderPropertyIDs,3,7.537781184776727,Clean
VRTK_BasicTeleport,9,7.537781184776727,Fault_proner
VRTK_BezierPointer,8,7.537781184776727,Fault_proner
VRTK_ControllerModelElementPaths,3,7.537781184776727,Clean
VRTK_ControllerElementHighlighers,4,7.537781184776727,Clean
ControllerActionsEventArgs,1,7.537781184776727,Clean
VRTK_ControllerActions,8,7.537781184776727,Fault_proner
ControllerInteractionEventArgs,3,7.537781184776727,Clean
VRTK_ControllerEvents,8,7.537781184776727,Fault_proner
ButtonAlias,1,7.537781184776727,Clean
VRTK_ControllerTooltips,8,7.537781184776727,Fault_proner
TooltipButtons,1,7.537781184776727,Clean
DashTeleportEventArgs,1,7.537781184776727,Clean
VRTK_DashTeleport,9,7.537781184776727,Fault_proner
HeadsetCollisionEventArgs,2,7.537781184776727,Clean
VRTK_HeadsetCollision,8,7.537781184776727,Fault_proner
VRTK_HeadsetCollisionFade,5,7.537781184776727,Clean
HeadsetFadeEventArgs,2,7.537781184776727,Clean
VRTK_HeadsetFade,6,7.537781184776727,Clean
VRTK_HeightAdjustTeleport,9,7.537781184776727,Fault_proner
FallingRestrictors,1,7.537781184776727,Clean
InteractableObjectEventArgs,1,7.537781184776727,Clean
VRTK_InteractableObject,9,7.537781184776727,Fault_proner
GrabAttachType,1,7.537781184776727,Clean
AllowedController,1,7.537781184776727,Clean
ControllerHideMode,1,7.537781184776727,Clean
VRTK_InteractGrab,8,7.537781184776727,Fault_proner
ObjectInteractEventArgs,2,7.537781184776727,Clean
VRTK_InteractTouch,8,7.537781184776727,Fault_proner
VRTK_InteractUse,8,7.537781184776727,Fault_proner
VRTK_ObjectAutoGrab,5,7.537781184776727,Clean
VRTK_ObjectTooltip,7,7.537781184776727,Clean
PlayerClimbEventArgs,2,7.537781184776727,Clean
VRTK_PlayerClimb,7,7.537781184776727,Clean
PlayerPresenceEventArgs,1,7.537781184776727,Clean
VRTK_PlayerPresence,8,7.537781184776727,Fault_proner
VRTK_RoomExtender,7,7.537781184776727,Clean
MovementFunction,1,7.537781184776727,Clean
VRTK_SimplePointer,8,7.537781184776727,Fault_proner
VRTK_Simulator,6,7.537781184776727,Clean
Keys,3,7.537781184776727,Clean
VRTK_TagOrScriptPolicyList,8,7.537781184776727,Fault_proner
OperationTypes,1,7.537781184776727,Clean
CheckTypes,1,7.537781184776727,Clean
VRTK_TeleportDisableOnHeadsetCollision,4,7.537781184776727,Clean
VRTK_TouchpadWalking,7,7.537781184776727,Clean
UIPointerEventArgs,3,7.537781184776727,Clean
VRTK_UIPointer,8,7.537781184776727,Fault_proner
ActivationMethods,1,7.537781184776727,Clean
VRTK_SDK_Bridge,8,7.537781184776727,Fault_proner
ButtonPressTypes,1,7.537781184776727,Clean
VRTK_BasicTeleport_UnityEvents,6,7.537781184776727,Clean
UnityObjectEvent,1,7.537781184776727,Clean
VRTK_ControllerActions_UnityEvents,6,7.537781184776727,Clean
VRTK_ControllerEvents_UnityEvents,6,7.537781184776727,Clean
VRTK_DashTeleport_UnityEvents,6,7.537781184776727,Clean
VRTK_DestinationMarker_UnityEvents,6,7.537781184776727,Clean
VRTK_HeadsetCollision_UnityEvents,6,7.537781184776727,Clean
VRTK_HeadsetFade_UnityEvents,6,7.537781184776727,Clean
VRTK_InteractableObject_UnityEvents,6,7.537781184776727,Clean
VRTK_InteractGrab_UnityEvents,6,7.537781184776727,Clean
VRTK_InteractTouch_UnityEvents,6,7.537781184776727,Clean
VRTK_InteractUse_UnityEvents,6,7.537781184776727,Clean
VRTK_PlayerClimb_UnityEvents,6,7.537781184776727,Clean
VRTK_PlayerPresence_UnityEvents,6,7.537781184776727,Clean
VRTK_UIPointer_UnityEvents,6,7.537781184776727,Clean
VRTK_BaseHighlighter,6,7.537781184776727,Clean
VRTK_MaterialColorSwapHighlighter,6,7.537781184776727,Clean
VRTK_OutlineObjectCopyHighlighter,8,7.537781184776727,Fault_proner
IVRSystem,3,7.537781184776727,Clean
IVRExtendedDisplay,2,7.537781184776727,Clean
IVRTrackedCamera,3,7.537781184776727,Clean
IVRApplications,3,7.537781184776727,Clean
IVRChaperone,3,7.537781184776727,Clean
IVRChaperoneSetup,3,7.537781184776727,Clean
IVRCompositor,3,7.537781184776727,Clean
IVROverlay,3,7.537781184776727,Clean
IVRRenderModels,3,7.537781184776727,Clean
IVRNotifications,1,7.537781184776727,Clean
IVRSettings,3,7.537781184776727,Clean
IVRScreenshots,2,7.537781184776727,Clean
IVRResources,1,7.537781184776727,Clean
CVRSystem,6,7.537781184776727,Clean
GetControllerStateUnion,2,7.537781184776727,Clean
GetControllerStateWithPoseUnion,2,7.537781184776727,Clean
CVRExtendedDisplay,4,7.537781184776727,Clean
CVRTrackedCamera,6,7.537781184776727,Clean
CVRApplications,6,7.537781184776727,Clean
CVRChaperone,6,7.537781184776727,Clean
CVRChaperoneSetup,6,7.537781184776727,Clean
CVRCompositor,6,7.537781184776727,Clean
CVROverlay,6,7.537781184776727,Clean
CVRRenderModels,6,7.537781184776727,Clean
GetComponentStateUnion,2,7.537781184776727,Clean
CVRNotifications,3,7.537781184776727,Clean
CVRSettings,6,7.537781184776727,Clean
CVRScreenshots,6,7.537781184776727,Clean
CVRResources,3,7.537781184776727,Clean
OpenVRInterop,4,7.537781184776727,Clean
EVREye,1,7.537781184776727,Clean
ETextureType,1,7.537781184776727,Clean
EColorSpace,1,7.537781184776727,Clean
ETrackingResult,1,7.537781184776727,Clean
ETrackedDeviceClass,1,7.537781184776727,Clean
ETrackedControllerRole,1,7.537781184776727,Clean
ETrackingUniverseOrigin,1,7.537781184776727,Clean
ETrackedDeviceProperty,2,7.537781184776727,Clean
ETrackedPropertyError,1,7.537781184776727,Clean
EVRSubmitFlags,1,7.537781184776727,Clean
EVRState,0,7.537781184776727,Clean
EVREventType,2,7.537781184776727,Clean
EDeviceActivityLevel,1,7.537781184776727,Clean
EVRButtonId,1,7.537781184776727,Clean
EVRMouseButton,0,7.537781184776727,Clean
EHiddenAreaMeshType,1,7.537781184776727,Clean
EVRControllerAxisType,1,7.537781184776727,Clean
EVRControllerEventOutputType,0,7.537781184776727,Clean
ECollisionBoundsStyle,0,7.537781184776727,Clean
EVROverlayError,1,7.537781184776727,Clean
EVRApplicationType,1,7.537781184776727,Clean
EVRFirmwareError,1,7.537781184776727,Clean
EVRNotificationError,1,7.537781184776727,Clean
EVRInitError,2,7.537781184776727,Clean
EVRScreenshotType,1,7.537781184776727,Clean
EVRScreenshotPropertyFilenames,1,7.537781184776727,Clean
EVRTrackedCameraError,1,7.537781184776727,Clean
EVRTrackedCameraFrameType,1,7.537781184776727,Clean
EVRApplicationError,1,7.537781184776727,Clean
EVRApplicationProperty,1,7.537781184776727,Clean
EVRApplicationTransitionState,1,7.537781184776727,Clean
ChaperoneCalibrationState,1,7.537781184776727,Clean
EChaperoneConfigFile,1,7.537781184776727,Clean
EChaperoneImportFlags,0,7.537781184776727,Clean
EVRCompositorError,1,7.537781184776727,Clean
VROverlayInputMethod,1,7.537781184776727,Clean
VROverlayTransformType,1,7.537781184776727,Clean
VROverlayFlags,1,7.537781184776727,Clean
VRMessageOverlayResponse,1,7.537781184776727,Clean
EGamepadTextInputMode,0,7.537781184776727,Clean
EGamepadTextInputLineMode,0,7.537781184776727,Clean
EOverlayDirection,1,7.537781184776727,Clean
EVROverlayIntersectionMaskPrimitiveType,1,7.537781184776727,Clean
EVRRenderModelError,1,7.537781184776727,Clean
EVRComponentProperty,0,7.537781184776727,Clean
EVRNotificationType,1,7.537781184776727,Clean
EVRNotificationStyle,1,7.537781184776727,Clean
EVRSettingsError,1,7.537781184776727,Clean
EVRScreenshotError,1,7.537781184776727,Clean
VREvent_Data_t,3,7.537781184776727,Clean
VROverlayIntersectionMaskPrimitive_Data_t,2,7.537781184776727,Clean
HmdMatrix34_t,3,7.537781184776727,Clean
HmdMatrix44_t,3,7.537781184776727,Clean
HmdVector3_t,3,7.537781184776727,Clean
HmdVector4_t,2,7.537781184776727,Clean
HmdVector3d_t,2,7.537781184776727,Clean
HmdVector2_t,2,7.537781184776727,Clean
HmdQuaternion_t,2,7.537781184776727,Clean
HmdColor_t,3,7.537781184776727,Clean
HmdQuad_t,4,7.537781184776727,Clean
HmdRect2_t,3,7.537781184776727,Clean
DistortionCoordinates_t,3,7.537781184776727,Clean
Texture_t,4,7.537781184776727,Clean
TrackedDevicePose_t,4,7.537781184776727,Clean
VRTextureBounds_t,3,7.537781184776727,Clean
VRVulkanTextureData_t,2,7.537781184776727,Clean
D3D12TextureData_t,2,7.537781184776727,Clean
VREvent_Controller_t,0,7.537781184776727,Clean
VREvent_Mouse_t,2,7.537781184776727,Clean
VREvent_Scroll_t,2,7.537781184776727,Clean
VREvent_TouchPadMove_t,2,7.537781184776727,Clean
VREvent_Notification_t,1,7.537781184776727,Clean
VREvent_Process_t,2,7.537781184776727,Clean
VREvent_Overlay_t,0,7.537781184776727,Clean
VREvent_Status_t,0,7.537781184776727,Clean
VREvent_Keyboard_t,2,7.537781184776727,Clean
VREvent_Ipd_t,0,7.537781184776727,Clean
VREvent_Chaperone_t,1,7.537781184776727,Clean
VREvent_Reserved_t,1,7.537781184776727,Clean
VREvent_PerformanceTest_t,0,7.537781184776727,Clean
VREvent_SeatedZeroPoseReset_t,0,7.537781184776727,Clean
VREvent_Screenshot_t,1,7.537781184776727,Clean
VREvent_ScreenshotProgress_t,0,7.537781184776727,Clean
VREvent_ApplicationLaunch_t,1,7.537781184776727,Clean
VREvent_EditingCameraSurface_t,1,7.537781184776727,Clean
VREvent_MessageOverlay_t,0,7.537781184776727,Clean
VREvent_Property_t,2,7.537781184776727,Clean
VREvent_t,4,7.537781184776727,Clean
HiddenAreaMesh_t,2,7.537781184776727,Clean
VRControllerAxis_t,2,7.537781184776727,Clean
VRControllerState_t,4,7.537781184776727,Clean
VRControllerState_t_Packed,5,7.537781184776727,Clean
Compositor_OverlaySettings,3,7.537781184776727,Clean
CameraVideoStreamFrameHeader_t,4,7.537781184776727,Clean
AppOverrideKeys_t,2,7.537781184776727,Clean
Compositor_FrameTiming,4,7.537781184776727,Clean
Compositor_CumulativeStats,3,7.537781184776727,Clean
VROverlayIntersectionParams_t,4,7.537781184776727,Clean
VROverlayIntersectionResults_t,4,7.537781184776727,Clean
IntersectionMaskRectangle_t,2,7.537781184776727,Clean
IntersectionMaskCircle_t,2,7.537781184776727,Clean
VROverlayIntersectionMaskPrimitive_t,3,7.537781184776727,Clean
RenderModel_ComponentState_t,4,7.537781184776727,Clean
RenderModel_Vertex_t,3,7.537781184776727,Clean
RenderModel_TextureMap_t,3,7.537781184776727,Clean
RenderModel_TextureMap_t_Packed,4,7.537781184776727,Clean
RenderModel_t,3,7.537781184776727,Clean
RenderModel_t_Packed,4,7.537781184776727,Clean
RenderModel_ControllerMode_State_t,1,7.537781184776727,Clean
NotificationBitmap_t,3,7.537781184776727,Clean
COpenVRContext,8,7.537781184776727,Fault_proner
OpenVR,9,7.537781184776727,Fault_proner
VRTK_AdaptiveQualityEditor,5,7.537781184776727,Clean
VRTK_EditorUtilities,2,7.537781184776727,Clean
VRTK_InteractableObjectEditor,5,7.537781184776727,Clean
RadialMenuInspector,2,7.537781184776727,Clean
