Component,Threshold,Cutoff,Status
EonSpinner,2,8.309414032821289,Clean
SyncFacing,1,8.309414032821289,Clean
SyncOrbit,1,8.309414032821289,Clean
DynamicWindColorEffector,4,8.309414032821289,Clean
DynamicWindColorResponder,7,8.309414032821289,Clean
GlobalDynamicWindColorSimple,7,8.309414032821289,Clean
SimpleCustomFog,1,8.309414032821289,Clean
Fog,3,8.309414032821289,Clean
MessageSign,6,8.309414032821289,Clean
CombineMeshFilters,1,8.309414032821289,Clean
AudioFader,4,8.309414032821289,Clean
JumpToPage,8,8.309414032821289,Clean
PagedScrollBar,5,8.309414032821289,Clean
PagedScrollRect,9,8.309414032821289,Fault_proner
SnapDirection,1,8.309414032821289,Clean
ChildrenPageProvider,3,8.309414032821289,Clean
IPageProvider,3,8.309414032821289,Clean
PooledPageProvider,7,8.309414032821289,Clean
PrefabPageProvider,4,8.309414032821289,Clean
BaseScrollEffect,3,8.309414032821289,Clean
UpdateData,3,8.309414032821289,Clean
BaseTile,9,8.309414032821289,Fault_proner
FadeScrollEffect,2,8.309414032821289,Clean
FloatTile,8,8.309414032821289,Clean
MaskedTile,8,8.309414032821289,Clean
ScaleScrollEffect,2,8.309414032821289,Clean
TiledPage,8,8.309414032821289,Clean
TileOrderBy,1,8.309414032821289,Clean
TileScrollEffect,2,8.309414032821289,Clean
TranslateScrollEffect,4,8.309414032821289,Clean
GameObjectPool,5,8.309414032821289,Clean
GameObjectPoolController,4,8.309414032821289,Clean
IObjectPool,3,8.309414032821289,Clean
ObjectPool<T>,6,8.309414032821289,Clean
ObjectPoolManager,5,8.309414032821289,Clean
Tab,6,8.309414032821289,Clean
TabGroup,3,8.309414032821289,Clean
IUITransition,2,8.309414032821289,Clean
UIFadeTransition,6,8.309414032821289,Clean
AssetTree,9,8.309414032821289,Fault_proner
Node,2,8.309414032821289,Clean
SerializedNode,3,8.309414032821289,Clean
ReorientOnLoad,1,8.309414032821289,Clean
IconState,1,8.309414032821289,Clean
IconRelationship,1,8.309414032821289,Clean
IconValue,7,8.309414032821289,Clean
EasingFunction,1,8.309414032821289,Clean
CustomizeArmModelUI,7,8.309414032821289,Clean
FollowObjectRotation,0,8.309414032821289,Clean
ScalarSliderUI,6,8.309414032821289,Clean
VectorSlidersUI,7,8.309414032821289,Clean
EasingFunctions,2,8.309414032821289,Clean
EnablePointerController,0,8.309414032821289,Clean
FadeControllerVisual,2,8.309414032821289,Clean
HideByScale,3,8.309414032821289,Clean
Mirror,6,8.309414032821289,Clean
OnPreRenderCallback,1,8.309414032821289,Clean
SetActiveAnimated,6,8.309414032821289,Clean
Entry,3,8.309414032821289,Clean
Trail,7,8.309414032821289,Clean
Section,2,8.309414032821289,Clean
Shape,1,8.309414032821289,Clean
VisualizeArmModel,7,8.309414032821289,Clean
Joint,1,8.309414032821289,Clean
ModeController,3,8.309414032821289,Clean
Mode,1,8.309414032821289,Clean
ModeData,3,8.309414032821289,Clean
ModeSelector,7,8.309414032821289,Clean
Ball,10,8.309414032821289,Fault_proner
BallGrabber,2,8.309414032821289,Clean
BallReturner,1,8.309414032821289,Clean
BallSpawner,8,8.309414032821289,Clean
Projectile,4,8.309414032821289,Clean
ProjectileSplat,3,8.309414032821289,Clean
Zapper,7,8.309414032821289,Clean
IArmModelVisualProvider,3,8.309414032821289,Clean
SwingArmModel,2,8.309414032821289,Clean
TransitionArmModel,8,8.309414032821289,Clean
ArmTransitionInfo,2,8.309414032821289,Clean
Throwable,3,8.309414032821289,Clean
ThrowController,8,8.309414032821289,Clean
CoinGenerator,7,8.309414032821289,Clean
CollectibleCoin,6,8.309414032821289,Clean
FoxPositionedCharacter,4,8.309414032821289,Clean
LaserOriginVisual,3,8.309414032821289,Clean
ScoreTracker,2,8.309414032821289,Clean
BasePositionedCharacter,6,8.309414032821289,Clean
CharacterPositionPointer,9,8.309414032821289,Fault_proner
ChaseCam,9,8.309414032821289,Fault_proner
GroundPositionedCharacter,7,8.309414032821289,Clean
Painter,9,8.309414032821289,Fault_proner
Stroke,3,8.309414032821289,Clean
PainterStroke,7,8.309414032821289,Clean
ClickMenuIcon,8,8.309414032821289,Clean
FadeParameters,4,8.309414032821289,Clean
ClickMenuItem,4,8.309414032821289,Clean
ClickMenuRoot,8,8.309414032821289,Clean
GvrMenuActivationButton,1,8.309414032821289,Clean
ClickMenuTree,2,8.309414032821289,Clean
MenuSounds,4,8.309414032821289,Clean
ModelManager,4,8.309414032821289,Clean
ConstellationMenuIcon,8,8.309414032821289,Clean
FadeParameters_duplicated,4,8.309414032821289,Clean
ConstellationMenuItem,4,8.309414032821289,Clean
ConstellationMenuRoot,8,8.309414032821289,Clean
ConstellationMenuItemEvent,1,8.309414032821289,Clean
GvrMenuActivationButton_duplicated,1,8.309414032821289,Clean
GvrMenuActivationMode,0,8.309414032821289,Clean
ConstellationMenuTree,3,8.309414032821289,Clean
CustomCenterOfMass,0,8.309414032821289,Clean
DoorAudio,4,8.309414032821289,Clean
ObjectState,1,8.309414032821289,Clean
DrawerAudio,4,8.309414032821289,Clean
HighlightOnHover,5,8.309414032821289,Clean
InteractiveSign,6,8.309414032821289,Clean
MoveablePhysicsObjectAudio,5,8.309414032821289,Clean
BaseInteractiveObject,10,8.309414032821289,Fault_proner
MotionMode,1,8.309414032821289,Clean
Axis,0,8.309414032821289,Clean
DrawerConstraint,8,8.309414032821289,Clean
FlexLaserVisual,7,8.309414032821289,Clean
FlexReticle,5,8.309414032821289,Clean
HingeConstraint,8,8.309414032821289,Clean
MoveablePhysicsObject,8,8.309414032821289,Clean
ObjectManipulationPointer,9,8.309414032821289,Fault_proner
SimpleInteractiveObject,6,8.309414032821289,Clean
TintOnSelected,3,8.309414032821289,Clean
Balloon,7,8.309414032821289,Clean
BalloonSpawner,5,8.309414032821289,Clean
ColorUtil,4,8.309414032821289,Clean
Type,1,8.309414032821289,Clean
ExplodedQuad,1,8.309414032821289,Clean
Launcher,2,8.309414032821289,Clean
PaperPlaneSpawner,3,8.309414032821289,Clean
PopSound,0,8.309414032821289,Clean
RigidPaperAirplane,4,8.309414032821289,Clean
Ring,1,8.309414032821289,Clean
Sign,5,8.309414032821289,Clean
SwipeMenu,6,8.309414032821289,Clean
MenuSprites,2,8.309414032821289,Clean
TeleportPlaygroundEffector,2,8.309414032821289,Clean
DisableMessageSignWhileTeleporting,1,8.309414032821289,Clean
ArcTeleportDetector,8,8.309414032821289,Clean
BaseTeleportDetector,5,8.309414032821289,Clean
Result,3,8.309414032821289,Clean
LinearTeleportDetector,3,8.309414032821289,Clean
TargetGlowScaler,4,8.309414032821289,Clean
TeleportController,8,8.309414032821289,Clean
BaseTeleportTransition,4,8.309414032821289,Clean
LinearTeleportTransition,4,8.309414032821289,Clean
ArcTeleportVisualizer,9,8.309414032821289,Fault_proner
BaseTeleportVisualizer,5,8.309414032821289,Clean
BaseVignetteController,6,8.309414032821289,Clean
FadeVignetteController,8,8.309414032821289,Clean
FirstPersonTunnelingLocomotion,7,8.309414032821289,Clean
TunnelingVignette,7,8.309414032821289,Clean
LevelSelectButtonData,3,8.309414032821289,Clean
LevelSelectHierarchyData,2,8.309414032821289,Clean
ArmModelsLevelSelectResponder,7,8.309414032821289,Clean
BaseLevelSelectResponder,6,8.309414032821289,Clean
ChaseCamLevelSelectResponder,4,8.309414032821289,Clean
ClickMenuLevelSelectResponder,4,8.309414032821289,Clean
ConstellationMenuLevelSelectResponder,4,8.309414032821289,Clean
DaydreamRendererLevelSelectResponder,5,8.309414032821289,Clean
ObjectManipulationLevelSelectResponder,4,8.309414032821289,Clean
SwipeMenuLevelSelectResponder,4,8.309414032821289,Clean
TeleportLevelSelectResponder,5,8.309414032821289,Clean
TunnelingLevelSelectResponder,3,8.309414032821289,Clean
Breadcrumb,8,8.309414032821289,Clean
BreadcrumbBackground,0,8.309414032821289,Clean
BreadcrumbData,2,8.309414032821289,Clean
BreadcrumbTrail,7,8.309414032821289,Clean
LevelSelectButton,6,8.309414032821289,Clean
LevelSelectController,8,8.309414032821289,Clean
MenuState,1,8.309414032821289,Clean
LevelSelectPage,5,8.309414032821289,Clean
LevelSelectPageProvider,9,8.309414032821289,Fault_proner
CheckBuildScenes,4,8.309414032821289,Clean
QuitOnCloseButton,0,8.309414032821289,Clean
SceneHelpers,2,8.309414032821289,Clean
ScreenFade,8,8.309414032821289,Clean
BakeFilter,2,8.309414032821289,Clean
Filter,1,8.309414032821289,Clean
DaydreamVertexLighting,9,8.309414032821289,Fault_proner
BVH,2,8.309414032821289,Clean
SamplePatch,3,8.309414032821289,Clean
Version,1,8.309414032821289,Clean
BVHNode_FBWrapper,7,8.309414032821289,Clean
FBSConstants,1,8.309414032821289,Clean
FBSWrapper<T>,3,8.309414032821289,Clean
MeshCacheWrapper,7,8.309414032821289,Clean
BakeData,9,8.309414032821289,Fault_proner
BakeSets,4,8.309414032821289,Clean
DDRSettings,9,8.309414032821289,Fault_proner
Constants,2,8.309414032821289,Clean
TessLevel,1,8.309414032821289,Clean
LightEntry,2,8.309414032821289,Clean
LightEntryCompare,2,8.309414032821289,Clean
BakeSettings,8,8.309414032821289,Clean
ColorCubeFaces,3,8.309414032821289,Clean
AmbientColorMode,1,8.309414032821289,Clean
GradientColorIndex,2,8.309414032821289,Clean
TessellationDefaults,3,8.309414032821289,Clean
MeshContainer,2,8.309414032821289,Clean
VertexDebugState,3,8.309414032821289,Clean
BVHTest,6,8.309414032821289,Clean
TriangleTest,5,8.309414032821289,Clean
TypeExtensions,6,8.309414032821289,Clean
LightModes,2,8.309414032821289,Clean
Utilities,5,8.309414032821289,Clean
VertexLightingOverride,3,8.309414032821289,Clean
DaydreamLight,8,8.309414032821289,Clean
LightSort,1,8.309414032821289,Clean
DaydreamLightingManager,8,8.309414032821289,Clean
DaydreamMeshRenderer,9,8.309414032821289,Fault_proner
DaydreamRenderer,8,8.309414032821289,Clean
FogMode,2,8.309414032821289,Clean
ShadowType,1,8.309414032821289,Clean
DemoInputManager,8,8.309414032821289,Clean
EmulatedPlatformType,1,8.309414032821289,Clean
DemoSceneManager,0,8.309414032821289,Clean
GVRDemoManager,2,8.309414032821289,Clean
HeadsetDemoManager,4,8.309414032821289,Clean
Teleport,4,8.309414032821289,Clean
KeyboardDelegateExample,5,8.309414032821289,Clean
PermissionsFlowManager,2,8.309414032821289,Clean
AppButtonInput,2,8.309414032821289,Clean
AutoPlayVideo,2,8.309414032821289,Clean
Vector3Event,0,8.309414032821289,Clean
Vector2Event,0,8.309414032821289,Clean
FloatEvent,0,8.309414032821289,Clean
BoolEvent,0,8.309414032821289,Clean
ButtonEvent,1,8.309414032821289,Clean
TouchPadEvent,0,8.309414032821289,Clean
TransformEvent,0,8.309414032821289,Clean
GameObjectEvent,0,8.309414032821289,Clean
MenuHandler,3,8.309414032821289,Clean
PositionSwapper,3,8.309414032821289,Clean
ScrubberEvents,7,8.309414032821289,Clean
SwitchVideos,5,8.309414032821289,Clean
ToggleAction,5,8.309414032821289,Clean
VideoControlsManager,8,8.309414032821289,Clean
VideoPlayerReference,1,8.309414032821289,Clean
ControllerProviderFactory,1,8.309414032821289,Clean
DummyControllerProvider,5,8.309414032821289,Clean
EditorControllerProvider,7,8.309414032821289,Clean
EmulatorControllerProvider,9,8.309414032821289,Fault_proner
MouseControllerProvider,9,8.309414032821289,Fault_proner
ControllerState,3,8.309414032821289,Clean
EmulatorClientSocketConnectionState,1,8.309414032821289,Clean
EmulatorClientSocket,7,8.309414032821289,Clean
EmulatorConfig,5,8.309414032821289,Clean
Mode_duplicated,1,8.309414032821289,Clean
EmulatorGyroEvent,3,8.309414032821289,Clean
EmulatorAccelEvent,3,8.309414032821289,Clean
EmulatorTouchEvent,8,8.309414032821289,Clean
Action,1,8.309414032821289,Clean
Pointer,3,8.309414032821289,Clean
EmulatorOrientationEvent,3,8.309414032821289,Clean
EmulatorButtonEvent,3,8.309414032821289,Clean
ButtonCode,1,8.309414032821289,Clean
EmulatorManager,8,8.309414032821289,Clean
IControllerProvider,3,8.309414032821289,Clean
HeadsetProviderFactory,1,8.309414032821289,Clean
gvr_feature,0,8.309414032821289,Clean
gvr_property_type,0,8.309414032821289,Clean
gvr_value_type,0,8.309414032821289,Clean
gvr_recenter_flags,0,8.309414032821289,Clean
DummyHeadsetProvider,5,8.309414032821289,Clean
EditorHeadsetProvider,6,8.309414032821289,Clean
HeadsetState,2,8.309414032821289,Clean
IHeadsetProvider,4,8.309414032821289,Clean
InstantPreview,8,8.309414032821289,Clean
Resolutions,1,8.309414032821289,Clean
ResolutionSize,2,8.309414032821289,Clean
MultisampleCounts,0,8.309414032821289,Clean
BitRates,0,8.309414032821289,Clean
UnityRect,3,8.309414032821289,Clean
UnityEyeViews,4,8.309414032821289,Clean
EyeCamera,2,8.309414032821289,Clean
InstantPreviewControllerProvider,3,8.309414032821289,Clean
NativeControllerState,3,8.309414032821289,Clean
IKeyboardProvider,4,8.309414032821289,Clean
KeyboardProviderFactory,1,8.309414032821289,Clean
AndroidNativeKeyboardProvider,8,8.309414032821289,Clean
gvr_clock_time_point,1,8.309414032821289,Clean
gvr_recti,3,8.309414032821289,Clean
DummyKeyboardProvider,5,8.309414032821289,Clean
EmulatorKeyboardProvider,8,8.309414032821289,Clean
GvrCursorHelper,2,8.309414032821289,Clean
PhoneEvent,8,8.309414032821289,Clean
Types,1,8.309414032821289,Clean
Type_duplicated,0,8.309414032821289,Clean
MotionEvent,8,8.309414032821289,Clean
Pointer_duplicated,8,8.309414032821289,Clean
Builder,7,8.309414032821289,Clean
GyroscopeEvent,8,8.309414032821289,Clean
AccelerometerEvent,8,8.309414032821289,Clean
DepthMapEvent,8,8.309414032821289,Clean
OrientationEvent,8,8.309414032821289,Clean
KeyEvent,8,8.309414032821289,Clean
PhoneEvent_duplicated,9,8.309414032821289,Fault_proner
Types_duplicated,2,8.309414032821289,Clean
Type_duplicated_duplicated,1,8.309414032821289,Clean
MotionEvent_duplicated,9,8.309414032821289,Fault_proner
Pointer_duplicated_duplicated,9,8.309414032821289,Fault_proner
Builder_duplicated,8,8.309414032821289,Clean
GyroscopeEvent_duplicated,9,8.309414032821289,Fault_proner
AccelerometerEvent_duplicated,9,8.309414032821289,Fault_proner
DepthMapEvent_duplicated,9,8.309414032821289,Fault_proner
OrientationEvent_duplicated,9,8.309414032821289,Fault_proner
KeyEvent_duplicated,9,8.309414032821289,Fault_proner
CombineMeshFiltersEditor,1,8.309414032821289,Clean
AssetTreePropertyDrawer,6,8.309414032821289,Clean
DragData,3,8.309414032821289,Clean
PagedScrollbarEditor,1,8.309414032821289,Clean
TunnelingVignetteEditor,1,8.309414032821289,Clean
AssetPostProcess,4,8.309414032821289,Clean
BakeContext,8,8.309414032821289,Clean
VertexElementType,1,8.309414032821289,Clean
IVertex,3,8.309414032821289,Clean
VertexElement,8,8.309414032821289,Clean
Vertex,3,8.309414032821289,Clean
DefaultVertex,8,8.309414032821289,Clean
BakeOptions,3,8.309414032821289,Clean
OutMesh,1,8.309414032821289,Clean
BakeSetDialog,5,8.309414032821289,Clean
Styles,6,8.309414032821289,Clean
BakeSetSettingsDialog,8,8.309414032821289,Clean
Result_duplicated,1,8.309414032821289,Clean
BakeSetsInspector,2,8.309414032821289,Clean
DaydreamInspector,6,8.309414032821289,Clean
DaydreamRendererImportManager,7,8.309414032821289,Clean
FirstTimeLoader,1,8.309414032821289,Clean
DaydreamRendererImportSettings,2,8.309414032821289,Clean
DaydreamRendererMaterialHistory,1,8.309414032821289,Clean
DaydreamVertexLightingEditor,8,8.309414032821289,Clean
Toolbar,2,8.309414032821289,Clean
DaydreamVertexLightingInspector,6,8.309414032821289,Clean
OccluderData,3,8.309414032821289,Clean
LightSystemDialog,7,8.309414032821289,Clean
MaterialConversionDialog,8,8.309414032821289,Clean
StaticSceneState,3,8.309414032821289,Clean
MaterialInfo,4,8.309414032821289,Clean
MatSort,0,8.309414032821289,Clean
NativeLib,9,8.309414032821289,Fault_proner
FileWatch,5,8.309414032821289,Clean
OverrideInspector,1,8.309414032821289,Clean
Content,1,8.309414032821289,Clean
BVHTestInspector,2,8.309414032821289,Clean
TriangleTestInspector,1,8.309414032821289,Clean
VertexBakerLib,10,8.309414032821289,Fault_proner
Err,3,8.309414032821289,Clean
Logging,3,8.309414032821289,Clean
Handle,5,8.309414032821289,Clean
BVHHandle,4,8.309414032821289,Clean
FloatArr,0,8.309414032821289,Clean
DaydreamMenu,6,8.309414032821289,Clean
BlendModeStandard,1,8.309414032821289,Clean
DaydreamLightInspector,3,8.309414032821289,Clean
DaydreamMaterialPostProcessor,3,8.309414032821289,Clean
CustomIcon,9,8.309414032821289,Fault_proner
DaydreamMeshRendererInspector,0,8.309414032821289,Clean
DREditorUtility,6,8.309414032821289,Clean
PreviewType,1,8.309414032821289,Clean
RadioButtonOutput,2,8.309414032821289,Clean
DemoInputManagerEditor,2,8.309414032821289,Clean
