Component,Threshold,Cutoff,Status
LogSystemInitilization,2,8.411663053382348,Clean
FileReactor,7,8.411663053382348,Clean
ILogReactor,3,8.411663053382348,Clean
LogLevel,1,8.411663053382348,Clean
LogRecord,6,8.411663053382348,Clean
LogSystem,8,8.411663053382348,Clean
Log,6,8.411663053382348,Clean
CameraTarget,8,8.411663053382348,Clean
HotCorner,5,8.411663053382348,Clean
WatsonCamera,8,8.411663053382348,Clean
RESTConnector,8,8.411663053382348,Clean
Response,2,8.411663053382348,Clean
Form,4,8.411663053382348,Clean
Request,4,8.411663053382348,Clean
DeleteRequest,5,8.411663053382348,Clean
WSConnector,8,8.411663053382348,Clean
ConnectionState,1,8.411663053382348,Clean
Message,2,8.411663053382348,Clean
BinaryMessage,3,8.411663053382348,Clean
TextMessage,3,8.411663053382348,Clean
DebugConsole,8,8.411663053382348,Clean
DebugInfo,3,8.411663053382348,Clean
DebugReactor,4,8.411663053382348,Clean
QualityManager,3,8.411663053382348,Clean
AlchemyAPI,8,8.411663053382348,Clean
GetAuthorsRequest,3,8.411663053382348,Clean
GetRankedConceptsRequest,3,8.411663053382348,Clean
GetDatesRequest,3,8.411663053382348,Clean
GetEmotionsRequest,3,8.411663053382348,Clean
GetEntitiesRequest,3,8.411663053382348,Clean
DetectFeedsRequest,3,8.411663053382348,Clean
GetKeywordsRequest,3,8.411663053382348,Clean
GetLanguagesRequest,3,8.411663053382348,Clean
GetMicroformatsRequest,3,8.411663053382348,Clean
GetPublicationDateRequest,3,8.411663053382348,Clean
GetRelationsRequest,3,8.411663053382348,Clean
GetTextSentimentRequest,3,8.411663053382348,Clean
GetTargetedSentimentRequest,3,8.411663053382348,Clean
GetRankedTaxomomyRequest,3,8.411663053382348,Clean
GetTextRequest,3,8.411663053382348,Clean
GetTitleRequest,3,8.411663053382348,Clean
CombinedCallRequest,3,8.411663053382348,Clean
GetNewsRequest,3,8.411663053382348,Clean
CheckServiceStatus,4,8.411663053382348,Clean
CombinedCallData,5,8.411663053382348,Clean
ImageKeyword,2,8.411663053382348,Clean
AuthorsData,2,8.411663053382348,Clean
Authors,2,8.411663053382348,Clean
ConceptsData,2,8.411663053382348,Clean
Concept,3,8.411663053382348,Clean
DateData,2,8.411663053382348,Clean
Date,2,8.411663053382348,Clean
EmotionData,2,8.411663053382348,Clean
DocEmotions,2,8.411663053382348,Clean
EntityData,5,8.411663053382348,Clean
Entity,6,8.411663053382348,Clean
PositionOnMap,7,8.411663053382348,Clean
EntityPrimaryType,1,8.411663053382348,Clean
EntitySubType,1,8.411663053382348,Clean
FeedData,2,8.411663053382348,Clean
Feed,1,8.411663053382348,Clean
KeywordData,4,8.411663053382348,Clean
Keyword,2,8.411663053382348,Clean
LanguageData,3,8.411663053382348,Clean
MicroformatData,2,8.411663053382348,Clean
Microformat,2,8.411663053382348,Clean
PubDateData,2,8.411663053382348,Clean
RelationsData,2,8.411663053382348,Clean
SentimentData,2,8.411663053382348,Clean
TargetedSentimentData,2,8.411663053382348,Clean
TargetedSentiment,2,8.411663053382348,Clean
TaxonomyData,2,8.411663053382348,Clean
TextData,2,8.411663053382348,Clean
Title,2,8.411663053382348,Clean
KnowledgeGraph,1,8.411663053382348,Clean
Disambiguated,3,8.411663053382348,Clean
Quotation,2,8.411663053382348,Clean
DocSentiment,3,8.411663053382348,Clean
PublicationDate,2,8.411663053382348,Clean
Relation,2,8.411663053382348,Clean
Subject,2,8.411663053382348,Clean
Action,1,8.411663053382348,Clean
ObjectData,1,8.411663053382348,Clean
Verb,1,8.411663053382348,Clean
Taxonomy,2,8.411663053382348,Clean
Location,1,8.411663053382348,Clean
Temporal,1,8.411663053382348,Clean
Decoded,1,8.411663053382348,Clean
NewsResponse,2,8.411663053382348,Clean
Result,1,8.411663053382348,Clean
Docs,1,8.411663053382348,Clean
Source,1,8.411663053382348,Clean
Original,0,8.411663053382348,Clean
Enriched,0,8.411663053382348,Clean
URL,2,8.411663053382348,Clean
EnrichedTitle,1,8.411663053382348,Clean
Fields,4,8.411663053382348,Clean
Conversation,8,8.411663053382348,Clean
MessageReq,3,8.411663053382348,Clean
CheckServiceStatus_duplicated,5,8.411663053382348,Clean
MessageResponse,2,8.411663053382348,Clean
EntityResponse,1,8.411663053382348,Clean
Intent,1,8.411663053382348,Clean
OutputData,1,8.411663053382348,Clean
LogMessageResponse,1,8.411663053382348,Clean
MessageRequest,3,8.411663053382348,Clean
InputData,1,8.411663053382348,Clean
Context,1,8.411663053382348,Clean
SystemResponse,1,8.411663053382348,Clean
Version,2,8.411663053382348,Clean
ConversationExperimental,8,8.411663053382348,Clean
MessageReq_duplicated,2,8.411663053382348,Clean
CheckServiceStatus_duplicated_duplicated,5,8.411663053382348,Clean
Workspaces,0,8.411663053382348,Clean
Workspace,1,8.411663053382348,Clean
MessageResponse_duplicated,2,8.411663053382348,Clean
Intents,0,8.411663053382348,Clean
Intent_duplicated,1,8.411663053382348,Clean
Examples,0,8.411663053382348,Clean
Example,1,8.411663053382348,Clean
EntityExample,1,8.411663053382348,Clean
Entities,0,8.411663053382348,Clean
Entity_duplicated,1,8.411663053382348,Clean
Values,1,8.411663053382348,Clean
DialogNodes,0,8.411663053382348,Clean
DialogNode,1,8.411663053382348,Clean
MessageIntent,1,8.411663053382348,Clean
Output,0,8.411663053382348,Clean
GoTo,1,8.411663053382348,Clean
Version_duplicated,2,8.411663053382348,Clean
Value,0,8.411663053382348,Clean
MetaDataMap,1,8.411663053382348,Clean
Evidence,1,8.411663053382348,Clean
Synonym,1,8.411663053382348,Clean
SynSet,1,8.411663053382348,Clean
SynonymList,1,8.411663053382348,Clean
EvidenceRequest,1,8.411663053382348,Clean
Answer,5,8.411663053382348,Clean
Cell,1,8.411663053382348,Clean
Row,0,8.411663053382348,Clean
Table,0,8.411663053382348,Clean
Slots,1,8.411663053382348,Clean
Word,2,8.411663053382348,Clean
ParseTree,1,8.411663053382348,Clean
Question,3,8.411663053382348,Clean
QuestionClass,1,8.411663053382348,Clean
Response_duplicated,2,8.411663053382348,Clean
ResponseList,0,8.411663053382348,Clean
DeepQA,8,8.411663053382348,Clean
AskQuestionReq,3,8.411663053382348,Clean
CheckServiceStatus_duplicated_duplicated_duplicated,4,8.411663053382348,Clean
GetEnvironmentsResponse,1,8.411663053382348,Clean
Environment,2,8.411663053382348,Clean
IndexCapacity,1,8.411663053382348,Clean
DiskUsage,1,8.411663053382348,Clean
MemoryUsage,1,8.411663053382348,Clean
DeleteEnvironmentResponse,1,8.411663053382348,Clean
TestDocument,2,8.411663053382348,Clean
DocumentSnapshot,1,8.411663053382348,Clean
Notice,1,8.411663053382348,Clean
GetConfigurationsResponse,1,8.411663053382348,Clean
ConfigurationRef,2,8.411663053382348,Clean
Configuration,2,8.411663053382348,Clean
Conversions,1,8.411663053382348,Clean
PdfSettings,0,8.411663053382348,Clean
WordSettings,0,8.411663053382348,Clean
HtmlSettings,1,8.411663053382348,Clean
Enrichment,1,8.411663053382348,Clean
NormalizationOperation,1,8.411663053382348,Clean
PdfHeadingDetection,0,8.411663053382348,Clean
WordHeadingDetection,1,8.411663053382348,Clean
XPathPatterns,0,8.411663053382348,Clean
EnrichmentOptions,1,8.411663053382348,Clean
FontSetting,1,8.411663053382348,Clean
WordStyle,1,8.411663053382348,Clean
DeleteConfigurationResponse,1,8.411663053382348,Clean
GetCollectionsResponse,1,8.411663053382348,Clean
CollectionRef,2,8.411663053382348,Clean
DeleteCollectionResponse,1,8.411663053382348,Clean
Collection,2,8.411663053382348,Clean
DocumentCounts,1,8.411663053382348,Clean
GetFieldsResponse,1,8.411663053382348,Clean
Field,2,8.411663053382348,Clean
DocumentAccepted,2,8.411663053382348,Clean
DeleteDocumentResponse,1,8.411663053382348,Clean
DocumentStatus,2,8.411663053382348,Clean
QueryResponse,5,8.411663053382348,Clean
QueryResult,2,8.411663053382348,Clean
QueryAggregation,1,8.411663053382348,Clean
AggregationTerm,1,8.411663053382348,Clean
AggregationResult,2,8.411663053382348,Clean
DiscoveryVersion,2,8.411663053382348,Clean
Discovery,8,8.411663053382348,Clean
GetEnvironmentsRequest,3,8.411663053382348,Clean
AddEnvironmentRequest,3,8.411663053382348,Clean
GetEnvironmentRequest,3,8.411663053382348,Clean
DeleteEnvironmentRequest,3,8.411663053382348,Clean
GetConfigurationsRequest,3,8.411663053382348,Clean
AddConfigurationRequest,3,8.411663053382348,Clean
GetConfigurationRequest,3,8.411663053382348,Clean
DeleteConfigurationRequest,3,8.411663053382348,Clean
PreviewConfigurationRequest,3,8.411663053382348,Clean
GetCollectionsRequest,3,8.411663053382348,Clean
AddCollectionRequest,3,8.411663053382348,Clean
GetCollectionRequest,3,8.411663053382348,Clean
DeleteCollectionRequest,3,8.411663053382348,Clean
GetFieldsRequest,3,8.411663053382348,Clean
AddDocumentRequest,3,8.411663053382348,Clean
DeleteDocumentRequest,3,8.411663053382348,Clean
GetDocumentRequest,3,8.411663053382348,Clean
UpdateDocumentRequest,3,8.411663053382348,Clean
QueryRequest,3,8.411663053382348,Clean
CheckServiceStatus_duplicated_duplicated_duplicated_duplicated,4,8.411663053382348,Clean
ConvertedDocument,2,8.411663053382348,Clean
Metadata,2,8.411663053382348,Clean
AnswerUnit,2,8.411663053382348,Clean
Content,2,8.411663053382348,Clean
Warning,1,8.411663053382348,Clean
ConversionTarget,3,8.411663053382348,Clean
Version_duplicated_duplicated,2,8.411663053382348,Clean
DocumentConversion,8,8.411663053382348,Clean
ConvertDocumentRequest,3,8.411663053382348,Clean
CheckServiceStatus_duplicated_duplicated_duplicated_duplicated_duplicated,4,8.411663053382348,Clean
IWatsonService,3,8.411663053382348,Clean
ServiceHelper,3,8.411663053382348,Clean
Language,2,8.411663053382348,Clean
Languages,1,8.411663053382348,Clean
Translation,1,8.411663053382348,Clean
Translations,2,8.411663053382348,Clean
TranslationModel,2,8.411663053382348,Clean
TranslationModels,1,8.411663053382348,Clean
LanguageTranslation,8,8.411663053382348,Clean
TranslateReq,2,8.411663053382348,Clean
TypeFilter,1,8.411663053382348,Clean
GetModelsReq,2,8.411663053382348,Clean
GetModelReq,2,8.411663053382348,Clean
GetLanguagesReq,2,8.411663053382348,Clean
IdentifyReq,2,8.411663053382348,Clean
CheckServiceStatus_duplicated_duplicated_duplicated_duplicated_duplicated_duplicated,4,8.411663053382348,Clean
Language_duplicated,1,8.411663053382348,Clean
Languages_duplicated,1,8.411663053382348,Clean
Translation_duplicated,0,8.411663053382348,Clean
Translations_duplicated,2,8.411663053382348,Clean
TranslationModel_duplicated,2,8.411663053382348,Clean
TranslationModels_duplicated,1,8.411663053382348,Clean
LanguageTranslator,8,8.411663053382348,Clean
TranslateReq_duplicated,2,8.411663053382348,Clean
TypeFilter_duplicated,1,8.411663053382348,Clean
GetModelsReq_duplicated,2,8.411663053382348,Clean
GetModelReq_duplicated,2,8.411663053382348,Clean
GetLanguagesReq_duplicated,2,8.411663053382348,Clean
IdentifyReq_duplicated,2,8.411663053382348,Clean
CheckServiceStatus_duplicated_duplicated_duplicated_duplicated_duplicated_duplicated_duplicated,4,8.411663053382348,Clean
Classifier,2,8.411663053382348,Clean
Classifiers,1,8.411663053382348,Clean
Class,1,8.411663053382348,Clean
ClassifyResult,2,8.411663053382348,Clean
NaturalLanguageClassifier,8,8.411663053382348,Clean
FindClassifierReq,5,8.411663053382348,Clean
GetClassifiersReq,2,8.411663053382348,Clean
GetClassifierReq,2,8.411663053382348,Clean
TrainClassifierReq,2,8.411663053382348,Clean
DeleteClassifierReq,2,8.411663053382348,Clean
ClassifyReq,3,8.411663053382348,Clean
CheckServiceStatus_duplicated_duplicated_duplicated_duplicated_duplicated_duplicated_duplicated_duplicated,6,8.411663053382348,Clean
Profile,2,8.411663053382348,Clean
TraitTreeNode,2,8.411663053382348,Clean
Warning_duplicated,1,8.411663053382348,Clean
ContentListContainer,0,8.411663053382348,Clean
ContentItem,2,8.411663053382348,Clean
ContentType,3,8.411663053382348,Clean
Language_duplicated_duplicated,3,8.411663053382348,Clean
PersonalityInsights,8,8.411663053382348,Clean
GetProfileRequest,3,8.411663053382348,Clean
CheckServiceStatus_duplicated_duplicated_duplicated_duplicated_duplicated_duplicated_duplicated_duplicated_duplicated,4,8.411663053382348,Clean
Profile_duplicated,2,8.411663053382348,Clean
TraitTreeNode_duplicated,2,8.411663053382348,Clean
BehaviorNode,2,8.411663053382348,Clean
ConsumptionPreferencesCategoryNode,2,8.411663053382348,Clean
Warning_duplicated_duplicated,1,8.411663053382348,Clean
ConsumptionPreferencesNode,2,8.411663053382348,Clean
ContentType_duplicated,3,8.411663053382348,Clean
ContentLanguage,3,8.411663053382348,Clean
AcceptLanguage,3,8.411663053382348,Clean
PersonalityInsightsVersion,1,8.411663053382348,Clean
PersonalityInsights_duplicated,8,8.411663053382348,Clean
GetProfileRequest_duplicated,3,8.411663053382348,Clean
CheckServiceStatus_duplicated_duplicated_duplicated_duplicated_duplicated_duplicated_duplicated_duplicated_duplicated_duplicated,4,8.411663053382348,Clean
SolrClusterListResponse,1,8.411663053382348,Clean
SolrClusterResponse,2,8.411663053382348,Clean
SolrConfigList,1,8.411663053382348,Clean
ErrorResponsePayload,1,8.411663053382348,Clean
UploadResponse,2,8.411663053382348,Clean
DeleteResponse,1,8.411663053382348,Clean
DeleteConfigResponse,1,8.411663053382348,Clean
MessageResponsePayload,0,8.411663053382348,Clean
CollectionsResponse,2,8.411663053382348,Clean
ResponseHeader,2,8.411663053382348,Clean
CollectionsAction,3,8.411663053382348,Clean
IndexResponse,1,8.411663053382348,Clean
QueryParams,2,8.411663053382348,Clean
SearchResponse,2,8.411663053382348,Clean
Response_duplicated_duplicated,2,8.411663053382348,Clean
Doc,2,8.411663053382348,Clean
ClusterInfo,1,8.411663053382348,Clean
ListRankersPayload,1,8.411663053382348,Clean
RankerInfoPayload,2,8.411663053382348,Clean
RankerStatusPayload,2,8.411663053382348,Clean
RankerTrainingMetadataPayload,0,8.411663053382348,Clean
RankerErrorResponsePayload,1,8.411663053382348,Clean
RankerOutputPayload,2,8.411663053382348,Clean
RankedAnswer,2,8.411663053382348,Clean
RetrieveAndRank,9,8.411663053382348,Fault_proner
GetClustersRequest,3,8.411663053382348,Clean
CreateClusterRequest,3,8.411663053382348,Clean
DeleteClusterRequest,3,8.411663053382348,Clean
GetClusterRequest,3,8.411663053382348,Clean
GetClusterConfigsRequest,3,8.411663053382348,Clean
DeleteClusterConfigRequest,3,8.411663053382348,Clean
GetClusterConfigRequest,3,8.411663053382348,Clean
UploadClusterConfigRequest,3,8.411663053382348,Clean
CollectionRequest,3,8.411663053382348,Clean
IndexDocumentsRequest,3,8.411663053382348,Clean
SearchRequest,3,8.411663053382348,Clean
GetRankersRequest,3,8.411663053382348,Clean
CreateRankerRequest,3,8.411663053382348,Clean
RankRequest,3,8.411663053382348,Clean
DeleteRankerRequest,3,8.411663053382348,Clean
GetRankerRequest,3,8.411663053382348,Clean
CheckServiceStatus_duplicated_duplicated_duplicated_duplicated_duplicated_duplicated_duplicated_duplicated_duplicated_duplicated_duplicated,4,8.411663053382348,Clean
ModelSet,0,8.411663053382348,Clean
Model,2,8.411663053382348,Clean
SupportedFeatures,1,8.411663053382348,Clean
Session,1,8.411663053382348,Clean
SpeechRecognitionEvent,5,8.411663053382348,Clean
SpeechRecognitionResult,2,8.411663053382348,Clean
SpeechRecognitionAlternative,2,8.411663053382348,Clean
KeywordResults,0,8.411663053382348,Clean
WordAlternativeResults,1,8.411663053382348,Clean
KeywordResult,1,8.411663053382348,Clean
WordAlternativeResult,1,8.411663053382348,Clean
RecognizeStatus,0,8.411663053382348,Clean
SessionStatus,1,8.411663053382348,Clean
WordConfidence,2,8.411663053382348,Clean
TimeStamp,2,8.411663053382348,Clean
RegisterStatus,1,8.411663053382348,Clean
JobsStatusList,0,8.411663053382348,Clean
JobStatus,1,8.411663053382348,Clean
JobStatusNew,1,8.411663053382348,Clean
Customizations,1,8.411663053382348,Clean
Customization,2,8.411663053382348,Clean
CustomizationID,1,8.411663053382348,Clean
CustomLanguage,2,8.411663053382348,Clean
WordTypeToAdd,2,8.411663053382348,Clean
Corpora,1,8.411663053382348,Clean
Corpus,2,8.411663053382348,Clean
WordsList,1,8.411663053382348,Clean
WordData,2,8.411663053382348,Clean
WordType,2,8.411663053382348,Clean
Words,1,8.411663053382348,Clean
Word_duplicated,2,8.411663053382348,Clean
SpeechToText,9,8.411663053382348,Fault_proner
GetModelsRequest,2,8.411663053382348,Clean
GetModelRequest,3,8.411663053382348,Clean
RecognizeRequest,3,8.411663053382348,Clean
GetCustomizationsReq,3,8.411663053382348,Clean
CreateCustomizationRequest,3,8.411663053382348,Clean
DeleteCustomizationRequest,3,8.411663053382348,Clean
GetCustomizationRequest,3,8.411663053382348,Clean
TrainCustomizationRequest,3,8.411663053382348,Clean
ResetCustomizationRequest,3,8.411663053382348,Clean
UpgradeCustomizationRequest,3,8.411663053382348,Clean
GetCustomCorporaReq,3,8.411663053382348,Clean
DeleteCustomCorpusRequest,3,8.411663053382348,Clean
AddCustomCorpusRequest,3,8.411663053382348,Clean
GetCustomWordsReq,3,8.411663053382348,Clean
AddCustomWordsRequest,3,8.411663053382348,Clean
DeleteCustomWordRequest,3,8.411663053382348,Clean
GetCustomWordReq,3,8.411663053382348,Clean
CheckServiceStatus_duplicated_duplicated_duplicated_duplicated_duplicated_duplicated_duplicated_duplicated_duplicated_duplicated_duplicated_duplicated,4,8.411663053382348,Clean
AudioFormatType,1,8.411663053382348,Clean
VoiceType,1,8.411663053382348,Clean
Voice,2,8.411663053382348,Clean
Voices,2,8.411663053382348,Clean
Pronunciation,1,8.411663053382348,Clean
Customizations_duplicated,2,8.411663053382348,Clean
Customization_duplicated,3,8.411663053382348,Clean
CustomizationID_duplicated,1,8.411663053382348,Clean
CustomVoice,2,8.411663053382348,Clean
CustomizationWords,1,8.411663053382348,Clean
Words_duplicated,2,8.411663053382348,Clean
Word_duplicated_duplicated,2,8.411663053382348,Clean
CustomVoiceUpdate,3,8.411663053382348,Clean
Translation_duplicated_duplicated,1,8.411663053382348,Clean
ErrorModel,1,8.411663053382348,Clean
TextToSpeech,9,8.411663053382348,Fault_proner
GetVoicesReq,2,8.411663053382348,Clean
GetVoiceReq,2,8.411663053382348,Clean
ToSpeechRequest,3,8.411663053382348,Clean
GetPronunciationReq,3,8.411663053382348,Clean
GetCustomizationsReq_duplicated,3,8.411663053382348,Clean
CreateCustomizationRequest_duplicated,3,8.411663053382348,Clean
DeleteCustomizationRequest_duplicated,3,8.411663053382348,Clean
GetCustomizationRequest_duplicated,3,8.411663053382348,Clean
UpdateCustomizationRequest,3,8.411663053382348,Clean
GetCustomizationWordsRequest,3,8.411663053382348,Clean
AddCustomizationWordsRequest,3,8.411663053382348,Clean
DeleteCustomizationWordRequest,3,8.411663053382348,Clean
GetCustomizationWordRequest,3,8.411663053382348,Clean
AddCustomizationWordRequest,3,8.411663053382348,Clean
CheckServiceStatus_duplicated_duplicated_duplicated_duplicated_duplicated_duplicated_duplicated_duplicated_duplicated_duplicated_duplicated_duplicated_duplicated,4,8.411663053382348,Clean
ToneAnalyzerResponse,4,8.411663053382348,Clean
DocumentTone,2,8.411663053382348,Clean
ToneCategory,4,8.411663053382348,Clean
Tone,3,8.411663053382348,Clean
SentenceTone,6,8.411663053382348,Clean
ToneAnalyzer,8,8.411663053382348,Clean
GetToneAnalyzerRequest,3,8.411663053382348,Clean
CheckServiceStatus_duplicated_duplicated_duplicated_duplicated_duplicated_duplicated_duplicated_duplicated_duplicated_duplicated_duplicated_duplicated_duplicated_duplicated,4,8.411663053382348,Clean
DilemmasResponse,2,8.411663053382348,Clean
Problem,2,8.411663053382348,Clean
Column,2,8.411663053382348,Clean
Range,1,8.411663053382348,Clean
CategoricalRange,2,8.411663053382348,Clean
DateRange,2,8.411663053382348,Clean
ValueRange,3,8.411663053382348,Clean
Option,2,8.411663053382348,Clean
ApplicationData,1,8.411663053382348,Clean
ApplicationDataValue,1,8.411663053382348,Clean
Resolution,1,8.411663053382348,Clean
Map,1,8.411663053382348,Clean
Anchor,1,8.411663053382348,Clean
Position,1,8.411663053382348,Clean
Config,1,8.411663053382348,Clean
Drivers,1,8.411663053382348,Clean
Params,1,8.411663053382348,Clean
Metrics,1,8.411663053382348,Clean
Node,1,8.411663053382348,Clean
Solution,1,8.411663053382348,Clean
StatusCause,1,8.411663053382348,Clean
TradeoffAnalytics,8,8.411663053382348,Clean
GetDilemmaRequest,2,8.411663053382348,Clean
PingDataValue,2,8.411663053382348,Clean
PingData,1,8.411663053382348,Clean
CheckServiceStatus_duplicated_duplicated_duplicated_duplicated_duplicated_duplicated_duplicated_duplicated_duplicated_duplicated_duplicated_duplicated_duplicated_duplicated_duplicated,5,8.411663053382348,Clean
ClassifyTopLevelMultiple,2,8.411663053382348,Clean
ClassifyTopLevelSingle,2,8.411663053382348,Clean
ClassifyPerClassifier,2,8.411663053382348,Clean
ClassResult,2,8.411663053382348,Clean
ClassifyParameters,1,8.411663053382348,Clean
FacesTopLevelMultiple,2,8.411663053382348,Clean
FacesTopLevelSingle,2,8.411663053382348,Clean
OneFaceResult,2,8.411663053382348,Clean
DetectFacesParameters,0,8.411663053382348,Clean
TextRecogTopLevelMultiple,2,8.411663053382348,Clean
TextRecogTopLevelSingle,2,8.411663053382348,Clean
TextRecogOneWord,1,8.411663053382348,Clean
Location_duplicated,1,8.411663053382348,Clean
RecognizeTextParameters,0,8.411663053382348,Clean
GetClassifiersTopLevelBrief,1,8.411663053382348,Clean
GetClassifiersPerClassifierBrief,2,8.411663053382348,Clean
GetClassifiersPerClassifierVerbose,2,8.411663053382348,Clean
Class_duplicated,1,8.411663053382348,Clean
GetCollections,3,8.411663053382348,Clean
CreateCollection,2,8.411663053382348,Clean
GetCollectionImages,1,8.411663053382348,Clean
GetCollectionsBrief,2,8.411663053382348,Clean
CollectionsConfig,2,8.411663053382348,Clean
CollectionImagesConfig,2,8.411663053382348,Clean
SimilarImagesConfig,2,8.411663053382348,Clean
SimilarImageConfig,2,8.411663053382348,Clean
WarningInfo,1,8.411663053382348,Clean
ErrorInfoNoCode,1,8.411663053382348,Clean
Age,2,8.411663053382348,Clean
Gender,2,8.411663053382348,Clean
FaceLocation,2,8.411663053382348,Clean
Identity,2,8.411663053382348,Clean
VisualRecognitionVersion,2,8.411663053382348,Clean
VisualRecognition,8,8.411663053382348,Clean
ClassifyReq_duplicated,3,8.411663053382348,Clean
DetectFacesReq,3,8.411663053382348,Clean
RecognizeTextReq,3,8.411663053382348,Clean
FindClassifierReq_duplicated,5,8.411663053382348,Clean
GetClassifiersReq_duplicated,3,8.411663053382348,Clean
GetClassifierReq_duplicated,3,8.411663053382348,Clean
TrainClassifierReq_duplicated,3,8.411663053382348,Clean
DeleteClassifierReq_duplicated,3,8.411663053382348,Clean
GetCollectionsReq,3,8.411663053382348,Clean
CreateCollectionReq,3,8.411663053382348,Clean
DeleteCollectionReq,3,8.411663053382348,Clean
GetCollectionReq,3,8.411663053382348,Clean
GetCollectionImagesReq,3,8.411663053382348,Clean
AddCollectionImageReq,3,8.411663053382348,Clean
DeleteCollectionImageReq,3,8.411663053382348,Clean
GetCollectionImageReq,3,8.411663053382348,Clean
DeleteCollectionImageMetadataReq,3,8.411663053382348,Clean
GetCollectionImageMetadataReq,3,8.411663053382348,Clean
FindSimilarReq,3,8.411663053382348,Clean
CheckServiceStatus_duplicated_duplicated_duplicated_duplicated_duplicated_duplicated_duplicated_duplicated_duplicated_duplicated_duplicated_duplicated_duplicated_duplicated_duplicated_duplicated,6,8.411663053382348,Clean
TestAlchemyAPI,7,8.411663053382348,Clean
TestDiscovery,7,8.411663053382348,Clean
TestDocumentConversion,7,8.411663053382348,Clean
TestEventManager,6,8.411663053382348,Clean
TestLanguageTranslation,7,8.411663053382348,Clean
TestLanguageTranslator,3,8.411663053382348,Clean
TestNaturalLanguageClassifier,7,8.411663053382348,Clean
TestPersonalityInsightsV2,7,8.411663053382348,Clean
TestPersonalityInsightsV3,7,8.411663053382348,Clean
TestRetrieveAndRank,8,8.411663053382348,Clean
TestRunnable,4,8.411663053382348,Clean
TestSpeechToText,7,8.411663053382348,Clean
TestTextToSpeech,7,8.411663053382348,Clean
TestToneAnalyzer,5,8.411663053382348,Clean
TestTradeoffAnalytics,6,8.411663053382348,Clean
TestDataValue,3,8.411663053382348,Clean
TestData,1,8.411663053382348,Clean
TestVisualRecognition,7,8.411663053382348,Clean
UnitTest,5,8.411663053382348,Clean
UnitTestManager,9,8.411663053382348,Fault_proner
RunUnitTest,4,8.411663053382348,Clean
TravisIntegrationTests,4,8.411663053382348,Clean
AudioClipUtil,6,8.411663053382348,Clean
Config_duplicated,8,8.411663053382348,Clean
Variable,2,8.411663053382348,Clean
CredentialInfo,8,8.411663053382348,Clean
Constants,1,8.411663053382348,Clean
Path,3,8.411663053382348,Clean
Resources,3,8.411663053382348,Clean
String,3,8.411663053382348,Clean
Credentials,4,8.411663053382348,Clean
DataCache,7,8.411663053382348,Clean
CacheItem,2,8.411663053382348,Clean
EventManager,7,8.411663053382348,Clean
AsyncEvent,3,8.411663053382348,Clean
FrameRateCounter,2,8.411663053382348,Clean
KeyModifiers,1,8.411663053382348,Clean
KeyEventManager,8,8.411663053382348,Clean
NestedPrefabs,4,8.411663053382348,Clean
Runnable,7,8.411663053382348,Clean
Routine,7,8.411663053382348,Clean
SerializedDelegate,6,8.411663053382348,Clean
Singleton<T>,1,8.411663053382348,Clean
TimedDestroy,5,8.411663053382348,Clean
TouchEventManager,8,8.411663053382348,Clean
TouchEventData,7,8.411663053382348,Clean
UnityObjectUtil,7,8.411663053382348,Clean
Utility,7,8.411663053382348,Clean
WatsonException,3,8.411663053382348,Clean
WaveFile,6,8.411663053382348,Clean
IFF_FORM_CHUNK,3,8.411663053382348,Clean
IFF_CHUNK,3,8.411663053382348,Clean
WAV_PCM,3,8.411663053382348,Clean
ActivateWidget,5,8.411663053382348,Clean
ClassDisplayWidget,4,8.411663053382348,Clean
ClassifierWidget,6,8.411663053382348,Clean
Mapping,4,8.411663053382348,Clean
EventWidget,4,8.411663053382348,Clean
KeyboardWidget,4,8.411663053382348,Clean
LanguageTranslatorWidget,8,8.411663053382348,Clean
TranslateRequest,5,8.411663053382348,Clean
MicrophoneWidget,9,8.411663053382348,Fault_proner
NaturalLanguageClassifierWidget,7,8.411663053382348,Clean
ClassEventMapping,3,8.411663053382348,Clean
SpeechDisplayWidget,6,8.411663053382348,Clean
SpeechToTextWidget,7,8.411663053382348,Clean
TextToSpeechWidget,7,8.411663053382348,Clean
Speech,5,8.411663053382348,Clean
TouchWidget,7,8.411663053382348,Clean
TapEventMapping,3,8.411663053382348,Clean
FullScreenDragEventMapping,3,8.411663053382348,Clean
WebCamDisplayWidget,7,8.411663053382348,Clean
WebCamWidget,8,8.411663053382348,Clean
Widget,9,8.411663053382348,Fault_proner
Data,3,8.411663053382348,Clean
Input,7,8.411663053382348,Clean
Output_duplicated,7,8.411663053382348,Clean
Connection,8,8.411663053382348,Clean
TextToSpeechData,4,8.411663053382348,Clean
LanguageData_duplicated,4,8.411663053382348,Clean
VoiceData,5,8.411663053382348,Clean
AudioData,5,8.411663053382348,Clean
WebCamTextureData,5,8.411663053382348,Clean
BooleanData,3,8.411663053382348,Clean
SpeakingStateData,3,8.411663053382348,Clean
DisableMicData,4,8.411663053382348,Clean
DisableWebCamData,4,8.411663053382348,Clean
DisableCloseCaptionData,3,8.411663053382348,Clean
LevelData,4,8.411663053382348,Clean
SpeechToTextData,8,8.411663053382348,Clean
ClassifyResultData,5,8.411663053382348,Clean
fsArrayConverter,6,8.411663053382348,Clean
fsDateConverter,7,8.411663053382348,Clean
fsDictionaryConverter,6,8.411663053382348,Clean
fsEnumConverter,6,8.411663053382348,Clean
fsForwardAttribute,2,8.411663053382348,Clean
fsForwardConverter,5,8.411663053382348,Clean
fsGuidConverter,5,8.411663053382348,Clean
fsIEnumerableConverter,6,8.411663053382348,Clean
fsKeyValuePairConverter,5,8.411663053382348,Clean
fsNullableConverter,4,8.411663053382348,Clean
fsPrimitiveConverter,6,8.411663053382348,Clean
fsReflectedConverter,6,8.411663053382348,Clean
fsTypeConverter,5,8.411663053382348,Clean
fsWeakReferenceConverter,5,8.411663053382348,Clean
fsISerializationCallbacks,2,8.411663053382348,Clean
fsSerializationCallbackProcessor,5,8.411663053382348,Clean
fsCyclicReferenceManager,7,8.411663053382348,Clean
ObjectReferenceEqualityComparator,3,8.411663053382348,Clean
fsOption,6,8.411663053382348,Clean
fsPortableReflection,8,8.411663053382348,Clean
AttributeQuery,3,8.411663053382348,Clean
AttributeQueryComparator,3,8.411663053382348,Clean
fsVersionedType,5,8.411663053382348,Clean
fsVersionManager,6,8.411663053382348,Clean
fsMetaProperty,7,8.411663053382348,Clean
fsReflectionUtility,3,8.411663053382348,Clean
fsTypeLookup,2,8.411663053382348,Clean
fsForwardAttribute_duplicated,3,8.411663053382348,Clean
fsForwardConverter_duplicated,5,8.411663053382348,Clean
fsConverterRegistrar,5,8.411663053382348,Clean
AnimationCurve_DirectConverter,4,8.411663053382348,Clean
Bounds_DirectConverter,4,8.411663053382348,Clean
Gradient_DirectConverter,4,8.411663053382348,Clean
Keyframe_DirectConverter,4,8.411663053382348,Clean
LayerMask_DirectConverter,4,8.411663053382348,Clean
Rect_DirectConverter,4,8.411663053382348,Clean
fsAotCompilationManager,7,8.411663053382348,Clean
AotCompilation,3,8.411663053382348,Clean
fsBaseConverter,8,8.411663053382348,Clean
fsConfig,5,8.411663053382348,Clean
fsContext,4,8.411663053382348,Clean
fsConverter,4,8.411663053382348,Clean
fsDataType,1,8.411663053382348,Clean
fsData,9,8.411663053382348,Fault_proner
fsDirectConverter,3,8.411663053382348,Clean
fsDirectConverter<TModel>,5,8.411663053382348,Clean
fsMissingVersionConstructorException,1,8.411663053382348,Clean
fsDuplicateVersionNameException,1,8.411663053382348,Clean
fsIgnoreAttribute,0,8.411663053382348,Clean
fsISerializationCallbacks_duplicated,3,8.411663053382348,Clean
fsSerializationCallbackProcessor_duplicated,5,8.411663053382348,Clean
fsJsonParser,7,8.411663053382348,Clean
fsJsonPrinter,6,8.411663053382348,Clean
fsMemberSerialization,1,8.411663053382348,Clean
fsObjectAttribute,6,8.411663053382348,Clean
fsObjectProcessor,6,8.411663053382348,Clean
fsPropertyAttribute,4,8.411663053382348,Clean
fsResult,8,8.411663053382348,Clean
fsSerializer,8,8.411663053382348,Clean
fsLazyCycleDefinitionWriter,6,8.411663053382348,Clean
fsTypeExtensions,4,8.411663053382348,Clean
fsMetaType,9,8.411663053382348,Fault_proner
fsConverterRegistrar_duplicated,3,8.411663053382348,Clean
AnimationCurve_DirectConverter_duplicated,5,8.411663053382348,Clean
Bounds_DirectConverter_duplicated,5,8.411663053382348,Clean
Gradient_DirectConverter_duplicated,5,8.411663053382348,Clean
Keyframe_DirectConverter_duplicated,5,8.411663053382348,Clean
LayerMask_DirectConverter_duplicated,5,8.411663053382348,Clean
Rect_DirectConverter_duplicated,5,8.411663053382348,Clean
Json,5,8.411663053382348,Clean
Parser,8,8.411663053382348,Clean
TOKEN,1,8.411663053382348,Clean
Serializer,5,8.411663053382348,Clean
TuioInput,10,8.411663053382348,Fault_proner
InputType,1,8.411663053382348,Clean
TuioObjectMapping,3,8.411663053382348,Clean
ICoordinatesRemapper,1,8.411663053382348,Clean
IInputSource,4,8.411663053382348,Clean
InputSource,9,8.411663053382348,Fault_proner
MobileInput,8,8.411663053382348,Clean
MouseInput,8,8.411663053382348,Clean
StandardInput,8,8.411663053382348,Clean
Windows8TouchAPIType,1,8.411663053382348,Clean
Windows7TouchAPIType,1,8.411663053382348,Clean
TouchScriptInputModule,7,8.411663053382348,Clean
Transformer,4,8.411663053382348,Clean
TouchProxy,5,8.411663053382348,Clean
TouchProxyBase,9,8.411663053382348,Fault_proner
TouchVisualizer,6,8.411663053382348,Clean
Clusters,9,8.411663053382348,Fault_proner
DebuggableMonoBehaviour,2,8.411663053382348,Clean
GestureManager,1,8.411663053382348,Clean
GestureManagerInstance,8,8.411663053382348,Clean
IGestureDelegate,3,8.411663053382348,Clean
IDebuggable,1,8.411663053382348,Clean
IGestureManager,1,8.411663053382348,Clean
ITouchManager,7,8.411663053382348,Clean
TouchEventArgs,3,8.411663053382348,Clean
Tags,7,8.411663053382348,Clean
TouchManager,9,8.411663053382348,Fault_proner
MessageType,1,8.411663053382348,Clean
MessageName,1,8.411663053382348,Clean
TouchManagerInstance,9,8.411663053382348,Fault_proner
TouchPoint,8,8.411663053382348,Clean
DisplayDevice,5,8.411663053382348,Clean
GenericDisplayDevice,3,8.411663053382348,Clean
IDisplayDevice,3,8.411663053382348,Clean
PinnedTrasformGestureBase,10,8.411663053382348,Fault_proner
TransformType,1,8.411663053382348,Clean
TransformGestureBase,10,8.411663053382348,Fault_proner
ClusteredPinnedTransformGesture,3,8.411663053382348,Clean
ClusteredScreenTransformGesture,5,8.411663053382348,Clean
ClusteredTransformGesture,5,8.411663053382348,Clean
FlickGesture,8,8.411663053382348,Clean
GestureDirection,1,8.411663053382348,Clean
Gesture,11,8.411663053382348,Fault_proner
GestureState,1,8.411663053382348,Clean
TouchesNumState,1,8.411663053382348,Clean
GestureStateChangeEventArgs,4,8.411663053382348,Clean
ITransformGesture,2,8.411663053382348,Clean
LongPressGesture,9,8.411663053382348,Fault_proner
MetaGesture,7,8.411663053382348,Clean
MetaGestureEventArgs,2,8.411663053382348,Clean
PinnedTransformGesture,9,8.411663053382348,Fault_proner
ProjectionType,1,8.411663053382348,Clean
PressGesture,9,8.411663053382348,Fault_proner
ReleaseGesture,9,8.411663053382348,Fault_proner
ScreenTransformGesture,8,8.411663053382348,Clean
TapGesture,9,8.411663053382348,Fault_proner
TransformGesture,10,8.411663053382348,Fault_proner
UIGesture,6,8.411663053382348,Clean
TouchData,4,8.411663053382348,Clean
HitTest,5,8.411663053382348,Clean
ObjectHitResult,1,8.411663053382348,Clean
TouchHit,7,8.411663053382348,Clean
TouchHitType,1,8.411663053382348,Clean
Untouchable,4,8.411663053382348,Clean
MouseHandler,7,8.411663053382348,Clean
TouchHandler,7,8.411663053382348,Clean
TouchState,4,8.411663053382348,Clean
Windows8TouchHandler,7,8.411663053382348,Clean
Windows7TouchHandler,6,8.411663053382348,Clean
WindowsTouchHandler,9,8.411663053382348,Fault_proner
TouchSource,0,8.411663053382348,Clean
MONITORINFO,4,8.411663053382348,Clean
RECT,5,8.411663053382348,Clean
TOUCH_EVENT,1,8.411663053382348,Clean
TOUCHINPUT,3,8.411663053382348,Clean
POINTER_INPUT_TYPE,1,8.411663053382348,Clean
POINTER_BUTTON_CHANGE_TYPE,1,8.411663053382348,Clean
POINTER_INFO,4,8.411663053382348,Clean
POINT,3,8.411663053382348,Clean
Windows8MouseHandler,2,8.411663053382348,Clean
CameraLayer,7,8.411663053382348,Clean
CameraLayer2D,6,8.411663053382348,Clean
CameraLayerBase,10,8.411663053382348,Fault_proner
FullscreenLayer,9,8.411663053382348,Fault_proner
LayerType,1,8.411663053382348,Clean
ILayerDelegate,2,8.411663053382348,Clean
ProjectionParams,5,8.411663053382348,Clean
CameraProjectionParams,5,8.411663053382348,Clean
CanvasProjectionParams,6,8.411663053382348,Clean
TouchLayer,10,8.411663053382348,Fault_proner
LayerHitResult,1,8.411663053382348,Clean
TouchLayerEventArgs,2,8.411663053382348,Clean
UILayer,7,8.411663053382348,Clean
NullToggleAttribute,3,8.411663053382348,Clean
ToggleLeftAttribute,1,8.411663053382348,Clean
ClusterUtils,5,8.411663053382348,Clean
EventHandlerExtensions,2,8.411663053382348,Clean
ObjectPool<T>,6,8.411663053382348,Clean
ProjectionUtils,3,8.411663053382348,Clean
TimedSequence<T>,5,8.411663053382348,Clean
TouchUtils,5,8.411663053382348,Clean
TransformUtils,3,8.411663053382348,Clean
TwoD,3,8.411663053382348,Clean
ByteOrder,1,8.411663053382348,Clean
CloseEventArgs,7,8.411663053382348,Clean
CloseStatusCode,2,8.411663053382348,Clean
CompressionMethod,1,8.411663053382348,Clean
ErrorEventArgs,4,8.411663053382348,Clean
Ext,6,8.411663053382348,Clean
Fin,1,8.411663053382348,Clean
HttpBase,7,8.411663053382348,Clean
HttpRequest,9,8.411663053382348,Fault_proner
HttpResponse,9,8.411663053382348,Fault_proner
LogData,7,8.411663053382348,Clean
Logger,8,8.411663053382348,Clean
LogLevel_duplicated,1,8.411663053382348,Clean
Mask,1,8.411663053382348,Clean
MessageEventArgs,6,8.411663053382348,Clean
Opcode,1,8.411663053382348,Clean
PayloadData,9,8.411663053382348,Fault_proner
Rsv,1,8.411663053382348,Clean
WebSocket,8,8.411663053382348,Clean
WebSocketException,5,8.411663053382348,Clean
WebSocketFrame,8,8.411663053382348,Clean
WebSocketState,1,8.411663053382348,Clean
AuthenticationBase,8,8.411663053382348,Clean
AuthenticationChallenge,7,8.411663053382348,Clean
AuthenticationResponse,8,8.411663053382348,Clean
AuthenticationSchemes,1,8.411663053382348,Clean
Chunk,4,8.411663053382348,Clean
ChunkedRequestStream,7,8.411663053382348,Clean
ChunkStream,8,8.411663053382348,Clean
ClientSslConfiguration,7,8.411663053382348,Clean
Cookie,7,8.411663053382348,Clean
CookieCollection,8,8.411663053382348,Clean
CookieException,4,8.411663053382348,Clean
EndPointListener,8,8.411663053382348,Clean
EndPointManager,6,8.411663053382348,Clean
HttpBasicIdentity,1,8.411663053382348,Clean
HttpConnection,8,8.411663053382348,Clean
HttpDigestIdentity,5,8.411663053382348,Clean
HttpHeaderInfo,7,8.411663053382348,Clean
HttpHeaderType,1,8.411663053382348,Clean
HttpListener,8,8.411663053382348,Clean
HttpListenerAsyncResult,7,8.411663053382348,Clean
HttpListenerContext,8,8.411663053382348,Clean
HttpListenerException,4,8.411663053382348,Clean
HttpListenerPrefix,8,8.411663053382348,Clean
HttpListenerPrefixCollection,8,8.411663053382348,Clean
HttpListenerRequest,8,8.411663053382348,Clean
HttpListenerResponse,8,8.411663053382348,Clean
HttpRequestHeader,2,8.411663053382348,Clean
HttpResponseHeader,2,8.411663053382348,Clean
HttpStatusCode,2,8.411663053382348,Clean
HttpStreamAsyncResult,5,8.411663053382348,Clean
HttpUtility,7,8.411663053382348,Clean
HttpVersion,4,8.411663053382348,Clean
InputChunkState,1,8.411663053382348,Clean
InputState,1,8.411663053382348,Clean
LineState,1,8.411663053382348,Clean
NetworkCredential,6,8.411663053382348,Clean
QueryStringCollection,2,8.411663053382348,Clean
ReadBufferState,6,8.411663053382348,Clean
RequestStream,9,8.411663053382348,Fault_proner
ResponseStream,8,8.411663053382348,Clean
ServerSslConfiguration,7,8.411663053382348,Clean
SslConfiguration,4,8.411663053382348,Clean
WebHeaderCollection,8,8.411663053382348,Clean
HttpListenerWebSocketContext,8,8.411663053382348,Clean
TcpListenerWebSocketContext,9,8.411663053382348,Fault_proner
WebSocketContext,4,8.411663053382348,Clean
HttpRequestEventArgs,3,8.411663053382348,Clean
HttpServer,7,8.411663053382348,Clean
IWebSocketSession,3,8.411663053382348,Clean
ServerState,1,8.411663053382348,Clean
WebSocketBehavior,8,8.411663053382348,Clean
WebSocketServer,7,8.411663053382348,Clean
WebSocketServiceHost,7,8.411663053382348,Clean
WebSocketServiceHost<TBehavior>,6,8.411663053382348,Clean
WebSocketServiceManager,8,8.411663053382348,Clean
WebSocketSessionManager,8,8.411663053382348,Clean
AppButtonInput,0,8.411663053382348,Clean
Vector3Event,0,8.411663053382348,Clean
Vector2Event,0,8.411663053382348,Clean
FloatEvent,0,8.411663053382348,Clean
BoolEvent,0,8.411663053382348,Clean
ButtonEvent,0,8.411663053382348,Clean
TouchPadEvent,0,8.411663053382348,Clean
TransformEvent,0,8.411663053382348,Clean
GameObjectEvent,0,8.411663053382348,Clean
AutoPlayVideo,4,8.411663053382348,Clean
PositionSwapper,6,8.411663053382348,Clean
ToggleAction,5,8.411663053382348,Clean
BaseVRDevice,8,8.411663053382348,Clean
EditorDevice,6,8.411663053382348,Clean
GvrDevice,7,8.411663053382348,Clean
EmulatorClientSocket,7,8.411663053382348,Clean
EmulatorConfig,4,8.411663053382348,Clean
Mode,1,8.411663053382348,Clean
EmulatorGyroEvent,5,8.411663053382348,Clean
EmulatorAccelEvent,5,8.411663053382348,Clean
EmulatorTouchEvent,8,8.411663053382348,Clean
Action_duplicated,1,8.411663053382348,Clean
Pointer,5,8.411663053382348,Clean
EmulatorOrientationEvent,5,8.411663053382348,Clean
EmulatorButtonEvent,5,8.411663053382348,Clean
ButtonCode,1,8.411663053382348,Clean
EmulatorManager,8,8.411663053382348,Clean
PhoneEvent,8,8.411663053382348,Clean
Types,1,8.411663053382348,Clean
Type,0,8.411663053382348,Clean
MotionEvent,8,8.411663053382348,Clean
Pointer_duplicated,8,8.411663053382348,Clean
Builder,7,8.411663053382348,Clean
GyroscopeEvent,8,8.411663053382348,Clean
AccelerometerEvent,8,8.411663053382348,Clean
DepthMapEvent,8,8.411663053382348,Clean
OrientationEvent,8,8.411663053382348,Clean
KeyEvent,8,8.411663053382348,Clean
PhoneEvent_duplicated,9,8.411663053382348,Fault_proner
Types_duplicated,2,8.411663053382348,Clean
Type_duplicated,1,8.411663053382348,Clean
MotionEvent_duplicated,9,8.411663053382348,Fault_proner
Pointer_duplicated_duplicated,9,8.411663053382348,Fault_proner
Builder_duplicated,8,8.411663053382348,Clean
GyroscopeEvent_duplicated,9,8.411663053382348,Fault_proner
AccelerometerEvent_duplicated,9,8.411663053382348,Fault_proner
DepthMapEvent_duplicated,9,8.411663053382348,Fault_proner
OrientationEvent_duplicated,9,8.411663053382348,Fault_proner
KeyEvent_duplicated,9,8.411663053382348,Fault_proner
ConfigEditor,5,8.411663053382348,Clean
ServiceSetup,3,8.411663053382348,Clean
DrawerHelper,4,8.411663053382348,Clean
NaturalLanguageClassifierEditor,5,8.411663053382348,Clean
ClassifierData,7,8.411663053382348,Clean
SerializedDelegateDrawer,5,8.411663053382348,Clean
WidgetConnector,1,8.411663053382348,Clean
WidgetInputDrawer,5,8.411663053382348,Clean
AotHelpers,5,8.411663053382348,Clean
TouchVisualizerEditor,3,8.411663053382348,Clean
PinnedTransformGestureBaseEditor,9,8.411663053382348,Fault_proner
TransformGestureBaseEditor,10,8.411663053382348,Fault_proner
FlickGestureEditor,5,8.411663053382348,Clean
GestureEditor,8,8.411663053382348,Clean
LongPressGestureEditor,5,8.411663053382348,Clean
PinnedTransformGestureEditor,4,8.411663053382348,Clean
PressGestureEditor,4,8.411663053382348,Clean
ReleaseGestureEditor,4,8.411663053382348,Clean
ScreenTransformGestureEditor,1,8.411663053382348,Clean
TapGestureEditor,5,8.411663053382348,Clean
TransformGestureEditor,4,8.411663053382348,Clean
InputSourceEditor,7,8.411663053382348,Clean
MobileInputEditor,5,8.411663053382348,Clean
MouseInputEditor,5,8.411663053382348,Clean
StandardInputEditor,5,8.411663053382348,Clean
TuioInputEditor,7,8.411663053382348,Clean
CameraLayer2DEditor,6,8.411663053382348,Clean
FullscreenLayerEditor,5,8.411663053382348,Clean
UILayerEditor,2,8.411663053382348,Clean
TouchManagerEditor,6,8.411663053382348,Clean
GUIElements,5,8.411663053382348,Clean
NullToggleDrawer,5,8.411663053382348,Clean
TagsDrawer,3,8.411663053382348,Clean
ToggleLeftDrawer,1,8.411663053382348,Clean
