Component,Threshold,Cutoff,Status
ControllerProviderFactory,1,6.98780137968718,Clean
DummyControllerProvider,2,6.98780137968718,Clean
EmulatorControllerProvider,6,6.98780137968718,Clean
ControllerState,2,6.98780137968718,Clean
EmulatorClientSocket,6,6.98780137968718,Clean
EmulatorConfig,3,6.98780137968718,Clean
Mode,1,6.98780137968718,Clean
EmulatorGyroEvent,3,6.98780137968718,Clean
EmulatorAccelEvent,3,6.98780137968718,Clean
EmulatorTouchEvent,7,6.98780137968718,Fault_proner
Action,1,6.98780137968718,Clean
Pointer,2,6.98780137968718,Clean
EmulatorOrientationEvent,3,6.98780137968718,Clean
EmulatorButtonEvent,3,6.98780137968718,Clean
ButtonCode,1,6.98780137968718,Clean
EmulatorManager,7,6.98780137968718,Fault_proner
IControllerProvider,2,6.98780137968718,Clean
BaseVRDevice,8,6.98780137968718,Fault_proner
EditorDevice,5,6.98780137968718,Clean
GvrDevice,7,6.98780137968718,Fault_proner
PhoneEvent,8,6.98780137968718,Fault_proner
Types,1,6.98780137968718,Clean
Type,0,6.98780137968718,Clean
MotionEvent,8,6.98780137968718,Fault_proner
Pointer_duplicated,8,6.98780137968718,Fault_proner
Builder,7,6.98780137968718,Fault_proner
GyroscopeEvent,8,6.98780137968718,Fault_proner
AccelerometerEvent,8,6.98780137968718,Fault_proner
DepthMapEvent,8,6.98780137968718,Fault_proner
OrientationEvent,8,6.98780137968718,Fault_proner
KeyEvent,8,6.98780137968718,Fault_proner
PhoneEvent_duplicated,9,6.98780137968718,Fault_proner
Types_duplicated,2,6.98780137968718,Clean
Type_duplicated,1,6.98780137968718,Clean
MotionEvent_duplicated,9,6.98780137968718,Fault_proner
Pointer_duplicated_duplicated,9,6.98780137968718,Fault_proner
Builder_duplicated,8,6.98780137968718,Fault_proner
GyroscopeEvent_duplicated,9,6.98780137968718,Fault_proner
AccelerometerEvent_duplicated,9,6.98780137968718,Fault_proner
DepthMapEvent_duplicated,9,6.98780137968718,Fault_proner
OrientationEvent_duplicated,9,6.98780137968718,Fault_proner
KeyEvent_duplicated,9,6.98780137968718,Fault_proner
AAMode,1,6.98780137968718,Clean
Antialiasing,6,6.98780137968718,Clean
Bloom,8,6.98780137968718,Fault_proner
LensFlareStyle,1,6.98780137968718,Clean
TweakMode,1,6.98780137968718,Clean
HDRBloomMode,1,6.98780137968718,Clean
BloomScreenBlendMode,1,6.98780137968718,Clean
BloomQuality,1,6.98780137968718,Clean
LensflareStyle34,1,6.98780137968718,Clean
TweakMode34,1,6.98780137968718,Clean
BloomAndFlares,8,6.98780137968718,Fault_proner
BloomOptimized,4,6.98780137968718,Clean
Resolution,1,6.98780137968718,Clean
BlurType,1,6.98780137968718,Clean
Blur,3,6.98780137968718,Clean
BlurOptimized,4,6.98780137968718,Clean
CameraMotionBlur,8,6.98780137968718,Fault_proner
MotionBlurFilter,1,6.98780137968718,Clean
ColorCorrectionCurves,8,6.98780137968718,Fault_proner
ColorCorrectionMode,1,6.98780137968718,Clean
ColorCorrectionLookup,6,6.98780137968718,Clean
ColorCorrectionRamp,1,6.98780137968718,Clean
ContrastEnhance,3,6.98780137968718,Clean
ContrastStretch,6,6.98780137968718,Clean
CreaseShading,3,6.98780137968718,Clean
DepthOfField,8,6.98780137968718,Fault_proner
BlurSampleCount,1,6.98780137968718,Clean
DepthOfFieldDeprecated,8,6.98780137968718,Fault_proner
Dof34QualitySetting,1,6.98780137968718,Clean
DofResolution,1,6.98780137968718,Clean
DofBlurriness,1,6.98780137968718,Clean
BokehDestination,1,6.98780137968718,Clean
EdgeDetection,6,6.98780137968718,Clean
EdgeDetectMode,1,6.98780137968718,Clean
Fisheye,2,6.98780137968718,Clean
GlobalFog,3,6.98780137968718,Clean
Grayscale,2,6.98780137968718,Clean
ImageEffectBase,2,6.98780137968718,Clean
ImageEffects,1,6.98780137968718,Clean
MotionBlur,3,6.98780137968718,Clean
NoiseAndGrain,6,6.98780137968718,Clean
NoiseAndScratches,3,6.98780137968718,Clean
PostEffectsBase,5,6.98780137968718,Clean
PostEffectsHelper,2,6.98780137968718,Clean
Quads,2,6.98780137968718,Clean
ScreenOverlay,4,6.98780137968718,Clean
OverlayBlendMode,1,6.98780137968718,Clean
ScreenSpaceAmbientObscurance,4,6.98780137968718,Clean
ScreenSpaceAmbientOcclusion,6,6.98780137968718,Clean
SSAOSamples,1,6.98780137968718,Clean
SepiaTone,1,6.98780137968718,Clean
SunShafts,6,6.98780137968718,Clean
SunShaftsResolution,1,6.98780137968718,Clean
ShaftsScreenBlendMode,1,6.98780137968718,Clean
TiltShift,4,6.98780137968718,Clean
TiltShiftMode,1,6.98780137968718,Clean
TiltShiftQuality,1,6.98780137968718,Clean
Tonemapping,8,6.98780137968718,Fault_proner
TonemapperType,1,6.98780137968718,Clean
AdaptiveTexSize,1,6.98780137968718,Clean
Triangles,1,6.98780137968718,Clean
Twirl,3,6.98780137968718,Clean
VignetteAndChromaticAberration,5,6.98780137968718,Clean
AberrationMode,1,6.98780137968718,Clean
Vortex,3,6.98780137968718,Clean
AntialiasingEditor,2,6.98780137968718,Clean
BloomAndFlaresEditor,3,6.98780137968718,Clean
BloomEditor,3,6.98780137968718,Clean
CameraMotionBlurEditor,2,6.98780137968718,Clean
ColorCorrectionCurvesEditor,4,6.98780137968718,Clean
ColorCorrectionLookupEditor,2,6.98780137968718,Clean
CreaseShadingEditor,2,6.98780137968718,Clean
DepthOfFieldDeprecatedEditor,3,6.98780137968718,Clean
DepthOfFieldEditor,4,6.98780137968718,Clean
EdgeDetectionEditor,1,6.98780137968718,Clean
NoiseAndGrainEditor,2,6.98780137968718,Clean
SunShaftsEditor,2,6.98780137968718,Clean
TonemappingEditor,2,6.98780137968718,Clean
VignetteAndChromaticAberrationEditor,1,6.98780137968718,Clean
