Component,Threshold,Cutoff,Status
BodyCollider,1,7.790063967679489,Clean
CircularDrive,6,7.790063967679489,Clean
Axis_t,0,7.790063967679489,Clean
ComplexThrowable,6,7.790063967679489,Clean
AttachMode,1,7.790063967679489,Clean
ControllerHoverHighlight,7,7.790063967679489,Clean
CustomEvents,0,7.790063967679489,Clean
UnityEventSingleFloat,0,7.790063967679489,Clean
UnityEventHand,1,7.790063967679489,Clean
DebugUI,4,7.790063967679489,Clean
DestroyOnDetachedFromHand,1,7.790063967679489,Clean
DestroyOnParticleSystemDeath,1,7.790063967679489,Clean
DestroyOnTriggerEnter,2,7.790063967679489,Clean
DistanceHaptics,2,7.790063967679489,Clean
DontDestroyOnLoad,0,7.790063967679489,Clean
EnumFlags,1,7.790063967679489,Clean
EnumFlagsPropertyDrawer,0,7.790063967679489,Clean
FallbackCameraController,5,7.790063967679489,Clean
Hand,9,7.790063967679489,Fault_proner
HandType,1,7.790063967679489,Clean
AttachmentFlags,1,7.790063967679489,Clean
AttachedObject,3,7.790063967679489,Clean
HandEditor,3,7.790063967679489,Clean
HapticRack,6,7.790063967679489,Clean
HideOnHandFocusLost,1,7.790063967679489,Clean
IgnoreHovering,1,7.790063967679489,Clean
InputModule,6,7.790063967679489,Clean
Interactable,4,7.790063967679489,Clean
InteractableButtonEvents,5,7.790063967679489,Clean
InteractableHoverEvents,6,7.790063967679489,Clean
ItemPackage,4,7.790063967679489,Clean
ItemPackageType,1,7.790063967679489,Clean
ItemPackageReference,2,7.790063967679489,Clean
ItemPackageSpawner,7,7.790063967679489,Clean
LinearAnimation,6,7.790063967679489,Clean
LinearAnimator,6,7.790063967679489,Clean
LinearAudioPitch,6,7.790063967679489,Clean
LinearBlendshape,6,7.790063967679489,Clean
LinearDisplacement,5,7.790063967679489,Clean
LinearDrive,6,7.790063967679489,Clean
LinearMapping,1,7.790063967679489,Clean
Player,9,7.790063967679489,Fault_proner
PlaySound,7,7.790063967679489,Clean
SeeThru,5,7.790063967679489,Clean
SleepOnAwake,0,7.790063967679489,Clean
SoundDeparent,1,7.790063967679489,Clean
SoundPlayOneshot,8,7.790063967679489,Fault_proner
SpawnAndAttachAfterControllerIsTracking,4,7.790063967679489,Clean
SpawnAndAttachToHand,2,7.790063967679489,Clean
SpawnRenderModel,5,7.790063967679489,Clean
Throwable,6,7.790063967679489,Clean
UIElement,5,7.790063967679489,Clean
UIElementEditor,1,7.790063967679489,Clean
Unparent,2,7.790063967679489,Clean
Util,8,7.790063967679489,Fault_proner
AfterTimer_Component,5,7.790063967679489,Clean
VelocityEstimator,7,7.790063967679489,Clean
ControllerButtonHints,9,7.790063967679489,Fault_proner
OffsetType,1,7.790063967679489,Clean
ButtonHintInfo,3,7.790063967679489,Clean
ArcheryTarget,6,7.790063967679489,Clean
Arrow,7,7.790063967679489,Clean
ArrowHand,7,7.790063967679489,Clean
ArrowheadRotation,0,7.790063967679489,Clean
Balloon,7,7.790063967679489,Clean
BalloonColor,1,7.790063967679489,Clean
BalloonColliders,4,7.790063967679489,Clean
BalloonHapticBump,2,7.790063967679489,Clean
BalloonSpawner,7,7.790063967679489,Clean
ExplosionWobble,1,7.790063967679489,Clean
FireSource,7,7.790063967679489,Clean
Longbow,8,7.790063967679489,Fault_proner
Handedness,1,7.790063967679489,Clean
SoundBowClick,4,7.790063967679489,Clean
ControllerHintsExample,5,7.790063967679489,Clean
InteractableExample,5,7.790063967679489,Clean
AllowTeleportWhileAttachedToHand,2,7.790063967679489,Clean
ChaperoneInfo,6,7.790063967679489,Clean
IgnoreTeleportTrace,0,7.790063967679489,Clean
Teleport,9,7.790063967679489,Fault_proner
TeleportArc,8,7.790063967679489,Fault_proner
TeleportArea,9,7.790063967679489,Fault_proner
TeleportAreaEditor,4,7.790063967679489,Clean
TeleportMarkerBase,8,7.790063967679489,Fault_proner
TeleportPoint,10,7.790063967679489,Fault_proner
TeleportPointType,1,7.790063967679489,Clean
TeleportPointEditor,3,7.790063967679489,Clean
IVRSystem,3,7.790063967679489,Clean
IVRExtendedDisplay,2,7.790063967679489,Clean
IVRTrackedCamera,3,7.790063967679489,Clean
IVRApplications,3,7.790063967679489,Clean
IVRChaperone,3,7.790063967679489,Clean
IVRChaperoneSetup,3,7.790063967679489,Clean
IVRCompositor,3,7.790063967679489,Clean
IVROverlay,3,7.790063967679489,Clean
IVRRenderModels,3,7.790063967679489,Clean
IVRNotifications,1,7.790063967679489,Clean
IVRSettings,3,7.790063967679489,Clean
IVRScreenshots,3,7.790063967679489,Clean
IVRResources,1,7.790063967679489,Clean
IVRDriverManager,1,7.790063967679489,Clean
CVRSystem,6,7.790063967679489,Clean
PollNextEventUnion,2,7.790063967679489,Clean
GetControllerStateUnion,2,7.790063967679489,Clean
GetControllerStateWithPoseUnion,2,7.790063967679489,Clean
CVRExtendedDisplay,6,7.790063967679489,Clean
CVRTrackedCamera,6,7.790063967679489,Clean
CVRApplications,6,7.790063967679489,Clean
CVRChaperone,6,7.790063967679489,Clean
CVRChaperoneSetup,6,7.790063967679489,Clean
CVRCompositor,6,7.790063967679489,Clean
CVROverlay,6,7.790063967679489,Clean
PollNextOverlayEventUnion,2,7.790063967679489,Clean
CVRRenderModels,6,7.790063967679489,Clean
GetComponentStateUnion,2,7.790063967679489,Clean
CVRNotifications,3,7.790063967679489,Clean
CVRSettings,6,7.790063967679489,Clean
CVRScreenshots,6,7.790063967679489,Clean
CVRResources,3,7.790063967679489,Clean
CVRDriverManager,3,7.790063967679489,Clean
OpenVRInterop,4,7.790063967679489,Clean
EVREye,1,7.790063967679489,Clean
ETextureType,1,7.790063967679489,Clean
EColorSpace,1,7.790063967679489,Clean
ETrackingResult,1,7.790063967679489,Clean
ETrackedDeviceClass,1,7.790063967679489,Clean
ETrackedControllerRole,1,7.790063967679489,Clean
ETrackingUniverseOrigin,1,7.790063967679489,Clean
ETrackedDeviceProperty,2,7.790063967679489,Clean
ETrackedPropertyError,1,7.790063967679489,Clean
EVRSubmitFlags,1,7.790063967679489,Clean
EVRState,0,7.790063967679489,Clean
EVREventType,2,7.790063967679489,Clean
EDeviceActivityLevel,1,7.790063967679489,Clean
EVRButtonId,1,7.790063967679489,Clean
EVRMouseButton,0,7.790063967679489,Clean
EHiddenAreaMeshType,1,7.790063967679489,Clean
EVRControllerAxisType,1,7.790063967679489,Clean
EVRControllerEventOutputType,0,7.790063967679489,Clean
ECollisionBoundsStyle,0,7.790063967679489,Clean
EVROverlayError,1,7.790063967679489,Clean
EVRApplicationType,1,7.790063967679489,Clean
EVRFirmwareError,1,7.790063967679489,Clean
EVRNotificationError,1,7.790063967679489,Clean
EVRInitError,2,7.790063967679489,Clean
EVRScreenshotType,1,7.790063967679489,Clean
EVRScreenshotPropertyFilenames,1,7.790063967679489,Clean
EVRTrackedCameraError,1,7.790063967679489,Clean
EVRTrackedCameraFrameType,1,7.790063967679489,Clean
EVRApplicationError,1,7.790063967679489,Clean
EVRApplicationProperty,1,7.790063967679489,Clean
EVRApplicationTransitionState,1,7.790063967679489,Clean
ChaperoneCalibrationState,1,7.790063967679489,Clean
EChaperoneConfigFile,1,7.790063967679489,Clean
EChaperoneImportFlags,0,7.790063967679489,Clean
EVRCompositorError,1,7.790063967679489,Clean
VROverlayInputMethod,1,7.790063967679489,Clean
VROverlayTransformType,1,7.790063967679489,Clean
VROverlayFlags,1,7.790063967679489,Clean
VRMessageOverlayResponse,1,7.790063967679489,Clean
EGamepadTextInputMode,0,7.790063967679489,Clean
EGamepadTextInputLineMode,0,7.790063967679489,Clean
EOverlayDirection,1,7.790063967679489,Clean
EVROverlayIntersectionMaskPrimitiveType,1,7.790063967679489,Clean
EVRRenderModelError,1,7.790063967679489,Clean
EVRComponentProperty,0,7.790063967679489,Clean
EVRNotificationType,1,7.790063967679489,Clean
EVRNotificationStyle,1,7.790063967679489,Clean
EVRSettingsError,1,7.790063967679489,Clean
EVRScreenshotError,1,7.790063967679489,Clean
VREvent_Data_t,3,7.790063967679489,Clean
VROverlayIntersectionMaskPrimitive_Data_t,2,7.790063967679489,Clean
HmdMatrix34_t,3,7.790063967679489,Clean
HmdMatrix44_t,3,7.790063967679489,Clean
HmdVector3_t,3,7.790063967679489,Clean
HmdVector4_t,2,7.790063967679489,Clean
HmdVector3d_t,2,7.790063967679489,Clean
HmdVector2_t,2,7.790063967679489,Clean
HmdQuaternion_t,2,7.790063967679489,Clean
HmdColor_t,3,7.790063967679489,Clean
HmdQuad_t,4,7.790063967679489,Clean
HmdRect2_t,3,7.790063967679489,Clean
DistortionCoordinates_t,3,7.790063967679489,Clean
Texture_t,4,7.790063967679489,Clean
TrackedDevicePose_t,4,7.790063967679489,Clean
VRTextureBounds_t,3,7.790063967679489,Clean
VRVulkanTextureData_t,2,7.790063967679489,Clean
D3D12TextureData_t,2,7.790063967679489,Clean
VREvent_Controller_t,0,7.790063967679489,Clean
VREvent_Mouse_t,2,7.790063967679489,Clean
VREvent_Scroll_t,2,7.790063967679489,Clean
VREvent_TouchPadMove_t,2,7.790063967679489,Clean
VREvent_Notification_t,1,7.790063967679489,Clean
VREvent_Process_t,2,7.790063967679489,Clean
VREvent_Overlay_t,0,7.790063967679489,Clean
VREvent_Status_t,0,7.790063967679489,Clean
VREvent_Keyboard_t,2,7.790063967679489,Clean
VREvent_Ipd_t,0,7.790063967679489,Clean
VREvent_Chaperone_t,1,7.790063967679489,Clean
VREvent_Reserved_t,1,7.790063967679489,Clean
VREvent_PerformanceTest_t,0,7.790063967679489,Clean
VREvent_SeatedZeroPoseReset_t,0,7.790063967679489,Clean
VREvent_Screenshot_t,1,7.790063967679489,Clean
VREvent_ScreenshotProgress_t,0,7.790063967679489,Clean
VREvent_ApplicationLaunch_t,1,7.790063967679489,Clean
VREvent_EditingCameraSurface_t,1,7.790063967679489,Clean
VREvent_MessageOverlay_t,0,7.790063967679489,Clean
VREvent_Property_t,2,7.790063967679489,Clean
VREvent_t,4,7.790063967679489,Clean
VREvent_t_Packed,6,7.790063967679489,Clean
HiddenAreaMesh_t,2,7.790063967679489,Clean
VRControllerAxis_t,2,7.790063967679489,Clean
VRControllerState_t,4,7.790063967679489,Clean
VRControllerState_t_Packed,7,7.790063967679489,Clean
Compositor_OverlaySettings,3,7.790063967679489,Clean
CameraVideoStreamFrameHeader_t,4,7.790063967679489,Clean
AppOverrideKeys_t,2,7.790063967679489,Clean
Compositor_FrameTiming,4,7.790063967679489,Clean
Compositor_CumulativeStats,3,7.790063967679489,Clean
VROverlayIntersectionParams_t,4,7.790063967679489,Clean
VROverlayIntersectionResults_t,4,7.790063967679489,Clean
IntersectionMaskRectangle_t,2,7.790063967679489,Clean
IntersectionMaskCircle_t,2,7.790063967679489,Clean
VROverlayIntersectionMaskPrimitive_t,3,7.790063967679489,Clean
RenderModel_ComponentState_t,4,7.790063967679489,Clean
RenderModel_Vertex_t,3,7.790063967679489,Clean
RenderModel_TextureMap_t,3,7.790063967679489,Clean
RenderModel_TextureMap_t_Packed,5,7.790063967679489,Clean
RenderModel_t,3,7.790063967679489,Clean
RenderModel_t_Packed,5,7.790063967679489,Clean
RenderModel_ControllerMode_State_t,1,7.790063967679489,Clean
NotificationBitmap_t,3,7.790063967679489,Clean
COpenVRContext,8,7.790063967679489,Fault_proner
OpenVR,9,7.790063967679489,Fault_proner
CoordinateSystem,1,7.790063967679489,Clean
Api,8,7.790063967679489,Fault_proner
FlyCameraBehaviour,6,7.790063967679489,Clean
ApiImplementation,8,7.790063967679489,Fault_proner
NativeCameraState,4,7.790063967679489,Clean
ConfigParams,8,7.790063967679489,Fault_proner
NativeConfig,3,7.790063967679489,Clean
CollisionConfig,2,7.790063967679489,Clean
Constants,0,7.790063967679489,Clean
NativePluginRunner,8,7.790063967679489,Fault_proner
MapGameObjectScene,7,7.790063967679489,Clean
StreamingUpdater,5,7.790063967679489,Clean
AssertHandler,1,7.790063967679489,Clean
CameraApi,8,7.790063967679489,Fault_proner
CameraEventType,1,7.790063967679489,Clean
CameraInputHandler,7,7.790063967679489,Clean
InputFrame,3,7.790063967679489,Clean
CameraJumpBehaviour,3,7.790063967679489,Clean
CameraState,6,7.790063967679489,Clean
InterestPointProvider,6,7.790063967679489,Clean
ZoomLevelHelpers,4,7.790063967679489,Clean
StreamingBehaviour,0,7.790063967679489,Clean
CameraHelpers,2,7.790063967679489,Clean
ConcurrentQueue<T>,3,7.790063967679489,Clean
RotateData,3,7.790063967679489,Clean
PinchData,1,7.790063967679489,Clean
PanData,3,7.790063967679489,Clean
TapData,1,7.790063967679489,Clean
TouchHeldData,0,7.790063967679489,Clean
TouchData,1,7.790063967679489,Clean
KeyboardData,2,7.790063967679489,Clean
ZoomData,1,7.790063967679489,Clean
TiltData,3,7.790063967679489,Clean
IUnityInputHandler,6,7.790063967679489,Clean
IUnityInputProcessor,4,7.790063967679489,Clean
UnityInputHandler,6,7.790063967679489,Clean
MouseInputAction,1,7.790063967679489,Clean
KeyboardModifiers,1,7.790063967679489,Clean
MouseInputEvent,4,7.790063967679489,Clean
KeyboardInputEvent,1,7.790063967679489,Clean
MousePanGesture,7,7.790063967679489,Clean
MouseRotateGesture,7,7.790063967679489,Clean
MouseTapGesture,7,7.790063967679489,Clean
MouseTiltGesture,7,7.790063967679489,Clean
MouseTouchGesture,5,7.790063967679489,Clean
MouseZoomGesture,7,7.790063967679489,Clean
UnityMouseInputProcessor,7,7.790063967679489,Clean
PanGesture,7,7.790063967679489,Clean
PinchGesture,7,7.790063967679489,Clean
RotateGesture,7,7.790063967679489,Clean
TapGesture,7,7.790063967679489,Clean
TouchInputPointerEvent,3,7.790063967679489,Clean
TouchInputEvent,3,7.790063967679489,Clean
TouchGesture,6,7.790063967679489,Clean
UnityTouchInputProcessor,7,7.790063967679489,Clean
IdGenerator,4,7.790063967679489,Clean
MaterialRepository,7,7.790063967679489,Clean
ApplyTextureToMaterialRequest,1,7.790063967679489,Clean
MaterialRecord,2,7.790063967679489,Clean
TextureLoadHandler,7,7.790063967679489,Clean
TextureBuffer,8,7.790063967679489,Fault_proner
MarshalledTextureBuffer,4,7.790063967679489,Clean
DoubleVector3,8,7.790063967679489,Fault_proner
DoubleVector3Extensions,5,7.790063967679489,Clean
EcefHelpers,4,7.790063967679489,Clean
EcefTangentBasis,8,7.790063967679489,Fault_proner
Matrix4x4Extensions,0,7.790063967679489,Clean
QuaternionExtensions,2,7.790063967679489,Clean
MathsHelpers,4,7.790063967679489,Clean
MeshBuilder,3,7.790063967679489,Clean
MeshUploader,6,7.790063967679489,Clean
UnpackedMesh,8,7.790063967679489,Fault_proner
MarshalledMesh,3,7.790063967679489,Clean
PreparedMesh,8,7.790063967679489,Fault_proner
PreparedMeshRecord,2,7.790063967679489,Clean
PreparedMeshRepository,6,7.790063967679489,Clean
TerrainHeightProvider,6,7.790063967679489,Clean
EarthConstants,3,7.790063967679489,Clean
ECEFTransformUpdateStrategy,4,7.790063967679489,Clean
ITransformUpdateStrategy,3,7.790063967679489,Clean
CoordinateConversions,5,7.790063967679489,Clean
LatLong,6,7.790063967679489,Clean
LatLongAltitude,6,7.790063967679489,Clean
UnityWorldSpaceCoordinateFrame,8,7.790063967679489,Fault_proner
UnityWorldSpaceTransformUpdateStrategy,4,7.790063967679489,Clean
GameObjectFactory,5,7.790063967679489,Clean
GameObjectRecord,2,7.790063967679489,Clean
GameObjectRepository,8,7.790063967679489,Fault_proner
GameObjectStreamer,7,7.790063967679489,Clean
ResourceCeilingProvider,3,7.790063967679489,Clean
APIKeyPrevalidator,1,7.790063967679489,Clean
InvalidApiKeyException,0,7.790063967679489,Clean
ExitPlayModeOnScriptCompile,3,7.790063967679489,Clean
