Component,Threshold,Cutoff,Status
IVRSystem,3,7.604927773578568,Clean
IVRExtendedDisplay,2,7.604927773578568,Clean
IVRTrackedCamera,3,7.604927773578568,Clean
IVRApplications,3,7.604927773578568,Clean
IVRChaperone,3,7.604927773578568,Clean
IVRChaperoneSetup,3,7.604927773578568,Clean
IVRCompositor,3,7.604927773578568,Clean
IVROverlay,3,7.604927773578568,Clean
IVRRenderModels,3,7.604927773578568,Clean
IVRNotifications,1,7.604927773578568,Clean
IVRSettings,3,7.604927773578568,Clean
IVRScreenshots,3,7.604927773578568,Clean
IVRResources,1,7.604927773578568,Clean
CVRSystem,6,7.604927773578568,Clean
CVRExtendedDisplay,5,7.604927773578568,Clean
CVRTrackedCamera,6,7.604927773578568,Clean
CVRApplications,6,7.604927773578568,Clean
CVRChaperone,6,7.604927773578568,Clean
CVRChaperoneSetup,6,7.604927773578568,Clean
CVRCompositor,6,7.604927773578568,Clean
CVROverlay,6,7.604927773578568,Clean
CVRRenderModels,6,7.604927773578568,Clean
CVRNotifications,3,7.604927773578568,Clean
CVRSettings,6,7.604927773578568,Clean
CVRScreenshots,6,7.604927773578568,Clean
CVRResources,3,7.604927773578568,Clean
OpenVRInterop,4,7.604927773578568,Clean
EVREye,1,7.604927773578568,Clean
EGraphicsAPIConvention,1,7.604927773578568,Clean
EColorSpace,1,7.604927773578568,Clean
ETrackingResult,1,7.604927773578568,Clean
ETrackedDeviceClass,1,7.604927773578568,Clean
ETrackedControllerRole,1,7.604927773578568,Clean
ETrackingUniverseOrigin,1,7.604927773578568,Clean
ETrackedDeviceProperty,2,7.604927773578568,Clean
ETrackedPropertyError,1,7.604927773578568,Clean
EVRSubmitFlags,1,7.604927773578568,Clean
EVRState,0,7.604927773578568,Clean
EVREventType,2,7.604927773578568,Clean
EDeviceActivityLevel,1,7.604927773578568,Clean
EVRButtonId,1,7.604927773578568,Clean
EVRMouseButton,0,7.604927773578568,Clean
EVRControllerAxisType,1,7.604927773578568,Clean
EVRControllerEventOutputType,0,7.604927773578568,Clean
ECollisionBoundsStyle,0,7.604927773578568,Clean
EVROverlayError,1,7.604927773578568,Clean
EVRApplicationType,1,7.604927773578568,Clean
EVRFirmwareError,1,7.604927773578568,Clean
EVRNotificationError,1,7.604927773578568,Clean
EVRInitError,2,7.604927773578568,Clean
EVRScreenshotType,1,7.604927773578568,Clean
EVRScreenshotPropertyFilenames,1,7.604927773578568,Clean
EVRTrackedCameraError,1,7.604927773578568,Clean
EVRTrackedCameraFrameType,1,7.604927773578568,Clean
EVRApplicationError,1,7.604927773578568,Clean
EVRApplicationProperty,1,7.604927773578568,Clean
EVRApplicationTransitionState,1,7.604927773578568,Clean
ChaperoneCalibrationState,1,7.604927773578568,Clean
EChaperoneConfigFile,1,7.604927773578568,Clean
EChaperoneImportFlags,0,7.604927773578568,Clean
EVRCompositorError,1,7.604927773578568,Clean
VROverlayInputMethod,1,7.604927773578568,Clean
VROverlayTransformType,1,7.604927773578568,Clean
VROverlayFlags,1,7.604927773578568,Clean
EGamepadTextInputMode,0,7.604927773578568,Clean
EGamepadTextInputLineMode,0,7.604927773578568,Clean
EOverlayDirection,1,7.604927773578568,Clean
EVRRenderModelError,1,7.604927773578568,Clean
EVRComponentProperty,0,7.604927773578568,Clean
EVRNotificationType,1,7.604927773578568,Clean
EVRNotificationStyle,1,7.604927773578568,Clean
EVRSettingsError,1,7.604927773578568,Clean
EVRScreenshotError,1,7.604927773578568,Clean
VREvent_Data_t,3,7.604927773578568,Clean
HmdMatrix34_t,3,7.604927773578568,Clean
HmdMatrix44_t,3,7.604927773578568,Clean
HmdVector3_t,3,7.604927773578568,Clean
HmdVector4_t,2,7.604927773578568,Clean
HmdVector3d_t,2,7.604927773578568,Clean
HmdVector2_t,2,7.604927773578568,Clean
HmdQuaternion_t,2,7.604927773578568,Clean
HmdColor_t,3,7.604927773578568,Clean
HmdQuad_t,4,7.604927773578568,Clean
HmdRect2_t,3,7.604927773578568,Clean
DistortionCoordinates_t,3,7.604927773578568,Clean
Texture_t,4,7.604927773578568,Clean
TrackedDevicePose_t,4,7.604927773578568,Clean
VRTextureBounds_t,3,7.604927773578568,Clean
VREvent_Controller_t,0,7.604927773578568,Clean
VREvent_Mouse_t,2,7.604927773578568,Clean
VREvent_Scroll_t,2,7.604927773578568,Clean
VREvent_TouchPadMove_t,2,7.604927773578568,Clean
VREvent_Notification_t,1,7.604927773578568,Clean
VREvent_Process_t,2,7.604927773578568,Clean
VREvent_Overlay_t,0,7.604927773578568,Clean
VREvent_Status_t,0,7.604927773578568,Clean
VREvent_Keyboard_t,2,7.604927773578568,Clean
VREvent_Ipd_t,0,7.604927773578568,Clean
VREvent_Chaperone_t,1,7.604927773578568,Clean
VREvent_Reserved_t,1,7.604927773578568,Clean
VREvent_PerformanceTest_t,0,7.604927773578568,Clean
VREvent_SeatedZeroPoseReset_t,0,7.604927773578568,Clean
VREvent_Screenshot_t,1,7.604927773578568,Clean
VREvent_ScreenshotProgress_t,0,7.604927773578568,Clean
VREvent_ApplicationLaunch_t,1,7.604927773578568,Clean
VREvent_t,4,7.604927773578568,Clean
HiddenAreaMesh_t,2,7.604927773578568,Clean
VRControllerAxis_t,2,7.604927773578568,Clean
VRControllerState_t,4,7.604927773578568,Clean
Compositor_OverlaySettings,3,7.604927773578568,Clean
CameraVideoStreamFrameHeader_t,4,7.604927773578568,Clean
AppOverrideKeys_t,2,7.604927773578568,Clean
Compositor_FrameTiming,4,7.604927773578568,Clean
Compositor_CumulativeStats,3,7.604927773578568,Clean
VROverlayIntersectionParams_t,4,7.604927773578568,Clean
VROverlayIntersectionResults_t,4,7.604927773578568,Clean
RenderModel_ComponentState_t,4,7.604927773578568,Clean
RenderModel_Vertex_t,3,7.604927773578568,Clean
RenderModel_TextureMap_t,2,7.604927773578568,Clean
RenderModel_t,2,7.604927773578568,Clean
RenderModel_ControllerMode_State_t,1,7.604927773578568,Clean
NotificationBitmap_t,3,7.604927773578568,Clean
COpenVRContext,8,7.604927773578568,Fault_proner
OpenVR,9,7.604927773578568,Fault_proner
Add_HeadsetCollisionFade,1,7.604927773578568,Clean
SceneChanger,4,7.604927773578568,Clean
Setup_Scene_031,1,7.604927773578568,Clean
Setup_Scene_034,2,7.604927773578568,Clean
Arrow,7,7.604927773578568,Clean
ArrowNotch,3,7.604927773578568,Clean
ArrowSpawner,6,7.604927773578568,Clean
BowAim,8,7.604927773578568,Fault_proner
BowAnimation,2,7.604927773578568,Clean
BowHandle,4,7.604927773578568,Clean
Follow,3,7.604927773578568,Clean
AutoRotation,1,7.604927773578568,Clean
Breakable_Cube,4,7.604927773578568,Clean
ButtonReactor,2,7.604927773578568,Clean
Controller_Hand,5,7.604927773578568,Clean
Hands,1,7.604927773578568,Clean
Controller_Menu,5,7.604927773578568,Clean
ControlReactor,1,7.604927773578568,Clean
ExcludeTeleport,0,7.604927773578568,Clean
Gun,5,7.604927773578568,Clean
Lamp,5,7.604927773578568,Clean
LightSaber,7,7.604927773578568,Clean
Menu_Color_Changer,5,7.604927773578568,Clean
Menu_Container_Object_Colors,4,7.604927773578568,Clean
Menu_Object_Spawner,7,7.604927773578568,Clean
PrimitiveTypes,1,7.604927773578568,Clean
ModelVillage_TeleportLocation,2,7.604927773578568,Clean
Openable_Door,8,7.604927773578568,Fault_proner
RC_Car,7,7.604927773578568,Clean
RC_Car_Controller,4,7.604927773578568,Clean
Remote_Beam,3,7.604927773578568,Clean
Remote_Beam_Controller,2,7.604927773578568,Clean
RendererOffOnDash,4,7.604927773578568,Clean
Sphere_Spawner,3,7.604927773578568,Clean
Sword,7,7.604927773578568,Clean
UI_Interactions,5,7.604927773578568,Clean
UI_Keyboard,3,7.604927773578568,Clean
UseRotate,7,7.604927773578568,Clean
VRTK_ControllerAppearance_Example,5,7.604927773578568,Clean
VRTK_ControllerEvents_ListenerExample,4,7.604927773578568,Clean
VRTK_ControllerInteract_ListenerExample,4,7.604927773578568,Clean
VRTK_ControllerPointerEvents_ListenerExample,3,7.604927773578568,Clean
VRTK_ControllerUIPointerEvents_ListenerExample,4,7.604927773578568,Clean
VRTK_RoomExtender_ControllerExample,4,7.604927773578568,Clean
Whirlygig,5,7.604927773578568,Clean
VRTK_ConsoleViewer,6,7.604927773578568,Clean
VRTK_ControllerTooltips,8,7.604927773578568,Fault_proner
TooltipButtons,1,7.604927773578568,Clean
VRTK_FramesPerSecondViewer,4,7.604927773578568,Clean
VRTK_ObjectTooltip,7,7.604927773578568,Clean
DestinationMarkerEventArgs,3,7.604927773578568,Clean
VRTK_DestinationMarker,8,7.604927773578568,Fault_proner
VRTK_WorldPointer,10,7.604927773578568,Fault_proner
pointerVisibilityStates,1,7.604927773578568,Clean
VRTK_PlayAreaCollider,6,7.604927773578568,Clean
RadialButtonIcon,1,7.604927773578568,Clean
RadialMenu,8,7.604927773578568,Fault_proner
RadialMenuButton,3,7.604927773578568,Clean
ButtonEvent,1,7.604927773578568,Clean
UICircle,7,7.604927773578568,Clean
VRTK_IndependentRadialMenuController,8,7.604927773578568,Fault_proner
RadialMenuController,7,7.604927773578568,Clean
VRTK_ContentHandler,5,7.604927773578568,Clean
VRTK_Button,8,7.604927773578568,Fault_proner
ButtonDirection,1,7.604927773578568,Clean
ButtonEvents,1,7.604927773578568,Clean
VRTK_Chest,7,7.604927773578568,Clean
VRTK_Control,8,7.604927773578568,Fault_proner
Direction,1,7.604927773578568,Clean
ValueChangedEvent,1,7.604927773578568,Clean
DefaultControlEvents,2,7.604927773578568,Clean
ControlValueRange,2,7.604927773578568,Clean
VRTK_Door,7,7.604927773578568,Clean
VRTK_Drawer,7,7.604927773578568,Clean
VRTK_Knob,7,7.604927773578568,Clean
KnobDirection,1,7.604927773578568,Clean
VRTK_Lever,9,7.604927773578568,Fault_proner
LeverDirection,1,7.604927773578568,Clean
VRTK_Slider,7,7.604927773578568,Clean
VRTK_Spring_Lever,6,7.604927773578568,Clean
Bezier,5,7.604927773578568,Clean
CurveGenerator,8,7.604927773578568,Fault_proner
BezierControlPointMode,1,7.604927773578568,Clean
Utilities,6,7.604927773578568,Clean
VRTK_EventSystemVRInput,6,7.604927773578568,Clean
VRTK_ObjectCache,4,7.604927773578568,Clean
VRTK_PlayerObject,2,7.604927773578568,Clean
ObjectTypes,1,7.604927773578568,Clean
VRTK_RoomExtender_PlayAreaGizmo,6,7.604927773578568,Clean
VRTK_UIGraphicRaycaster,8,7.604927773578568,Fault_proner
VRGraphic,3,7.604927773578568,Clean
VRTK_AdaptiveQuality,9,7.604927773578568,Fault_proner
CommandLineArguments,3,7.604927773578568,Clean
ShaderPropertyIDs,3,7.604927773578568,Clean
VRTK_BasicTeleport,9,7.604927773578568,Fault_proner
VRTK_BezierPointer,8,7.604927773578568,Fault_proner
VRTK_ControllerModelElementPaths,3,7.604927773578568,Clean
VRTK_ControllerElementHighlighers,4,7.604927773578568,Clean
ControllerActionsEventArgs,1,7.604927773578568,Clean
VRTK_ControllerActions,8,7.604927773578568,Fault_proner
ControllerInteractionEventArgs,3,7.604927773578568,Clean
VRTK_ControllerEvents,8,7.604927773578568,Fault_proner
ButtonAlias,1,7.604927773578568,Clean
DashTeleportEventArgs,1,7.604927773578568,Clean
VRTK_DashTeleport,9,7.604927773578568,Fault_proner
VRTK_DeviceFinder,6,7.604927773578568,Clean
Devices,1,7.604927773578568,Clean
ControllerHand,1,7.604927773578568,Clean
HeadsetCollisionEventArgs,2,7.604927773578568,Clean
VRTK_HeadsetCollision,8,7.604927773578568,Fault_proner
VRTK_HeadsetCollisionFade,6,7.604927773578568,Clean
HeadsetFadeEventArgs,2,7.604927773578568,Clean
VRTK_HeadsetFade,6,7.604927773578568,Clean
VRTK_HeightAdjustTeleport,9,7.604927773578568,Fault_proner
FallingRestrictors,1,7.604927773578568,Clean
InteractableObjectEventArgs,1,7.604927773578568,Clean
VRTK_InteractableObject,9,7.604927773578568,Fault_proner
GrabAttachType,1,7.604927773578568,Clean
AllowedController,1,7.604927773578568,Clean
ControllerHideMode,1,7.604927773578568,Clean
VRTK_InteractGrab,8,7.604927773578568,Fault_proner
ObjectInteractEventArgs,2,7.604927773578568,Clean
VRTK_InteractTouch,8,7.604927773578568,Fault_proner
VRTK_InteractUse,8,7.604927773578568,Fault_proner
VRTK_ObjectAutoGrab,5,7.604927773578568,Clean
PlayerClimbEventArgs,2,7.604927773578568,Clean
VRTK_PlayerClimb,7,7.604927773578568,Clean
PlayerPresenceEventArgs,1,7.604927773578568,Clean
VRTK_PlayerPresence,8,7.604927773578568,Fault_proner
VRTK_RoomExtender,7,7.604927773578568,Clean
MovementFunction,1,7.604927773578568,Clean
VRTK_SimplePointer,8,7.604927773578568,Fault_proner
VRTK_Simulator,6,7.604927773578568,Clean
Keys,3,7.604927773578568,Clean
VRTK_TagOrScriptPolicyList,8,7.604927773578568,Fault_proner
OperationTypes,1,7.604927773578568,Clean
CheckTypes,1,7.604927773578568,Clean
VRTK_TeleportDisableOnHeadsetCollision,4,7.604927773578568,Clean
VRTK_TouchpadWalking,7,7.604927773578568,Clean
UIPointerEventArgs,3,7.604927773578568,Clean
VRTK_UIPointer,8,7.604927773578568,Fault_proner
ActivationMethods,1,7.604927773578568,Clean
VRTK_SDK_Bridge,8,7.604927773578568,Fault_proner
ButtonPressTypes,1,7.604927773578568,Clean
VRTK_BasicTeleport_UnityEvents,6,7.604927773578568,Clean
UnityObjectEvent,1,7.604927773578568,Clean
VRTK_ControllerActions_UnityEvents,6,7.604927773578568,Clean
VRTK_ControllerEvents_UnityEvents,6,7.604927773578568,Clean
VRTK_DashTeleport_UnityEvents,6,7.604927773578568,Clean
VRTK_DestinationMarker_UnityEvents,6,7.604927773578568,Clean
VRTK_HeadsetCollision_UnityEvents,6,7.604927773578568,Clean
VRTK_HeadsetFade_UnityEvents,6,7.604927773578568,Clean
VRTK_InteractableObject_UnityEvents,6,7.604927773578568,Clean
VRTK_InteractGrab_UnityEvents,6,7.604927773578568,Clean
VRTK_InteractTouch_UnityEvents,6,7.604927773578568,Clean
VRTK_InteractUse_UnityEvents,6,7.604927773578568,Clean
VRTK_PlayerClimb_UnityEvents,6,7.604927773578568,Clean
VRTK_PlayerPresence_UnityEvents,6,7.604927773578568,Clean
VRTK_UIPointer_UnityEvents,6,7.604927773578568,Clean
VRTK_BaseHighlighter,6,7.604927773578568,Clean
VRTK_MaterialColorSwapHighlighter,6,7.604927773578568,Clean
VRTK_OutlineObjectCopyHighlighter,8,7.604927773578568,Fault_proner
AmbientOcclusion,7,7.604927773578568,Clean
PropertyObserver,4,7.604927773578568,Clean
SampleCount,1,7.604927773578568,Clean
OcclusionSource,1,7.604927773578568,Clean
Settings,5,7.604927773578568,Clean
AntiAliasing,7,7.604927773578568,Clean
Method,0,7.604927773578568,Clean
FXAA,10,7.604927773578568,Fault_proner
QualitySettings,5,7.604927773578568,Clean
ConsoleSettings,3,7.604927773578568,Clean
Preset,6,7.604927773578568,Clean
LayoutAttribute,1,7.604927773578568,Clean
IAntiAliasing,5,7.604927773578568,Clean
SMAA,10,7.604927773578568,Fault_proner
SettingsGroup,1,7.604927773578568,Clean
TopLevelSettings,1,7.604927773578568,Clean
ExperimentalGroup,1,7.604927773578568,Clean
DebugPass,1,7.604927773578568,Clean
QualityPreset,1,7.604927773578568,Clean
EdgeDetectionMethod,1,7.604927773578568,Clean
GlobalSettings,5,7.604927773578568,Clean
TemporalSettings,4,7.604927773578568,Clean
PredicationSettings,5,7.604927773578568,Clean
Bloom,7,7.604927773578568,Clean
ImageEffectHelper,5,7.604927773578568,Clean
MinAttribute,2,7.604927773578568,Clean
RenderTextureUtility,4,7.604927773578568,Clean
DepthOfField,8,7.604927773578568,Fault_proner
Passes,1,7.604927773578568,Clean
MedianPasses,1,7.604927773578568,Clean
BokehTexturesPasses,1,7.604927773578568,Clean
TweakMode,1,7.604927773578568,Clean
ApertureShape,1,7.604927773578568,Clean
FilterQuality,1,7.604927773578568,Clean
FocusSettings,6,7.604927773578568,Clean
BokehTextureSettings,4,7.604927773578568,Clean
LensAberrations,8,7.604927773578568,Fault_proner
AdvancedSetting,1,7.604927773578568,Clean
DistortionSettings,5,7.604927773578568,Clean
VignetteSettings,6,7.604927773578568,Clean
ChromaticAberrationSettings,4,7.604927773578568,Clean
Pass,1,7.604927773578568,Clean
ScreenSpaceReflection,8,7.604927773578568,Fault_proner
SSRResolution,1,7.604927773578568,Clean
SSRReflectionBlendType,1,7.604927773578568,Clean
SSRSettings,6,7.604927773578568,Clean
IntensitySettings,3,7.604927773578568,Clean
ReflectionSettings,3,7.604927773578568,Clean
ScreenEdgeMask,1,7.604927773578568,Clean
PassIndex,1,7.604927773578568,Clean
TonemappingColorGrading,9,7.604927773578568,Fault_proner
IndentedGroup,0,7.604927773578568,Clean
ChannelMixer,0,7.604927773578568,Clean
ColorWheelGroup,3,7.604927773578568,Clean
Curve,2,7.604927773578568,Clean
EyeAdaptationSettings,5,7.604927773578568,Clean
Tonemapper,1,7.604927773578568,Clean
TonemappingSettings,6,7.604927773578568,Clean
LUTSettings,4,7.604927773578568,Clean
ColorWheelsSettings,4,7.604927773578568,Clean
BasicsSettings,5,7.604927773578568,Clean
ChannelMixerSettings,3,7.604927773578568,Clean
CurvesSettings,5,7.604927773578568,Clean
ColorGradingPrecision,0,7.604927773578568,Clean
ColorGradingSettings,6,7.604927773578568,Clean
VRTK_AdaptiveQualityEditor,5,7.604927773578568,Clean
VRTK_EditorUtilities,2,7.604927773578568,Clean
VRTK_InteractableObjectEditor,5,7.604927773578568,Clean
RadialMenuInspector,2,7.604927773578568,Clean
AmbientOcclusionEditor,5,7.604927773578568,Clean
AntiAliasingEditor,5,7.604927773578568,Clean
IAntiAliasingEditor,3,7.604927773578568,Clean
FXAAEditor,6,7.604927773578568,Clean
SMAAEditor,6,7.604927773578568,Clean
InfoMap,3,7.604927773578568,Clean
BloomEditor,5,7.604927773578568,Clean
BloomGraphDrawer,7,7.604927773578568,Clean
EditorGUIHelper,5,7.604927773578568,Clean
Styles,4,7.604927773578568,Clean
FieldFinder<T>,1,7.604927773578568,Clean
MinDrawer,2,7.604927773578568,Clean
DepthOfFieldEditor,5,7.604927773578568,Clean
LensAberrationsEditor,6,7.604927773578568,Clean
LayoutDrawer,5,7.604927773578568,Clean
ScreenSpaceReflectionEditor,4,7.604927773578568,Clean
TonemappingColorGradingEditor,8,7.604927773578568,Fault_proner
ColorWheelGroupDrawer,3,7.604927773578568,Clean
IndentedGroupDrawer,1,7.604927773578568,Clean
ChannelMixerDrawer,3,7.604927773578568,Clean
CurveDrawer,2,7.604927773578568,Clean
HistogramMode,1,7.604927773578568,Clean
ColorWheel,7,7.604927773578568,Clean
