Component,Threshold,Cutoff,Status
IVRSystem,3,6.133659183878035,Clean
IVRExtendedDisplay,2,6.133659183878035,Clean
IVRTrackedCamera,3,6.133659183878035,Clean
IVRApplications,3,6.133659183878035,Clean
IVRChaperone,3,6.133659183878035,Clean
IVRChaperoneSetup,3,6.133659183878035,Clean
IVRCompositor,3,6.133659183878035,Clean
IVROverlay,3,6.133659183878035,Clean
IVRRenderModels,3,6.133659183878035,Clean
IVRNotifications,1,6.133659183878035,Clean
IVRSettings,3,6.133659183878035,Clean
IVRScreenshots,3,6.133659183878035,Clean
IVRResources,1,6.133659183878035,Clean
CVRSystem,6,6.133659183878035,Clean
CVRExtendedDisplay,5,6.133659183878035,Clean
CVRTrackedCamera,6,6.133659183878035,Clean
CVRApplications,6,6.133659183878035,Clean
CVRChaperone,6,6.133659183878035,Clean
CVRChaperoneSetup,6,6.133659183878035,Clean
CVRCompositor,6,6.133659183878035,Clean
CVROverlay,6,6.133659183878035,Clean
CVRRenderModels,6,6.133659183878035,Clean
CVRNotifications,3,6.133659183878035,Clean
CVRSettings,6,6.133659183878035,Clean
CVRScreenshots,6,6.133659183878035,Clean
CVRResources,3,6.133659183878035,Clean
OpenVRInterop,4,6.133659183878035,Clean
EVREye,1,6.133659183878035,Clean
EGraphicsAPIConvention,1,6.133659183878035,Clean
EColorSpace,1,6.133659183878035,Clean
ETrackingResult,1,6.133659183878035,Clean
ETrackedDeviceClass,1,6.133659183878035,Clean
ETrackedControllerRole,1,6.133659183878035,Clean
ETrackingUniverseOrigin,1,6.133659183878035,Clean
ETrackedDeviceProperty,2,6.133659183878035,Clean
ETrackedPropertyError,1,6.133659183878035,Clean
EVRSubmitFlags,1,6.133659183878035,Clean
EVRState,0,6.133659183878035,Clean
EVREventType,2,6.133659183878035,Clean
EDeviceActivityLevel,1,6.133659183878035,Clean
EVRButtonId,1,6.133659183878035,Clean
EVRMouseButton,0,6.133659183878035,Clean
EVRControllerAxisType,1,6.133659183878035,Clean
EVRControllerEventOutputType,0,6.133659183878035,Clean
ECollisionBoundsStyle,0,6.133659183878035,Clean
EVROverlayError,1,6.133659183878035,Clean
EVRApplicationType,1,6.133659183878035,Clean
EVRFirmwareError,1,6.133659183878035,Clean
EVRNotificationError,1,6.133659183878035,Clean
EVRInitError,2,6.133659183878035,Clean
EVRScreenshotType,1,6.133659183878035,Clean
EVRScreenshotPropertyFilenames,1,6.133659183878035,Clean
EVRTrackedCameraError,1,6.133659183878035,Clean
EVRTrackedCameraFrameType,1,6.133659183878035,Clean
EVRApplicationError,1,6.133659183878035,Clean
EVRApplicationProperty,1,6.133659183878035,Clean
EVRApplicationTransitionState,1,6.133659183878035,Clean
ChaperoneCalibrationState,1,6.133659183878035,Clean
EChaperoneConfigFile,1,6.133659183878035,Clean
EChaperoneImportFlags,0,6.133659183878035,Clean
EVRCompositorError,1,6.133659183878035,Clean
VROverlayInputMethod,1,6.133659183878035,Clean
VROverlayTransformType,1,6.133659183878035,Clean
VROverlayFlags,1,6.133659183878035,Clean
EGamepadTextInputMode,0,6.133659183878035,Clean
EGamepadTextInputLineMode,0,6.133659183878035,Clean
EOverlayDirection,1,6.133659183878035,Clean
EVRRenderModelError,1,6.133659183878035,Clean
EVRComponentProperty,0,6.133659183878035,Clean
EVRNotificationType,1,6.133659183878035,Clean
EVRNotificationStyle,1,6.133659183878035,Clean
EVRSettingsError,1,6.133659183878035,Clean
EVRScreenshotError,1,6.133659183878035,Clean
VREvent_Data_t,3,6.133659183878035,Clean
HmdMatrix34_t,3,6.133659183878035,Clean
HmdMatrix44_t,3,6.133659183878035,Clean
HmdVector3_t,3,6.133659183878035,Clean
HmdVector4_t,2,6.133659183878035,Clean
HmdVector3d_t,2,6.133659183878035,Clean
HmdVector2_t,2,6.133659183878035,Clean
HmdQuaternion_t,2,6.133659183878035,Clean
HmdColor_t,3,6.133659183878035,Clean
HmdQuad_t,4,6.133659183878035,Clean
HmdRect2_t,3,6.133659183878035,Clean
DistortionCoordinates_t,3,6.133659183878035,Clean
Texture_t,4,6.133659183878035,Clean
TrackedDevicePose_t,4,6.133659183878035,Clean
VRTextureBounds_t,3,6.133659183878035,Clean
VREvent_Controller_t,0,6.133659183878035,Clean
VREvent_Mouse_t,2,6.133659183878035,Clean
VREvent_Scroll_t,2,6.133659183878035,Clean
VREvent_TouchPadMove_t,2,6.133659183878035,Clean
VREvent_Notification_t,1,6.133659183878035,Clean
VREvent_Process_t,2,6.133659183878035,Clean
VREvent_Overlay_t,0,6.133659183878035,Clean
VREvent_Status_t,0,6.133659183878035,Clean
VREvent_Keyboard_t,2,6.133659183878035,Clean
VREvent_Ipd_t,0,6.133659183878035,Clean
VREvent_Chaperone_t,1,6.133659183878035,Clean
VREvent_Reserved_t,1,6.133659183878035,Clean
VREvent_PerformanceTest_t,0,6.133659183878035,Clean
VREvent_SeatedZeroPoseReset_t,0,6.133659183878035,Clean
VREvent_Screenshot_t,1,6.133659183878035,Clean
VREvent_ScreenshotProgress_t,0,6.133659183878035,Clean
VREvent_ApplicationLaunch_t,1,6.133659183878035,Clean
VREvent_t,4,6.133659183878035,Clean
HiddenAreaMesh_t,2,6.133659183878035,Clean
VRControllerAxis_t,2,6.133659183878035,Clean
VRControllerState_t,4,6.133659183878035,Clean
Compositor_OverlaySettings,3,6.133659183878035,Clean
CameraVideoStreamFrameHeader_t,4,6.133659183878035,Clean
AppOverrideKeys_t,2,6.133659183878035,Clean
Compositor_FrameTiming,4,6.133659183878035,Clean
Compositor_CumulativeStats,3,6.133659183878035,Clean
VROverlayIntersectionParams_t,4,6.133659183878035,Clean
VROverlayIntersectionResults_t,4,6.133659183878035,Clean
RenderModel_ComponentState_t,4,6.133659183878035,Clean
RenderModel_Vertex_t,3,6.133659183878035,Clean
RenderModel_TextureMap_t,2,6.133659183878035,Clean
RenderModel_t,2,6.133659183878035,Clean
RenderModel_ControllerMode_State_t,1,6.133659183878035,Clean
NotificationBitmap_t,3,6.133659183878035,Clean
COpenVRContext,8,6.133659183878035,Fault_proner
OpenVR,9,6.133659183878035,Fault_proner
DestinationMarkerEventArgs,3,6.133659183878035,Clean
VRTK_DestinationMarker,8,6.133659183878035,Fault_proner
VRTK_WorldPointer,10,6.133659183878035,Fault_proner
pointerVisibilityStates,1,6.133659183878035,Clean
VRTK_PlayAreaCollider,4,6.133659183878035,Clean
RadialMenuController,5,6.133659183878035,Clean
VRTK_Button,7,6.133659183878035,Fault_proner
Direction,1,6.133659183878035,Clean
VRTK_Chest,7,6.133659183878035,Fault_proner
VRTK_Knob,7,6.133659183878035,Fault_proner
VRTK_Lever,7,6.133659183878035,Fault_proner
VRTK_Slider,7,6.133659183878035,Fault_proner
VRTK_Control,8,6.133659183878035,Fault_proner
Bezier,5,6.133659183878035,Clean
CurveGenerator,8,6.133659183878035,Fault_proner
BezierControlPointMode,1,6.133659183878035,Clean
DeviceFinder,6,6.133659183878035,Clean
ControllerHand,1,6.133659183878035,Clean
FramsPerSecondViewer,4,6.133659183878035,Clean
Utilities,6,6.133659183878035,Clean
VRTK_EventSystemVRInput,6,6.133659183878035,Clean
VRTK_PlayerObject,2,6.133659183878035,Clean
ObjectTypes,1,6.133659183878035,Clean
VRTK_UIGraphicRaycaster,7,6.133659183878035,Fault_proner
VRGraphic,3,6.133659183878035,Clean
VRTK_BasicTeleport,8,6.133659183878035,Fault_proner
VRTK_BezierPointer,7,6.133659183878035,Fault_proner
VRTK_ControllerActions,6,6.133659183878035,Clean
ControllerInteractionEventArgs,3,6.133659183878035,Clean
VRTK_ControllerEvents,8,6.133659183878035,Fault_proner
ButtonAlias,1,6.133659183878035,Clean
VRTK_ControllerTooltips,6,6.133659183878035,Clean
HeadsetCollisionEventArgs,2,6.133659183878035,Clean
VRTK_HeadsetCollisionFade,8,6.133659183878035,Fault_proner
VRTK_HeightAdjustTeleport,6,6.133659183878035,Clean
InteractableObjectEventArgs,1,6.133659183878035,Clean
VRTK_InteractableObject,9,6.133659183878035,Fault_proner
GrabAttachType,1,6.133659183878035,Clean
AllowedController,1,6.133659183878035,Clean
VRTK_InteractGrab,8,6.133659183878035,Fault_proner
ObjectInteractEventArgs,2,6.133659183878035,Clean
VRTK_InteractTouch,8,6.133659183878035,Fault_proner
VRTK_InteractUse,8,6.133659183878035,Fault_proner
VRTK_ObjectAutoGrab,6,6.133659183878035,Clean
VRTK_ObjectTooltip,6,6.133659183878035,Clean
VRTK_PlayerPresence,7,6.133659183878035,Fault_proner
VRTK_SimplePointer,7,6.133659183878035,Fault_proner
VRTK_TouchpadWalking,7,6.133659183878035,Fault_proner
VRTK_UIPointer,7,6.133659183878035,Fault_proner
