Component,Threshold,Cutoff,Status
CameraIntrinsics,5,7.623573296296584,Clean
KinectBuffer,7,7.623573296296584,Clean
PointF,5,7.623573296296584,Clean
AudioBeamSubFrame,8,7.623573296296584,Fault_proner
AudioBeamFrame,7,7.623573296296584,Clean
BodyFrame,8,7.623573296296584,Fault_proner
Body,7,7.623573296296584,Clean
ColorFrame,8,7.623573296296584,Fault_proner
DepthFrame,8,7.623573296296584,Fault_proner
BodyIndexFrame,8,7.623573296296584,Fault_proner
InfraredFrame,8,7.623573296296584,Fault_proner
KinectSensor,9,7.623573296296584,Fault_proner
LongExposureInfraredFrame,8,7.623573296296584,Fault_proner
CoordinateMapper,8,7.623573296296584,Fault_proner
Activity,0,7.623573296296584,Clean
Appearance,0,7.623573296296584,Clean
AudioBeam,7,7.623573296296584,Clean
AudioBeamFrameArrivedEventArgs,7,7.623573296296584,Clean
AudioBeamFrameList,6,7.623573296296584,Clean
AudioBeamFrameReader,9,7.623573296296584,Fault_proner
AudioBeamFrameReference,6,7.623573296296584,Clean
AudioBeamMode,1,7.623573296296584,Clean
AudioBodyCorrelation,6,7.623573296296584,Clean
AudioSource,7,7.623573296296584,Clean
BodyFrameArrivedEventArgs,7,7.623573296296584,Clean
BodyFrameReader,9,7.623573296296584,Fault_proner
BodyFrameReference,6,7.623573296296584,Clean
BodyFrameSource,8,7.623573296296584,Fault_proner
BodyIndexFrameArrivedEventArgs,7,7.623573296296584,Clean
BodyIndexFrameReader,9,7.623573296296584,Fault_proner
BodyIndexFrameReference,6,7.623573296296584,Clean
BodyIndexFrameSource,7,7.623573296296584,Clean
CameraSpacePoint,4,7.623573296296584,Clean
ColorCameraSettings,6,7.623573296296584,Clean
ColorFrameArrivedEventArgs,7,7.623573296296584,Clean
ColorFrameReader,9,7.623573296296584,Fault_proner
ColorFrameReference,6,7.623573296296584,Clean
ColorFrameSource,8,7.623573296296584,Fault_proner
ColorImageFormat,1,7.623573296296584,Clean
ColorSpacePoint,4,7.623573296296584,Clean
CoordinateMappingChangedEventArgs,6,7.623573296296584,Clean
DepthFrameArrivedEventArgs,7,7.623573296296584,Clean
DepthFrameReader,9,7.623573296296584,Fault_proner
DepthFrameReference,6,7.623573296296584,Clean
DepthFrameSource,8,7.623573296296584,Fault_proner
DepthSpacePoint,4,7.623573296296584,Clean
DetectionResult,0,7.623573296296584,Clean
Expression,0,7.623573296296584,Clean
FrameCapturedEventArgs,7,7.623573296296584,Clean
FrameCapturedStatus,0,7.623573296296584,Clean
FrameDescription,7,7.623573296296584,Clean
FrameEdges,0,7.623573296296584,Clean
FrameSourceTypes,1,7.623573296296584,Clean
HandState,0,7.623573296296584,Clean
InfraredFrameArrivedEventArgs,7,7.623573296296584,Clean
InfraredFrameReader,9,7.623573296296584,Fault_proner
InfraredFrameReference,6,7.623573296296584,Clean
InfraredFrameSource,7,7.623573296296584,Clean
IsAvailableChangedEventArgs,7,7.623573296296584,Clean
Joint,4,7.623573296296584,Clean
JointOrientation,4,7.623573296296584,Clean
JointType,1,7.623573296296584,Clean
KinectAudioCalibrationState,0,7.623573296296584,Clean
KinectCapabilities,0,7.623573296296584,Clean
KinectUnityAddinUtils,0,7.623573296296584,Clean
LongExposureInfraredFrameArrivedEventArgs,7,7.623573296296584,Clean
LongExposureInfraredFrameReader,9,7.623573296296584,Fault_proner
LongExposureInfraredFrameReference,6,7.623573296296584,Clean
LongExposureInfraredFrameSource,7,7.623573296296584,Clean
MultiSourceFrame,7,7.623573296296584,Clean
MultiSourceFrameArrivedEventArgs,7,7.623573296296584,Clean
MultiSourceFrameReader,9,7.623573296296584,Fault_proner
MultiSourceFrameReference,6,7.623573296296584,Clean
TrackingConfidence,0,7.623573296296584,Clean
TrackingState,1,7.623573296296584,Clean
Vector4,4,7.623573296296584,Clean
"CollectionMap<TKey,TValue>",0,7.623573296296584,Clean
EventPump,7,7.623573296296584,Clean
ExceptionHelper,2,7.623573296296584,Clean
INativeWrapper,3,7.623573296296584,Clean
NativeObjectCache,5,7.623573296296584,Clean
NativeWrapper,1,7.623573296296584,Clean
SmartGCHandle,3,7.623573296296584,Clean
"ThreadSafeDictionary<TKey,TValue>",3,7.623573296296584,Clean
PropertyChangedEventArgs,7,7.623573296296584,Clean
Complex,6,7.623573296296584,Clean
Matrix,7,7.623573296296584,Clean
DefinitenessType,1,7.623573296296584,Clean
Trigger,0,7.623573296296584,Clean
Direction,0,7.623573296296584,Clean
EnableCondition,0,7.623573296296584,Clean
DisableCondition,0,7.623573296296584,Clean
PSMoveSharpConstants,4,7.623573296296584,Clean
Float4,3,7.623573296296584,Clean
NetworkWriterHelper,1,7.623573296296584,Clean
NetworkReaderHelper,6,7.623573296296584,Clean
PSMoveSharpServerConfig,3,7.623573296296584,Clean
PSMoveSharpStatus,4,7.623573296296584,Clean
PSMoveSharpPadData,3,7.623573296296584,Clean
PSMoveSharpGemState,4,7.623573296296584,Clean
PSMoveSharpImageState,4,7.623573296296584,Clean
PSMoveSharpPointerState,4,7.623573296296584,Clean
PSMoveSharpNavInfo,4,7.623573296296584,Clean
PSMoveSharpNavPadData,4,7.623573296296584,Clean
PSMoveSharpSphereState,4,7.623573296296584,Clean
PSMoveSharpCameraState,4,7.623573296296584,Clean
PSMoveSharpPositionPointerState,4,7.623573296296584,Clean
PSMoveSharpCameraFrameSlice,3,7.623573296296584,Clean
PSMoveSharpCameraFrameStateCollector,8,7.623573296296584,Fault_proner
PSMoveSharpCameraFrameState,7,7.623573296296584,Clean
PSMoveSharpState,5,7.623573296296584,Clean
PSMoveClient,6,7.623573296296584,Clean
ClientRequest,1,7.623573296296584,Clean
PSMoveClientThreadedRead,7,7.623573296296584,Clean
UdpState,2,7.623573296296584,Clean
BodyCollider,0,7.623573296296584,Clean
CircularDrive,6,7.623573296296584,Clean
Axis_t,0,7.623573296296584,Clean
ComplexThrowable,6,7.623573296296584,Clean
AttachMode,1,7.623573296296584,Clean
ControllerHoverHighlight,7,7.623573296296584,Clean
CustomEvents,0,7.623573296296584,Clean
UnityEventSingleFloat,0,7.623573296296584,Clean
UnityEventHand,1,7.623573296296584,Clean
DebugUI,2,7.623573296296584,Clean
DestroyOnDetachedFromHand,1,7.623573296296584,Clean
DestroyOnParticleSystemDeath,0,7.623573296296584,Clean
DestroyOnTriggerEnter,0,7.623573296296584,Clean
DistanceHaptics,2,7.623573296296584,Clean
DontDestroyOnLoad,0,7.623573296296584,Clean
EnumFlags,1,7.623573296296584,Clean
EnumFlagsPropertyDrawer,0,7.623573296296584,Clean
FallbackCameraController,5,7.623573296296584,Clean
Hand,9,7.623573296296584,Fault_proner
HandType,1,7.623573296296584,Clean
AttachmentFlags,1,7.623573296296584,Clean
AttachedObject,3,7.623573296296584,Clean
HandEditor,2,7.623573296296584,Clean
HapticRack,6,7.623573296296584,Clean
HideOnHandFocusLost,1,7.623573296296584,Clean
IgnoreHovering,1,7.623573296296584,Clean
InputModule,6,7.623573296296584,Clean
Interactable,2,7.623573296296584,Clean
InteractableButtonEvents,5,7.623573296296584,Clean
InteractableHoverEvents,4,7.623573296296584,Clean
ItemPackage,4,7.623573296296584,Clean
ItemPackageType,1,7.623573296296584,Clean
ItemPackageReference,2,7.623573296296584,Clean
ItemPackageSpawner,7,7.623573296296584,Clean
LinearAnimation,5,7.623573296296584,Clean
LinearAnimator,5,7.623573296296584,Clean
LinearAudioPitch,6,7.623573296296584,Clean
LinearBlendshape,4,7.623573296296584,Clean
LinearDisplacement,3,7.623573296296584,Clean
LinearDrive,6,7.623573296296584,Clean
LinearMapping,1,7.623573296296584,Clean
Player,9,7.623573296296584,Fault_proner
PlaySound,7,7.623573296296584,Clean
SeeThru,5,7.623573296296584,Clean
SleepOnAwake,0,7.623573296296584,Clean
SoundDeparent,0,7.623573296296584,Clean
SoundPlayOneshot,8,7.623573296296584,Fault_proner
SpawnAndAttachAfterControllerIsTracking,2,7.623573296296584,Clean
SpawnAndAttachToHand,2,7.623573296296584,Clean
SpawnRenderModel,5,7.623573296296584,Clean
Throwable,6,7.623573296296584,Clean
UIElement,5,7.623573296296584,Clean
UIElementEditor,1,7.623573296296584,Clean
Unparent,1,7.623573296296584,Clean
Util,8,7.623573296296584,Fault_proner
AfterTimer_Component,5,7.623573296296584,Clean
VelocityEstimator,7,7.623573296296584,Clean
ControllerButtonHints,9,7.623573296296584,Fault_proner
OffsetType,1,7.623573296296584,Clean
ButtonHintInfo,3,7.623573296296584,Clean
ArcheryTarget,6,7.623573296296584,Clean
Arrow,7,7.623573296296584,Clean
ArrowHand,7,7.623573296296584,Clean
ArrowheadRotation,0,7.623573296296584,Clean
Balloon,7,7.623573296296584,Clean
BalloonColor,1,7.623573296296584,Clean
BalloonColliders,4,7.623573296296584,Clean
BalloonHapticBump,2,7.623573296296584,Clean
BalloonSpawner,7,7.623573296296584,Clean
ExplosionWobble,1,7.623573296296584,Clean
FireSource,7,7.623573296296584,Clean
Longbow,8,7.623573296296584,Fault_proner
Handedness,1,7.623573296296584,Clean
SoundBowClick,3,7.623573296296584,Clean
ControllerHintsExample,5,7.623573296296584,Clean
InteractableExample,5,7.623573296296584,Clean
AllowTeleportWhileAttachedToHand,2,7.623573296296584,Clean
ChaperoneInfo,5,7.623573296296584,Clean
IgnoreTeleportTrace,0,7.623573296296584,Clean
Teleport,9,7.623573296296584,Fault_proner
TeleportArc,8,7.623573296296584,Fault_proner
TeleportArea,9,7.623573296296584,Fault_proner
TeleportAreaEditor,2,7.623573296296584,Clean
TeleportMarkerBase,7,7.623573296296584,Clean
TeleportPoint,10,7.623573296296584,Fault_proner
TeleportPointType,1,7.623573296296584,Clean
TeleportPointEditor,2,7.623573296296584,Clean
IVRSystem,3,7.623573296296584,Clean
IVRExtendedDisplay,2,7.623573296296584,Clean
IVRTrackedCamera,3,7.623573296296584,Clean
IVRApplications,3,7.623573296296584,Clean
IVRChaperone,2,7.623573296296584,Clean
IVRChaperoneSetup,3,7.623573296296584,Clean
IVRCompositor,3,7.623573296296584,Clean
IVROverlay,3,7.623573296296584,Clean
IVRRenderModels,3,7.623573296296584,Clean
IVRNotifications,1,7.623573296296584,Clean
IVRSettings,3,7.623573296296584,Clean
IVRScreenshots,2,7.623573296296584,Clean
IVRResources,1,7.623573296296584,Clean
IVRDriverManager,1,7.623573296296584,Clean
CVRSystem,6,7.623573296296584,Clean
PollNextEventUnion,2,7.623573296296584,Clean
GetControllerStateUnion,2,7.623573296296584,Clean
GetControllerStateWithPoseUnion,2,7.623573296296584,Clean
CVRExtendedDisplay,4,7.623573296296584,Clean
CVRTrackedCamera,6,7.623573296296584,Clean
CVRApplications,6,7.623573296296584,Clean
CVRChaperone,6,7.623573296296584,Clean
CVRChaperoneSetup,6,7.623573296296584,Clean
CVRCompositor,6,7.623573296296584,Clean
CVROverlay,6,7.623573296296584,Clean
PollNextOverlayEventUnion,2,7.623573296296584,Clean
CVRRenderModels,6,7.623573296296584,Clean
GetComponentStateUnion,2,7.623573296296584,Clean
CVRNotifications,3,7.623573296296584,Clean
CVRSettings,6,7.623573296296584,Clean
CVRScreenshots,6,7.623573296296584,Clean
CVRResources,3,7.623573296296584,Clean
CVRDriverManager,3,7.623573296296584,Clean
OpenVRInterop,4,7.623573296296584,Clean
EVREye,1,7.623573296296584,Clean
ETextureType,1,7.623573296296584,Clean
EColorSpace,1,7.623573296296584,Clean
ETrackingResult,1,7.623573296296584,Clean
ETrackedDeviceClass,1,7.623573296296584,Clean
ETrackedControllerRole,1,7.623573296296584,Clean
ETrackingUniverseOrigin,1,7.623573296296584,Clean
ETrackedDeviceProperty,2,7.623573296296584,Clean
ETrackedPropertyError,1,7.623573296296584,Clean
EVRSubmitFlags,1,7.623573296296584,Clean
EVRState,0,7.623573296296584,Clean
EVREventType,2,7.623573296296584,Clean
EDeviceActivityLevel,1,7.623573296296584,Clean
EVRButtonId,1,7.623573296296584,Clean
EVRMouseButton,0,7.623573296296584,Clean
EDualAnalogWhich,1,7.623573296296584,Clean
EVRInputError,0,7.623573296296584,Clean
EHiddenAreaMeshType,1,7.623573296296584,Clean
EVRControllerAxisType,1,7.623573296296584,Clean
EVRControllerEventOutputType,0,7.623573296296584,Clean
ECollisionBoundsStyle,0,7.623573296296584,Clean
EVROverlayError,1,7.623573296296584,Clean
EVRApplicationType,1,7.623573296296584,Clean
EVRFirmwareError,1,7.623573296296584,Clean
EVRNotificationError,1,7.623573296296584,Clean
EVRInitError,2,7.623573296296584,Clean
EVRScreenshotType,1,7.623573296296584,Clean
EVRScreenshotPropertyFilenames,1,7.623573296296584,Clean
EVRTrackedCameraError,1,7.623573296296584,Clean
EVRTrackedCameraFrameType,1,7.623573296296584,Clean
EVRApplicationError,1,7.623573296296584,Clean
EVRApplicationProperty,1,7.623573296296584,Clean
EVRApplicationTransitionState,1,7.623573296296584,Clean
ChaperoneCalibrationState,1,7.623573296296584,Clean
EChaperoneConfigFile,1,7.623573296296584,Clean
EChaperoneImportFlags,0,7.623573296296584,Clean
EVRCompositorError,1,7.623573296296584,Clean
EVRCompositorTimingMode,1,7.623573296296584,Clean
VROverlayInputMethod,1,7.623573296296584,Clean
VROverlayTransformType,1,7.623573296296584,Clean
VROverlayFlags,1,7.623573296296584,Clean
VRMessageOverlayResponse,1,7.623573296296584,Clean
EGamepadTextInputMode,0,7.623573296296584,Clean
EGamepadTextInputLineMode,0,7.623573296296584,Clean
EOverlayDirection,1,7.623573296296584,Clean
EVROverlayIntersectionMaskPrimitiveType,1,7.623573296296584,Clean
EVRRenderModelError,1,7.623573296296584,Clean
EVRComponentProperty,0,7.623573296296584,Clean
EVRNotificationType,1,7.623573296296584,Clean
EVRNotificationStyle,1,7.623573296296584,Clean
EVRSettingsError,1,7.623573296296584,Clean
EVRScreenshotError,1,7.623573296296584,Clean
VREvent_Data_t,3,7.623573296296584,Clean
VROverlayIntersectionMaskPrimitive_Data_t,2,7.623573296296584,Clean
HmdMatrix34_t,3,7.623573296296584,Clean
HmdMatrix44_t,3,7.623573296296584,Clean
HmdVector3_t,3,7.623573296296584,Clean
HmdVector4_t,2,7.623573296296584,Clean
HmdVector3d_t,2,7.623573296296584,Clean
HmdVector2_t,2,7.623573296296584,Clean
HmdQuaternion_t,2,7.623573296296584,Clean
HmdColor_t,3,7.623573296296584,Clean
HmdQuad_t,4,7.623573296296584,Clean
HmdRect2_t,3,7.623573296296584,Clean
DistortionCoordinates_t,3,7.623573296296584,Clean
Texture_t,4,7.623573296296584,Clean
TrackedDevicePose_t,4,7.623573296296584,Clean
VRTextureBounds_t,3,7.623573296296584,Clean
VRTextureWithPose_t,1,7.623573296296584,Clean
VRTextureDepthInfo_t,4,7.623573296296584,Clean
VRTextureWithDepth_t,1,7.623573296296584,Clean
VRTextureWithPoseAndDepth_t,1,7.623573296296584,Clean
VRVulkanTextureData_t,2,7.623573296296584,Clean
D3D12TextureData_t,2,7.623573296296584,Clean
VREvent_Controller_t,0,7.623573296296584,Clean
VREvent_Mouse_t,2,7.623573296296584,Clean
VREvent_Scroll_t,2,7.623573296296584,Clean
VREvent_TouchPadMove_t,2,7.623573296296584,Clean
VREvent_Notification_t,1,7.623573296296584,Clean
VREvent_Process_t,2,7.623573296296584,Clean
VREvent_Overlay_t,0,7.623573296296584,Clean
VREvent_Status_t,0,7.623573296296584,Clean
VREvent_Keyboard_t,2,7.623573296296584,Clean
VREvent_Ipd_t,0,7.623573296296584,Clean
VREvent_Chaperone_t,1,7.623573296296584,Clean
VREvent_Reserved_t,1,7.623573296296584,Clean
VREvent_PerformanceTest_t,0,7.623573296296584,Clean
VREvent_SeatedZeroPoseReset_t,0,7.623573296296584,Clean
VREvent_Screenshot_t,1,7.623573296296584,Clean
VREvent_ScreenshotProgress_t,0,7.623573296296584,Clean
VREvent_ApplicationLaunch_t,1,7.623573296296584,Clean
VREvent_EditingCameraSurface_t,1,7.623573296296584,Clean
VREvent_MessageOverlay_t,0,7.623573296296584,Clean
VREvent_Property_t,2,7.623573296296584,Clean
VREvent_DualAnalog_t,3,7.623573296296584,Clean
VREvent_HapticVibration_t,2,7.623573296296584,Clean
VREvent_t,4,7.623573296296584,Clean
VREvent_t_Packed,5,7.623573296296584,Clean
HiddenAreaMesh_t,2,7.623573296296584,Clean
VRControllerAxis_t,2,7.623573296296584,Clean
VRControllerState_t,4,7.623573296296584,Clean
VRControllerState_t_Packed,5,7.623573296296584,Clean
Compositor_OverlaySettings,3,7.623573296296584,Clean
CameraVideoStreamFrameHeader_t,4,7.623573296296584,Clean
DriverDirectMode_FrameTiming,2,7.623573296296584,Clean
AppOverrideKeys_t,2,7.623573296296584,Clean
Compositor_FrameTiming,4,7.623573296296584,Clean
Compositor_CumulativeStats,3,7.623573296296584,Clean
VROverlayIntersectionParams_t,4,7.623573296296584,Clean
VROverlayIntersectionResults_t,4,7.623573296296584,Clean
IntersectionMaskRectangle_t,2,7.623573296296584,Clean
IntersectionMaskCircle_t,2,7.623573296296584,Clean
VROverlayIntersectionMaskPrimitive_t,3,7.623573296296584,Clean
RenderModel_ComponentState_t,4,7.623573296296584,Clean
RenderModel_Vertex_t,3,7.623573296296584,Clean
RenderModel_TextureMap_t,3,7.623573296296584,Clean
RenderModel_TextureMap_t_Packed,4,7.623573296296584,Clean
RenderModel_t,3,7.623573296296584,Clean
RenderModel_t_Packed,4,7.623573296296584,Clean
RenderModel_ControllerMode_State_t,1,7.623573296296584,Clean
NotificationBitmap_t,3,7.623573296296584,Clean
COpenVRContext,8,7.623573296296584,Fault_proner
OpenVR,9,7.623573296296584,Fault_proner
