Component,Threshold,Cutoff,Status
Arm,8,8.382775119617225,Clean
Bone,8,8.382775119617225,Clean
BoneType,1,8.382775119617225,Clean
ClockCorrelator,7,8.382775119617225,Clean
Config,7,8.382775119617225,Clean
ValueType,1,8.382775119617225,Clean
Controller,9,8.382775119617225,Fault_proner
PolicyFlag,1,8.382775119617225,Clean
CSharpExtensions,4,8.382775119617225,Clean
Device,7,8.382775119617225,Clean
DeviceType,0,8.382775119617225,Clean
DeviceList,7,8.382775119617225,Clean
DistortionData,5,8.382775119617225,Clean
LeapEvent,1,8.382775119617225,Clean
LeapEventArgs,5,8.382775119617225,Clean
FrameEventArgs,5,8.382775119617225,Clean
ImageEventArgs,5,8.382775119617225,Clean
ImageRequestFailedEventArgs,7,8.382775119617225,Clean
LogEventArgs,5,8.382775119617225,Clean
PolicyEventArgs,4,8.382775119617225,Clean
DistortionEventArgs,5,8.382775119617225,Clean
ConfigChangeEventArgs,4,8.382775119617225,Clean
SetConfigResponseEventArgs,5,8.382775119617225,Clean
ConnectionEventArgs,3,8.382775119617225,Clean
ConnectionLostEventArgs,3,8.382775119617225,Clean
DeviceEventArgs,5,8.382775119617225,Clean
DeviceFailureEventArgs,4,8.382775119617225,Clean
FailedDevice,5,8.382775119617225,Clean
FailureType,1,8.382775119617225,Clean
FailedDeviceList,4,8.382775119617225,Clean
Finger,8,8.382775119617225,Clean
FingerType,1,8.382775119617225,Clean
Frame,7,8.382775119617225,Clean
Hand,8,8.382775119617225,Clean
IController,5,8.382775119617225,Clean
Image,8,8.382775119617225,Clean
FormatType,1,8.382775119617225,Clean
PerspectiveType,0,8.382775119617225,Clean
ImageType,1,8.382775119617225,Clean
RequestFailureReason,1,8.382775119617225,Clean
InteractionBox,7,8.382775119617225,Clean
Matrix,8,8.382775119617225,Clean
MessageSeverity,1,8.382775119617225,Clean
TimeBracket,3,8.382775119617225,Clean
TrackedQuad,6,8.382775119617225,Clean
Constants,3,8.382775119617225,Clean
Vector,9,8.382775119617225,Fault_proner
TestHandFactory,6,8.382775119617225,Clean
CircularObjectBuffer<T>,6,8.382775119617225,Clean
Connection,9,8.382775119617225,Fault_proner
DistortionDictionary,6,8.382775119617225,Clean
ImageData,9,8.382775119617225,Fault_proner
ImageFuture,5,8.382775119617225,Clean
eLeapConnectionStatus,1,8.382775119617225,Clean
eLeapDeviceCaps,1,8.382775119617225,Clean
eLeapDeviceType,1,8.382775119617225,Clean
eDistortionMatrixType,0,8.382775119617225,Clean
eLeapPolicyFlag,1,8.382775119617225,Clean
eLeapDeviceStatus,1,8.382775119617225,Clean
eLeapImageType,1,8.382775119617225,Clean
eLeapImageFormat,1,8.382775119617225,Clean
eLeapPerspectiveType,0,8.382775119617225,Clean
eLeapImageRequestError,1,8.382775119617225,Clean
eLeapHandType,1,8.382775119617225,Clean
eLeapLogSeverity,1,8.382775119617225,Clean
eLeapValueType,1,8.382775119617225,Clean
eLeapRS,1,8.382775119617225,Clean
eLeapEventType,1,8.382775119617225,Clean
eLeapDeviceFlag,1,8.382775119617225,Clean
eLeapConnectionFlags,0,8.382775119617225,Clean
LEAP_CONNECTION_CONFIG,3,8.382775119617225,Clean
LEAP_CONNECTION_INFO,4,8.382775119617225,Clean
LEAP_CONNECTION_EVENT,2,8.382775119617225,Clean
LEAP_DEVICE_REF,4,8.382775119617225,Clean
LEAP_CONNECTION_LOST_EVENT,2,8.382775119617225,Clean
LEAP_DEVICE_EVENT,4,8.382775119617225,Clean
LEAP_DEVICE_FAILURE_EVENT,4,8.382775119617225,Clean
LEAP_TRACKING_EVENT,4,8.382775119617225,Clean
LEAP_CONNECTION_MESSAGE,4,8.382775119617225,Clean
LEAP_DISCONNECTION_EVENT,1,8.382775119617225,Clean
LEAP_DEVICE_INFO,4,8.382775119617225,Clean
LEAP_DISTORTION_MATRIX,2,8.382775119617225,Clean
LEAP_FRAME_HEADER,3,8.382775119617225,Clean
LEAP_IMAGE_FRAME_REQUEST_TOKEN,2,8.382775119617225,Clean
LEAP_IMAGE_COMPLETE_EVENT,4,8.382775119617225,Clean
LEAP_IMAGE_FRAME_DESCRIPTION,4,8.382775119617225,Clean
LEAP_IMAGE_FRAME_REQUEST_ERROR_EVENT,4,8.382775119617225,Clean
LEAP_IMAGE_PROPERTIES,4,8.382775119617225,Clean
LEAP_VECTOR,6,8.382775119617225,Clean
LEAP_MATRIX,6,8.382775119617225,Clean
LEAP_BONE,4,8.382775119617225,Clean
LEAP_DIGIT,4,8.382775119617225,Clean
LEAP_PALM,4,8.382775119617225,Clean
LEAP_HAND,4,8.382775119617225,Clean
LEAP_TIP,3,8.382775119617225,Clean
LEAP_LOG_EVENT,4,8.382775119617225,Clean
LEAP_POLICY_EVENT,3,8.382775119617225,Clean
LEAP_VARIANT_VALUE_TYPE,3,8.382775119617225,Clean
LEAP_VARIANT_REF_TYPE,4,8.382775119617225,Clean
LEAP_CONFIG_RESPONSE_EVENT,4,8.382775119617225,Clean
LEAP_CONFIG_RESPONSE_EVENT_WITH_REF_TYPE,4,8.382775119617225,Clean
LEAP_CONFIG_CHANGE_EVENT,3,8.382775119617225,Clean
LeapC,7,8.382775119617225,Clean
Logger,5,8.382775119617225,Clean
ObjectPool<T>,6,8.382775119617225,Clean
PendingImages,8,8.382775119617225,Clean
PooledObject,5,8.382775119617225,Clean
ServiceFrameFactory,7,8.382775119617225,Clean
StructMarshal<T>,4,8.382775119617225,Clean
StructContainer,2,8.382775119617225,Clean
HandFactory,4,8.382775119617225,Clean
HandPool,10,8.382775119617225,Fault_proner
HandProxy,7,8.382775119617225,Clean
HandRepresentation,7,8.382775119617225,Clean
CapsuleHand,8,8.382775119617225,Clean
DebugFinger,4,8.382775119617225,Clean
DebugHand,7,8.382775119617225,Clean
FingerModel,9,8.382775119617225,Fault_proner
HandDrop,6,8.382775119617225,Clean
HandEnableDisable,4,8.382775119617225,Clean
HandFader,6,8.382775119617225,Clean
HandModel,11,8.382775119617225,Fault_proner
HandTransitionBehavior,5,8.382775119617225,Clean
Chirality,1,8.382775119617225,Clean
ModelType,1,8.382775119617225,Clean
IHandModel,8,8.382775119617225,Clean
MinimalHand,8,8.382775119617225,Clean
RiggedFinger,6,8.382775119617225,Clean
RiggedHand,8,8.382775119617225,Clean
RigidFinger,6,8.382775119617225,Clean
RigidHand,8,8.382775119617225,Clean
SkeletalFinger,5,8.382775119617225,Clean
SkeletalHand,9,8.382775119617225,Fault_proner
LeapDeviceType,1,8.382775119617225,Clean
LeapDeviceInfo,6,8.382775119617225,Clean
LeapHandController,8,8.382775119617225,Clean
LeapImageRetriever,9,8.382775119617225,Fault_proner
LeapTextureData,8,8.382775119617225,Clean
LeapDistortionData,7,8.382775119617225,Clean
EyeTextureData,8,8.382775119617225,Clean
LeapProvider,3,8.382775119617225,Clean
LeapServiceProvider,9,8.382775119617225,Fault_proner
DisconnectionNotice,6,8.382775119617225,Clean
EnableDepthBuffer,2,8.382775119617225,Clean
ExecuteBeforeAttribute,3,8.382775119617225,Clean
ExecuteAfterAttribute,3,8.382775119617225,Clean
ExecuteBeforeDefault,1,8.382775119617225,Clean
ExecuteAfterDefault,1,8.382775119617225,Clean
ExecutionOrderSolver,5,8.382775119617225,Clean
NodeType,1,8.382775119617225,Clean
Node,9,8.382775119617225,Fault_proner
FitHeightToScreen,0,8.382775119617225,Clean
FrameRateControls,6,8.382775119617225,Clean
KeyEnableBehaviors,3,8.382775119617225,Clean
KeyEnableGameObjects,3,8.382775119617225,Clean
UnityVectorExtension,2,8.382775119617225,Clean
UnityMatrixExtension,7,8.382775119617225,Clean
SmoothedFloat,7,8.382775119617225,Clean
SmoothedQuaternion,5,8.382775119617225,Clean
SmoothedVector3,5,8.382775119617225,Clean
StretchToScreen,0,8.382775119617225,Clean
Utils,3,8.382775119617225,Clean
EyeType,8,8.382775119617225,Clean
OrderType,1,8.382775119617225,Clean
LeapVRCameraControl,8,8.382775119617225,Clean
CameraParams,4,8.382775119617225,Clean
LeapVRTemporalWarping,8,8.382775119617225,Clean
WarpedAnchor,1,8.382775119617225,Clean
SyncMode,1,8.382775119617225,Clean
TransformData,4,8.382775119617225,Clean
TemporalWarpingStatus,6,8.382775119617225,Clean
Displace,4,8.382775119617225,Clean
GerstnerDisplace,1,8.382775119617225,Clean
MeshContainer,4,8.382775119617225,Clean
PlanarReflection,8,8.382775119617225,Clean
SpecularLighting,6,8.382775119617225,Clean
Water,7,8.382775119617225,Clean
WaterMode,1,8.382775119617225,Clean
WaterQuality,1,8.382775119617225,Clean
WaterBase,8,8.382775119617225,Clean
WaterTile,7,8.382775119617225,Clean
AutoBlink,6,8.382775119617225,Clean
Status,1,8.382775119617225,Clean
AutoBlinkforSD,6,8.382775119617225,Clean
MouseButtonDown,1,8.382775119617225,Clean
CameraController,7,8.382775119617225,Clean
FaceUpdate,2,8.382775119617225,Clean
IdleChanger,5,8.382775119617225,Clean
IKCtrlRightHand,5,8.382775119617225,Clean
IKLookAt,5,8.382775119617225,Clean
RandomWind,6,8.382775119617225,Clean
SpringBone,8,8.382775119617225,Clean
SpringCollider,2,8.382775119617225,Clean
SpringManager,7,8.382775119617225,Clean
ThirdPersonCamera,5,8.382775119617225,Clean
UnityChanControlScriptWithRgidBody,5,8.382775119617225,Clean
LeapHandControllerEditor,6,8.382775119617225,Clean
LeapImageRetrieverEditor,6,8.382775119617225,Clean
