Component,Threshold,Cutoff,Status
AAMode,1,7.4153480015402655,Clean
Antialiasing,8,7.4153480015402655,Fault_proner
Bloom,8,7.4153480015402655,Fault_proner
LensFlareStyle,1,7.4153480015402655,Clean
TweakMode,1,7.4153480015402655,Clean
HDRBloomMode,1,7.4153480015402655,Clean
BloomScreenBlendMode,1,7.4153480015402655,Clean
BloomQuality,1,7.4153480015402655,Clean
LensflareStyle34,1,7.4153480015402655,Clean
TweakMode34,1,7.4153480015402655,Clean
BloomAndFlares,7,7.4153480015402655,Clean
BloomOptimized,7,7.4153480015402655,Clean
Resolution,1,7.4153480015402655,Clean
BlurType,1,7.4153480015402655,Clean
Blur,6,7.4153480015402655,Clean
BlurOptimized,8,7.4153480015402655,Fault_proner
CameraMotionBlur,7,7.4153480015402655,Clean
MotionBlurFilter,1,7.4153480015402655,Clean
ColorCorrectionCurves,8,7.4153480015402655,Fault_proner
ColorCorrectionMode,1,7.4153480015402655,Clean
ColorCorrectionLookup,7,7.4153480015402655,Clean
ColorCorrectionRamp,1,7.4153480015402655,Clean
ContrastEnhance,4,7.4153480015402655,Clean
ContrastStretch,6,7.4153480015402655,Clean
CreaseShading,5,7.4153480015402655,Clean
DepthOfField,7,7.4153480015402655,Clean
BlurSampleCount,1,7.4153480015402655,Clean
DepthOfFieldDeprecated,7,7.4153480015402655,Clean
Dof34QualitySetting,1,7.4153480015402655,Clean
DofResolution,1,7.4153480015402655,Clean
DofBlurriness,1,7.4153480015402655,Clean
BokehDestination,1,7.4153480015402655,Clean
EdgeDetection,7,7.4153480015402655,Clean
EdgeDetectMode,1,7.4153480015402655,Clean
Fisheye,3,7.4153480015402655,Clean
GlobalFog,6,7.4153480015402655,Clean
Grayscale,2,7.4153480015402655,Clean
ImageEffectBase,5,7.4153480015402655,Clean
ImageEffects,3,7.4153480015402655,Clean
MotionBlur,7,7.4153480015402655,Clean
NoiseAndGrain,6,7.4153480015402655,Clean
NoiseAndScratches,6,7.4153480015402655,Clean
PostEffectsBase,7,7.4153480015402655,Clean
PostEffectsHelper,3,7.4153480015402655,Clean
Quads,5,7.4153480015402655,Clean
ScreenOverlay,5,7.4153480015402655,Clean
OverlayBlendMode,1,7.4153480015402655,Clean
ScreenSpaceAmbientObscurance,6,7.4153480015402655,Clean
ScreenSpaceAmbientOcclusion,6,7.4153480015402655,Clean
SSAOSamples,1,7.4153480015402655,Clean
SepiaTone,1,7.4153480015402655,Clean
SunShafts,6,7.4153480015402655,Clean
SunShaftsResolution,1,7.4153480015402655,Clean
ShaftsScreenBlendMode,1,7.4153480015402655,Clean
TiltShift,6,7.4153480015402655,Clean
TiltShiftMode,1,7.4153480015402655,Clean
TiltShiftQuality,1,7.4153480015402655,Clean
Tonemapping,8,7.4153480015402655,Fault_proner
TonemapperType,1,7.4153480015402655,Clean
AdaptiveTexSize,1,7.4153480015402655,Clean
Triangles,3,7.4153480015402655,Clean
Twirl,4,7.4153480015402655,Clean
VignetteAndChromaticAberration,6,7.4153480015402655,Clean
AberrationMode,1,7.4153480015402655,Clean
Vortex,4,7.4153480015402655,Clean
GizmoType,1,7.4153480015402655,Clean
GizmoTypeDrawer,1,7.4153480015402655,Clean
IPunObservable,0,7.4153480015402655,Clean
IPunCallbacks,3,7.4153480015402655,Clean
IPunPrefabPool,0,7.4153480015402655,Clean
MonoBehaviour,3,7.4153480015402655,Clean
PunBehaviour,6,7.4153480015402655,Clean
PhotonMessageInfo,4,7.4153480015402655,Clean
PunEvent,2,7.4153480015402655,Clean
PhotonStream,6,7.4153480015402655,Clean
HelpURL,0,7.4153480015402655,Clean
EditorSceneManager,3,7.4153480015402655,Clean
SceneManager,1,7.4153480015402655,Clean
SceneManagerHelper,1,7.4153480015402655,Clean
WebRpcResponse,2,7.4153480015402655,Clean
IPunObservable_duplicated,0,7.4153480015402655,Clean
IPunCallbacks_duplicated,3,7.4153480015402655,Clean
IPunPrefabPool_duplicated,0,7.4153480015402655,Clean
MonoBehaviour_duplicated,2,7.4153480015402655,Clean
PunBehaviour_duplicated,5,7.4153480015402655,Clean
PhotonMessageInfo_duplicated,4,7.4153480015402655,Clean
PunEvent_duplicated,2,7.4153480015402655,Clean
PhotonStream_duplicated,6,7.4153480015402655,Clean
HelpURL_duplicated,0,7.4153480015402655,Clean
EditorSceneManager_duplicated,3,7.4153480015402655,Clean
SceneManager_duplicated,1,7.4153480015402655,Clean
SceneManagerHelper_duplicated,1,7.4153480015402655,Clean
WebRpcResponse_duplicated,2,7.4153480015402655,Clean
IPunObservable_duplicated_duplicated,0,7.4153480015402655,Clean
IPunCallbacks_duplicated_duplicated,3,7.4153480015402655,Clean
IPunPrefabPool_duplicated_duplicated,0,7.4153480015402655,Clean
MonoBehaviour_duplicated_duplicated,2,7.4153480015402655,Clean
PunBehaviour_duplicated_duplicated,5,7.4153480015402655,Clean
PhotonMessageInfo_duplicated_duplicated,4,7.4153480015402655,Clean
PunEvent_duplicated_duplicated,2,7.4153480015402655,Clean
PhotonStream_duplicated_duplicated,6,7.4153480015402655,Clean
HelpURL_duplicated_duplicated,0,7.4153480015402655,Clean
EditorSceneManager_duplicated_duplicated,3,7.4153480015402655,Clean
SceneManager_duplicated_duplicated,2,7.4153480015402655,Clean
SceneManagerHelper_duplicated_duplicated,1,7.4153480015402655,Clean
WebRpcResponse_duplicated_duplicated,2,7.4153480015402655,Clean
SocketUdp,4,7.4153480015402655,Clean
PlayerRoomIndexing,9,7.4153480015402655,Fault_proner
PlayerRoomIndexingExtensions,1,7.4153480015402655,Clean
ButtonInsideScrollList,2,7.4153480015402655,Clean
TextButtonTransition,4,7.4153480015402655,Clean
TextToggleIsOnTransition,5,7.4153480015402655,Clean
TimeKeeper,2,7.4153480015402655,Clean
ChatChannel,8,7.4153480015402655,Fault_proner
ChatClient,8,7.4153480015402655,Fault_proner
ChatDisconnectCause,1,7.4153480015402655,Clean
ChatEventCode,3,7.4153480015402655,Clean
ChatOperationCode,3,7.4153480015402655,Clean
ChatParameterCode,3,7.4153480015402655,Clean
ChatPeer,9,7.4153480015402655,Fault_proner
CustomAuthenticationType,1,7.4153480015402655,Clean
AuthenticationValues,7,7.4153480015402655,Clean
ParameterCode,3,7.4153480015402655,Clean
ErrorCode,4,7.4153480015402655,Clean
ChatState,1,7.4153480015402655,Clean
ChatUserStatus,2,7.4153480015402655,Clean
IChatClientListener,5,7.4153480015402655,Clean
BaseController,7,7.4153480015402655,Clean
BetterToggle,1,7.4153480015402655,Clean
ChangePOV,6,7.4153480015402655,Clean
CharacterInstantiation,1,7.4153480015402655,Clean
FirstPersonController,6,7.4153480015402655,Clean
Highlighter,5,7.4153480015402655,Clean
OrthographicController,4,7.4153480015402655,Clean
PushToTalkPrivateButton,8,7.4153480015402655,Fault_proner
PushToTalkScript,7,7.4153480015402655,Clean
ThirdPersonController,3,7.4153480015402655,Clean
VoiceDemoUI,7,7.4153480015402655,Clean
AxisTouchButton,7,7.4153480015402655,Clean
CrossPlatformInputManager,8,7.4153480015402655,Fault_proner
ActiveInputMethod,1,7.4153480015402655,Clean
VirtualAxis,4,7.4153480015402655,Clean
VirtualButton,7,7.4153480015402655,Clean
InputAxisScrollbar,1,7.4153480015402655,Clean
Joystick,7,7.4153480015402655,Clean
AxisOption,1,7.4153480015402655,Clean
MobileControlRig,3,7.4153480015402655,Clean
TouchPad,7,7.4153480015402655,Clean
ControlStyle,1,7.4153480015402655,Clean
VirtualInput,9,7.4153480015402655,Fault_proner
MobileInput,6,7.4153480015402655,Clean
StandaloneInput,5,7.4153480015402655,Clean
BodyCollider,0,7.4153480015402655,Clean
CircularDrive,6,7.4153480015402655,Clean
Axis_t,0,7.4153480015402655,Clean
ComplexThrowable,6,7.4153480015402655,Clean
AttachMode,1,7.4153480015402655,Clean
ControllerHoverHighlight,7,7.4153480015402655,Clean
CustomEvents,0,7.4153480015402655,Clean
UnityEventSingleFloat,0,7.4153480015402655,Clean
UnityEventHand,1,7.4153480015402655,Clean
DebugUI,2,7.4153480015402655,Clean
DestroyOnDetachedFromHand,1,7.4153480015402655,Clean
DestroyOnParticleSystemDeath,0,7.4153480015402655,Clean
DestroyOnTriggerEnter,0,7.4153480015402655,Clean
DistanceHaptics,2,7.4153480015402655,Clean
DontDestroyOnLoad,0,7.4153480015402655,Clean
EnumFlags,1,7.4153480015402655,Clean
EnumFlagsPropertyDrawer,0,7.4153480015402655,Clean
FallbackCameraController,5,7.4153480015402655,Clean
Hand,9,7.4153480015402655,Fault_proner
HandType,1,7.4153480015402655,Clean
AttachmentFlags,1,7.4153480015402655,Clean
AttachedObject,3,7.4153480015402655,Clean
HandEditor,2,7.4153480015402655,Clean
HapticRack,6,7.4153480015402655,Clean
HideOnHandFocusLost,1,7.4153480015402655,Clean
IgnoreHovering,1,7.4153480015402655,Clean
InputModule,6,7.4153480015402655,Clean
Interactable,2,7.4153480015402655,Clean
InteractableButtonEvents,5,7.4153480015402655,Clean
InteractableHoverEvents,4,7.4153480015402655,Clean
ItemPackage,4,7.4153480015402655,Clean
ItemPackageType,1,7.4153480015402655,Clean
ItemPackageReference,2,7.4153480015402655,Clean
ItemPackageSpawner,7,7.4153480015402655,Clean
LinearAnimation,5,7.4153480015402655,Clean
LinearAnimator,4,7.4153480015402655,Clean
LinearAudioPitch,5,7.4153480015402655,Clean
LinearBlendshape,4,7.4153480015402655,Clean
LinearDisplacement,3,7.4153480015402655,Clean
LinearDrive,6,7.4153480015402655,Clean
LinearMapping,1,7.4153480015402655,Clean
Player,9,7.4153480015402655,Fault_proner
PlaySound,7,7.4153480015402655,Clean
SeeThru,5,7.4153480015402655,Clean
SleepOnAwake,0,7.4153480015402655,Clean
SoundDeparent,0,7.4153480015402655,Clean
SoundPlayOneshot,8,7.4153480015402655,Fault_proner
SpawnAndAttachAfterControllerIsTracking,2,7.4153480015402655,Clean
SpawnAndAttachToHand,2,7.4153480015402655,Clean
SpawnRenderModel,5,7.4153480015402655,Clean
Throwable,6,7.4153480015402655,Clean
UIElement,5,7.4153480015402655,Clean
UIElementEditor,1,7.4153480015402655,Clean
Unparent,1,7.4153480015402655,Clean
Util,8,7.4153480015402655,Fault_proner
AfterTimer_Component,4,7.4153480015402655,Clean
VelocityEstimator,7,7.4153480015402655,Clean
ControllerButtonHints,9,7.4153480015402655,Fault_proner
OffsetType,1,7.4153480015402655,Clean
ButtonHintInfo,3,7.4153480015402655,Clean
ArcheryTarget,6,7.4153480015402655,Clean
Arrow,7,7.4153480015402655,Clean
ArrowHand,7,7.4153480015402655,Clean
ArrowheadRotation,0,7.4153480015402655,Clean
Balloon,7,7.4153480015402655,Clean
BalloonColor,1,7.4153480015402655,Clean
BalloonColliders,4,7.4153480015402655,Clean
BalloonHapticBump,2,7.4153480015402655,Clean
BalloonSpawner,7,7.4153480015402655,Clean
ExplosionWobble,1,7.4153480015402655,Clean
FireSource,7,7.4153480015402655,Clean
Longbow,8,7.4153480015402655,Fault_proner
Handedness,1,7.4153480015402655,Clean
SoundBowClick,3,7.4153480015402655,Clean
ControllerHintsExample,5,7.4153480015402655,Clean
InteractableExample,5,7.4153480015402655,Clean
AllowTeleportWhileAttachedToHand,2,7.4153480015402655,Clean
ChaperoneInfo,5,7.4153480015402655,Clean
IgnoreTeleportTrace,0,7.4153480015402655,Clean
Teleport,9,7.4153480015402655,Fault_proner
TeleportArc,8,7.4153480015402655,Fault_proner
TeleportArea,9,7.4153480015402655,Fault_proner
TeleportAreaEditor,2,7.4153480015402655,Clean
TeleportMarkerBase,7,7.4153480015402655,Clean
TeleportPoint,10,7.4153480015402655,Fault_proner
TeleportPointType,1,7.4153480015402655,Clean
TeleportPointEditor,2,7.4153480015402655,Clean
IVRSystem,3,7.4153480015402655,Clean
IVRExtendedDisplay,2,7.4153480015402655,Clean
IVRTrackedCamera,3,7.4153480015402655,Clean
IVRApplications,3,7.4153480015402655,Clean
IVRChaperone,2,7.4153480015402655,Clean
IVRChaperoneSetup,3,7.4153480015402655,Clean
IVRCompositor,3,7.4153480015402655,Clean
IVROverlay,3,7.4153480015402655,Clean
IVRRenderModels,3,7.4153480015402655,Clean
IVRNotifications,1,7.4153480015402655,Clean
IVRSettings,3,7.4153480015402655,Clean
IVRScreenshots,2,7.4153480015402655,Clean
IVRResources,1,7.4153480015402655,Clean
CVRSystem,6,7.4153480015402655,Clean
GetControllerStateUnion,2,7.4153480015402655,Clean
GetControllerStateWithPoseUnion,2,7.4153480015402655,Clean
CVRExtendedDisplay,4,7.4153480015402655,Clean
CVRTrackedCamera,6,7.4153480015402655,Clean
CVRApplications,6,7.4153480015402655,Clean
CVRChaperone,5,7.4153480015402655,Clean
CVRChaperoneSetup,6,7.4153480015402655,Clean
CVRCompositor,6,7.4153480015402655,Clean
CVROverlay,6,7.4153480015402655,Clean
CVRRenderModels,6,7.4153480015402655,Clean
GetComponentStateUnion,2,7.4153480015402655,Clean
CVRNotifications,3,7.4153480015402655,Clean
CVRSettings,6,7.4153480015402655,Clean
CVRScreenshots,5,7.4153480015402655,Clean
CVRResources,3,7.4153480015402655,Clean
OpenVRInterop,4,7.4153480015402655,Clean
EVREye,1,7.4153480015402655,Clean
ETextureType,1,7.4153480015402655,Clean
EColorSpace,1,7.4153480015402655,Clean
ETrackingResult,1,7.4153480015402655,Clean
ETrackedDeviceClass,1,7.4153480015402655,Clean
ETrackedControllerRole,1,7.4153480015402655,Clean
ETrackingUniverseOrigin,1,7.4153480015402655,Clean
ETrackedDeviceProperty,2,7.4153480015402655,Clean
ETrackedPropertyError,1,7.4153480015402655,Clean
EVRSubmitFlags,1,7.4153480015402655,Clean
EVRState,0,7.4153480015402655,Clean
EVREventType,2,7.4153480015402655,Clean
EDeviceActivityLevel,1,7.4153480015402655,Clean
EVRButtonId,1,7.4153480015402655,Clean
EVRMouseButton,0,7.4153480015402655,Clean
EHiddenAreaMeshType,1,7.4153480015402655,Clean
EVRControllerAxisType,1,7.4153480015402655,Clean
EVRControllerEventOutputType,0,7.4153480015402655,Clean
ECollisionBoundsStyle,0,7.4153480015402655,Clean
EVROverlayError,1,7.4153480015402655,Clean
EVRApplicationType,1,7.4153480015402655,Clean
EVRFirmwareError,1,7.4153480015402655,Clean
EVRNotificationError,1,7.4153480015402655,Clean
EVRInitError,2,7.4153480015402655,Clean
EVRScreenshotType,1,7.4153480015402655,Clean
EVRScreenshotPropertyFilenames,1,7.4153480015402655,Clean
EVRTrackedCameraError,1,7.4153480015402655,Clean
EVRTrackedCameraFrameType,1,7.4153480015402655,Clean
EVRApplicationError,1,7.4153480015402655,Clean
EVRApplicationProperty,1,7.4153480015402655,Clean
EVRApplicationTransitionState,1,7.4153480015402655,Clean
ChaperoneCalibrationState,1,7.4153480015402655,Clean
EChaperoneConfigFile,1,7.4153480015402655,Clean
EChaperoneImportFlags,0,7.4153480015402655,Clean
EVRCompositorError,1,7.4153480015402655,Clean
VROverlayInputMethod,1,7.4153480015402655,Clean
VROverlayTransformType,1,7.4153480015402655,Clean
VROverlayFlags,1,7.4153480015402655,Clean
VRMessageOverlayResponse,1,7.4153480015402655,Clean
EGamepadTextInputMode,0,7.4153480015402655,Clean
EGamepadTextInputLineMode,0,7.4153480015402655,Clean
EOverlayDirection,1,7.4153480015402655,Clean
EVROverlayIntersectionMaskPrimitiveType,1,7.4153480015402655,Clean
EVRRenderModelError,1,7.4153480015402655,Clean
EVRComponentProperty,0,7.4153480015402655,Clean
EVRNotificationType,1,7.4153480015402655,Clean
EVRNotificationStyle,1,7.4153480015402655,Clean
EVRSettingsError,1,7.4153480015402655,Clean
EVRScreenshotError,1,7.4153480015402655,Clean
VREvent_Data_t,3,7.4153480015402655,Clean
VROverlayIntersectionMaskPrimitive_Data_t,2,7.4153480015402655,Clean
HmdMatrix34_t,3,7.4153480015402655,Clean
HmdMatrix44_t,3,7.4153480015402655,Clean
HmdVector3_t,3,7.4153480015402655,Clean
HmdVector4_t,2,7.4153480015402655,Clean
HmdVector3d_t,2,7.4153480015402655,Clean
HmdVector2_t,2,7.4153480015402655,Clean
HmdQuaternion_t,2,7.4153480015402655,Clean
HmdColor_t,3,7.4153480015402655,Clean
HmdQuad_t,4,7.4153480015402655,Clean
HmdRect2_t,3,7.4153480015402655,Clean
DistortionCoordinates_t,3,7.4153480015402655,Clean
Texture_t,4,7.4153480015402655,Clean
TrackedDevicePose_t,4,7.4153480015402655,Clean
VRTextureBounds_t,3,7.4153480015402655,Clean
VRVulkanTextureData_t,2,7.4153480015402655,Clean
D3D12TextureData_t,2,7.4153480015402655,Clean
VREvent_Controller_t,0,7.4153480015402655,Clean
VREvent_Mouse_t,2,7.4153480015402655,Clean
VREvent_Scroll_t,2,7.4153480015402655,Clean
VREvent_TouchPadMove_t,2,7.4153480015402655,Clean
VREvent_Notification_t,1,7.4153480015402655,Clean
VREvent_Process_t,2,7.4153480015402655,Clean
VREvent_Overlay_t,0,7.4153480015402655,Clean
VREvent_Status_t,0,7.4153480015402655,Clean
VREvent_Keyboard_t,2,7.4153480015402655,Clean
VREvent_Ipd_t,0,7.4153480015402655,Clean
VREvent_Chaperone_t,1,7.4153480015402655,Clean
VREvent_Reserved_t,1,7.4153480015402655,Clean
VREvent_PerformanceTest_t,0,7.4153480015402655,Clean
VREvent_SeatedZeroPoseReset_t,0,7.4153480015402655,Clean
VREvent_Screenshot_t,1,7.4153480015402655,Clean
VREvent_ScreenshotProgress_t,0,7.4153480015402655,Clean
VREvent_ApplicationLaunch_t,1,7.4153480015402655,Clean
VREvent_EditingCameraSurface_t,1,7.4153480015402655,Clean
VREvent_MessageOverlay_t,0,7.4153480015402655,Clean
VREvent_Property_t,2,7.4153480015402655,Clean
VREvent_t,4,7.4153480015402655,Clean
HiddenAreaMesh_t,2,7.4153480015402655,Clean
VRControllerAxis_t,2,7.4153480015402655,Clean
VRControllerState_t,4,7.4153480015402655,Clean
VRControllerState_t_Packed,4,7.4153480015402655,Clean
Compositor_OverlaySettings,3,7.4153480015402655,Clean
CameraVideoStreamFrameHeader_t,4,7.4153480015402655,Clean
AppOverrideKeys_t,2,7.4153480015402655,Clean
Compositor_FrameTiming,4,7.4153480015402655,Clean
Compositor_CumulativeStats,3,7.4153480015402655,Clean
VROverlayIntersectionParams_t,4,7.4153480015402655,Clean
VROverlayIntersectionResults_t,4,7.4153480015402655,Clean
IntersectionMaskRectangle_t,2,7.4153480015402655,Clean
IntersectionMaskCircle_t,2,7.4153480015402655,Clean
VROverlayIntersectionMaskPrimitive_t,3,7.4153480015402655,Clean
RenderModel_ComponentState_t,4,7.4153480015402655,Clean
RenderModel_Vertex_t,3,7.4153480015402655,Clean
RenderModel_TextureMap_t,3,7.4153480015402655,Clean
RenderModel_TextureMap_t_Packed,3,7.4153480015402655,Clean
RenderModel_t,3,7.4153480015402655,Clean
RenderModel_t_Packed,3,7.4153480015402655,Clean
RenderModel_ControllerMode_State_t,1,7.4153480015402655,Clean
NotificationBitmap_t,3,7.4153480015402655,Clean
COpenVRContext,8,7.4153480015402655,Fault_proner
OpenVR,9,7.4153480015402655,Fault_proner
Arrow_duplicated,7,7.4153480015402655,Clean
ArrowNotch,2,7.4153480015402655,Clean
ArrowSpawner,5,7.4153480015402655,Clean
BowAim,8,7.4153480015402655,Fault_proner
BowAnimation,1,7.4153480015402655,Clean
BowHandle,4,7.4153480015402655,Clean
Follow,2,7.4153480015402655,Clean
AutoRotation,1,7.4153480015402655,Clean
Breakable_Cube,4,7.4153480015402655,Clean
ButtonReactor,3,7.4153480015402655,Clean
Controller_Hand,5,7.4153480015402655,Clean
Hands,1,7.4153480015402655,Clean
Controller_Menu,5,7.4153480015402655,Clean
ControlReactor,1,7.4153480015402655,Clean
ExcludeTeleport,0,7.4153480015402655,Clean
FireExtinguisher_Base,9,7.4153480015402655,Fault_proner
FireExtinguisher_Sprayer,8,7.4153480015402655,Fault_proner
Gun,4,7.4153480015402655,Clean
HandLift,5,7.4153480015402655,Clean
Lamp,4,7.4153480015402655,Clean
LightSaber,7,7.4153480015402655,Clean
Menu_Color_Changer,3,7.4153480015402655,Clean
Menu_Container_Object_Colors,3,7.4153480015402655,Clean
Menu_Object_Spawner,7,7.4153480015402655,Clean
PrimitiveTypes,1,7.4153480015402655,Clean
ModelVillage_TeleportLocation,2,7.4153480015402655,Clean
Openable_Door,7,7.4153480015402655,Clean
RC_Car,7,7.4153480015402655,Clean
RC_Car_Controller,3,7.4153480015402655,Clean
RealGun,8,7.4153480015402655,Fault_proner
RealGun_SafetySwitch,6,7.4153480015402655,Clean
RealGun_Slide,6,7.4153480015402655,Clean
Remote_Beam,2,7.4153480015402655,Clean
Remote_Beam_Controller,2,7.4153480015402655,Clean
RendererOffOnDash,4,7.4153480015402655,Clean
SnapDropZoneGroup_Switcher,3,7.4153480015402655,Clean
Sphere_Spawner,3,7.4153480015402655,Clean
Sword,7,7.4153480015402655,Clean
UI_Interactions,4,7.4153480015402655,Clean
UI_Keyboard,3,7.4153480015402655,Clean
UseRotate,6,7.4153480015402655,Clean
VRTK_ControllerAppearance_Example,5,7.4153480015402655,Clean
VRTK_ControllerEvents_ListenerExample,4,7.4153480015402655,Clean
VRTK_ControllerInteract_ListenerExample,4,7.4153480015402655,Clean
VRTK_ControllerPointerEvents_ListenerExample,3,7.4153480015402655,Clean
VRTK_ControllerUIPointerEvents_ListenerExample,4,7.4153480015402655,Clean
VRTK_RoomExtender_ControllerExample,4,7.4153480015402655,Clean
Whirlygig,4,7.4153480015402655,Clean
Zipline,7,7.4153480015402655,Clean
PanelMenuDemoFlyingSaucer,0,7.4153480015402655,Clean
PanelMenuDemoSphere,0,7.4153480015402655,Clean
PanelMenuUIGrid,5,7.4153480015402655,Clean
Direction,1,7.4153480015402655,Clean
PanelMenuUISlider,3,7.4153480015402655,Clean
SceneChanger,4,7.4153480015402655,Clean
VRTK_ConsoleViewer,6,7.4153480015402655,Clean
VRTK_ControllerRigidbodyActivator,3,7.4153480015402655,Clean
VRTK_ControllerTooltips,8,7.4153480015402655,Fault_proner
TooltipButtons,1,7.4153480015402655,Clean
VRTK_DestinationPoint,7,7.4153480015402655,Clean
VRTK_FramesPerSecondViewer,4,7.4153480015402655,Clean
VRTK_ObjectTooltip,7,7.4153480015402655,Clean
SnapDropZoneEventArgs,1,7.4153480015402655,Clean
VRTK_SnapDropZone,8,7.4153480015402655,Fault_proner
SnapTypes,1,7.4153480015402655,Clean
PanelMenuController,7,7.4153480015402655,Clean
TouchpadPressPosition,1,7.4153480015402655,Clean
PanelMenuItemControllerEventArgs,1,7.4153480015402655,Clean
PanelMenuItemController,6,7.4153480015402655,Clean
RadialButtonIcon,1,7.4153480015402655,Clean
RadialMenu,8,7.4153480015402655,Fault_proner
RadialMenuButton,3,7.4153480015402655,Clean
ButtonEvent,1,7.4153480015402655,Clean
UICircle,7,7.4153480015402655,Clean
VRTK_IndependentRadialMenuController,7,7.4153480015402655,Clean
RadialMenuController,6,7.4153480015402655,Clean
VRTK_ContentHandler,4,7.4153480015402655,Clean
VRTK_Button,8,7.4153480015402655,Fault_proner
ButtonEvents,1,7.4153480015402655,Clean
ButtonDirection,1,7.4153480015402655,Clean
VRTK_Chest,7,7.4153480015402655,Clean
Control3DEventArgs,2,7.4153480015402655,Clean
VRTK_Control,9,7.4153480015402655,Fault_proner
ValueChangedEvent,1,7.4153480015402655,Clean
DefaultControlEvents,2,7.4153480015402655,Clean
ControlValueRange,2,7.4153480015402655,Clean
Direction_duplicated,1,7.4153480015402655,Clean
VRTK_Door,7,7.4153480015402655,Clean
VRTK_Drawer,7,7.4153480015402655,Clean
VRTK_Knob,7,7.4153480015402655,Clean
KnobDirection,1,7.4153480015402655,Clean
VRTK_Lever,9,7.4153480015402655,Fault_proner
LeverDirection,1,7.4153480015402655,Clean
VRTK_Slider,7,7.4153480015402655,Clean
VRTK_SpringLever,7,7.4153480015402655,Clean
VRTK_Wheel,7,7.4153480015402655,Clean
GrabTypes,1,7.4153480015402655,Clean
VRTK_ControllerModelElementPaths,3,7.4153480015402655,Clean
VRTK_ControllerElementHighlighers,4,7.4153480015402655,Clean
ControllerActionsEventArgs,1,7.4153480015402655,Clean
VRTK_ControllerActions,8,7.4153480015402655,Fault_proner
ControllerInteractionEventArgs,3,7.4153480015402655,Clean
VRTK_ControllerEvents,8,7.4153480015402655,Fault_proner
ButtonAlias,1,7.4153480015402655,Clean
InteractableObjectEventArgs,1,7.4153480015402655,Clean
VRTK_InteractableObject,10,7.4153480015402655,Fault_proner
AllowedController,1,7.4153480015402655,Clean
ValidDropTypes,1,7.4153480015402655,Clean
VRTK_InteractControllerAppearance,8,7.4153480015402655,Fault_proner
VRTK_InteractGrab,8,7.4153480015402655,Fault_proner
VRTK_InteractHaptics,8,7.4153480015402655,Fault_proner
ObjectInteractEventArgs,2,7.4153480015402655,Clean
VRTK_InteractTouch,7,7.4153480015402655,Clean
VRTK_InteractUse,7,7.4153480015402655,Clean
VRTK_ObjectAutoGrab,6,7.4153480015402655,Clean
VRTK_ControllerTracker,1,7.4153480015402655,Clean
Bezier,3,7.4153480015402655,Clean
VRTK_CurveGenerator,8,7.4153480015402655,Fault_proner
BezierControlPointMode,1,7.4153480015402655,Clean
VRTK_EventSystem,7,7.4153480015402655,Clean
VRTK_ObjectCache,4,7.4153480015402655,Clean
VRTK_PlayerObject,5,7.4153480015402655,Clean
ObjectTypes,1,7.4153480015402655,Clean
VRTK_RoomExtender_PlayAreaGizmo,6,7.4153480015402655,Clean
VRTK_ScreenFade,5,7.4153480015402655,Clean
VRTKTrackedControllerEventArgs,2,7.4153480015402655,Clean
VRTK_TrackedController,7,7.4153480015402655,Clean
VRTK_TrackedHeadset,1,7.4153480015402655,Clean
VRTK_UIGraphicRaycaster,7,7.4153480015402655,Clean
VRTK_VRInputModule,6,7.4153480015402655,Clean
VRTK_BaseObjectControlAction,8,7.4153480015402655,Fault_proner
AxisListeners,1,7.4153480015402655,Clean
VRTK_RotateObjectControlAction,2,7.4153480015402655,Clean
VRTK_SlideObjectControlAction,6,7.4153480015402655,Clean
VRTK_SnapRotateObjectControlAction,5,7.4153480015402655,Clean
VRTK_WarpObjectControlAction,7,7.4153480015402655,Clean
VRTK_BasicTeleport,9,7.4153480015402655,Fault_proner
VRTK_ButtonControl,7,7.4153480015402655,Clean
DashTeleportEventArgs,1,7.4153480015402655,Clean
VRTK_DashTeleport,9,7.4153480015402655,Fault_proner
VRTK_HeightAdjustTeleport,6,7.4153480015402655,Clean
VRTK_MoveInPlace,7,7.4153480015402655,Clean
ControlOptions,1,7.4153480015402655,Clean
DirectionalMethod,1,7.4153480015402655,Clean
ObjectControlEventArgs,3,7.4153480015402655,Clean
VRTK_ObjectControl,9,7.4153480015402655,Fault_proner
DirectionDevices,1,7.4153480015402655,Clean
PlayerClimbEventArgs,2,7.4153480015402655,Clean
VRTK_PlayerClimb,6,7.4153480015402655,Clean
VRTK_RoomExtender,7,7.4153480015402655,Clean
MovementFunction,1,7.4153480015402655,Clean
VRTK_TeleportDisableOnControllerObscured,4,7.4153480015402655,Clean
VRTK_TeleportDisableOnHeadsetCollision,4,7.4153480015402655,Clean
VRTK_TouchpadControl,7,7.4153480015402655,Clean
TouchpadMovementAxisEventArgs,3,7.4153480015402655,Clean
VRTK_TouchpadMovement,6,7.4153480015402655,Clean
VerticalAxisMovement,1,7.4153480015402655,Clean
HorizontalAxisMovement,1,7.4153480015402655,Clean
AxisMovementType,1,7.4153480015402655,Clean
AxisMovementDirection,1,7.4153480015402655,Clean
VRTK_TouchpadWalking,6,7.4153480015402655,Clean
VRTK_BasePointerRenderer,9,7.4153480015402655,Fault_proner
VisibilityStates,1,7.4153480015402655,Clean
PointerOriginSmoothingSettings,3,7.4153480015402655,Clean
VRTK_BezierPointerRenderer,7,7.4153480015402655,Clean
VRTK_StraightPointerRenderer,7,7.4153480015402655,Clean
VRTK_BasePointer,10,7.4153480015402655,Fault_proner
pointerVisibilityStates,1,7.4153480015402655,Clean
VRTK_BezierPointer,7,7.4153480015402655,Clean
DestinationMarkerEventArgs,3,7.4153480015402655,Clean
VRTK_DestinationMarker,8,7.4153480015402655,Fault_proner
VRTK_PlayAreaCursor,8,7.4153480015402655,Fault_proner
VRTK_PlayAreaCollider,5,7.4153480015402655,Clean
VRTK_Pointer,9,7.4153480015402655,Fault_proner
VRTK_SimplePointer,7,7.4153480015402655,Clean
BodyPhysicsEventArgs,1,7.4153480015402655,Clean
VRTK_BodyPhysics,9,7.4153480015402655,Fault_proner
FallingRestrictors,1,7.4153480015402655,Clean
HeadsetCollisionEventArgs,2,7.4153480015402655,Clean
VRTK_HeadsetCollision,8,7.4153480015402655,Fault_proner
VRTK_HeadsetCollider,6,7.4153480015402655,Clean
VRTK_HeadsetCollisionFade,4,7.4153480015402655,Clean
HeadsetControllerAwareEventArgs,2,7.4153480015402655,Clean
VRTK_HeadsetControllerAware,8,7.4153480015402655,Fault_proner
HeadsetFadeEventArgs,2,7.4153480015402655,Clean
VRTK_HeadsetFade,7,7.4153480015402655,Clean
VRTK_HipTracking,5,7.4153480015402655,Clean
VRTK_PositionRewind,6,7.4153480015402655,Clean
VRTK_UICanvas,7,7.4153480015402655,Clean
VRTK_UIPointerAutoActivator,1,7.4153480015402655,Clean
VRTK_UIDraggableItem,8,7.4153480015402655,Fault_proner
VRTK_UIDropZone,4,7.4153480015402655,Clean
UIPointerEventArgs,3,7.4153480015402655,Clean
VRTK_UIPointer,8,7.4153480015402655,Fault_proner
ActivationMethods,1,7.4153480015402655,Clean
ClickMethods,1,7.4153480015402655,Clean
VRTK_ObjectFollow,8,7.4153480015402655,Fault_proner
VRTK_RigidbodyFollow,6,7.4153480015402655,Clean
MovementOption,1,7.4153480015402655,Clean
VRTK_TransformFollow,7,7.4153480015402655,Clean
FollowMoment,1,7.4153480015402655,Clean
VRTK_AdaptiveQuality,9,7.4153480015402655,Fault_proner
AdaptiveSetting<T>,3,7.4153480015402655,Clean
CommandLineArguments,3,7.4153480015402655,Clean
KeyboardShortcuts,3,7.4153480015402655,Clean
ShaderPropertyIDs,3,7.4153480015402655,Clean
Timing,5,7.4153480015402655,Clean
VRTK_DeviceFinder,6,7.4153480015402655,Clean
Devices,1,7.4153480015402655,Clean
Headsets,1,7.4153480015402655,Clean
VRTK_PolicyList,8,7.4153480015402655,Fault_proner
OperationTypes,1,7.4153480015402655,Clean
CheckTypes,1,7.4153480015402655,Clean
VRTK_SDKManager,8,7.4153480015402655,Fault_proner
SupportedSDKs,1,7.4153480015402655,Clean
VRTK_SDKDetails,3,7.4153480015402655,Clean
VRTK_SharedMethods,6,7.4153480015402655,Clean
VRTK_Simulator,6,7.4153480015402655,Clean
Keys,3,7.4153480015402655,Clean
SDK_BaseBoundaries,7,7.4153480015402655,Clean
SDK_BaseController,7,7.4153480015402655,Clean
ButtonPressTypes,1,7.4153480015402655,Clean
ControllerElements,1,7.4153480015402655,Clean
ControllerHand,1,7.4153480015402655,Clean
SDK_ControllerHapticModifiers,2,7.4153480015402655,Clean
SDK_BaseHeadset,7,7.4153480015402655,Clean
SDK_BaseSystem,4,7.4153480015402655,Clean
SDK_DaydreamBoundaries,1,7.4153480015402655,Clean
SDK_DaydreamController,1,7.4153480015402655,Clean
SDK_DaydreamHeadset,1,7.4153480015402655,Clean
SDK_DaydreamSystem,1,7.4153480015402655,Clean
SDK_FallbackBoundaries,6,7.4153480015402655,Clean
SDK_FallbackController,7,7.4153480015402655,Clean
SDK_FallbackHeadset,6,7.4153480015402655,Clean
SDK_FallbackSystem,4,7.4153480015402655,Clean
SDK_OculusVRBoundaries,1,7.4153480015402655,Clean
SDK_OculusVRController,1,7.4153480015402655,Clean
SDK_OculusVRHeadset,1,7.4153480015402655,Clean
SDK_OculusVRSystem,1,7.4153480015402655,Clean
SDK_ControllerSim,7,7.4153480015402655,Clean
SDK_InputSimulator,6,7.4153480015402655,Clean
SDK_SimBoundaries,1,7.4153480015402655,Clean
SDK_SimController,1,7.4153480015402655,Clean
SDK_SimHeadset,1,7.4153480015402655,Clean
SDK_SimSystem,1,7.4153480015402655,Clean
SDK_SteamVRBoundaries,5,7.4153480015402655,Clean
SDK_SteamVRController,7,7.4153480015402655,Clean
SDK_SteamVRHeadset,5,7.4153480015402655,Clean
SDK_SteamVRSystem,4,7.4153480015402655,Clean
VRTK_SDK_Bridge,7,7.4153480015402655,Clean
VRTK_BaseGrabAttach,9,7.4153480015402655,Fault_proner
VRTK_BaseJointGrabAttach,9,7.4153480015402655,Fault_proner
VRTK_ChildOfControllerGrabAttach,6,7.4153480015402655,Clean
VRTK_ClimbableGrabAttach,2,7.4153480015402655,Clean
VRTK_CustomJointGrabAttach,5,7.4153480015402655,Clean
VRTK_FixedJointGrabAttach,2,7.4153480015402655,Clean
VRTK_RotatorTrackGrabAttach,4,7.4153480015402655,Clean
VRTK_SpringJointGrabAttach,4,7.4153480015402655,Clean
VRTK_TrackObjectGrabAttach,10,7.4153480015402655,Fault_proner
VRTK_BaseHighlighter,8,7.4153480015402655,Fault_proner
VRTK_MaterialColorSwapHighlighter,10,7.4153480015402655,Fault_proner
VRTK_MaterialPropertyBlockColorSwapHighlighter,6,7.4153480015402655,Clean
VRTK_OutlineObjectCopyHighlighter,8,7.4153480015402655,Fault_proner
VRTK_AxisScaleGrabAction,8,7.4153480015402655,Fault_proner
VRTK_BaseGrabAction,8,7.4153480015402655,Fault_proner
VRTK_ControlDirectionGrabAction,8,7.4153480015402655,Fault_proner
VRTK_SwapControllerGrabAction,1,7.4153480015402655,Clean
VRTK_BasicTeleport_UnityEvents,6,7.4153480015402655,Clean
UnityObjectEvent,1,7.4153480015402655,Clean
VRTK_BodyPhysics_UnityEvents,6,7.4153480015402655,Clean
VRTK_Button_UnityEvents,5,7.4153480015402655,Clean
VRTK_Control_UnityEvents,5,7.4153480015402655,Clean
VRTK_ControllerActions_UnityEvents,6,7.4153480015402655,Clean
VRTK_ControllerEvents_UnityEvents,6,7.4153480015402655,Clean
VRTK_DashTeleport_UnityEvents,6,7.4153480015402655,Clean
VRTK_DestinationMarker_UnityEvents,6,7.4153480015402655,Clean
VRTK_HeadsetCollision_UnityEvents,6,7.4153480015402655,Clean
VRTK_HeadsetControllerAware_UnityEvents,6,7.4153480015402655,Clean
VRTK_HeadsetFade_UnityEvents,6,7.4153480015402655,Clean
VRTK_InteractableObject_UnityEvents,6,7.4153480015402655,Clean
VRTK_InteractGrab_UnityEvents,6,7.4153480015402655,Clean
VRTK_InteractTouch_UnityEvents,6,7.4153480015402655,Clean
VRTK_InteractUse_UnityEvents,6,7.4153480015402655,Clean
VRTK_ObjectControl_UnityEvents,6,7.4153480015402655,Clean
VRTK_PlayerClimb_UnityEvents,6,7.4153480015402655,Clean
VRTK_SnapDropZone_UnityEvents,6,7.4153480015402655,Clean
VRTK_UIPointer_UnityEvents,6,7.4153480015402655,Clean
Extensions,4,7.4153480015402655,Clean
FriendInfo,2,7.4153480015402655,Clean
ClientState,2,7.4153480015402655,Clean
JoinType,1,7.4153480015402655,Clean
DisconnectCause,1,7.4153480015402655,Clean
ServerConnection,1,7.4153480015402655,Clean
EncryptionMode,1,7.4153480015402655,Clean
EncryptionDataParameters,3,7.4153480015402655,Clean
LoadBalancingClient,10,7.4153480015402655,Fault_proner
LoadBalancingPeer,6,7.4153480015402655,Clean
OpJoinRandomRoomParams,4,7.4153480015402655,Clean
EnterRoomParams,4,7.4153480015402655,Clean
ErrorCode_duplicated,4,7.4153480015402655,Clean
ActorProperties,3,7.4153480015402655,Clean
GamePropertyKey,3,7.4153480015402655,Clean
EventCode,4,7.4153480015402655,Clean
ParameterCode_duplicated,4,7.4153480015402655,Clean
OperationCode,4,7.4153480015402655,Clean
JoinMode,1,7.4153480015402655,Clean
MatchmakingMode,1,7.4153480015402655,Clean
ReceiverGroup,1,7.4153480015402655,Clean
EventCaching,1,7.4153480015402655,Clean
PropertyTypeFlag,0,7.4153480015402655,Clean
RoomOptions,5,7.4153480015402655,Clean
RaiseEventOptions,4,7.4153480015402655,Clean
LobbyType,1,7.4153480015402655,Clean
TypedLobby,8,7.4153480015402655,Fault_proner
TypedLobbyInfo,3,7.4153480015402655,Clean
AuthModeOption,1,7.4153480015402655,Clean
CustomAuthenticationType_duplicated,1,7.4153480015402655,Clean
AuthenticationValues_duplicated,7,7.4153480015402655,Clean
Player_duplicated,9,7.4153480015402655,Fault_proner
Room,9,7.4153480015402655,Fault_proner
RoomInfo,9,7.4153480015402655,Fault_proner
WebRpcResponse_duplicated_duplicated_duplicated,3,7.4153480015402655,Clean
WebFlags,5,7.4153480015402655,Clean
Bandwidth,0,7.4153480015402655,Clean
Channels,1,7.4153480015402655,Clean
Complexity,0,7.4153480015402655,Clean
Delay,1,7.4153480015402655,Clean
ForceChannels,0,7.4153480015402655,Clean
OpusApplicationType,1,7.4153480015402655,Clean
OpusCtlGetRequest,1,7.4153480015402655,Clean
OpusCtlSetRequest,1,7.4153480015402655,Clean
OpusStatusCode,1,7.4153480015402655,Clean
SamplingRate,1,7.4153480015402655,Clean
SignalHint,0,7.4153480015402655,Clean
OpusDecoder,8,7.4153480015402655,Fault_proner
OpusEncoder,8,7.4153480015402655,Fault_proner
OpusException,2,7.4153480015402655,Clean
Wrapper,6,7.4153480015402655,Clean
UnsupportedSampleTypeException,0,7.4153480015402655,Clean
EventCode_duplicated,1,7.4153480015402655,Clean
IAudioStreamBase,3,7.4153480015402655,Clean
IAudioStream,3,7.4153480015402655,Clean
IAudioStreamFloat,1,7.4153480015402655,Clean
IAudioStreamShort,1,7.4153480015402655,Clean
FrameDuration,0,7.4153480015402655,Clean
VoiceInfo,2,7.4153480015402655,Clean
RemoteVoiceInfo,2,7.4153480015402655,Clean
EventSubcode,1,7.4153480015402655,Clean
EventParam,1,7.4153480015402655,Clean
LocalVoice,9,7.4153480015402655,Fault_proner
LocalVoice<T>,7,7.4153480015402655,Clean
LocalVoiceFloat,3,7.4153480015402655,Clean
LocalVoiceShort,3,7.4153480015402655,Clean
RemoteVoice,7,7.4153480015402655,Clean
IVoiceFrontend,5,7.4153480015402655,Clean
VoiceClient,8,7.4153480015402655,Fault_proner
VoiceUtil,5,7.4153480015402655,Clean
Processor,1,7.4153480015402655,Clean
LevelMeter,3,7.4153480015402655,Clean
LevelMeter<T>,6,7.4153480015402655,Clean
LevelMeterFloat,2,7.4153480015402655,Clean
LevelMeterShort,2,7.4153480015402655,Clean
VoiceDetector,3,7.4153480015402655,Clean
VoiceDetector<T>,4,7.4153480015402655,Clean
VoiceDetectorFloat,2,7.4153480015402655,Clean
VoiceDetectorShort,2,7.4153480015402655,Clean
LoadBalancingFrontend,8,7.4153480015402655,Fault_proner
ReorderableListResources,6,7.4153480015402655,Clean
ResourceName,0,7.4153480015402655,Clean
PlayerRoomIndexingInspector,4,7.4153480015402655,Clean
PunTeamsInspector,1,7.4153480015402655,Clean
CrossPlatformInitialize,3,7.4153480015402655,Clean
VRTK_AdaptiveQualityEditor,4,7.4153480015402655,Clean
VRTK_EditorUtilities,3,7.4153480015402655,Clean
VRTK_ObjectSetup,5,7.4153480015402655,Clean
PrimaryGrab,1,7.4153480015402655,Clean
SecondaryGrab,1,7.4153480015402655,Clean
VRTK_PolicyListEditor,1,7.4153480015402655,Clean
VRTK_SDKManagerEditor,5,7.4153480015402655,Clean
RadialMenuInspector,1,7.4153480015402655,Clean
