Component,Threshold,Cutoff,Status
GridInformationType,1,9.002431837301351,Clean
GridInformation,7,9.002431837301351,Clean
GridInformationValue,2,9.002431837301351,Clean
GridInformationKey,2,9.002431837301351,Clean
AnimatedTile,5,9.002431837301351,Clean
AnimatedTileEditor,2,9.002431837301351,Clean
PipelineTile,5,9.002431837301351,Clean
PipelineTileEditor,2,9.002431837301351,Clean
RandomTile,2,9.002431837301351,Clean
RandomTileEditor,2,9.002431837301351,Clean
TerrainTile,5,9.002431837301351,Clean
TerrainTileEditor,2,9.002431837301351,Clean
RuleTile,7,9.002431837301351,Clean
TilingRule,4,9.002431837301351,Clean
Transform,1,9.002431837301351,Clean
Neighbor,1,9.002431837301351,Clean
OutputSprite,1,9.002431837301351,Clean
CinemachineBlendListCamera,10,9.002431837301351,Fault_proner
Instruction,3,9.002431837301351,Clean
CinemachineBrain,9,9.002431837301351,Clean
UpdateMethod,1,9.002431837301351,Clean
BrainEvent,1,9.002431837301351,Clean
VcamEvent,1,9.002431837301351,Clean
OverrideStackFrame,4,9.002431837301351,Clean
StaticPointVirtualCamera,5,9.002431837301351,Clean
BlendSourceVirtualCamera,5,9.002431837301351,Clean
CinemachineClearShot,10,9.002431837301351,Fault_proner
Pair,2,9.002431837301351,Clean
CinemachineCollider,10,9.002431837301351,Fault_proner
ResolutionStrategy,1,9.002431837301351,Clean
VcamExtraState,3,9.002431837301351,Clean
CinemachineConfiner,9,9.002431837301351,Clean
Mode,1,9.002431837301351,Clean
CinemachineDollyCart,6,9.002431837301351,Clean
CinemachineExternalCamera,5,9.002431837301351,Clean
CinemachineFollowZoom,6,9.002431837301351,Clean
CinemachineFreeLook,10,9.002431837301351,Fault_proner
Orbit,3,9.002431837301351,Clean
CinemachineMixingCamera,10,9.002431837301351,Fault_proner
CinemachinePath,9,9.002431837301351,Clean
Waypoint,4,9.002431837301351,Clean
CinemachinePipeline,0,9.002431837301351,Clean
CinemachineSmoothPath,10,9.002431837301351,Fault_proner
CinemachineStateDrivenCamera,10,9.002431837301351,Fault_proner
ParentHash,2,9.002431837301351,Clean
CinemachineTargetGroup,8,9.002431837301351,Clean
Target,3,9.002431837301351,Clean
PositionMode,0,9.002431837301351,Clean
RotationMode,0,9.002431837301351,Clean
CinemachineVirtualCamera,10,9.002431837301351,Fault_proner
CinemachineBasicMultiChannelPerlin,8,9.002431837301351,Clean
CinemachineComposer,11,9.002431837301351,Fault_proner
CinemachineFramingTransposer,9,9.002431837301351,Clean
FramingMode,1,9.002431837301351,Clean
AdjustmentMode,1,9.002431837301351,Clean
CinemachineGroupComposer,9,9.002431837301351,Clean
CinemachineHardLockToTarget,3,9.002431837301351,Clean
CinemachineHardLookAt,2,9.002431837301351,Clean
CinemachineOrbitalTransposer,10,9.002431837301351,Fault_proner
Heading,4,9.002431837301351,Clean
HeadingDefinition,1,9.002431837301351,Clean
Recentering,5,9.002431837301351,Clean
HeadingTracker,7,9.002431837301351,Clean
Item,2,9.002431837301351,Clean
CinemachinePOV,7,9.002431837301351,Clean
CinemachineSameAsFollowObject,3,9.002431837301351,Clean
CinemachineTrackedDolly,10,9.002431837301351,Fault_proner
CameraUpMode,1,9.002431837301351,Clean
AutoDolly,3,9.002431837301351,Clean
CinemachineTransposer,11,9.002431837301351,Fault_proner
BindingMode,1,9.002431837301351,Clean
AxisState,8,9.002431837301351,Clean
CameraState,9,9.002431837301351,Clean
CustomBlendable,2,9.002431837301351,Clean
CinemachineBlend,7,9.002431837301351,Clean
CinemachineBlendDefinition,5,9.002431837301351,Clean
Style,1,9.002431837301351,Clean
CinemachineBlenderSettings,6,9.002431837301351,Clean
CustomBlend,3,9.002431837301351,Clean
CinemachineComponentBase,8,9.002431837301351,Clean
CinemachineCore,9,9.002431837301351,Clean
Stage,1,9.002431837301351,Clean
UpdateStatus,5,9.002431837301351,Clean
UpdateFilter,1,9.002431837301351,Clean
CinemachineExtension,8,9.002431837301351,Clean
CinemachinePathBase,10,9.002431837301351,Fault_proner
Appearance,3,9.002431837301351,Clean
PositionUnits,1,9.002431837301351,Clean
LensSettingsPropertyAttribute,0,9.002431837301351,Clean
CinemachineBlendDefinitionPropertyAttribute,1,9.002431837301351,Clean
SaveDuringPlayAttribute,0,9.002431837301351,Clean
NoSaveDuringPlayAttribute,1,9.002431837301351,Clean
TagFieldAttribute,0,9.002431837301351,Clean
DocumentationSortingAttribute,1,9.002431837301351,Clean
Level,0,9.002431837301351,Clean
CinemachineVirtualCameraBase,11,9.002431837301351,Fault_proner
ICinemachineCamera,5,9.002431837301351,Clean
LensSettings,7,9.002431837301351,Clean
NoiseSettings,4,9.002431837301351,Clean
NoiseParams,2,9.002431837301351,Clean
TransformNoiseParams,2,9.002431837301351,Clean
CinemachineGameWindowDebug,3,9.002431837301351,Clean
GaussianWindow1d<T>,6,9.002431837301351,Clean
GaussianWindow1D_Vector3,0,9.002431837301351,Clean
GaussianWindow1D_Quaternion,0,9.002431837301351,Clean
GaussianWindow1D_CameraRotation,1,9.002431837301351,Clean
PositionPredictor,6,9.002431837301351,Clean
Damper,7,9.002431837301351,Clean
ReflectionHelpers,5,9.002431837301351,Clean
SplineHelpers,5,9.002431837301351,Clean
UnityVectorExtensions,6,9.002431837301351,Clean
UnityQuaternionExtensions,5,9.002431837301351,Clean
UnityRectExtensions,0,9.002431837301351,Clean
CinemachineMixer,6,9.002431837301351,Clean
CinemachineShotPlayable,2,9.002431837301351,Clean
CinemachineShot,2,9.002431837301351,Clean
CinemachineTrack,1,9.002431837301351,Clean
AxisTouchButton,7,9.002431837301351,Clean
ButtonHandler,4,9.002431837301351,Clean
CrossPlatformInputManager,8,9.002431837301351,Clean
ActiveInputMethod,0,9.002431837301351,Clean
VirtualAxis,4,9.002431837301351,Clean
VirtualButton,7,9.002431837301351,Clean
InputAxisScrollbar,1,9.002431837301351,Clean
Joystick,7,9.002431837301351,Clean
AxisOption,1,9.002431837301351,Clean
MobileControlRig,4,9.002431837301351,Clean
TiltInput,6,9.002431837301351,Clean
AxisOptions,1,9.002431837301351,Clean
AxisMapping,3,9.002431837301351,Clean
MappingType,1,9.002431837301351,Clean
TiltInputAxisStylePropertyDrawer,0,9.002431837301351,Clean
TouchPad,7,9.002431837301351,Clean
ControlStyle,0,9.002431837301351,Clean
VirtualInput,8,9.002431837301351,Clean
MobileInput,6,9.002431837301351,Clean
StandaloneInput,5,9.002431837301351,Clean
TiltInput_duplicated,6,9.002431837301351,Clean
AxisOptions_duplicated,0,9.002431837301351,Clean
AxisMapping_duplicated,2,9.002431837301351,Clean
MappingType_duplicated,0,9.002431837301351,Clean
TiltInputAxisStylePropertyDrawer_duplicated,0,9.002431837301351,Clean
CoordinateBrush,3,9.002431837301351,Clean
CoordinateBrushEditor,2,9.002431837301351,Clean
GameObjectBrush,7,9.002431837301351,Clean
BrushCell,2,9.002431837301351,Clean
GameObjectBrushEditor,2,9.002431837301351,Clean
LineBrush,6,9.002431837301351,Clean
LineBrushEditor,1,9.002431837301351,Clean
PrefabBrush,6,9.002431837301351,Clean
PrefabBrushEditor,2,9.002431837301351,Clean
RandomBrush,3,9.002431837301351,Clean
RandomBrushEditor,5,9.002431837301351,Clean
TintBrushSmooth,6,9.002431837301351,Clean
TintBrushSmoothEditor,1,9.002431837301351,Clean
TintBrush,5,9.002431837301351,Clean
TintBrushEditor,1,9.002431837301351,Clean
RuleTileEditor,7,9.002431837301351,Clean
MenuItemData,3,9.002431837301351,Clean
CinemachineBasicMultiChannelPerlinEditor,6,9.002431837301351,Clean
CinemachineBlenderSettingsEditor,7,9.002431837301351,Clean
CinemachineBlendListCameraEditor,5,9.002431837301351,Clean
CinemachineBrainEditor,5,9.002431837301351,Clean
InstallGizmos,0,9.002431837301351,Clean
CinemachineClearShotEditor,5,9.002431837301351,Clean
ColliderState,0,9.002431837301351,Clean
CinemachineColliderEditor,4,9.002431837301351,Clean
CinemachineComposerEditor,5,9.002431837301351,Clean
CinemachineConfinerEditor,4,9.002431837301351,Clean
CinemachineExternalCameraEditor,0,9.002431837301351,Clean
CinemachineFramingTransposerEditor,4,9.002431837301351,Clean
CinemachineGroupComposerEditor,6,9.002431837301351,Clean
CinemachineHardLockToTargetEditor,0,9.002431837301351,Clean
CinemachineHardLookAtEditor,0,9.002431837301351,Clean
CinemachineMixingCameraEditor,4,9.002431837301351,Clean
CinemachineOrbitalTransposerEditor,4,9.002431837301351,Clean
CinemachinePathEditor,6,9.002431837301351,Clean
CinemachinePOVEditor,0,9.002431837301351,Clean
CinemachineScreenComposerGuides,8,9.002431837301351,Clean
DragBar,0,9.002431837301351,Clean
CinemachineSmoothPathEditor,4,9.002431837301351,Clean
CinemachineStateDrivenCameraEditor,5,9.002431837301351,Clean
StateCollector,5,9.002431837301351,Clean
CinemachineTargetGroupEditor,4,9.002431837301351,Clean
CinemachineTrackedDollyEditor,4,9.002431837301351,Clean
CinemachineTransposerEditor,4,9.002431837301351,Clean
CinemachineVirtualCameraBaseEditor<T>,5,9.002431837301351,Clean
CinemachineVirtualCameraEditor,5,9.002431837301351,Clean
StageData,3,9.002431837301351,Clean
CreatePipelineWithUndo,1,9.002431837301351,Clean
CollectGizmoDrawers,2,9.002431837301351,Clean
CinemachineMenu,7,9.002431837301351,Clean
CinemachineBlendDefinitionPropertyDrawer,1,9.002431837301351,Clean
CinemachineTagFieldPropertyDrawer,0,9.002431837301351,Clean
LensSettingsPropertyDrawer,5,9.002431837301351,Clean
BaseEditor<T>,4,9.002431837301351,Clean
EmbeddeAssetEditor<T>,6,9.002431837301351,Clean
ScriptableObjectUtility,6,9.002431837301351,Clean
SerializedPropertyHelper,3,9.002431837301351,Clean
AboutWindow,6,9.002431837301351,Clean
CinemachineSettings,7,9.002431837301351,Clean
CinemachineCoreSettings,5,9.002431837301351,Clean
ComposerSettings,5,9.002431837301351,Clean
CinemachineFreeLookEditor,5,9.002431837301351,Clean
CreateRigWithUndo,1,9.002431837301351,Clean
CinemachineColliderPrefs,3,9.002431837301351,Clean
ObjectTreeUtil,5,9.002431837301351,Clean
GameObjectFieldScanner,6,9.002431837301351,Clean
ObjectStateSaver,7,9.002431837301351,Clean
SaveDuringPlay,7,9.002431837301351,Clean
PostFXAutoImport,0,9.002431837301351,Clean
EditorInitialize,1,9.002431837301351,Clean
CinemachineShotEditor,5,9.002431837301351,Clean
CrossPlatformInitialize,4,9.002431837301351,Clean
