Component,Threshold,Cutoff,Status
SlidingMax,8,8.110112742591376,Clean
IndexValuePair,2,8.110112742591376,Clean
RingBuffer<T>,6,8.110112742591376,Clean
SmoothedFloat,5,8.110112742591376,Clean
SmoothedQuaternion,4,8.110112742591376,Clean
SmoothedVector3,4,8.110112742591376,Clean
AbstractHoldDetector,8,8.110112742591376,Clean
Detector,9,8.110112742591376,Fault_proner
DetectorLogicGate,8,8.110112742591376,Clean
LogicType,1,8.110112742591376,Clean
ExtendedFingerDetector,7,8.110112742591376,Clean
PointingState,1,8.110112742591376,Clean
FingerDirectionDetector,7,8.110112742591376,Clean
PalmDirectionDetector,7,8.110112742591376,Clean
PointingType,1,8.110112742591376,Clean
PinchDetector,8,8.110112742591376,Clean
ProximityDetector,8,8.110112742591376,Clean
ProximityEvent,1,8.110112742591376,Clean
HandFactory,3,8.110112742591376,Clean
HandPool,8,8.110112742591376,Clean
ModelGroup,8,8.110112742591376,Clean
HandProxy,7,8.110112742591376,Clean
HandRepresentation,8,8.110112742591376,Clean
CapsuleHand,8,8.110112742591376,Clean
DebugHand,7,8.110112742591376,Clean
FingerModel,8,8.110112742591376,Clean
HandDrop,6,8.110112742591376,Clean
HandEnableDisable,3,8.110112742591376,Clean
HandFader,5,8.110112742591376,Clean
HandModel,11,8.110112742591376,Fault_proner
HandTransitionBehavior,5,8.110112742591376,Clean
Chirality,1,8.110112742591376,Clean
ModelType,1,8.110112742591376,Clean
IHandModel,8,8.110112742591376,Clean
RigidFinger,4,8.110112742591376,Clean
RigidHand,7,8.110112742591376,Clean
SkeletalFinger,5,8.110112742591376,Clean
SkeletalHand,8,8.110112742591376,Clean
LeapDeviceType,1,8.110112742591376,Clean
LeapDeviceInfo,5,8.110112742591376,Clean
LeapHandController,7,8.110112742591376,Clean
LeapImageRetriever,9,8.110112742591376,Fault_proner
LeapTextureData,6,8.110112742591376,Clean
LeapDistortionData,6,8.110112742591376,Clean
EyeTextureData,8,8.110112742591376,Clean
LeapProvider,6,8.110112742591376,Clean
LeapServiceProvider,9,8.110112742591376,Fault_proner
DisconnectionNotice,5,8.110112742591376,Clean
EnableDepthBuffer,0,8.110112742591376,Clean
ExecuteBeforeAttribute,1,8.110112742591376,Clean
ExecuteAfterAttribute,1,8.110112742591376,Clean
ExecuteBeforeDefault,1,8.110112742591376,Clean
ExecuteAfterDefault,1,8.110112742591376,Clean
ExecutionOrderSolver,4,8.110112742591376,Clean
NodeType,1,8.110112742591376,Clean
Node,9,8.110112742591376,Fault_proner
FitHeightToScreen,0,8.110112742591376,Clean
FrameRateControls,6,8.110112742591376,Clean
KeyEnableBehaviors,3,8.110112742591376,Clean
KeyEnableGameObjects,3,8.110112742591376,Clean
UnityVectorExtension,4,8.110112742591376,Clean
UnityQuaternionExtension,4,8.110112742591376,Clean
UnityMatrixExtension,6,8.110112742591376,Clean
SceneSettings,5,8.110112742591376,Clean
ToggleValue<T>,1,8.110112742591376,Clean
ToggleFloat,1,8.110112742591376,Clean
ToggleVector3,1,8.110112742591376,Clean
StretchToScreen,0,8.110112742591376,Clean
Utils,5,8.110112742591376,Clean
EyeType,8,8.110112742591376,Clean
OrderType,1,8.110112742591376,Clean
LeapVRCameraControl,7,8.110112742591376,Clean
CameraParams,3,8.110112742591376,Clean
LeapVRTemporalWarping,8,8.110112742591376,Clean
WarpedAnchor,1,8.110112742591376,Clean
SyncMode,1,8.110112742591376,Clean
TransformData,3,8.110112742591376,Clean
TemporalWarpingStatus,4,8.110112742591376,Clean
LeapHandsAutoRig,8,8.110112742591376,Clean
MinimalHand,7,8.110112742591376,Clean
PolyFinger,7,8.110112742591376,Clean
PolyHand,7,8.110112742591376,Clean
RiggedFinger,9,8.110112742591376,Fault_proner
RiggedHand,10,8.110112742591376,Fault_proner
AutoFindLocations,1,8.110112742591376,Clean
AutoFindAttribute,8,8.110112742591376,Clean
IPropertyConstrainer,2,8.110112742591376,Clean
IPropertyDisabler,2,8.110112742591376,Clean
IFullPropertyDrawer,2,8.110112742591376,Clean
IAdditiveDrawer,2,8.110112742591376,Clean
IBeforeLabelAdditiveDrawer,2,8.110112742591376,Clean
IAfterLabelAdditiveDrawer,2,8.110112742591376,Clean
IBeforeFieldAdditiveDrawer,2,8.110112742591376,Clean
IAfterFieldAdditiveDrawer,3,8.110112742591376,Clean
CombinablePropertyAttribute,4,8.110112742591376,Clean
DisableAttribute,1,8.110112742591376,Clean
DisableIf,4,8.110112742591376,Clean
EnumFlags,4,8.110112742591376,Clean
Incrementable,5,8.110112742591376,Clean
MaxValue,4,8.110112742591376,Clean
MinMax,7,8.110112742591376,Clean
MinValue,5,8.110112742591376,Clean
UnitsAttribute,3,8.110112742591376,Clean
TestHandFactory,5,8.110112742591376,Clean
RuntimeColliderGizmos,4,8.110112742591376,Clean
IRuntimeGizmoComponent,3,8.110112742591376,Clean
RuntimeGizmoManager,7,8.110112742591376,Clean
RuntimeGizmoDrawer,9,8.110112742591376,Fault_proner
OperationType,1,8.110112742591376,Clean
Line,2,8.110112742591376,Clean
RuntimeGizmoToggle,1,8.110112742591376,Clean
BodyCollider,1,8.110112742591376,Clean
CircularDrive,6,8.110112742591376,Clean
Axis_t,0,8.110112742591376,Clean
ComplexThrowable,6,8.110112742591376,Clean
AttachMode,1,8.110112742591376,Clean
ControllerHoverHighlight,7,8.110112742591376,Clean
CustomEvents,0,8.110112742591376,Clean
UnityEventSingleFloat,0,8.110112742591376,Clean
UnityEventHand,1,8.110112742591376,Clean
DebugUI,3,8.110112742591376,Clean
DestroyOnDetachedFromHand,1,8.110112742591376,Clean
DestroyOnParticleSystemDeath,1,8.110112742591376,Clean
DestroyOnTriggerEnter,2,8.110112742591376,Clean
DistanceHaptics,2,8.110112742591376,Clean
DontDestroyOnLoad,0,8.110112742591376,Clean
EnumFlags_duplicated,1,8.110112742591376,Clean
EnumFlagsPropertyDrawer,0,8.110112742591376,Clean
FallbackCameraController,5,8.110112742591376,Clean
Hand,9,8.110112742591376,Fault_proner
HandType,1,8.110112742591376,Clean
AttachmentFlags,1,8.110112742591376,Clean
AttachedObject,3,8.110112742591376,Clean
HandEditor,2,8.110112742591376,Clean
HapticRack,6,8.110112742591376,Clean
HideOnHandFocusLost,1,8.110112742591376,Clean
IgnoreHovering,1,8.110112742591376,Clean
InputModule,6,8.110112742591376,Clean
Interactable,4,8.110112742591376,Clean
InteractableButtonEvents,5,8.110112742591376,Clean
InteractableHoverEvents,5,8.110112742591376,Clean
ItemPackage,4,8.110112742591376,Clean
ItemPackageType,1,8.110112742591376,Clean
ItemPackageReference,2,8.110112742591376,Clean
ItemPackageSpawner,8,8.110112742591376,Clean
ItemPackageSpawnerEditor,1,8.110112742591376,Clean
LinearAnimation,6,8.110112742591376,Clean
LinearAnimator,6,8.110112742591376,Clean
LinearAudioPitch,6,8.110112742591376,Clean
LinearBlendshape,6,8.110112742591376,Clean
LinearDisplacement,5,8.110112742591376,Clean
LinearDrive,6,8.110112742591376,Clean
LinearMapping,1,8.110112742591376,Clean
Player,9,8.110112742591376,Fault_proner
PlaySound,7,8.110112742591376,Clean
SeeThru,5,8.110112742591376,Clean
SleepOnAwake,0,8.110112742591376,Clean
SoundDeparent,1,8.110112742591376,Clean
SoundPlayOneshot,8,8.110112742591376,Clean
SpawnAndAttachAfterControllerIsTracking,4,8.110112742591376,Clean
SpawnAndAttachToHand,2,8.110112742591376,Clean
SpawnRenderModel,5,8.110112742591376,Clean
Throwable,6,8.110112742591376,Clean
UIElement,5,8.110112742591376,Clean
UIElementEditor,1,8.110112742591376,Clean
Unparent,2,8.110112742591376,Clean
Util,8,8.110112742591376,Clean
AfterTimer_Component,5,8.110112742591376,Clean
VelocityEstimator,7,8.110112742591376,Clean
ControllerButtonHints,9,8.110112742591376,Fault_proner
OffsetType,1,8.110112742591376,Clean
ButtonHintInfo,3,8.110112742591376,Clean
ArcheryTarget,6,8.110112742591376,Clean
Arrow,7,8.110112742591376,Clean
ArrowHand,7,8.110112742591376,Clean
ArrowheadRotation,0,8.110112742591376,Clean
Balloon,7,8.110112742591376,Clean
BalloonColor,1,8.110112742591376,Clean
BalloonColliders,4,8.110112742591376,Clean
ColliderData,0,8.110112742591376,Clean
BalloonHapticBump,2,8.110112742591376,Clean
BalloonSpawner,7,8.110112742591376,Clean
ExplosionWobble,1,8.110112742591376,Clean
FireSource,7,8.110112742591376,Clean
Longbow,8,8.110112742591376,Clean
Handedness,1,8.110112742591376,Clean
SoundBowClick,4,8.110112742591376,Clean
ControllerHintsExample,5,8.110112742591376,Clean
InteractableExample,5,8.110112742591376,Clean
AllowTeleportWhileAttachedToHand,2,8.110112742591376,Clean
ChaperoneInfo,6,8.110112742591376,Clean
IgnoreTeleportTrace,0,8.110112742591376,Clean
Teleport,9,8.110112742591376,Fault_proner
TeleportArc,8,8.110112742591376,Clean
TeleportArea,9,8.110112742591376,Fault_proner
TeleportAreaEditor,3,8.110112742591376,Clean
TeleportMarkerBase,8,8.110112742591376,Clean
TeleportPoint,10,8.110112742591376,Fault_proner
TeleportPointType,1,8.110112742591376,Clean
TeleportPointEditor,3,8.110112742591376,Clean
IVRSystem,3,8.110112742591376,Clean
IVRExtendedDisplay,2,8.110112742591376,Clean
IVRTrackedCamera,3,8.110112742591376,Clean
IVRApplications,3,8.110112742591376,Clean
IVRChaperone,3,8.110112742591376,Clean
IVRChaperoneSetup,3,8.110112742591376,Clean
IVRCompositor,3,8.110112742591376,Clean
IVROverlay,3,8.110112742591376,Clean
IVRRenderModels,3,8.110112742591376,Clean
IVRNotifications,1,8.110112742591376,Clean
IVRSettings,3,8.110112742591376,Clean
IVRScreenshots,3,8.110112742591376,Clean
IVRResources,1,8.110112742591376,Clean
CVRSystem,6,8.110112742591376,Clean
CVRExtendedDisplay,5,8.110112742591376,Clean
CVRTrackedCamera,6,8.110112742591376,Clean
CVRApplications,6,8.110112742591376,Clean
CVRChaperone,6,8.110112742591376,Clean
CVRChaperoneSetup,6,8.110112742591376,Clean
CVRCompositor,6,8.110112742591376,Clean
CVROverlay,6,8.110112742591376,Clean
CVRRenderModels,6,8.110112742591376,Clean
CVRNotifications,3,8.110112742591376,Clean
CVRSettings,6,8.110112742591376,Clean
CVRScreenshots,6,8.110112742591376,Clean
CVRResources,3,8.110112742591376,Clean
OpenVRInterop,4,8.110112742591376,Clean
EVREye,1,8.110112742591376,Clean
ETextureType,1,8.110112742591376,Clean
EColorSpace,1,8.110112742591376,Clean
ETrackingResult,1,8.110112742591376,Clean
ETrackedDeviceClass,1,8.110112742591376,Clean
ETrackedControllerRole,1,8.110112742591376,Clean
ETrackingUniverseOrigin,1,8.110112742591376,Clean
ETrackedDeviceProperty,2,8.110112742591376,Clean
ETrackedPropertyError,1,8.110112742591376,Clean
EVRSubmitFlags,1,8.110112742591376,Clean
EVRState,0,8.110112742591376,Clean
EVREventType,2,8.110112742591376,Clean
EDeviceActivityLevel,1,8.110112742591376,Clean
EVRButtonId,1,8.110112742591376,Clean
EVRMouseButton,0,8.110112742591376,Clean
EHiddenAreaMeshType,1,8.110112742591376,Clean
EVRControllerAxisType,1,8.110112742591376,Clean
EVRControllerEventOutputType,0,8.110112742591376,Clean
ECollisionBoundsStyle,0,8.110112742591376,Clean
EVROverlayError,1,8.110112742591376,Clean
EVRApplicationType,1,8.110112742591376,Clean
EVRFirmwareError,1,8.110112742591376,Clean
EVRNotificationError,1,8.110112742591376,Clean
EVRInitError,2,8.110112742591376,Clean
EVRScreenshotType,1,8.110112742591376,Clean
EVRScreenshotPropertyFilenames,1,8.110112742591376,Clean
EVRTrackedCameraError,1,8.110112742591376,Clean
EVRTrackedCameraFrameType,1,8.110112742591376,Clean
EVRApplicationError,1,8.110112742591376,Clean
EVRApplicationProperty,1,8.110112742591376,Clean
EVRApplicationTransitionState,1,8.110112742591376,Clean
ChaperoneCalibrationState,1,8.110112742591376,Clean
EChaperoneConfigFile,1,8.110112742591376,Clean
EChaperoneImportFlags,0,8.110112742591376,Clean
EVRCompositorError,1,8.110112742591376,Clean
VROverlayInputMethod,1,8.110112742591376,Clean
VROverlayTransformType,1,8.110112742591376,Clean
VROverlayFlags,1,8.110112742591376,Clean
VRMessageOverlayResponse,1,8.110112742591376,Clean
EGamepadTextInputMode,0,8.110112742591376,Clean
EGamepadTextInputLineMode,0,8.110112742591376,Clean
EOverlayDirection,1,8.110112742591376,Clean
EVROverlayIntersectionMaskPrimitiveType,1,8.110112742591376,Clean
EVRRenderModelError,1,8.110112742591376,Clean
EVRComponentProperty,0,8.110112742591376,Clean
EVRNotificationType,1,8.110112742591376,Clean
EVRNotificationStyle,1,8.110112742591376,Clean
EVRSettingsError,1,8.110112742591376,Clean
EVRScreenshotError,1,8.110112742591376,Clean
VREvent_Data_t,3,8.110112742591376,Clean
VROverlayIntersectionMaskPrimitive_Data_t,2,8.110112742591376,Clean
HmdMatrix34_t,3,8.110112742591376,Clean
HmdMatrix44_t,3,8.110112742591376,Clean
HmdVector3_t,3,8.110112742591376,Clean
HmdVector4_t,2,8.110112742591376,Clean
HmdVector3d_t,2,8.110112742591376,Clean
HmdVector2_t,2,8.110112742591376,Clean
HmdQuaternion_t,2,8.110112742591376,Clean
HmdColor_t,3,8.110112742591376,Clean
HmdQuad_t,4,8.110112742591376,Clean
HmdRect2_t,3,8.110112742591376,Clean
DistortionCoordinates_t,3,8.110112742591376,Clean
Texture_t,4,8.110112742591376,Clean
TrackedDevicePose_t,4,8.110112742591376,Clean
VRTextureBounds_t,3,8.110112742591376,Clean
VRVulkanTextureData_t,2,8.110112742591376,Clean
VREvent_Controller_t,0,8.110112742591376,Clean
VREvent_Mouse_t,2,8.110112742591376,Clean
VREvent_Scroll_t,2,8.110112742591376,Clean
VREvent_TouchPadMove_t,2,8.110112742591376,Clean
VREvent_Notification_t,1,8.110112742591376,Clean
VREvent_Process_t,2,8.110112742591376,Clean
VREvent_Overlay_t,0,8.110112742591376,Clean
VREvent_Status_t,0,8.110112742591376,Clean
VREvent_Keyboard_t,2,8.110112742591376,Clean
VREvent_Ipd_t,0,8.110112742591376,Clean
VREvent_Chaperone_t,1,8.110112742591376,Clean
VREvent_Reserved_t,1,8.110112742591376,Clean
VREvent_PerformanceTest_t,0,8.110112742591376,Clean
VREvent_SeatedZeroPoseReset_t,0,8.110112742591376,Clean
VREvent_Screenshot_t,1,8.110112742591376,Clean
VREvent_ScreenshotProgress_t,0,8.110112742591376,Clean
VREvent_ApplicationLaunch_t,1,8.110112742591376,Clean
VREvent_EditingCameraSurface_t,1,8.110112742591376,Clean
VREvent_MessageOverlay_t,0,8.110112742591376,Clean
VREvent_t,4,8.110112742591376,Clean
HiddenAreaMesh_t,2,8.110112742591376,Clean
VRControllerAxis_t,2,8.110112742591376,Clean
VRControllerState_t,4,8.110112742591376,Clean
Compositor_OverlaySettings,3,8.110112742591376,Clean
CameraVideoStreamFrameHeader_t,4,8.110112742591376,Clean
AppOverrideKeys_t,2,8.110112742591376,Clean
Compositor_FrameTiming,4,8.110112742591376,Clean
Compositor_CumulativeStats,3,8.110112742591376,Clean
VROverlayIntersectionParams_t,4,8.110112742591376,Clean
VROverlayIntersectionResults_t,4,8.110112742591376,Clean
IntersectionMaskRectangle_t,2,8.110112742591376,Clean
IntersectionMaskCircle_t,2,8.110112742591376,Clean
VROverlayIntersectionMaskPrimitive_t,3,8.110112742591376,Clean
RenderModel_ComponentState_t,4,8.110112742591376,Clean
RenderModel_Vertex_t,3,8.110112742591376,Clean
RenderModel_TextureMap_t,2,8.110112742591376,Clean
RenderModel_t,2,8.110112742591376,Clean
RenderModel_ControllerMode_State_t,1,8.110112742591376,Clean
NotificationBitmap_t,3,8.110112742591376,Clean
COpenVRContext,8,8.110112742591376,Clean
OpenVR,9,8.110112742591376,Fault_proner
CrossPlatformInitialize,3,8.110112742591376,Clean
CustomEditorBase,6,8.110112742591376,Clean
LeapHandControllerEditor,6,8.110112742591376,Clean
LeapImageRetrieverEditor,4,8.110112742591376,Clean
LeapServiceProviderEditor,2,8.110112742591376,Clean
EyeTypeEditor,0,8.110112742591376,Clean
LeapTemporalWarpingEditor,3,8.110112742591376,Clean
ObjectBuilderEditor,2,8.110112742591376,Clean
FrameValidator,6,8.110112742591376,Clean
HandFactoryTwoHands,3,8.110112742591376,Clean
HandFactoryLeft,3,8.110112742591376,Clean
HandFactoryRight,3,8.110112742591376,Clean
TransformCopyIdentity,4,8.110112742591376,Clean
TransformCopyTranslation,4,8.110112742591376,Clean
SlidingMaxTest,5,8.110112742591376,Clean
RingBufferTest,4,8.110112742591376,Clean
CombinablePropertyDrawer,4,8.110112742591376,Clean
