Component,Threshold,Cutoff,Status
CameraCapture,7,5.338938639676298,Fault_proner
RecorderState,0,5.338938639676298,Clean
FFmpegConfig,2,5.338938639676298,Clean
FFmpegPipe,8,5.338938639676298,Fault_proner
Codec,0,5.338938639676298,Clean
Resolution,0,5.338938639676298,Clean
Blitter,5,5.338938639676298,Clean
ErrorHandling,4,5.338938639676298,Clean
Disposable,2,5.338938639676298,Clean
RecursiveReader,4,5.338938639676298,Clean
ArraySegmentExtensions,3,5.338938639676298,Clean
YUVFormat,0,5.338938639676298,Clean
YUVHeader,8,5.338938639676298,Fault_proner
YUVFrameReader,6,5.338938639676298,Fault_proner
YUVFrame,3,5.338938639676298,Clean
YUVReader,7,5.338938639676298,Fault_proner
MessagePackObjectAttribute,3,5.338938639676298,Clean
KeyAttribute,5,5.338938639676298,Clean
IgnoreMemberAttribute,0,5.338938639676298,Clean
UnionAttribute,3,5.338938639676298,Clean
SerializationConstructorAttribute,0,5.338938639676298,Clean
MessagePackFormatterAttribute,5,5.338938639676298,Clean
Float32Bits,7,5.338938639676298,Fault_proner
Float64Bits,7,5.338938639676298,Fault_proner
IFormatterResolver,2,5.338938639676298,Clean
FormatterResolverExtensions,5,5.338938639676298,Clean
FormatterNotRegisteredException,1,5.338938639676298,Clean
IMessagePackSerializationCallbackReceiver,3,5.338938639676298,Clean
TinyJsonToken,1,5.338938639676298,Clean
ValueType,1,5.338938639676298,Clean
TinyJsonException,1,5.338938639676298,Clean
TinyJsonReader,7,5.338938639676298,Fault_proner
LZ4MessagePackSerializer,7,5.338938639676298,Fault_proner
LZ4MemoryPool,3,5.338938639676298,Clean
MessagePackBinary,7,5.338938639676298,Fault_proner
StreamDecodeMemoryPool,4,5.338938639676298,Clean
ExtensionResult,3,5.338938639676298,Clean
ExtensionHeader,3,5.338938639676298,Clean
DateTimeConstants,1,5.338938639676298,Clean
IMapHeaderDecoder,0,5.338938639676298,Clean
FixMapHeader,5,5.338938639676298,Clean
Map16Header,5,5.338938639676298,Clean
Map32Header,5,5.338938639676298,Clean
InvalidMapHeader,6,5.338938639676298,Fault_proner
IArrayHeaderDecoder,0,5.338938639676298,Clean
FixArrayHeader,5,5.338938639676298,Clean
Array16Header,5,5.338938639676298,Clean
Array32Header,5,5.338938639676298,Clean
InvalidArrayHeader,6,5.338938639676298,Fault_proner
IBooleanDecoder,0,5.338938639676298,Clean
1,5,5.338938639676298,Clean
0,5,5.338938639676298,Clean
InvalidBoolean,5,5.338938639676298,Clean
IByteDecoder,0,5.338938639676298,Clean
FixByte,5,5.338938639676298,Clean
UInt8Byte,5,5.338938639676298,Clean
InvalidByte,6,5.338938639676298,Fault_proner
IBytesDecoder,0,5.338938639676298,Clean
NilBytes,5,5.338938639676298,Clean
Bin8Bytes,5,5.338938639676298,Clean
Bin16Bytes,5,5.338938639676298,Clean
Bin32Bytes,5,5.338938639676298,Clean
InvalidBytes,6,5.338938639676298,Fault_proner
IBytesSegmentDecoder,0,5.338938639676298,Clean
NilBytesSegment,5,5.338938639676298,Clean
Bin8BytesSegment,5,5.338938639676298,Clean
Bin16BytesSegment,5,5.338938639676298,Clean
Bin32BytesSegment,5,5.338938639676298,Clean
InvalidBytesSegment,6,5.338938639676298,Fault_proner
ISByteDecoder,0,5.338938639676298,Clean
FixSByte,5,5.338938639676298,Clean
Int8SByte,5,5.338938639676298,Clean
InvalidSByte,6,5.338938639676298,Fault_proner
ISingleDecoder,0,5.338938639676298,Clean
FixNegativeFloat,6,5.338938639676298,Fault_proner
FixFloat,6,5.338938639676298,Fault_proner
Int8Single,6,5.338938639676298,Fault_proner
Int16Single,6,5.338938639676298,Fault_proner
Int32Single,6,5.338938639676298,Fault_proner
Int64Single,6,5.338938639676298,Fault_proner
UInt8Single,6,5.338938639676298,Fault_proner
UInt16Single,6,5.338938639676298,Fault_proner
UInt32Single,6,5.338938639676298,Fault_proner
UInt64Single,6,5.338938639676298,Fault_proner
Float32Single,6,5.338938639676298,Fault_proner
InvalidSingle,6,5.338938639676298,Fault_proner
IDoubleDecoder,0,5.338938639676298,Clean
FixNegativeDouble,6,5.338938639676298,Fault_proner
FixDouble,6,5.338938639676298,Fault_proner
Int8Double,6,5.338938639676298,Fault_proner
Int16Double,6,5.338938639676298,Fault_proner
Int32Double,6,5.338938639676298,Fault_proner
Int64Double,6,5.338938639676298,Fault_proner
UInt8Double,6,5.338938639676298,Fault_proner
UInt16Double,6,5.338938639676298,Fault_proner
UInt32Double,6,5.338938639676298,Fault_proner
UInt64Double,6,5.338938639676298,Fault_proner
Float32Double,6,5.338938639676298,Fault_proner
Float64Double,6,5.338938639676298,Fault_proner
InvalidDouble,6,5.338938639676298,Fault_proner
IInt16Decoder,0,5.338938639676298,Clean
FixNegativeInt16,5,5.338938639676298,Clean
FixInt16,5,5.338938639676298,Clean
UInt8Int16,5,5.338938639676298,Clean
UInt16Int16,5,5.338938639676298,Clean
Int8Int16,5,5.338938639676298,Clean
Int16Int16,5,5.338938639676298,Clean
InvalidInt16,6,5.338938639676298,Fault_proner
IInt32Decoder,0,5.338938639676298,Clean
FixNegativeInt32,5,5.338938639676298,Clean
FixInt32,5,5.338938639676298,Clean
UInt8Int32,5,5.338938639676298,Clean
UInt16Int32,5,5.338938639676298,Clean
UInt32Int32,5,5.338938639676298,Clean
Int8Int32,5,5.338938639676298,Clean
Int16Int32,5,5.338938639676298,Clean
Int32Int32,5,5.338938639676298,Clean
InvalidInt32,6,5.338938639676298,Fault_proner
IInt64Decoder,0,5.338938639676298,Clean
FixNegativeInt64,5,5.338938639676298,Clean
FixInt64,5,5.338938639676298,Clean
UInt8Int64,5,5.338938639676298,Clean
UInt16Int64,5,5.338938639676298,Clean
UInt32Int64,5,5.338938639676298,Clean
UInt64Int64,5,5.338938639676298,Clean
Int8Int64,5,5.338938639676298,Clean
Int16Int64,5,5.338938639676298,Clean
Int32Int64,5,5.338938639676298,Clean
Int64Int64,5,5.338938639676298,Clean
InvalidInt64,6,5.338938639676298,Fault_proner
IUInt16Decoder,0,5.338938639676298,Clean
FixUInt16,5,5.338938639676298,Clean
UInt8UInt16,5,5.338938639676298,Clean
UInt16UInt16,5,5.338938639676298,Clean
InvalidUInt16,6,5.338938639676298,Fault_proner
IUInt32Decoder,0,5.338938639676298,Clean
FixUInt32,5,5.338938639676298,Clean
UInt8UInt32,5,5.338938639676298,Clean
UInt16UInt32,5,5.338938639676298,Clean
UInt32UInt32,5,5.338938639676298,Clean
InvalidUInt32,6,5.338938639676298,Fault_proner
IUInt64Decoder,0,5.338938639676298,Clean
FixUInt64,5,5.338938639676298,Clean
UInt8UInt64,5,5.338938639676298,Clean
UInt16UInt64,5,5.338938639676298,Clean
UInt32UInt64,5,5.338938639676298,Clean
UInt64UInt64,5,5.338938639676298,Clean
InvalidUInt64,6,5.338938639676298,Fault_proner
IStringDecoder,0,5.338938639676298,Clean
NilString,5,5.338938639676298,Clean
FixString,6,5.338938639676298,Fault_proner
Str8String,6,5.338938639676298,Fault_proner
Str16String,6,5.338938639676298,Fault_proner
Str32String,6,5.338938639676298,Fault_proner
InvalidString,6,5.338938639676298,Fault_proner
IStringSegmentDecoder,0,5.338938639676298,Clean
NilStringSegment,5,5.338938639676298,Clean
FixStringSegment,5,5.338938639676298,Clean
Str8StringSegment,5,5.338938639676298,Clean
Str16StringSegment,5,5.338938639676298,Clean
Str32StringSegment,5,5.338938639676298,Clean
InvalidStringSegment,6,5.338938639676298,Fault_proner
IExtDecoder,0,5.338938639676298,Clean
FixExt1,6,5.338938639676298,Fault_proner
FixExt2,6,5.338938639676298,Fault_proner
FixExt4,6,5.338938639676298,Fault_proner
FixExt8,7,5.338938639676298,Fault_proner
FixExt16,7,5.338938639676298,Fault_proner
Ext8,6,5.338938639676298,Fault_proner
Ext16,6,5.338938639676298,Fault_proner
Ext32,7,5.338938639676298,Fault_proner
InvalidExt,6,5.338938639676298,Fault_proner
IExtHeaderDecoder,0,5.338938639676298,Clean
FixExt1Header,6,5.338938639676298,Fault_proner
FixExt2Header,6,5.338938639676298,Fault_proner
FixExt4Header,6,5.338938639676298,Fault_proner
FixExt8Header,6,5.338938639676298,Fault_proner
FixExt16Header,6,5.338938639676298,Fault_proner
Ext8Header,6,5.338938639676298,Fault_proner
Ext16Header,6,5.338938639676298,Fault_proner
Ext32Header,6,5.338938639676298,Fault_proner
InvalidExtHeader,6,5.338938639676298,Fault_proner
IDateTimeDecoder,0,5.338938639676298,Clean
FixExt4DateTime,7,5.338938639676298,Fault_proner
FixExt8DateTime,7,5.338938639676298,Fault_proner
Ext8DateTime,7,5.338938639676298,Fault_proner
InvalidDateTime,6,5.338938639676298,Fault_proner
IReadNextDecoder,0,5.338938639676298,Clean
ReadNext1,5,5.338938639676298,Clean
ReadNext2,5,5.338938639676298,Clean
ReadNext3,5,5.338938639676298,Clean
ReadNext4,5,5.338938639676298,Clean
ReadNext5,5,5.338938639676298,Clean
ReadNext6,5,5.338938639676298,Clean
ReadNext9,5,5.338938639676298,Clean
ReadNext10,5,5.338938639676298,Clean
ReadNext18,5,5.338938639676298,Clean
ReadNextMap,6,5.338938639676298,Fault_proner
ReadNextArray,6,5.338938639676298,Fault_proner
ReadNextFixStr,5,5.338938639676298,Clean
ReadNextStr8,5,5.338938639676298,Clean
ReadNextStr16,5,5.338938639676298,Clean
ReadNextStr32,5,5.338938639676298,Clean
ReadNextBin8,5,5.338938639676298,Clean
ReadNextBin16,5,5.338938639676298,Clean
ReadNextBin32,5,5.338938639676298,Clean
ReadNextExt8,5,5.338938639676298,Clean
ReadNextExt16,5,5.338938639676298,Clean
ReadNextExt32,5,5.338938639676298,Clean
MessagePackType,1,5.338938639676298,Clean
MessagePackCode,7,5.338938639676298,Fault_proner
ReservedMessagePackExtensionTypeCode,3,5.338938639676298,Clean
MessagePackRange,3,5.338938639676298,Clean
MessagePackSerializer,8,5.338938639676298,Fault_proner
InternalMemoryPool,3,5.338938639676298,Clean
Nil,7,5.338938639676298,Fault_proner
NilFormatter,7,5.338938639676298,Fault_proner
NullableNilFormatter,7,5.338938639676298,Fault_proner
StringEncoding,3,5.338938639676298,Clean
ArrayFormatter<T>,6,5.338938639676298,Fault_proner
ByteArraySegmentFormatter,9,5.338938639676298,Fault_proner
ArraySegmentFormatter<T>,6,5.338938639676298,Fault_proner
ListFormatter<T>,6,5.338938639676298,Fault_proner
"CollectionFormatterBase<TElement,TIntermediate,TEnumerator,TCollection>",6,5.338938639676298,Fault_proner
"CollectionFormatterBase<TElement,TIntermediate,TCollection>",0,5.338938639676298,Clean
"CollectionFormatterBase<TElement,TCollection>",0,5.338938639676298,Clean
"GenericCollectionFormatter<TElement,TCollection>",2,5.338938639676298,Clean
LinkedListFormatter<T>,2,5.338938639676298,Clean
QeueueFormatter<T>,3,5.338938639676298,Clean
StackFormatter<T>,3,5.338938639676298,Clean
HashSetFormatter<T>,3,5.338938639676298,Clean
ReadOnlyCollectionFormatter<T>,2,5.338938639676298,Clean
InterfaceListFormatter<T>,2,5.338938639676298,Clean
InterfaceCollectionFormatter<T>,2,5.338938639676298,Clean
InterfaceEnumerableFormatter<T>,2,5.338938639676298,Clean
"InterfaceGroupingFormatter<TKey,TElement>",6,5.338938639676298,Fault_proner
"InterfaceLookupFormatter<TKey,TElement>",2,5.338938639676298,Clean
"Grouping<TKey,TElement>",6,5.338938639676298,Fault_proner
"Lookup<TKey,TElement>",6,5.338938639676298,Fault_proner
NonGenericListFormatter<T>,6,5.338938639676298,Fault_proner
NonGenericInterfaceListFormatter,9,5.338938639676298,Fault_proner
NonGenericDictionaryFormatter<T>,6,5.338938639676298,Fault_proner
NonGenericInterfaceDictionaryFormatter,9,5.338938639676298,Fault_proner
"DictionaryFormatterBase<TKey,TValue,TIntermediate,TDictionary>",6,5.338938639676298,Fault_proner
"DictionaryFormatter<TKey,TValue>",2,5.338938639676298,Clean
"GenericDictionaryFormatter<TKey,TValue,TDictionary>",2,5.338938639676298,Clean
"InterfaceDictionaryFormatter<TKey,TValue>",2,5.338938639676298,Clean
"SortedListFormatter<TKey,TValue>",2,5.338938639676298,Clean
"SortedDictionaryFormatter<TKey,TValue>",2,5.338938639676298,Clean
EnumAsStringFormatter<T>,7,5.338938639676298,Fault_proner
ForceInt16BlockFormatter,7,5.338938639676298,Fault_proner
NullableForceInt16BlockFormatter,8,5.338938639676298,Fault_proner
ForceInt16BlockArrayFormatter,8,5.338938639676298,Fault_proner
ForceInt32BlockFormatter,7,5.338938639676298,Fault_proner
NullableForceInt32BlockFormatter,8,5.338938639676298,Fault_proner
ForceInt32BlockArrayFormatter,8,5.338938639676298,Fault_proner
ForceInt64BlockFormatter,7,5.338938639676298,Fault_proner
NullableForceInt64BlockFormatter,8,5.338938639676298,Fault_proner
ForceInt64BlockArrayFormatter,8,5.338938639676298,Fault_proner
ForceUInt16BlockFormatter,7,5.338938639676298,Fault_proner
NullableForceUInt16BlockFormatter,8,5.338938639676298,Fault_proner
ForceUInt16BlockArrayFormatter,8,5.338938639676298,Fault_proner
ForceUInt32BlockFormatter,7,5.338938639676298,Fault_proner
NullableForceUInt32BlockFormatter,8,5.338938639676298,Fault_proner
ForceUInt32BlockArrayFormatter,8,5.338938639676298,Fault_proner
ForceUInt64BlockFormatter,7,5.338938639676298,Fault_proner
NullableForceUInt64BlockFormatter,8,5.338938639676298,Fault_proner
ForceUInt64BlockArrayFormatter,8,5.338938639676298,Fault_proner
ForceByteBlockFormatter,7,5.338938639676298,Fault_proner
NullableForceByteBlockFormatter,8,5.338938639676298,Fault_proner
ForceSByteBlockFormatter,7,5.338938639676298,Fault_proner
NullableForceSByteBlockFormatter,8,5.338938639676298,Fault_proner
ForceSByteBlockArrayFormatter,8,5.338938639676298,Fault_proner
IgnoreFormatter<T>,5,5.338938639676298,Clean
IMessagePackFormatter,4,5.338938639676298,Clean
TwoDimentionalArrayFormatter<T>,7,5.338938639676298,Fault_proner
ThreeDimentionalArrayFormatter<T>,7,5.338938639676298,Fault_proner
FourDimentionalArrayFormatter<T>,7,5.338938639676298,Fault_proner
NullableFormatter<T>,6,5.338938639676298,Fault_proner
StaticNullableFormatter<T>,7,5.338938639676298,Fault_proner
NativeDateTimeFormatter,9,5.338938639676298,Fault_proner
NativeDateTimeArrayFormatter,9,5.338938639676298,Fault_proner
OldSpecStringFormatter,9,5.338938639676298,Fault_proner
OldSpecBinaryFormatter,9,5.338938639676298,Fault_proner
Int16Formatter,7,5.338938639676298,Fault_proner
NullableInt16Formatter,8,5.338938639676298,Fault_proner
Int16ArrayFormatter,8,5.338938639676298,Fault_proner
Int32Formatter,7,5.338938639676298,Fault_proner
NullableInt32Formatter,8,5.338938639676298,Fault_proner
Int32ArrayFormatter,8,5.338938639676298,Fault_proner
Int64Formatter,7,5.338938639676298,Fault_proner
NullableInt64Formatter,8,5.338938639676298,Fault_proner
Int64ArrayFormatter,8,5.338938639676298,Fault_proner
UInt16Formatter,7,5.338938639676298,Fault_proner
NullableUInt16Formatter,8,5.338938639676298,Fault_proner
UInt16ArrayFormatter,8,5.338938639676298,Fault_proner
UInt32Formatter,7,5.338938639676298,Fault_proner
NullableUInt32Formatter,8,5.338938639676298,Fault_proner
UInt32ArrayFormatter,8,5.338938639676298,Fault_proner
UInt64Formatter,7,5.338938639676298,Fault_proner
NullableUInt64Formatter,8,5.338938639676298,Fault_proner
UInt64ArrayFormatter,8,5.338938639676298,Fault_proner
SingleFormatter,7,5.338938639676298,Fault_proner
NullableSingleFormatter,8,5.338938639676298,Fault_proner
SingleArrayFormatter,8,5.338938639676298,Fault_proner
DoubleFormatter,7,5.338938639676298,Fault_proner
NullableDoubleFormatter,8,5.338938639676298,Fault_proner
DoubleArrayFormatter,8,5.338938639676298,Fault_proner
BooleanFormatter,7,5.338938639676298,Fault_proner
NullableBooleanFormatter,8,5.338938639676298,Fault_proner
BooleanArrayFormatter,8,5.338938639676298,Fault_proner
ByteFormatter,7,5.338938639676298,Fault_proner
NullableByteFormatter,8,5.338938639676298,Fault_proner
SByteFormatter,7,5.338938639676298,Fault_proner
NullableSByteFormatter,8,5.338938639676298,Fault_proner
SByteArrayFormatter,8,5.338938639676298,Fault_proner
CharFormatter,7,5.338938639676298,Fault_proner
NullableCharFormatter,8,5.338938639676298,Fault_proner
CharArrayFormatter,8,5.338938639676298,Fault_proner
DateTimeFormatter,7,5.338938639676298,Fault_proner
NullableDateTimeFormatter,8,5.338938639676298,Fault_proner
DateTimeArrayFormatter,8,5.338938639676298,Fault_proner
PrimitiveObjectFormatter,8,5.338938639676298,Fault_proner
ByteArrayFormatter,8,5.338938639676298,Fault_proner
NullableStringFormatter,7,5.338938639676298,Fault_proner
NullableStringArrayFormatter,8,5.338938639676298,Fault_proner
DecimalFormatter,7,5.338938639676298,Fault_proner
TimeSpanFormatter,7,5.338938639676298,Fault_proner
DateTimeOffsetFormatter,8,5.338938639676298,Fault_proner
GuidFormatter,8,5.338938639676298,Fault_proner
UriFormatter,8,5.338938639676298,Fault_proner
VersionFormatter,8,5.338938639676298,Fault_proner
"KeyValuePairFormatter<TKey,TValue>",6,5.338938639676298,Fault_proner
StringBuilderFormatter,8,5.338938639676298,Fault_proner
BitArrayFormatter,8,5.338938639676298,Fault_proner
Nil_duplicated,6,5.338938639676298,Fault_proner
NilFormatter_duplicated,7,5.338938639676298,Fault_proner
NullableNilFormatter_duplicated,7,5.338938639676298,Fault_proner
AutomataDictionary,7,5.338938639676298,Fault_proner
AutomataNode,7,5.338938639676298,Fault_proner
AutomataKeyGen,7,5.338938639676298,Fault_proner
ByteArrayComparer,4,5.338938639676298,Clean
ByteArrayStringHashTable,6,5.338938639676298,Fault_proner
Entry,7,5.338938639676298,Fault_proner
DynamicAssembly,5,5.338938639676298,Clean
ExpressionUtility,5,5.338938639676298,Clean
GuidBits,6,5.338938639676298,Fault_proner
ILGeneratorExtensions,4,5.338938639676298,Clean
ReflectionExtensions,4,5.338938639676298,Clean
ThreadsafeTypeKeyHashTable<TValue>,5,5.338938639676298,Clean
LZ4MessagePackSerializer_duplicated,7,5.338938639676298,Fault_proner
LZ4MemoryPool_duplicated,4,5.338938639676298,Clean
MessagePackBinary_duplicated,6,5.338938639676298,Fault_proner
StreamDecodeMemoryPool_duplicated,3,5.338938639676298,Clean
ExtensionResult_duplicated,2,5.338938639676298,Clean
ExtensionHeader_duplicated,2,5.338938639676298,Clean
DateTimeConstants_duplicated,2,5.338938639676298,Clean
IMapHeaderDecoder_duplicated,0,5.338938639676298,Clean
FixMapHeader_duplicated,5,5.338938639676298,Clean
Map16Header_duplicated,5,5.338938639676298,Clean
Map32Header_duplicated,5,5.338938639676298,Clean
InvalidMapHeader_duplicated,6,5.338938639676298,Fault_proner
IArrayHeaderDecoder_duplicated,0,5.338938639676298,Clean
FixArrayHeader_duplicated,5,5.338938639676298,Clean
Array16Header_duplicated,5,5.338938639676298,Clean
Array32Header_duplicated,5,5.338938639676298,Clean
InvalidArrayHeader_duplicated,6,5.338938639676298,Fault_proner
IBooleanDecoder_duplicated,0,5.338938639676298,Clean
1_duplicated,5,5.338938639676298,Clean
0_duplicated,5,5.338938639676298,Clean
InvalidBoolean_duplicated,5,5.338938639676298,Clean
IByteDecoder_duplicated,0,5.338938639676298,Clean
FixByte_duplicated,5,5.338938639676298,Clean
UInt8Byte_duplicated,5,5.338938639676298,Clean
InvalidByte_duplicated,6,5.338938639676298,Fault_proner
IBytesDecoder_duplicated,0,5.338938639676298,Clean
NilBytes_duplicated,5,5.338938639676298,Clean
Bin8Bytes_duplicated,5,5.338938639676298,Clean
Bin16Bytes_duplicated,5,5.338938639676298,Clean
Bin32Bytes_duplicated,5,5.338938639676298,Clean
InvalidBytes_duplicated,6,5.338938639676298,Fault_proner
IBytesSegmentDecoder_duplicated,0,5.338938639676298,Clean
NilBytesSegment_duplicated,5,5.338938639676298,Clean
Bin8BytesSegment_duplicated,5,5.338938639676298,Clean
Bin16BytesSegment_duplicated,5,5.338938639676298,Clean
Bin32BytesSegment_duplicated,5,5.338938639676298,Clean
InvalidBytesSegment_duplicated,6,5.338938639676298,Fault_proner
ISByteDecoder_duplicated,0,5.338938639676298,Clean
FixSByte_duplicated,5,5.338938639676298,Clean
Int8SByte_duplicated,5,5.338938639676298,Clean
InvalidSByte_duplicated,6,5.338938639676298,Fault_proner
ISingleDecoder_duplicated,0,5.338938639676298,Clean
FixNegativeFloat_duplicated,6,5.338938639676298,Fault_proner
FixFloat_duplicated,6,5.338938639676298,Fault_proner
Int8Single_duplicated,6,5.338938639676298,Fault_proner
Int16Single_duplicated,6,5.338938639676298,Fault_proner
Int32Single_duplicated,6,5.338938639676298,Fault_proner
Int64Single_duplicated,6,5.338938639676298,Fault_proner
UInt8Single_duplicated,6,5.338938639676298,Fault_proner
UInt16Single_duplicated,6,5.338938639676298,Fault_proner
UInt32Single_duplicated,6,5.338938639676298,Fault_proner
UInt64Single_duplicated,6,5.338938639676298,Fault_proner
Float32Single_duplicated,6,5.338938639676298,Fault_proner
InvalidSingle_duplicated,6,5.338938639676298,Fault_proner
IDoubleDecoder_duplicated,0,5.338938639676298,Clean
FixNegativeDouble_duplicated,6,5.338938639676298,Fault_proner
FixDouble_duplicated,6,5.338938639676298,Fault_proner
Int8Double_duplicated,6,5.338938639676298,Fault_proner
Int16Double_duplicated,6,5.338938639676298,Fault_proner
Int32Double_duplicated,6,5.338938639676298,Fault_proner
Int64Double_duplicated,6,5.338938639676298,Fault_proner
UInt8Double_duplicated,6,5.338938639676298,Fault_proner
UInt16Double_duplicated,6,5.338938639676298,Fault_proner
UInt32Double_duplicated,6,5.338938639676298,Fault_proner
UInt64Double_duplicated,6,5.338938639676298,Fault_proner
Float32Double_duplicated,6,5.338938639676298,Fault_proner
Float64Double_duplicated,6,5.338938639676298,Fault_proner
InvalidDouble_duplicated,6,5.338938639676298,Fault_proner
IInt16Decoder_duplicated,0,5.338938639676298,Clean
FixNegativeInt16_duplicated,5,5.338938639676298,Clean
FixInt16_duplicated,5,5.338938639676298,Clean
UInt8Int16_duplicated,5,5.338938639676298,Clean
UInt16Int16_duplicated,5,5.338938639676298,Clean
Int8Int16_duplicated,5,5.338938639676298,Clean
Int16Int16_duplicated,5,5.338938639676298,Clean
InvalidInt16_duplicated,6,5.338938639676298,Fault_proner
IInt32Decoder_duplicated,0,5.338938639676298,Clean
FixNegativeInt32_duplicated,5,5.338938639676298,Clean
FixInt32_duplicated,5,5.338938639676298,Clean
UInt8Int32_duplicated,5,5.338938639676298,Clean
UInt16Int32_duplicated,5,5.338938639676298,Clean
UInt32Int32_duplicated,5,5.338938639676298,Clean
Int8Int32_duplicated,5,5.338938639676298,Clean
Int16Int32_duplicated,5,5.338938639676298,Clean
Int32Int32_duplicated,5,5.338938639676298,Clean
InvalidInt32_duplicated,6,5.338938639676298,Fault_proner
IInt64Decoder_duplicated,0,5.338938639676298,Clean
FixNegativeInt64_duplicated,5,5.338938639676298,Clean
FixInt64_duplicated,5,5.338938639676298,Clean
UInt8Int64_duplicated,5,5.338938639676298,Clean
UInt16Int64_duplicated,5,5.338938639676298,Clean
UInt32Int64_duplicated,5,5.338938639676298,Clean
UInt64Int64_duplicated,5,5.338938639676298,Clean
Int8Int64_duplicated,5,5.338938639676298,Clean
Int16Int64_duplicated,5,5.338938639676298,Clean
Int32Int64_duplicated,5,5.338938639676298,Clean
Int64Int64_duplicated,5,5.338938639676298,Clean
InvalidInt64_duplicated,6,5.338938639676298,Fault_proner
IUInt16Decoder_duplicated,0,5.338938639676298,Clean
FixUInt16_duplicated,5,5.338938639676298,Clean
UInt8UInt16_duplicated,5,5.338938639676298,Clean
UInt16UInt16_duplicated,5,5.338938639676298,Clean
InvalidUInt16_duplicated,6,5.338938639676298,Fault_proner
IUInt32Decoder_duplicated,0,5.338938639676298,Clean
FixUInt32_duplicated,5,5.338938639676298,Clean
UInt8UInt32_duplicated,5,5.338938639676298,Clean
UInt16UInt32_duplicated,5,5.338938639676298,Clean
UInt32UInt32_duplicated,5,5.338938639676298,Clean
InvalidUInt32_duplicated,6,5.338938639676298,Fault_proner
IUInt64Decoder_duplicated,0,5.338938639676298,Clean
FixUInt64_duplicated,5,5.338938639676298,Clean
UInt8UInt64_duplicated,5,5.338938639676298,Clean
UInt16UInt64_duplicated,5,5.338938639676298,Clean
UInt32UInt64_duplicated,5,5.338938639676298,Clean
UInt64UInt64_duplicated,5,5.338938639676298,Clean
InvalidUInt64_duplicated,6,5.338938639676298,Fault_proner
IStringDecoder_duplicated,0,5.338938639676298,Clean
NilString_duplicated,5,5.338938639676298,Clean
FixString_duplicated,6,5.338938639676298,Fault_proner
Str8String_duplicated,6,5.338938639676298,Fault_proner
Str16String_duplicated,6,5.338938639676298,Fault_proner
Str32String_duplicated,6,5.338938639676298,Fault_proner
InvalidString_duplicated,6,5.338938639676298,Fault_proner
IStringSegmentDecoder_duplicated,0,5.338938639676298,Clean
NilStringSegment_duplicated,5,5.338938639676298,Clean
FixStringSegment_duplicated,5,5.338938639676298,Clean
Str8StringSegment_duplicated,5,5.338938639676298,Clean
Str16StringSegment_duplicated,5,5.338938639676298,Clean
Str32StringSegment_duplicated,5,5.338938639676298,Clean
InvalidStringSegment_duplicated,6,5.338938639676298,Fault_proner
IExtDecoder_duplicated,0,5.338938639676298,Clean
FixExt1_duplicated,6,5.338938639676298,Fault_proner
FixExt2_duplicated,6,5.338938639676298,Fault_proner
FixExt4_duplicated,6,5.338938639676298,Fault_proner
FixExt8_duplicated,7,5.338938639676298,Fault_proner
FixExt16_duplicated,7,5.338938639676298,Fault_proner
Ext8_duplicated,6,5.338938639676298,Fault_proner
Ext16_duplicated,6,5.338938639676298,Fault_proner
Ext32_duplicated,7,5.338938639676298,Fault_proner
InvalidExt_duplicated,6,5.338938639676298,Fault_proner
IExtHeaderDecoder_duplicated,0,5.338938639676298,Clean
FixExt1Header_duplicated,6,5.338938639676298,Fault_proner
FixExt2Header_duplicated,6,5.338938639676298,Fault_proner
FixExt4Header_duplicated,6,5.338938639676298,Fault_proner
FixExt8Header_duplicated,6,5.338938639676298,Fault_proner
FixExt16Header_duplicated,6,5.338938639676298,Fault_proner
Ext8Header_duplicated,6,5.338938639676298,Fault_proner
Ext16Header_duplicated,6,5.338938639676298,Fault_proner
Ext32Header_duplicated,6,5.338938639676298,Fault_proner
InvalidExtHeader_duplicated,6,5.338938639676298,Fault_proner
IDateTimeDecoder_duplicated,0,5.338938639676298,Clean
FixExt4DateTime_duplicated,7,5.338938639676298,Fault_proner
FixExt8DateTime_duplicated,7,5.338938639676298,Fault_proner
Ext8DateTime_duplicated,7,5.338938639676298,Fault_proner
InvalidDateTime_duplicated,6,5.338938639676298,Fault_proner
IReadNextDecoder_duplicated,0,5.338938639676298,Clean
ReadNext1_duplicated,5,5.338938639676298,Clean
ReadNext2_duplicated,5,5.338938639676298,Clean
ReadNext3_duplicated,5,5.338938639676298,Clean
ReadNext4_duplicated,5,5.338938639676298,Clean
ReadNext5_duplicated,5,5.338938639676298,Clean
ReadNext6_duplicated,5,5.338938639676298,Clean
ReadNext9_duplicated,5,5.338938639676298,Clean
ReadNext10_duplicated,5,5.338938639676298,Clean
ReadNext18_duplicated,5,5.338938639676298,Clean
ReadNextMap_duplicated,6,5.338938639676298,Fault_proner
ReadNextArray_duplicated,6,5.338938639676298,Fault_proner
ReadNextFixStr_duplicated,5,5.338938639676298,Clean
ReadNextStr8_duplicated,5,5.338938639676298,Clean
ReadNextStr16_duplicated,5,5.338938639676298,Clean
ReadNextStr32_duplicated,5,5.338938639676298,Clean
ReadNextBin8_duplicated,5,5.338938639676298,Clean
ReadNextBin16_duplicated,5,5.338938639676298,Clean
ReadNextBin32_duplicated,5,5.338938639676298,Clean
ReadNextExt8_duplicated,5,5.338938639676298,Clean
ReadNextExt16_duplicated,5,5.338938639676298,Clean
ReadNextExt32_duplicated,5,5.338938639676298,Clean
MessagePackSerializer_duplicated,7,5.338938639676298,Fault_proner
InternalMemoryPool_duplicated,4,5.338938639676298,Clean
BuiltinResolver,8,5.338938639676298,Fault_proner
FormatterCache<T>,6,5.338938639676298,Fault_proner
BuiltinResolverGetFormatterHelper,4,5.338938639676298,Clean
DynamicGenericResolver,8,5.338938639676298,Fault_proner
DynamicGenericResolverGetFormatterHelper,6,5.338938639676298,Fault_proner
DynamicObjectResolver,8,5.338938639676298,Fault_proner
DynamicContractlessObjectResolver,8,5.338938639676298,Fault_proner
DynamicObjectTypeBuilder,7,5.338938639676298,Fault_proner
MessagePackBinaryTypeInfo,6,5.338938639676298,Fault_proner
DeserializeInfo,2,5.338938639676298,Clean
DynamicPrivateFormatterBuilder,7,5.338938639676298,Fault_proner
AnonymousSerializableFormatter<T>,5,5.338938639676298,Clean
ObjectSerializationInfo,7,5.338938639676298,Fault_proner
EmittableMember,6,5.338938639676298,Fault_proner
MessagePackDynamicObjectResolverException,1,5.338938639676298,Clean
DynamicUnionResolver,8,5.338938639676298,Fault_proner
RuntimeTypeHandleEqualityComparer,5,5.338938639676298,Clean
MessagePackDynamicUnionResolverException,1,5.338938639676298,Clean
NativeDateTimeResolver,8,5.338938639676298,Fault_proner
NativeDateTimeResolverGetFormatterHelper,3,5.338938639676298,Clean
OldSpecResolver,8,5.338938639676298,Fault_proner
OldSpecResolverGetFormatterHelper,3,5.338938639676298,Clean
StandardResolver,8,5.338938639676298,Fault_proner
ContractlessStandardResolver,8,5.338938639676298,Fault_proner
StandardResolverCore,9,5.338938639676298,Fault_proner
ContractlessStandardResolverCore,9,5.338938639676298,Fault_proner
LZ4Codec,6,5.338938639676298,Fault_proner
HashTablePool,5,5.338938639676298,Clean
MessagePackBinary_duplicated_duplicated,6,5.338938639676298,Fault_proner
StreamDecodeMemoryPool_duplicated_duplicated,3,5.338938639676298,Clean
ExtensionResult_duplicated_duplicated,2,5.338938639676298,Clean
ExtensionHeader_duplicated_duplicated,2,5.338938639676298,Clean
DateTimeConstants_duplicated_duplicated,1,5.338938639676298,Clean
IMapHeaderDecoder_duplicated_duplicated,2,5.338938639676298,Clean
FixMapHeader_duplicated_duplicated,6,5.338938639676298,Fault_proner
Map16Header_duplicated_duplicated,6,5.338938639676298,Fault_proner
Map32Header_duplicated_duplicated,6,5.338938639676298,Fault_proner
InvalidMapHeader_duplicated_duplicated,7,5.338938639676298,Fault_proner
IArrayHeaderDecoder_duplicated_duplicated,2,5.338938639676298,Clean
FixArrayHeader_duplicated_duplicated,6,5.338938639676298,Fault_proner
Array16Header_duplicated_duplicated,6,5.338938639676298,Fault_proner
Array32Header_duplicated_duplicated,6,5.338938639676298,Fault_proner
InvalidArrayHeader_duplicated_duplicated,7,5.338938639676298,Fault_proner
IBooleanDecoder_duplicated_duplicated,2,5.338938639676298,Clean
1_duplicated_duplicated,6,5.338938639676298,Fault_proner
0_duplicated_duplicated,6,5.338938639676298,Fault_proner
InvalidBoolean_duplicated_duplicated,6,5.338938639676298,Fault_proner
IByteDecoder_duplicated_duplicated,2,5.338938639676298,Clean
FixByte_duplicated_duplicated,6,5.338938639676298,Fault_proner
UInt8Byte_duplicated_duplicated,6,5.338938639676298,Fault_proner
InvalidByte_duplicated_duplicated,7,5.338938639676298,Fault_proner
IBytesDecoder_duplicated_duplicated,2,5.338938639676298,Clean
NilBytes_duplicated_duplicated,6,5.338938639676298,Fault_proner
Bin8Bytes_duplicated_duplicated,6,5.338938639676298,Fault_proner
Bin16Bytes_duplicated_duplicated,6,5.338938639676298,Fault_proner
Bin32Bytes_duplicated_duplicated,6,5.338938639676298,Fault_proner
InvalidBytes_duplicated_duplicated,7,5.338938639676298,Fault_proner
IBytesSegmentDecoder_duplicated_duplicated,2,5.338938639676298,Clean
NilBytesSegment_duplicated_duplicated,6,5.338938639676298,Fault_proner
Bin8BytesSegment_duplicated_duplicated,6,5.338938639676298,Fault_proner
Bin16BytesSegment_duplicated_duplicated,6,5.338938639676298,Fault_proner
Bin32BytesSegment_duplicated_duplicated,6,5.338938639676298,Fault_proner
InvalidBytesSegment_duplicated_duplicated,7,5.338938639676298,Fault_proner
ISByteDecoder_duplicated_duplicated,2,5.338938639676298,Clean
FixSByte_duplicated_duplicated,6,5.338938639676298,Fault_proner
Int8SByte_duplicated_duplicated,6,5.338938639676298,Fault_proner
InvalidSByte_duplicated_duplicated,7,5.338938639676298,Fault_proner
ISingleDecoder_duplicated_duplicated,2,5.338938639676298,Clean
FixNegativeFloat_duplicated_duplicated,7,5.338938639676298,Fault_proner
FixFloat_duplicated_duplicated,7,5.338938639676298,Fault_proner
Int8Single_duplicated_duplicated,7,5.338938639676298,Fault_proner
Int16Single_duplicated_duplicated,7,5.338938639676298,Fault_proner
Int32Single_duplicated_duplicated,7,5.338938639676298,Fault_proner
Int64Single_duplicated_duplicated,7,5.338938639676298,Fault_proner
UInt8Single_duplicated_duplicated,7,5.338938639676298,Fault_proner
UInt16Single_duplicated_duplicated,7,5.338938639676298,Fault_proner
UInt32Single_duplicated_duplicated,7,5.338938639676298,Fault_proner
UInt64Single_duplicated_duplicated,7,5.338938639676298,Fault_proner
Float32Single_duplicated_duplicated,7,5.338938639676298,Fault_proner
InvalidSingle_duplicated_duplicated,7,5.338938639676298,Fault_proner
IDoubleDecoder_duplicated_duplicated,2,5.338938639676298,Clean
FixNegativeDouble_duplicated_duplicated,7,5.338938639676298,Fault_proner
FixDouble_duplicated_duplicated,7,5.338938639676298,Fault_proner
Int8Double_duplicated_duplicated,7,5.338938639676298,Fault_proner
Int16Double_duplicated_duplicated,7,5.338938639676298,Fault_proner
Int32Double_duplicated_duplicated,7,5.338938639676298,Fault_proner
Int64Double_duplicated_duplicated,7,5.338938639676298,Fault_proner
UInt8Double_duplicated_duplicated,7,5.338938639676298,Fault_proner
UInt16Double_duplicated_duplicated,7,5.338938639676298,Fault_proner
UInt32Double_duplicated_duplicated,7,5.338938639676298,Fault_proner
UInt64Double_duplicated_duplicated,7,5.338938639676298,Fault_proner
Float32Double_duplicated_duplicated,7,5.338938639676298,Fault_proner
Float64Double_duplicated_duplicated,7,5.338938639676298,Fault_proner
InvalidDouble_duplicated_duplicated,7,5.338938639676298,Fault_proner
IInt16Decoder_duplicated_duplicated,2,5.338938639676298,Clean
FixNegativeInt16_duplicated_duplicated,6,5.338938639676298,Fault_proner
FixInt16_duplicated_duplicated,6,5.338938639676298,Fault_proner
UInt8Int16_duplicated_duplicated,6,5.338938639676298,Fault_proner
UInt16Int16_duplicated_duplicated,6,5.338938639676298,Fault_proner
Int8Int16_duplicated_duplicated,6,5.338938639676298,Fault_proner
Int16Int16_duplicated_duplicated,6,5.338938639676298,Fault_proner
InvalidInt16_duplicated_duplicated,7,5.338938639676298,Fault_proner
IInt32Decoder_duplicated_duplicated,2,5.338938639676298,Clean
FixNegativeInt32_duplicated_duplicated,6,5.338938639676298,Fault_proner
FixInt32_duplicated_duplicated,6,5.338938639676298,Fault_proner
UInt8Int32_duplicated_duplicated,6,5.338938639676298,Fault_proner
UInt16Int32_duplicated_duplicated,6,5.338938639676298,Fault_proner
UInt32Int32_duplicated_duplicated,6,5.338938639676298,Fault_proner
Int8Int32_duplicated_duplicated,6,5.338938639676298,Fault_proner
Int16Int32_duplicated_duplicated,6,5.338938639676298,Fault_proner
Int32Int32_duplicated_duplicated,6,5.338938639676298,Fault_proner
InvalidInt32_duplicated_duplicated,7,5.338938639676298,Fault_proner
IInt64Decoder_duplicated_duplicated,2,5.338938639676298,Clean
FixNegativeInt64_duplicated_duplicated,6,5.338938639676298,Fault_proner
FixInt64_duplicated_duplicated,6,5.338938639676298,Fault_proner
UInt8Int64_duplicated_duplicated,6,5.338938639676298,Fault_proner
UInt16Int64_duplicated_duplicated,6,5.338938639676298,Fault_proner
UInt32Int64_duplicated_duplicated,6,5.338938639676298,Fault_proner
UInt64Int64_duplicated_duplicated,6,5.338938639676298,Fault_proner
Int8Int64_duplicated_duplicated,6,5.338938639676298,Fault_proner
Int16Int64_duplicated_duplicated,6,5.338938639676298,Fault_proner
Int32Int64_duplicated_duplicated,6,5.338938639676298,Fault_proner
Int64Int64_duplicated_duplicated,6,5.338938639676298,Fault_proner
InvalidInt64_duplicated_duplicated,7,5.338938639676298,Fault_proner
IUInt16Decoder_duplicated_duplicated,2,5.338938639676298,Clean
FixUInt16_duplicated_duplicated,6,5.338938639676298,Fault_proner
UInt8UInt16_duplicated_duplicated,6,5.338938639676298,Fault_proner
UInt16UInt16_duplicated_duplicated,6,5.338938639676298,Fault_proner
InvalidUInt16_duplicated_duplicated,7,5.338938639676298,Fault_proner
IUInt32Decoder_duplicated_duplicated,2,5.338938639676298,Clean
FixUInt32_duplicated_duplicated,6,5.338938639676298,Fault_proner
UInt8UInt32_duplicated_duplicated,6,5.338938639676298,Fault_proner
UInt16UInt32_duplicated_duplicated,6,5.338938639676298,Fault_proner
UInt32UInt32_duplicated_duplicated,6,5.338938639676298,Fault_proner
InvalidUInt32_duplicated_duplicated,7,5.338938639676298,Fault_proner
IUInt64Decoder_duplicated_duplicated,2,5.338938639676298,Clean
FixUInt64_duplicated_duplicated,6,5.338938639676298,Fault_proner
UInt8UInt64_duplicated_duplicated,6,5.338938639676298,Fault_proner
UInt16UInt64_duplicated_duplicated,6,5.338938639676298,Fault_proner
UInt32UInt64_duplicated_duplicated,6,5.338938639676298,Fault_proner
UInt64UInt64_duplicated_duplicated,6,5.338938639676298,Fault_proner
InvalidUInt64_duplicated_duplicated,7,5.338938639676298,Fault_proner
IStringDecoder_duplicated_duplicated,2,5.338938639676298,Clean
NilString_duplicated_duplicated,6,5.338938639676298,Fault_proner
FixString_duplicated_duplicated,7,5.338938639676298,Fault_proner
Str8String_duplicated_duplicated,7,5.338938639676298,Fault_proner
Str16String_duplicated_duplicated,7,5.338938639676298,Fault_proner
Str32String_duplicated_duplicated,7,5.338938639676298,Fault_proner
InvalidString_duplicated_duplicated,7,5.338938639676298,Fault_proner
IStringSegmentDecoder_duplicated_duplicated,2,5.338938639676298,Clean
NilStringSegment_duplicated_duplicated,6,5.338938639676298,Fault_proner
FixStringSegment_duplicated_duplicated,6,5.338938639676298,Fault_proner
Str8StringSegment_duplicated_duplicated,6,5.338938639676298,Fault_proner
Str16StringSegment_duplicated_duplicated,6,5.338938639676298,Fault_proner
Str32StringSegment_duplicated_duplicated,6,5.338938639676298,Fault_proner
InvalidStringSegment_duplicated_duplicated,7,5.338938639676298,Fault_proner
IExtDecoder_duplicated_duplicated,2,5.338938639676298,Clean
FixExt1_duplicated_duplicated,7,5.338938639676298,Fault_proner
FixExt2_duplicated_duplicated,7,5.338938639676298,Fault_proner
FixExt4_duplicated_duplicated,7,5.338938639676298,Fault_proner
FixExt8_duplicated_duplicated,8,5.338938639676298,Fault_proner
FixExt16_duplicated_duplicated,8,5.338938639676298,Fault_proner
Ext8_duplicated_duplicated,7,5.338938639676298,Fault_proner
Ext16_duplicated_duplicated,7,5.338938639676298,Fault_proner
Ext32_duplicated_duplicated,8,5.338938639676298,Fault_proner
InvalidExt_duplicated_duplicated,7,5.338938639676298,Fault_proner
IExtHeaderDecoder_duplicated_duplicated,2,5.338938639676298,Clean
FixExt1Header_duplicated_duplicated,7,5.338938639676298,Fault_proner
FixExt2Header_duplicated_duplicated,7,5.338938639676298,Fault_proner
FixExt4Header_duplicated_duplicated,7,5.338938639676298,Fault_proner
FixExt8Header_duplicated_duplicated,7,5.338938639676298,Fault_proner
FixExt16Header_duplicated_duplicated,7,5.338938639676298,Fault_proner
Ext8Header_duplicated_duplicated,7,5.338938639676298,Fault_proner
Ext16Header_duplicated_duplicated,7,5.338938639676298,Fault_proner
Ext32Header_duplicated_duplicated,7,5.338938639676298,Fault_proner
InvalidExtHeader_duplicated_duplicated,7,5.338938639676298,Fault_proner
IDateTimeDecoder_duplicated_duplicated,2,5.338938639676298,Clean
FixExt4DateTime_duplicated_duplicated,8,5.338938639676298,Fault_proner
FixExt8DateTime_duplicated_duplicated,8,5.338938639676298,Fault_proner
Ext8DateTime_duplicated_duplicated,8,5.338938639676298,Fault_proner
InvalidDateTime_duplicated_duplicated,7,5.338938639676298,Fault_proner
IReadNextDecoder_duplicated_duplicated,2,5.338938639676298,Clean
ReadNext1_duplicated_duplicated,6,5.338938639676298,Fault_proner
ReadNext2_duplicated_duplicated,6,5.338938639676298,Fault_proner
ReadNext3_duplicated_duplicated,6,5.338938639676298,Fault_proner
ReadNext4_duplicated_duplicated,6,5.338938639676298,Fault_proner
ReadNext5_duplicated_duplicated,6,5.338938639676298,Fault_proner
ReadNext6_duplicated_duplicated,6,5.338938639676298,Fault_proner
ReadNext9_duplicated_duplicated,6,5.338938639676298,Fault_proner
ReadNext10_duplicated_duplicated,6,5.338938639676298,Fault_proner
ReadNext18_duplicated_duplicated,6,5.338938639676298,Fault_proner
ReadNextMap_duplicated_duplicated,7,5.338938639676298,Fault_proner
ReadNextArray_duplicated_duplicated,7,5.338938639676298,Fault_proner
ReadNextFixStr_duplicated_duplicated,6,5.338938639676298,Fault_proner
ReadNextStr8_duplicated_duplicated,6,5.338938639676298,Fault_proner
ReadNextStr16_duplicated_duplicated,6,5.338938639676298,Fault_proner
ReadNextStr32_duplicated_duplicated,6,5.338938639676298,Fault_proner
ReadNextBin8_duplicated_duplicated,6,5.338938639676298,Fault_proner
ReadNextBin16_duplicated_duplicated,6,5.338938639676298,Fault_proner
ReadNextBin32_duplicated_duplicated,6,5.338938639676298,Fault_proner
ReadNextExt8_duplicated_duplicated,6,5.338938639676298,Fault_proner
ReadNextExt16_duplicated_duplicated,6,5.338938639676298,Fault_proner
ReadNextExt32_duplicated_duplicated,6,5.338938639676298,Fault_proner
AttributeFormatterResolver,8,5.338938639676298,Fault_proner
FormatterCache<T>_duplicated,6,5.338938639676298,Fault_proner
BuiltinResolver_duplicated,8,5.338938639676298,Fault_proner
BuiltinResolverGetFormatterHelper_duplicated,3,5.338938639676298,Clean
CompositeResolver,8,5.338938639676298,Fault_proner
DynamicEnumAsStringResolver,8,5.338938639676298,Fault_proner
DynamicEnumResolver,8,5.338938639676298,Fault_proner
DynamicGenericResolver_duplicated,8,5.338938639676298,Fault_proner
DynamicGenericResolverGetFormatterHelper_duplicated,5,5.338938639676298,Clean
DynamicObjectResolver_duplicated,9,5.338938639676298,Fault_proner
DynamicContractlessObjectResolver_duplicated,8,5.338938639676298,Fault_proner
DynamicObjectTypeBuilder_duplicated,6,5.338938639676298,Fault_proner
MessagePackBinaryTypeInfo_duplicated,6,5.338938639676298,Fault_proner
DeserializeInfo_duplicated,1,5.338938639676298,Clean
DynamicPrivateFormatterBuilder_duplicated,6,5.338938639676298,Fault_proner
AnonymousSerializableFormatter<T>_duplicated,5,5.338938639676298,Clean
ObjectSerializationInfo_duplicated,6,5.338938639676298,Fault_proner
EmittableMember_duplicated,5,5.338938639676298,Clean
MessagePackDynamicObjectResolverException_duplicated,1,5.338938639676298,Clean
DynamicUnionResolver_duplicated,9,5.338938639676298,Fault_proner
RuntimeTypeHandleEqualityComparer_duplicated,5,5.338938639676298,Clean
MessagePackDynamicUnionResolverException_duplicated,1,5.338938639676298,Clean
NativeDateTimeResolver_duplicated,8,5.338938639676298,Fault_proner
NativeDateTimeResolverGetFormatterHelper_duplicated,2,5.338938639676298,Clean
OldSpecResolver_duplicated,8,5.338938639676298,Fault_proner
OldSpecResolverGetFormatterHelper_duplicated,2,5.338938639676298,Clean
PrimitiveObjectResolver,9,5.338938639676298,Fault_proner
StandardResolver_duplicated,8,5.338938639676298,Fault_proner
ContractlessStandardResolver_duplicated,8,5.338938639676298,Fault_proner
StandardResolverCore_duplicated,8,5.338938639676298,Fault_proner
ContractlessStandardResolverCore_duplicated,8,5.338938639676298,Fault_proner
TypeInfo,7,5.338938639676298,Fault_proner
ReflectionExtensions_duplicated,4,5.338938639676298,Clean
Vector2Formatter,6,5.338938639676298,Fault_proner
Vector3Formatter,6,5.338938639676298,Fault_proner
Vector4Formatter,6,5.338938639676298,Fault_proner
QuaternionFormatter,6,5.338938639676298,Fault_proner
ColorFormatter,6,5.338938639676298,Fault_proner
BoundsFormatter,6,5.338938639676298,Fault_proner
RectFormatter,6,5.338938639676298,Fault_proner
UnityResolver,8,5.338938639676298,Fault_proner
FormatterCache<T>_duplicated_duplicated,3,5.338938639676298,Clean
UnityResolveryResolverGetFormatterHelper,3,5.338938639676298,Clean
CameraCaptureEditor,5,5.338938639676298,Clean
