Component,Threshold,Cutoff,Status
EventSystemChecker,0,8.27790315392263,Clean
Pause,7,8.27790315392263,Clean
PlayMusic,7,8.27790315392263,Clean
QuitApplication,1,8.27790315392263,Clean
SetAudioLevels,3,8.27790315392263,Clean
StartOptions,8,8.27790315392263,Clean
SensorResponseHandler,5,8.27790315392263,Clean
VRAVEObstacle,2,8.27790315392263,Clean
VRAVESensor,3,8.27790315392263,Clean
Sensors,8,8.27790315392263,Clean
HUDAsyncController,6,8.27790315392263,Clean
HUDAudioController,9,8.27790315392263,Fault_proner
HUDAudioModel,4,8.27790315392263,Clean
HUDController,8,8.27790315392263,Clean
HUDModel,9,8.27790315392263,Fault_proner
HUDModel_Left,2,8.27790315392263,Clean
HUDModel_Right,2,8.27790315392263,Clean
HUDModel_RightTop,2,8.27790315392263,Clean
HUDModel_Upright,3,8.27790315392263,Clean
HUDVRAVE_Default,3,8.27790315392263,Clean
BackToMainMenu,2,8.27790315392263,Clean
FollowingSensorResponseHandler,7,8.27790315392263,Clean
HUD_LanePassing_Init,4,8.27790315392263,Clean
LanePassingAudioModel,1,8.27790315392263,Clean
LanePassingScenario,7,8.27790315392263,Clean
States,1,8.27790315392263,Clean
LanePassingSensorResponseHandler,7,8.27790315392263,Clean
ReactionTimeAudioModel,1,8.27790315392263,Clean
ReactionTimeScenario,7,8.27790315392263,Clean
SensitiveSensorResponseHandler,5,8.27790315392263,Clean
TrashCanAnimator,3,8.27790315392263,Clean
TrashcanSensorResponseHandler,6,8.27790315392263,Clean
ScenarioTemplate,6,8.27790315392263,Clean
Trigger,2,8.27790315392263,Clean
AICarCollisionChecker,5,8.27790315392263,Clean
WeatherAudioModel,1,8.27790315392263,Clean
WeatherHUDModel,3,8.27790315392263,Clean
WeatherScenario,7,8.27790315392263,Clean
WeatherSpawnModel,4,8.27790315392263,Clean
SpawnController,7,8.27790315392263,Clean
SpawnModel,5,8.27790315392263,Clean
SpawnTriple,3,8.27790315392263,Clean
AmbientAudioController,5,8.27790315392263,Clean
CameraFade,8,8.27790315392263,Clean
ChangeSelected,5,8.27790315392263,Clean
VRAVEStrings,4,8.27790315392263,Clean
CarAIControl,8,8.27790315392263,Clean
BrakeCondition,1,8.27790315392263,Clean
CarDriveType,1,8.27790315392263,Clean
SpeedType,1,8.27790315392263,Clean
CarController,8,8.27790315392263,Clean
CarSelfRighting,4,8.27790315392263,Clean
CarUserControl,8,8.27790315392263,Clean
Speedometer,2,8.27790315392263,Clean
VisualSteeringWheelController,3,8.27790315392263,Clean
StateBehaviour,8,8.27790315392263,Clean
StateEngine,8,8.27790315392263,Clean
StateTransition,1,8.27790315392263,Clean
StateMapping,4,8.27790315392263,Clean
SessionData,8,8.27790315392263,Clean
GameType,1,8.27790315392263,Clean
ExampleInteractiveItem,5,8.27790315392263,Clean
ExampleRenderScale,0,8.27790315392263,Clean
ExampleRotation,1,8.27790315392263,Clean
ExampleTouchpad,5,8.27790315392263,Clean
Asteroid,8,8.27790315392263,Clean
AsteroidExplosion,5,8.27790315392263,Clean
EnvironmentController,7,8.27790315392263,Clean
FlyerAlignmentChecker,7,8.27790315392263,Clean
FlyerGameController,7,8.27790315392263,Clean
FlyerHealthController,7,8.27790315392263,Clean
FlyerLaser,8,8.27790315392263,Clean
FlyerLaserController,5,8.27790315392263,Clean
FlyerMovementController,7,8.27790315392263,Clean
Ring,8,8.27790315392263,Clean
UIController,7,8.27790315392263,Clean
ExplosionPhysicsForce,3,8.27790315392263,Clean
ParticleSystemMultiplier,2,8.27790315392263,Clean
IntroManager,2,8.27790315392263,Clean
AgentTrail,6,8.27790315392263,Clean
AICharacterControl,8,8.27790315392263,Clean
CameraOrbit,7,8.27790315392263,Clean
OrbitStyle,1,8.27790315392263,Clean
DestinationMarker,7,8.27790315392263,Clean
ExitArea,7,8.27790315392263,Clean
MazeGameController,7,8.27790315392263,Clean
MazeTargetSetting,7,8.27790315392263,Clean
Player,8,8.27790315392263,Clean
SwitchButton,7,8.27790315392263,Clean
ThirdPersonCharacter,6,8.27790315392263,Clean
Turret,7,8.27790315392263,Clean
MenuAnimator,5,8.27790315392263,Clean
MenuButton,5,8.27790315392263,Clean
MenuItemPopout,3,8.27790315392263,Clean
MenuSelectorMover,5,8.27790315392263,Clean
ShootingGalleryController,7,8.27790315392263,Clean
ShootingGalleryGun,5,8.27790315392263,Clean
ShootingGalleryScore,1,8.27790315392263,Clean
ShootingTarget,7,8.27790315392263,Clean
UIController_duplicated,7,8.27790315392263,Clean
GUIArrows,6,8.27790315392263,Clean
InputWarnings,7,8.27790315392263,Clean
ObjectPool,6,8.27790315392263,Clean
PlatformDependentText,4,8.27790315392263,Clean
PlatformTextPair,3,8.27790315392263,Clean
Reticle,7,8.27790315392263,Clean
ReturnToMainMenu,4,8.27790315392263,Clean
SelectionRadial,8,8.27790315392263,Clean
SelectionSlider,7,8.27790315392263,Clean
UIFader,7,8.27790315392263,Clean
UIMovement,4,8.27790315392263,Clean
UITint,5,8.27790315392263,Clean
VRCameraFade,7,8.27790315392263,Clean
VRCameraUI,0,8.27790315392263,Clean
VRDeviceManager,3,8.27790315392263,Clean
VREyeRaycaster,7,8.27790315392263,Clean
VRFPSCounter,2,8.27790315392263,Clean
VRInput,7,8.27790315392263,Clean
SwipeDirection,1,8.27790315392263,Clean
VRInteractiveItem,6,8.27790315392263,Clean
VRTrackingReset,0,8.27790315392263,Clean
AxisTouchButton,7,8.27790315392263,Clean
ButtonHandler,6,8.27790315392263,Clean
CrossPlatformInputManager,8,8.27790315392263,Clean
ActiveInputMethod,1,8.27790315392263,Clean
VirtualAxis,6,8.27790315392263,Clean
VirtualButton,7,8.27790315392263,Clean
InputAxisScrollbar,4,8.27790315392263,Clean
Joystick,7,8.27790315392263,Clean
AxisOption,1,8.27790315392263,Clean
MobileControlRig,3,8.27790315392263,Clean
TiltInput,6,8.27790315392263,Clean
AxisOptions,1,8.27790315392263,Clean
AxisMapping,3,8.27790315392263,Clean
MappingType,1,8.27790315392263,Clean
TiltInputAxisStylePropertyDrawer,2,8.27790315392263,Clean
TouchPad,7,8.27790315392263,Clean
ControlStyle,1,8.27790315392263,Clean
VirtualInput,9,8.27790315392263,Fault_proner
MobileInput,6,8.27790315392263,Clean
StandaloneInput,5,8.27790315392263,Clean
TiltInput_duplicated,6,8.27790315392263,Clean
AxisOptions_duplicated,0,8.27790315392263,Clean
AxisMapping_duplicated,2,8.27790315392263,Clean
MappingType_duplicated,0,8.27790315392263,Clean
TiltInputAxisStylePropertyDrawer_duplicated,2,8.27790315392263,Clean
ActivateTrigger,6,8.27790315392263,Clean
Mode,1,8.27790315392263,Clean
AutoMobileShaderSwitch,1,8.27790315392263,Clean
ReplacementDefinition,2,8.27790315392263,Clean
ReplacementList,2,8.27790315392263,Clean
ReplacementListDrawer,4,8.27790315392263,Clean
AutoMoveAndRotate,4,8.27790315392263,Clean
Vector3andSpace,2,8.27790315392263,Clean
CameraRefocus,6,8.27790315392263,Clean
CurveControlledBob,6,8.27790315392263,Clean
DragRigidbody,4,8.27790315392263,Clean
DynamicShadowSettings,5,8.27790315392263,Clean
FollowTarget,1,8.27790315392263,Clean
FOVKick,6,8.27790315392263,Clean
FPSCounter,2,8.27790315392263,Clean
LerpControlledBob,5,8.27790315392263,Clean
ObjectResetter,5,8.27790315392263,Clean
ParticleSystemDestroyer,6,8.27790315392263,Clean
PlatformSpecificContent,5,8.27790315392263,Clean
BuildTargetGroup,1,8.27790315392263,Clean
SimpleActivatorMenu,4,8.27790315392263,Clean
SimpleMouseRotator,6,8.27790315392263,Clean
SmoothFollow,3,8.27790315392263,Clean
TimedObjectActivator,6,8.27790315392263,Clean
Action,1,8.27790315392263,Clean
Entry,4,8.27790315392263,Clean
Entries,3,8.27790315392263,Clean
EntriesDrawer,5,8.27790315392263,Clean
TimedObjectDestructor,1,8.27790315392263,Clean
WaypointCircuit,9,8.27790315392263,Fault_proner
WaypointList,3,8.27790315392263,Clean
RoutePoint,3,8.27790315392263,Clean
WaypointListDrawer,5,8.27790315392263,Clean
TransformNameComparer,1,8.27790315392263,Clean
WaypointProgressTracker,8,8.27790315392263,Clean
ProgressStyle,1,8.27790315392263,Clean
AutoMobileShaderSwitch_duplicated,1,8.27790315392263,Clean
ReplacementDefinition_duplicated,1,8.27790315392263,Clean
ReplacementList_duplicated,2,8.27790315392263,Clean
ReplacementListDrawer_duplicated,4,8.27790315392263,Clean
TimedObjectActivator_duplicated,5,8.27790315392263,Clean
Action_duplicated,0,8.27790315392263,Clean
Entry_duplicated,3,8.27790315392263,Clean
Entries_duplicated,2,8.27790315392263,Clean
EntriesDrawer_duplicated,5,8.27790315392263,Clean
WaypointCircuit_duplicated,8,8.27790315392263,Clean
WaypointList_duplicated,2,8.27790315392263,Clean
RoutePoint_duplicated,3,8.27790315392263,Clean
WaypointListDrawer_duplicated,5,8.27790315392263,Clean
TransformNameComparer_duplicated,1,8.27790315392263,Clean
BrakeLight,3,8.27790315392263,Clean
CarAIControl_duplicated,6,8.27790315392263,Clean
BrakeCondition_duplicated,1,8.27790315392263,Clean
CarAudio,6,8.27790315392263,Clean
EngineAudioOptions,1,8.27790315392263,Clean
CarDriveType_duplicated,1,8.27790315392263,Clean
SpeedType_duplicated,1,8.27790315392263,Clean
CarController_duplicated,8,8.27790315392263,Clean
CarSelfRighting_duplicated,4,8.27790315392263,Clean
CarUserControl_duplicated,2,8.27790315392263,Clean
Mudguard,3,8.27790315392263,Clean
SkidTrail,0,8.27790315392263,Clean
Suspension,3,8.27790315392263,Clean
WheelEffects,8,8.27790315392263,Clean
CrossPlatformInitialize,3,8.27790315392263,Clean
