Component,Threshold,Cutoff,Status
BodyCollider,1,8.41406355569569,Clean
CircularDrive,6,8.41406355569569,Clean
Axis_t,0,8.41406355569569,Clean
ComplexThrowable,6,8.41406355569569,Clean
AttachMode,1,8.41406355569569,Clean
ControllerHoverHighlight,7,8.41406355569569,Clean
CustomEvents,0,8.41406355569569,Clean
UnityEventSingleFloat,0,8.41406355569569,Clean
UnityEventHand,1,8.41406355569569,Clean
DebugUI,3,8.41406355569569,Clean
DestroyOnDetachedFromHand,1,8.41406355569569,Clean
DestroyOnParticleSystemDeath,1,8.41406355569569,Clean
DestroyOnTriggerEnter,2,8.41406355569569,Clean
DistanceHaptics,2,8.41406355569569,Clean
DontDestroyOnLoad,0,8.41406355569569,Clean
EnumFlags,2,8.41406355569569,Clean
EnumFlagsPropertyDrawer,1,8.41406355569569,Clean
FallbackCameraController,5,8.41406355569569,Clean
Hand,9,8.41406355569569,Fault_proner
HandType,1,8.41406355569569,Clean
AttachmentFlags,1,8.41406355569569,Clean
AttachedObject,3,8.41406355569569,Clean
HandEditor,4,8.41406355569569,Clean
HapticRack,6,8.41406355569569,Clean
HideOnHandFocusLost,1,8.41406355569569,Clean
IgnoreHovering,1,8.41406355569569,Clean
InputModule,6,8.41406355569569,Clean
Interactable,4,8.41406355569569,Clean
InteractableButtonEvents,5,8.41406355569569,Clean
InteractableHoverEvents,6,8.41406355569569,Clean
ItemPackage,4,8.41406355569569,Clean
ItemPackageType,1,8.41406355569569,Clean
ItemPackageReference,2,8.41406355569569,Clean
ItemPackageSpawner,7,8.41406355569569,Clean
LinearAnimation,6,8.41406355569569,Clean
LinearAnimator,6,8.41406355569569,Clean
LinearAudioPitch,6,8.41406355569569,Clean
LinearBlendshape,6,8.41406355569569,Clean
LinearDisplacement,5,8.41406355569569,Clean
LinearDrive,6,8.41406355569569,Clean
LinearMapping,1,8.41406355569569,Clean
Player,9,8.41406355569569,Fault_proner
PlaySound,7,8.41406355569569,Clean
SeeThru,5,8.41406355569569,Clean
SleepOnAwake,0,8.41406355569569,Clean
SoundDeparent,1,8.41406355569569,Clean
SoundPlayOneshot,8,8.41406355569569,Clean
SpawnAndAttachAfterControllerIsTracking,4,8.41406355569569,Clean
SpawnAndAttachToHand,3,8.41406355569569,Clean
SpawnRenderModel,5,8.41406355569569,Clean
Throwable,6,8.41406355569569,Clean
UIElement,5,8.41406355569569,Clean
UIElementEditor,2,8.41406355569569,Clean
Unparent,3,8.41406355569569,Clean
Util,8,8.41406355569569,Clean
AfterTimer_Component,6,8.41406355569569,Clean
VelocityEstimator,7,8.41406355569569,Clean
ControllerButtonHints,9,8.41406355569569,Fault_proner
OffsetType,1,8.41406355569569,Clean
ButtonHintInfo,3,8.41406355569569,Clean
ArcheryTarget,6,8.41406355569569,Clean
Arrow,8,8.41406355569569,Clean
ArrowHand,7,8.41406355569569,Clean
ArrowheadRotation,0,8.41406355569569,Clean
Balloon,8,8.41406355569569,Clean
BalloonColor,1,8.41406355569569,Clean
BalloonColliders,4,8.41406355569569,Clean
BalloonHapticBump,2,8.41406355569569,Clean
BalloonSpawner,7,8.41406355569569,Clean
ExplosionWobble,2,8.41406355569569,Clean
FireSource,7,8.41406355569569,Clean
Longbow,8,8.41406355569569,Clean
Handedness,1,8.41406355569569,Clean
SoundBowClick,5,8.41406355569569,Clean
ControllerHintsExample,5,8.41406355569569,Clean
InteractableExample,5,8.41406355569569,Clean
AllowTeleportWhileAttachedToHand,2,8.41406355569569,Clean
ChaperoneInfo,7,8.41406355569569,Clean
IgnoreTeleportTrace,0,8.41406355569569,Clean
Teleport,9,8.41406355569569,Fault_proner
TeleportArc,8,8.41406355569569,Clean
TeleportArea,9,8.41406355569569,Fault_proner
TeleportAreaEditor,4,8.41406355569569,Clean
TeleportMarkerBase,8,8.41406355569569,Clean
TeleportPoint,10,8.41406355569569,Fault_proner
TeleportPointType,1,8.41406355569569,Clean
TeleportPointEditor,4,8.41406355569569,Clean
IVRSystem,3,8.41406355569569,Clean
IVRExtendedDisplay,2,8.41406355569569,Clean
IVRTrackedCamera,3,8.41406355569569,Clean
IVRApplications,3,8.41406355569569,Clean
IVRChaperone,3,8.41406355569569,Clean
IVRChaperoneSetup,3,8.41406355569569,Clean
IVRCompositor,3,8.41406355569569,Clean
IVROverlay,3,8.41406355569569,Clean
IVRRenderModels,3,8.41406355569569,Clean
IVRNotifications,1,8.41406355569569,Clean
IVRSettings,3,8.41406355569569,Clean
IVRScreenshots,3,8.41406355569569,Clean
IVRResources,1,8.41406355569569,Clean
IVRDriverManager,1,8.41406355569569,Clean
CVRSystem,6,8.41406355569569,Clean
PollNextEventUnion,2,8.41406355569569,Clean
GetControllerStateUnion,2,8.41406355569569,Clean
GetControllerStateWithPoseUnion,2,8.41406355569569,Clean
CVRExtendedDisplay,5,8.41406355569569,Clean
CVRTrackedCamera,6,8.41406355569569,Clean
CVRApplications,6,8.41406355569569,Clean
CVRChaperone,6,8.41406355569569,Clean
CVRChaperoneSetup,6,8.41406355569569,Clean
CVRCompositor,6,8.41406355569569,Clean
CVROverlay,6,8.41406355569569,Clean
PollNextOverlayEventUnion,2,8.41406355569569,Clean
CVRRenderModels,6,8.41406355569569,Clean
GetComponentStateUnion,2,8.41406355569569,Clean
CVRNotifications,3,8.41406355569569,Clean
CVRSettings,6,8.41406355569569,Clean
CVRScreenshots,6,8.41406355569569,Clean
CVRResources,3,8.41406355569569,Clean
CVRDriverManager,3,8.41406355569569,Clean
OpenVRInterop,4,8.41406355569569,Clean
EVREye,1,8.41406355569569,Clean
ETextureType,1,8.41406355569569,Clean
EColorSpace,1,8.41406355569569,Clean
ETrackingResult,1,8.41406355569569,Clean
ETrackedDeviceClass,1,8.41406355569569,Clean
ETrackedControllerRole,1,8.41406355569569,Clean
ETrackingUniverseOrigin,1,8.41406355569569,Clean
ETrackedDeviceProperty,2,8.41406355569569,Clean
ETrackedPropertyError,1,8.41406355569569,Clean
EVRSubmitFlags,1,8.41406355569569,Clean
EVRState,0,8.41406355569569,Clean
EVREventType,2,8.41406355569569,Clean
EDeviceActivityLevel,1,8.41406355569569,Clean
EVRButtonId,1,8.41406355569569,Clean
EVRMouseButton,0,8.41406355569569,Clean
EHiddenAreaMeshType,1,8.41406355569569,Clean
EVRControllerAxisType,1,8.41406355569569,Clean
EVRControllerEventOutputType,0,8.41406355569569,Clean
ECollisionBoundsStyle,0,8.41406355569569,Clean
EVROverlayError,1,8.41406355569569,Clean
EVRApplicationType,1,8.41406355569569,Clean
EVRFirmwareError,1,8.41406355569569,Clean
EVRNotificationError,1,8.41406355569569,Clean
EVRInitError,2,8.41406355569569,Clean
EVRScreenshotType,1,8.41406355569569,Clean
EVRScreenshotPropertyFilenames,1,8.41406355569569,Clean
EVRTrackedCameraError,1,8.41406355569569,Clean
EVRTrackedCameraFrameType,1,8.41406355569569,Clean
EVRApplicationError,1,8.41406355569569,Clean
EVRApplicationProperty,1,8.41406355569569,Clean
EVRApplicationTransitionState,1,8.41406355569569,Clean
ChaperoneCalibrationState,1,8.41406355569569,Clean
EChaperoneConfigFile,1,8.41406355569569,Clean
EChaperoneImportFlags,0,8.41406355569569,Clean
EVRCompositorError,1,8.41406355569569,Clean
VROverlayInputMethod,1,8.41406355569569,Clean
VROverlayTransformType,1,8.41406355569569,Clean
VROverlayFlags,1,8.41406355569569,Clean
VRMessageOverlayResponse,1,8.41406355569569,Clean
EGamepadTextInputMode,0,8.41406355569569,Clean
EGamepadTextInputLineMode,0,8.41406355569569,Clean
EOverlayDirection,1,8.41406355569569,Clean
EVROverlayIntersectionMaskPrimitiveType,1,8.41406355569569,Clean
EVRRenderModelError,1,8.41406355569569,Clean
EVRComponentProperty,0,8.41406355569569,Clean
EVRNotificationType,1,8.41406355569569,Clean
EVRNotificationStyle,1,8.41406355569569,Clean
EVRSettingsError,1,8.41406355569569,Clean
EVRScreenshotError,1,8.41406355569569,Clean
VREvent_Data_t,3,8.41406355569569,Clean
VROverlayIntersectionMaskPrimitive_Data_t,2,8.41406355569569,Clean
HmdMatrix34_t,3,8.41406355569569,Clean
HmdMatrix44_t,3,8.41406355569569,Clean
HmdVector3_t,3,8.41406355569569,Clean
HmdVector4_t,2,8.41406355569569,Clean
HmdVector3d_t,2,8.41406355569569,Clean
HmdVector2_t,2,8.41406355569569,Clean
HmdQuaternion_t,2,8.41406355569569,Clean
HmdColor_t,3,8.41406355569569,Clean
HmdQuad_t,4,8.41406355569569,Clean
HmdRect2_t,3,8.41406355569569,Clean
DistortionCoordinates_t,3,8.41406355569569,Clean
Texture_t,4,8.41406355569569,Clean
TrackedDevicePose_t,4,8.41406355569569,Clean
VRTextureBounds_t,3,8.41406355569569,Clean
VRVulkanTextureData_t,2,8.41406355569569,Clean
D3D12TextureData_t,2,8.41406355569569,Clean
VREvent_Controller_t,0,8.41406355569569,Clean
VREvent_Mouse_t,2,8.41406355569569,Clean
VREvent_Scroll_t,2,8.41406355569569,Clean
VREvent_TouchPadMove_t,2,8.41406355569569,Clean
VREvent_Notification_t,1,8.41406355569569,Clean
VREvent_Process_t,2,8.41406355569569,Clean
VREvent_Overlay_t,0,8.41406355569569,Clean
VREvent_Status_t,0,8.41406355569569,Clean
VREvent_Keyboard_t,2,8.41406355569569,Clean
VREvent_Ipd_t,0,8.41406355569569,Clean
VREvent_Chaperone_t,1,8.41406355569569,Clean
VREvent_Reserved_t,1,8.41406355569569,Clean
VREvent_PerformanceTest_t,0,8.41406355569569,Clean
VREvent_SeatedZeroPoseReset_t,0,8.41406355569569,Clean
VREvent_Screenshot_t,1,8.41406355569569,Clean
VREvent_ScreenshotProgress_t,0,8.41406355569569,Clean
VREvent_ApplicationLaunch_t,1,8.41406355569569,Clean
VREvent_EditingCameraSurface_t,1,8.41406355569569,Clean
VREvent_MessageOverlay_t,0,8.41406355569569,Clean
VREvent_Property_t,2,8.41406355569569,Clean
VREvent_t,4,8.41406355569569,Clean
VREvent_t_Packed,6,8.41406355569569,Clean
HiddenAreaMesh_t,2,8.41406355569569,Clean
VRControllerAxis_t,2,8.41406355569569,Clean
VRControllerState_t,4,8.41406355569569,Clean
VRControllerState_t_Packed,6,8.41406355569569,Clean
Compositor_OverlaySettings,3,8.41406355569569,Clean
CameraVideoStreamFrameHeader_t,4,8.41406355569569,Clean
AppOverrideKeys_t,2,8.41406355569569,Clean
Compositor_FrameTiming,4,8.41406355569569,Clean
Compositor_CumulativeStats,3,8.41406355569569,Clean
VROverlayIntersectionParams_t,4,8.41406355569569,Clean
VROverlayIntersectionResults_t,4,8.41406355569569,Clean
IntersectionMaskRectangle_t,2,8.41406355569569,Clean
IntersectionMaskCircle_t,2,8.41406355569569,Clean
VROverlayIntersectionMaskPrimitive_t,3,8.41406355569569,Clean
RenderModel_ComponentState_t,4,8.41406355569569,Clean
RenderModel_Vertex_t,3,8.41406355569569,Clean
RenderModel_TextureMap_t,3,8.41406355569569,Clean
RenderModel_TextureMap_t_Packed,5,8.41406355569569,Clean
RenderModel_t,3,8.41406355569569,Clean
RenderModel_t_Packed,5,8.41406355569569,Clean
RenderModel_ControllerMode_State_t,1,8.41406355569569,Clean
NotificationBitmap_t,3,8.41406355569569,Clean
COpenVRContext,8,8.41406355569569,Clean
OpenVR,9,8.41406355569569,Fault_proner
Benchmark01,4,8.41406355569569,Clean
Benchmark01_UGUI,4,8.41406355569569,Clean
Benchmark02,4,8.41406355569569,Clean
Benchmark03,5,8.41406355569569,Clean
Benchmark04,4,8.41406355569569,Clean
CameraController,6,8.41406355569569,Clean
CameraModes,1,8.41406355569569,Clean
ObjectSpin,5,8.41406355569569,Clean
MotionType,1,8.41406355569569,Clean
ShaderPropAnimator,5,8.41406355569569,Clean
SimpleScript,3,8.41406355569569,Clean
SkewTextExample,5,8.41406355569569,Clean
TeleType,4,8.41406355569569,Clean
TextConsoleSimulator,3,8.41406355569569,Clean
TextMeshProFloatingText,7,8.41406355569569,Clean
TextMeshSpawner,6,8.41406355569569,Clean
TMP_ExampleScript_01,6,8.41406355569569,Clean
objectType,1,8.41406355569569,Clean
TMP_FrameRateCounter,6,8.41406355569569,Clean
FpsCounterAnchorPositions,1,8.41406355569569,Clean
TMP_TextEventCheck,4,8.41406355569569,Clean
TMP_TextInfoDebugTool,5,8.41406355569569,Clean
TMP_TextSelector_A,5,8.41406355569569,Clean
TMP_TextSelector_B,5,8.41406355569569,Clean
TMP_UiFrameRateCounter,6,8.41406355569569,Clean
TMPro_InstructionOverlay,5,8.41406355569569,Clean
VertexColorCycler,3,8.41406355569569,Clean
VertexJitter,6,8.41406355569569,Clean
VertexAnim,3,8.41406355569569,Clean
VertexShakeA,5,8.41406355569569,Clean
VertexShakeB,5,8.41406355569569,Clean
VertexZoom,5,8.41406355569569,Clean
WarpTextExample,5,8.41406355569569,Clean
TMP_DigitValidator,1,8.41406355569569,Clean
TMP_TextEventHandler,8,8.41406355569569,Clean
CharacterSelectionEvent,1,8.41406355569569,Clean
WordSelectionEvent,1,8.41406355569569,Clean
LineSelectionEvent,1,8.41406355569569,Clean
LinkSelectionEvent,1,8.41406355569569,Clean
BackspaceKey,4,8.41406355569569,Clean
CancelKey,4,8.41406355569569,Clean
ClearKey,4,8.41406355569569,Clean
Controller,5,8.41406355569569,Clean
EnterKey,4,8.41406355569569,Clean
DemoScene,5,8.41406355569569,Clean
HandCollider,5,8.41406355569569,Clean
Key,9,8.41406355569569,Fault_proner
Keyboard,8,8.41406355569569,Clean
KeyboardUpdateEvent,1,8.41406355569569,Clean
KeyboardSubmitEvent,1,8.41406355569569,Clean
Layout,6,8.41406355569569,Clean
KeyboardLayout,1,8.41406355569569,Clean
LayoutList,3,8.41406355569569,Clean
LetterKey,8,8.41406355569569,Clean
Mallet,9,8.41406355569569,Fault_proner
MalletHand,1,8.41406355569569,Clean
Placement,6,8.41406355569569,Clean
PlacementSettings,3,8.41406355569569,Clean
OculusController,5,8.41406355569569,Clean
OpenVRController,5,8.41406355569569,Clean
ShiftKey,6,8.41406355569569,Clean
SpaceKey,4,8.41406355569569,Clean
Dvorak,3,8.41406355569569,Clean
French,4,8.41406355569569,Clean
