Component,Threshold,Cutoff,Status
LeapPinchDetector,8,8.349257142857143,Clean
LeapPinchSelector,6,8.349257142857143,Clean
Arm,8,8.349257142857143,Clean
Bone,8,8.349257142857143,Clean
BoneType,1,8.349257142857143,Clean
ClockCorrelator,7,8.349257142857143,Clean
Config,7,8.349257142857143,Clean
ValueType,1,8.349257142857143,Clean
Controller,9,8.349257142857143,Fault_proner
PolicyFlag,1,8.349257142857143,Clean
CSharpExtensions,4,8.349257142857143,Clean
Device,7,8.349257142857143,Clean
DeviceType,0,8.349257142857143,Clean
DeviceList,7,8.349257142857143,Clean
DistortionData,5,8.349257142857143,Clean
LeapEvent,1,8.349257142857143,Clean
LeapEventArgs,4,8.349257142857143,Clean
FrameEventArgs,4,8.349257142857143,Clean
ImageEventArgs,4,8.349257142857143,Clean
ImageRequestFailedEventArgs,7,8.349257142857143,Clean
LogEventArgs,4,8.349257142857143,Clean
PolicyEventArgs,3,8.349257142857143,Clean
DistortionEventArgs,4,8.349257142857143,Clean
ConfigChangeEventArgs,3,8.349257142857143,Clean
SetConfigResponseEventArgs,4,8.349257142857143,Clean
ConnectionEventArgs,2,8.349257142857143,Clean
ConnectionLostEventArgs,2,8.349257142857143,Clean
DeviceEventArgs,4,8.349257142857143,Clean
DeviceFailureEventArgs,3,8.349257142857143,Clean
FailedDevice,5,8.349257142857143,Clean
FailureType,1,8.349257142857143,Clean
FailedDeviceList,4,8.349257142857143,Clean
Finger,8,8.349257142857143,Clean
FingerType,1,8.349257142857143,Clean
Frame,7,8.349257142857143,Clean
Hand,8,8.349257142857143,Clean
IController,5,8.349257142857143,Clean
Image,8,8.349257142857143,Clean
FormatType,1,8.349257142857143,Clean
PerspectiveType,0,8.349257142857143,Clean
ImageType,1,8.349257142857143,Clean
RequestFailureReason,1,8.349257142857143,Clean
InteractionBox,7,8.349257142857143,Clean
Matrix,8,8.349257142857143,Clean
MessageSeverity,1,8.349257142857143,Clean
TimeBracket,3,8.349257142857143,Clean
TrackedQuad,6,8.349257142857143,Clean
Constants,3,8.349257142857143,Clean
Vector,9,8.349257142857143,Fault_proner
TestHandFactory,6,8.349257142857143,Clean
CircularObjectBuffer<T>,6,8.349257142857143,Clean
Connection,9,8.349257142857143,Fault_proner
DistortionDictionary,6,8.349257142857143,Clean
ImageData,9,8.349257142857143,Fault_proner
ImageFuture,4,8.349257142857143,Clean
eLeapConnectionStatus,1,8.349257142857143,Clean
eLeapDeviceCaps,1,8.349257142857143,Clean
eLeapDeviceType,1,8.349257142857143,Clean
eDistortionMatrixType,0,8.349257142857143,Clean
eLeapPolicyFlag,1,8.349257142857143,Clean
eLeapDeviceStatus,1,8.349257142857143,Clean
eLeapImageType,1,8.349257142857143,Clean
eLeapImageFormat,1,8.349257142857143,Clean
eLeapPerspectiveType,0,8.349257142857143,Clean
eLeapImageRequestError,1,8.349257142857143,Clean
eLeapHandType,1,8.349257142857143,Clean
eLeapLogSeverity,1,8.349257142857143,Clean
eLeapValueType,1,8.349257142857143,Clean
eLeapRS,1,8.349257142857143,Clean
eLeapEventType,1,8.349257142857143,Clean
eLeapDeviceFlag,1,8.349257142857143,Clean
eLeapConnectionFlags,0,8.349257142857143,Clean
LEAP_CONNECTION_CONFIG,3,8.349257142857143,Clean
LEAP_CONNECTION_INFO,4,8.349257142857143,Clean
LEAP_CONNECTION_EVENT,2,8.349257142857143,Clean
LEAP_DEVICE_REF,3,8.349257142857143,Clean
LEAP_CONNECTION_LOST_EVENT,2,8.349257142857143,Clean
LEAP_DEVICE_EVENT,4,8.349257142857143,Clean
LEAP_DEVICE_FAILURE_EVENT,4,8.349257142857143,Clean
LEAP_TRACKING_EVENT,4,8.349257142857143,Clean
LEAP_CONNECTION_MESSAGE,4,8.349257142857143,Clean
LEAP_DISCONNECTION_EVENT,1,8.349257142857143,Clean
LEAP_DEVICE_INFO,4,8.349257142857143,Clean
LEAP_DISTORTION_MATRIX,2,8.349257142857143,Clean
LEAP_FRAME_HEADER,3,8.349257142857143,Clean
LEAP_IMAGE_FRAME_REQUEST_TOKEN,2,8.349257142857143,Clean
LEAP_IMAGE_COMPLETE_EVENT,4,8.349257142857143,Clean
LEAP_IMAGE_FRAME_DESCRIPTION,4,8.349257142857143,Clean
LEAP_IMAGE_FRAME_REQUEST_ERROR_EVENT,4,8.349257142857143,Clean
LEAP_IMAGE_PROPERTIES,4,8.349257142857143,Clean
LEAP_VECTOR,6,8.349257142857143,Clean
LEAP_MATRIX,6,8.349257142857143,Clean
LEAP_BONE,4,8.349257142857143,Clean
LEAP_DIGIT,4,8.349257142857143,Clean
LEAP_PALM,4,8.349257142857143,Clean
LEAP_HAND,4,8.349257142857143,Clean
LEAP_TIP,3,8.349257142857143,Clean
LEAP_LOG_EVENT,4,8.349257142857143,Clean
LEAP_POLICY_EVENT,3,8.349257142857143,Clean
LEAP_VARIANT_VALUE_TYPE,3,8.349257142857143,Clean
LEAP_VARIANT_REF_TYPE,4,8.349257142857143,Clean
LEAP_CONFIG_RESPONSE_EVENT,4,8.349257142857143,Clean
LEAP_CONFIG_RESPONSE_EVENT_WITH_REF_TYPE,4,8.349257142857143,Clean
LEAP_CONFIG_CHANGE_EVENT,3,8.349257142857143,Clean
LeapC,7,8.349257142857143,Clean
Logger,5,8.349257142857143,Clean
ObjectPool<T>,6,8.349257142857143,Clean
PendingImages,8,8.349257142857143,Clean
PooledObject,4,8.349257142857143,Clean
ServiceFrameFactory,7,8.349257142857143,Clean
StructMarshal<T>,4,8.349257142857143,Clean
StructContainer,2,8.349257142857143,Clean
HandFactory,3,8.349257142857143,Clean
HandPool,9,8.349257142857143,Fault_proner
HandProxy,8,8.349257142857143,Clean
HandRepresentation,7,8.349257142857143,Clean
CapsuleHand,8,8.349257142857143,Clean
DebugFinger,3,8.349257142857143,Clean
DebugHand,7,8.349257142857143,Clean
FingerModel,9,8.349257142857143,Fault_proner
HandDrop,6,8.349257142857143,Clean
HandEnableDisable,4,8.349257142857143,Clean
HandFader,6,8.349257142857143,Clean
HandModel,11,8.349257142857143,Fault_proner
HandTransitionBehavior,5,8.349257142857143,Clean
Chirality,1,8.349257142857143,Clean
ModelType,1,8.349257142857143,Clean
IHandModel,8,8.349257142857143,Clean
MinimalHand,8,8.349257142857143,Clean
RiggedFinger,6,8.349257142857143,Clean
RiggedHand,9,8.349257142857143,Fault_proner
RigidFinger,5,8.349257142857143,Clean
RigidHand,8,8.349257142857143,Clean
SkeletalFinger,5,8.349257142857143,Clean
SkeletalHand,8,8.349257142857143,Clean
LeapDeviceType,1,8.349257142857143,Clean
LeapDeviceInfo,5,8.349257142857143,Clean
LeapHandController,8,8.349257142857143,Clean
LeapImageRetriever,9,8.349257142857143,Fault_proner
LeapTextureData,8,8.349257142857143,Clean
LeapDistortionData,7,8.349257142857143,Clean
EyeTextureData,8,8.349257142857143,Clean
LeapProvider,3,8.349257142857143,Clean
LeapServiceProvider,9,8.349257142857143,Fault_proner
DisconnectionNotice,6,8.349257142857143,Clean
EnableDepthBuffer,2,8.349257142857143,Clean
ExecuteBeforeAttribute,2,8.349257142857143,Clean
ExecuteAfterAttribute,2,8.349257142857143,Clean
ExecuteBeforeDefault,1,8.349257142857143,Clean
ExecuteAfterDefault,1,8.349257142857143,Clean
ExecutionOrderSolver,4,8.349257142857143,Clean
NodeType,1,8.349257142857143,Clean
Node,9,8.349257142857143,Fault_proner
FitHeightToScreen,0,8.349257142857143,Clean
FrameRateControls,6,8.349257142857143,Clean
KeyEnableBehaviors,3,8.349257142857143,Clean
KeyEnableGameObjects,3,8.349257142857143,Clean
UnityVectorExtension,1,8.349257142857143,Clean
UnityMatrixExtension,7,8.349257142857143,Clean
SmoothedFloat,7,8.349257142857143,Clean
SmoothedQuaternion,5,8.349257142857143,Clean
SmoothedVector3,5,8.349257142857143,Clean
StretchToScreen,0,8.349257142857143,Clean
Utils,2,8.349257142857143,Clean
EyeType,8,8.349257142857143,Clean
OrderType,1,8.349257142857143,Clean
LeapVRCameraControl,8,8.349257142857143,Clean
CameraParams,3,8.349257142857143,Clean
LeapVRTemporalWarping,8,8.349257142857143,Clean
WarpedAnchor,1,8.349257142857143,Clean
SyncMode,1,8.349257142857143,Clean
TransformData,3,8.349257142857143,Clean
TemporalWarpingStatus,6,8.349257142857143,Clean
LeapHandControllerEditor,6,8.349257142857143,Clean
LeapImageRetrieverEditor,5,8.349257142857143,Clean
