Component,Threshold,Cutoff,Status
SlidingMax,8,8.01101624166337,Clean
IndexValuePair,2,8.01101624166337,Clean
RingBuffer<T>,6,8.01101624166337,Clean
SmoothedFloat,5,8.01101624166337,Clean
SmoothedQuaternion,4,8.01101624166337,Clean
SmoothedVector3,4,8.01101624166337,Clean
IMinHeapNode,2,8.01101624166337,Clean
MinHeap<T>,5,8.01101624166337,Clean
ProduceConsumeBuffer<T>,6,8.01101624166337,Clean
SDictionaryAttribute,0,8.01101624166337,Clean
ICanReportDuplicateInformation,3,8.01101624166337,Clean
"SerializableDictionary<TKey,TValue>",5,8.01101624166337,Clean
AbstractHoldDetector,9,8.01101624166337,Fault_proner
Detector,9,8.01101624166337,Fault_proner
DetectorLogicGate,8,8.01101624166337,Clean
LogicType,1,8.01101624166337,Clean
ExtendedFingerDetector,7,8.01101624166337,Clean
PointingState,1,8.01101624166337,Clean
FingerDirectionDetector,7,8.01101624166337,Clean
PalmDirectionDetector,7,8.01101624166337,Clean
PointingType,1,8.01101624166337,Clean
PinchDetector,8,8.01101624166337,Clean
ProximityDetector,8,8.01101624166337,Clean
ProximityEvent,1,8.01101624166337,Clean
HandFactory,3,8.01101624166337,Clean
HandPool,8,8.01101624166337,Clean
ModelGroup,8,8.01101624166337,Clean
HandProxy,7,8.01101624166337,Clean
HandRepresentation,8,8.01101624166337,Clean
CapsuleHand,8,8.01101624166337,Clean
DebugHand,7,8.01101624166337,Clean
FingerModel,8,8.01101624166337,Clean
HandDrop,6,8.01101624166337,Clean
HandEnableDisable,3,8.01101624166337,Clean
HandFader,5,8.01101624166337,Clean
HandModel,11,8.01101624166337,Fault_proner
HandTransitionBehavior,5,8.01101624166337,Clean
Chirality,1,8.01101624166337,Clean
ModelType,1,8.01101624166337,Clean
IHandModel,8,8.01101624166337,Clean
RigidFinger,4,8.01101624166337,Clean
RigidHand,7,8.01101624166337,Clean
SkeletalFinger,6,8.01101624166337,Clean
SkeletalHand,8,8.01101624166337,Clean
LeapDeviceType,1,8.01101624166337,Clean
LeapDeviceInfo,5,8.01101624166337,Clean
LeapHandController,7,8.01101624166337,Clean
LeapImageRetriever,9,8.01101624166337,Fault_proner
LeapTextureData,6,8.01101624166337,Clean
LeapDistortionData,6,8.01101624166337,Clean
EyeTextureData,8,8.01101624166337,Clean
LeapProvider,6,8.01101624166337,Clean
LeapServiceProvider,9,8.01101624166337,Fault_proner
FrameOptimizationMode,1,8.01101624166337,Clean
DisconnectionNotice,5,8.01101624166337,Clean
EnableDepthBuffer,0,8.01101624166337,Clean
ExecuteBeforeAttribute,1,8.01101624166337,Clean
ExecuteAfterAttribute,1,8.01101624166337,Clean
ExecuteBeforeDefault,1,8.01101624166337,Clean
ExecuteAfterDefault,1,8.01101624166337,Clean
ExecutionOrderSolver,4,8.01101624166337,Clean
NodeType,1,8.01101624166337,Clean
Node,9,8.01101624166337,Fault_proner
FitHeightToScreen,0,8.01101624166337,Clean
FrameRateControls,6,8.01101624166337,Clean
KeyEnableBehaviors,3,8.01101624166337,Clean
KeyEnableGameObjects,3,8.01101624166337,Clean
UnityVectorExtension,4,8.01101624166337,Clean
UnityQuaternionExtension,4,8.01101624166337,Clean
UnityMatrixExtension,6,8.01101624166337,Clean
SceneSettings,5,8.01101624166337,Clean
ToggleValue<T>,1,8.01101624166337,Clean
ToggleFloat,1,8.01101624166337,Clean
ToggleVector3,1,8.01101624166337,Clean
StretchToScreen,0,8.01101624166337,Clean
Utils,5,8.01101624166337,Clean
EyeType,8,8.01101624166337,Clean
OrderType,1,8.01101624166337,Clean
LeapVRCameraControl,7,8.01101624166337,Clean
CameraParams,4,8.01101624166337,Clean
LeapVRTemporalWarping,8,8.01101624166337,Clean
WarpedAnchor,1,8.01101624166337,Clean
SyncMode,1,8.01101624166337,Clean
TransformData,3,8.01101624166337,Clean
TemporalWarpingStatus,4,8.01101624166337,Clean
AutoFindLocations,1,8.01101624166337,Clean
AutoFindAttribute,8,8.01101624166337,Clean
IPropertyConstrainer,2,8.01101624166337,Clean
IPropertyDisabler,2,8.01101624166337,Clean
IFullPropertyDrawer,2,8.01101624166337,Clean
IAdditiveDrawer,2,8.01101624166337,Clean
IBeforeLabelAdditiveDrawer,2,8.01101624166337,Clean
IAfterLabelAdditiveDrawer,2,8.01101624166337,Clean
IBeforeFieldAdditiveDrawer,2,8.01101624166337,Clean
IAfterFieldAdditiveDrawer,3,8.01101624166337,Clean
CombinablePropertyAttribute,4,8.01101624166337,Clean
DisableAttribute,1,8.01101624166337,Clean
DisableIf,7,8.01101624166337,Clean
EnumFlags,4,8.01101624166337,Clean
Incrementable,6,8.01101624166337,Clean
MaxValue,4,8.01101624166337,Clean
MinMax,7,8.01101624166337,Clean
MinValue,5,8.01101624166337,Clean
UnitsAttribute,4,8.01101624166337,Clean
TestHandFactory,5,8.01101624166337,Clean
RuntimeColliderGizmos,4,8.01101624166337,Clean
IRuntimeGizmoComponent,3,8.01101624166337,Clean
RuntimeGizmoManager,7,8.01101624166337,Clean
RuntimeGizmoDrawer,9,8.01101624166337,Fault_proner
OperationType,1,8.01101624166337,Clean
Line,2,8.01101624166337,Clean
RuntimeGizmoToggle,1,8.01101624166337,Clean
AttachmentController,8,8.01101624166337,Clean
CameraFollower,5,8.01101624166337,Clean
HandAttachments,9,8.01101624166337,Fault_proner
ITransition,5,8.01101624166337,Clean
AnimationStepEvent,1,8.01101624166337,Clean
Transition,9,8.01101624166337,Fault_proner
IVRSystem,3,8.01101624166337,Clean
IVRExtendedDisplay,2,8.01101624166337,Clean
IVRApplications,3,8.01101624166337,Clean
IVRChaperone,3,8.01101624166337,Clean
IVRChaperoneSetup,3,8.01101624166337,Clean
IVRCompositor,3,8.01101624166337,Clean
IVROverlay,3,8.01101624166337,Clean
IVRRenderModels,3,8.01101624166337,Clean
IVRNotifications,1,8.01101624166337,Clean
IVRSettings,3,8.01101624166337,Clean
CVRSystem,6,8.01101624166337,Clean
CVRExtendedDisplay,6,8.01101624166337,Clean
CVRApplications,6,8.01101624166337,Clean
CVRChaperone,6,8.01101624166337,Clean
CVRChaperoneSetup,6,8.01101624166337,Clean
CVRCompositor,6,8.01101624166337,Clean
CVROverlay,6,8.01101624166337,Clean
CVRRenderModels,6,8.01101624166337,Clean
CVRNotifications,3,8.01101624166337,Clean
CVRSettings,6,8.01101624166337,Clean
OpenVRInterop,4,8.01101624166337,Clean
EVREye,1,8.01101624166337,Clean
EGraphicsAPIConvention,1,8.01101624166337,Clean
EColorSpace,1,8.01101624166337,Clean
ETrackingResult,1,8.01101624166337,Clean
ETrackedDeviceClass,1,8.01101624166337,Clean
ETrackedControllerRole,1,8.01101624166337,Clean
ETrackingUniverseOrigin,1,8.01101624166337,Clean
ETrackedDeviceProperty,2,8.01101624166337,Clean
ETrackedPropertyError,1,8.01101624166337,Clean
EVRSubmitFlags,1,8.01101624166337,Clean
EVRState,0,8.01101624166337,Clean
EVREventType,2,8.01101624166337,Clean
EDeviceActivityLevel,1,8.01101624166337,Clean
EVRButtonId,1,8.01101624166337,Clean
EVRMouseButton,0,8.01101624166337,Clean
EVRControllerAxisType,1,8.01101624166337,Clean
EVRControllerEventOutputType,0,8.01101624166337,Clean
ECollisionBoundsStyle,0,8.01101624166337,Clean
EVROverlayError,1,8.01101624166337,Clean
EVRApplicationType,1,8.01101624166337,Clean
EVRFirmwareError,1,8.01101624166337,Clean
EVRNotificationError,1,8.01101624166337,Clean
EVRInitError,2,8.01101624166337,Clean
EVRApplicationError,1,8.01101624166337,Clean
EVRApplicationProperty,1,8.01101624166337,Clean
EVRApplicationTransitionState,1,8.01101624166337,Clean
ChaperoneCalibrationState,1,8.01101624166337,Clean
EChaperoneConfigFile,1,8.01101624166337,Clean
EChaperoneImportFlags,0,8.01101624166337,Clean
EVRCompositorError,1,8.01101624166337,Clean
VROverlayInputMethod,1,8.01101624166337,Clean
VROverlayTransformType,1,8.01101624166337,Clean
VROverlayFlags,1,8.01101624166337,Clean
EGamepadTextInputMode,0,8.01101624166337,Clean
EGamepadTextInputLineMode,0,8.01101624166337,Clean
EOverlayDirection,1,8.01101624166337,Clean
EVRRenderModelError,1,8.01101624166337,Clean
EVRComponentProperty,0,8.01101624166337,Clean
EVRNotificationType,1,8.01101624166337,Clean
EVRNotificationStyle,1,8.01101624166337,Clean
EVRSettingsError,1,8.01101624166337,Clean
VREvent_Data_t,3,8.01101624166337,Clean
HmdMatrix34_t,3,8.01101624166337,Clean
HmdMatrix44_t,3,8.01101624166337,Clean
HmdVector3_t,3,8.01101624166337,Clean
HmdVector4_t,2,8.01101624166337,Clean
HmdVector3d_t,2,8.01101624166337,Clean
HmdVector2_t,2,8.01101624166337,Clean
HmdQuaternion_t,2,8.01101624166337,Clean
HmdColor_t,3,8.01101624166337,Clean
HmdQuad_t,4,8.01101624166337,Clean
HmdRect2_t,3,8.01101624166337,Clean
DistortionCoordinates_t,3,8.01101624166337,Clean
Texture_t,4,8.01101624166337,Clean
TrackedDevicePose_t,4,8.01101624166337,Clean
VRTextureBounds_t,3,8.01101624166337,Clean
VREvent_Controller_t,0,8.01101624166337,Clean
VREvent_Mouse_t,2,8.01101624166337,Clean
VREvent_Scroll_t,2,8.01101624166337,Clean
VREvent_TouchPadMove_t,2,8.01101624166337,Clean
VREvent_Notification_t,1,8.01101624166337,Clean
VREvent_Process_t,2,8.01101624166337,Clean
VREvent_Overlay_t,0,8.01101624166337,Clean
VREvent_Status_t,0,8.01101624166337,Clean
VREvent_Keyboard_t,2,8.01101624166337,Clean
VREvent_Ipd_t,0,8.01101624166337,Clean
VREvent_Chaperone_t,1,8.01101624166337,Clean
VREvent_Reserved_t,1,8.01101624166337,Clean
VREvent_PerformanceTest_t,0,8.01101624166337,Clean
VREvent_SeatedZeroPoseReset_t,0,8.01101624166337,Clean
VREvent_t,4,8.01101624166337,Clean
HiddenAreaMesh_t,2,8.01101624166337,Clean
VRControllerAxis_t,2,8.01101624166337,Clean
VRControllerState_t,4,8.01101624166337,Clean
Compositor_OverlaySettings,3,8.01101624166337,Clean
AppOverrideKeys_t,2,8.01101624166337,Clean
Compositor_FrameTiming,4,8.01101624166337,Clean
VROverlayIntersectionParams_t,4,8.01101624166337,Clean
VROverlayIntersectionResults_t,4,8.01101624166337,Clean
RenderModel_ComponentState_t,4,8.01101624166337,Clean
RenderModel_Vertex_t,3,8.01101624166337,Clean
RenderModel_TextureMap_t,2,8.01101624166337,Clean
RenderModel_t,2,8.01101624166337,Clean
RenderModel_ControllerMode_State_t,1,8.01101624166337,Clean
NotificationBitmap_t,3,8.01101624166337,Clean
COpenVRContext,8,8.01101624166337,Clean
OpenVR,8,8.01101624166337,Clean
CustomEditorBase,6,8.01101624166337,Clean
LeapHandControllerEditor,6,8.01101624166337,Clean
LeapImageRetrieverEditor,5,8.01101624166337,Clean
LeapServiceProviderEditor,4,8.01101624166337,Clean
SerializableDictionaryEditor,6,8.01101624166337,Clean
Pair,3,8.01101624166337,Clean
EyeTypeEditor,0,8.01101624166337,Clean
LeapTemporalWarpingEditor,3,8.01101624166337,Clean
FrameValidator,6,8.01101624166337,Clean
HandFactoryTwoHands,3,8.01101624166337,Clean
HandFactoryLeft,3,8.01101624166337,Clean
HandFactoryRight,3,8.01101624166337,Clean
TransformCopyIdentity,6,8.01101624166337,Clean
TransformCopyTranslation,4,8.01101624166337,Clean
MinHeapTest,4,8.01101624166337,Clean
HeapElement,5,8.01101624166337,Clean
ProduceConsumeBufferTest,5,8.01101624166337,Clean
TestStruct,2,8.01101624166337,Clean
SlidingMaxTest,5,8.01101624166337,Clean
RingBufferTest,4,8.01101624166337,Clean
CombinablePropertyDrawer,4,8.01101624166337,Clean
