Component,Threshold,Cutoff,Status
AssetBundleDownloader,9,7.484674261302955,Fault_proner
AssetBundlePersistenceStrategy,3,7.484674261302955,Clean
AssetMetadataPersistenceStrategy,4,7.484674261302955,Clean
CacheEntry,3,7.484674261302955,Clean
Container,2,7.484674261302955,Clean
AssetDatabaseStrategy,1,7.484674261302955,Clean
BehaviourWorkerCompatibilityCache,6,7.484674261302955,Clean
CachingAssetDatabase,7,7.484674261302955,Clean
ExponentialBackoffRetryAssetLoader,8,7.484674261302955,Fault_proner
GameObjectFromAssetBundleLoader,7,7.484674261302955,Clean
OnLoadCallback,3,7.484674261302955,Clean
LocalAssetBundleLoader,7,7.484674261302955,Clean
PrefabCompiler,7,7.484674261302955,Clean
PrefabGameObjectLoader,7,7.484674261302955,Clean
PreprocessingGameObjectLoader,5,7.484674261302955,Clean
ConcurrentAssetPrecacher,7,7.484674261302955,Clean
DefaultTemplateProvider,9,7.484674261302955,Fault_proner
AssetDatabaseTemplateProvider,6,7.484674261302955,Clean
EntityObjectDictionary,4,7.484674261302955,Clean
EntityBuilder,8,7.484674261302955,Fault_proner
EntityObject,8,7.484674261302955,Fault_proner
EntityObjectStorage,7,7.484674261302955,Clean
EntityVisualizers,9,7.484674261302955,Fault_proner
DefaultMonobehaviourActivator,4,7.484674261302955,Clean
IComponentAdder,3,7.484674261302955,Clean
IComponentInterestOverridesUpdateReceiver,2,7.484674261302955,Clean
IEntityComponentInterestOverridesUpdater,5,7.484674261302955,Clean
IEntityComponents,6,7.484674261302955,Clean
IEntityInterestedComponentsInvalidator,2,7.484674261302955,Clean
IEntityObject,4,7.484674261302955,Clean
IEntityTemplateProvider,3,7.484674261302955,Clean
IEntityVisualizers,7,7.484674261302955,Clean
IInterestedComponentUpdaterProvider,2,7.484674261302955,Clean
ILocalEntities,3,7.484674261302955,Clean
IMetadataAdder,2,7.484674261302955,Clean
IMutableLocalEntities,3,7.484674261302955,Clean
IMutableUniverse,5,7.484674261302955,Clean
IWorkerComponentInterestOverrider,4,7.484674261302955,Clean
WorkerComponentInterest,1,7.484674261302955,Clean
WorkerComponentInterestOverriderImpl,9,7.484674261302955,Fault_proner
IPersistenceSetter,2,7.484674261302955,Clean
IPipelineEntityComponentOpsReceiver,4,7.484674261302955,Clean
IPositionAdder,3,7.484674261302955,Clean
IPrefabFactory,3,7.484674261302955,Clean
IReadAclSetter,2,7.484674261302955,Clean
IUniverse,4,7.484674261302955,Clean
LocalEntities,9,7.484674261302955,Fault_proner
FilePersistenceStrategy,3,7.484674261302955,Clean
IAssetDatabase,3,7.484674261302955,Clean
IAssetLoader,3,7.484674261302955,Clean
IMachineCache,3,7.484674261302955,Clean
"MachineCache<TIn,TOut>",8,7.484674261302955,Fault_proner
IPersistenceStrategy,3,7.484674261302955,Clean
Platform,7,7.484674261302955,Clean
BuildPlatform,1,7.484674261302955,Clean
EditorCompatibilityExtensions,4,7.484674261302955,Clean
ISpatialOsComponent,2,7.484674261302955,Clean
ISpatialOsComponentInternal,4,7.484674261302955,Clean
SpatialOsComponentBase,8,7.484674261302955,Fault_proner
SpatialOsComponentEditorBase<TComponent>,1,7.484674261302955,Clean
ComponentEditorDataObject<TComponent>,9,7.484674261302955,Fault_proner
ICanAttachEditorDataObject,3,7.484674261302955,Clean
IComponentEditorDataObject,3,7.484674261302955,Clean
CommandDelivery,1,7.484674261302955,Clean
Commander,8,7.484674261302955,Fault_proner
EntityComponentId,5,7.484674261302955,Clean
CommandResponseHandler<TResponse>,7,7.484674261302955,Clean
ComponentCommander,9,7.484674261302955,Fault_proner
ICommandCallbackWrapper,3,7.484674261302955,Clean
CommandCallbackWrapper<TResponse>,5,7.484674261302955,Clean
ICommandCallbackResponse,4,7.484674261302955,Clean
ICommandErrorDetails,3,7.484674261302955,Clean
CommandCallbackResponse,2,7.484674261302955,Clean
ICommandResponseHandler,3,7.484674261302955,Clean
ICommandSender,6,7.484674261302955,Clean
IComponentCommander,4,7.484674261302955,Clean
IDescriptorCommander,3,7.484674261302955,Clean
IWorkerCommandSender,3,7.484674261302955,Clean
IWorldCommander,4,7.484674261302955,Clean
SpatialCommunicator,8,7.484674261302955,Fault_proner
CloudAssemblyArtifactResolver,7,7.484674261302955,Clean
State,1,7.484674261302955,Clean
AssemblyResponse,2,7.484674261302955,Clean
ArtifactId,2,7.484674261302955,Clean
AssemblyArtifact,3,7.484674261302955,Clean
ConnectionCoroutineHost,1,7.484674261302955,Clean
ConnectionLifecycle,7,7.484674261302955,Clean
CountBasedSpawnLimiter,7,7.484674261302955,Clean
DeferredActionDispatcher,6,7.484674261302955,Clean
DispatchEventHandler,9,7.484674261302955,Fault_proner
EntityAclExtensions,1,7.484674261302955,Clean
GreedySpawnLimiter,4,7.484674261302955,Clean
IAuthorityChangedReceiver,2,7.484674261302955,Clean
IDeferredActionDispatcher,3,7.484674261302955,Clean
IDispatchEventHandler,1,7.484674261302955,Clean
IEntitySpawnLimiter,3,7.484674261302955,Clean
ISpatialCommunicator,6,7.484674261302955,Clean
LegacyEntityPipelineConfiguration,6,7.484674261302955,Clean
ProjectDescriptor,7,7.484674261302955,Clean
SaveAndRestoreScene,2,7.484674261302955,Clean
SpatialOS,9,7.484674261302955,Fault_proner
TimeBasedSpawnLimiter,6,7.484674261302955,Clean
WorkerConnection,8,7.484674261302955,Fault_proner
WorkerConnectionParameters,3,7.484674261302955,Clean
EmptyEntityBlock,7,7.484674261302955,Clean
EntityPipeline,9,7.484674261302955,Fault_proner
RegisterHandler,3,7.484674261302955,Clean
UnregisterHandler,3,7.484674261302955,Clean
EntityPipelineExtensions,4,7.484674261302955,Clean
FactoryCallbackWrapper,4,7.484674261302955,Clean
PipelineOpType,1,7.484674261302955,Clean
IEntityPipelineOp,3,7.484674261302955,Clean
AddEntityPipelineOp,4,7.484674261302955,Clean
RemoveEntityPipelineOp,4,7.484674261302955,Clean
CriticalSectionPipelineOp,4,7.484674261302955,Clean
AddComponentPipelineOp,5,7.484674261302955,Clean
RemoveComponentPipelineOp,5,7.484674261302955,Clean
ChangeAuthorityPipelineOp,6,7.484674261302955,Clean
UpdateComponentPipelineOp,5,7.484674261302955,Clean
IEntityPipeline,3,7.484674261302955,Clean
IEntityPipelineBlock,7,7.484674261302955,Clean
IEntityPipelineInternal,8,7.484674261302955,Fault_proner
PassOpsBlock,8,7.484674261302955,Fault_proner
AssetPreloader,8,7.484674261302955,Fault_proner
AuthorityChangedNotifier,8,7.484674261302955,Fault_proner
CriticalSectionPipelineBlock,9,7.484674261302955,Fault_proner
EntityComponentUpdater,7,7.484674261302955,Clean
ILegacyEntityPipelineConfiguration,4,7.484674261302955,Clean
LegacyComponentPipeline,7,7.484674261302955,Clean
LegacyEntityCreator,9,7.484674261302955,Fault_proner
EntitySpawnData,2,7.484674261302955,Clean
LegacyEntityPipelineSetup,7,7.484674261302955,Clean
ThrottledEntityDispatcher,9,7.484674261302955,Fault_proner
CommandLineConfigNames,3,7.484674261302955,Clean
Defaults,3,7.484674261302955,Clean
EditableConfigNames,4,7.484674261302955,Clean
WorkerConfiguration,8,7.484674261302955,Fault_proner
WorkerConfigurationData,4,7.484674261302955,Clean
SpatialOsApplication,4,7.484674261302955,Clean
Unity,3,7.484674261302955,Clean
Networking,3,7.484674261302955,Clean
Debugging,3,7.484674261302955,Clean
Acl,7,7.484674261302955,Clean
CommonAttributeSets,4,7.484674261302955,Clean
CommonClaims,3,7.484674261302955,Clean
CommonPredicates,4,7.484674261302955,Clean
CommonRequirementSets,4,7.484674261302955,Clean
EntityExtensions,4,7.484674261302955,Clean
ConstraintExtensions,5,7.484674261302955,Clean
Query,7,7.484674261302955,Clean
CreateEntityResult,1,7.484674261302955,Clean
DeleteEntityResult,1,7.484674261302955,Clean
EntityQueryResult,3,7.484674261302955,Clean
ReserveEntityIdResult,1,7.484674261302955,Clean
ReserveEntityIdsResult,1,7.484674261302955,Clean
Vector3dUnityExtension,2,7.484674261302955,Clean
Vector3UnityExtension,3,7.484674261302955,Clean
GameObjectAuthorityExtensions,5,7.484674261302955,Clean
GameObjectExtensions,7,7.484674261302955,Clean
EntityComponentInterestOverridesUpdater,8,7.484674261302955,Fault_proner
EntityComponents,7,7.484674261302955,Clean
IMonobehaviourActivator,3,7.484674261302955,Clean
WorkerPlatform,1,7.484674261302955,Clean
WorkerTypeUtils,6,7.484674261302955,Clean
IPrefabExportProcessor,2,7.484674261302955,Clean
KeepOnExportedPrefabAttribute,1,7.484674261302955,Clean
PooledPrefabContainer,8,7.484674261302955,Fault_proner
PooledObject,2,7.484674261302955,Clean
PooledPrefabFactory,9,7.484674261302955,Fault_proner
PrefabFactoryMetrics,7,7.484674261302955,Clean
UnityPrefabFactory,3,7.484674261302955,Clean
ILogFilterReceiver,2,7.484674261302955,Clean
LogSender,8,7.484674261302955,Fault_proner
LogAction,1,7.484674261302955,Clean
LogListener,0,7.484674261302955,Clean
EndTimer,4,7.484674261302955,Clean
ScriptLifecycleAnalytics,8,7.484674261302955,Fault_proner
ScriptLifecycleLoadMetricProvider,8,7.484674261302955,Fault_proner
StartTimer,4,7.484674261302955,Clean
UnityFixedFrameLoadMetricProvider,7,7.484674261302955,Clean
ILoadMetricProvider,3,7.484674261302955,Clean
WorkerMetrics,6,7.484674261302955,Clean
MetricsReporter,4,7.484674261302955,Clean
CircularBuffer<T>,5,7.484674261302955,Clean
CircularIntBuffer,3,7.484674261302955,Clean
CommandLineUtil,5,7.484674261302955,Clean
IWWWRequest,3,7.484674261302955,Clean
MetricsUnityGui,5,7.484674261302955,Clean
PathUtil,5,7.484674261302955,Clean
TaskRunnerWithExponentialBackoff<TResult>,6,7.484674261302955,Clean
TaskResult,3,7.484674261302955,Clean
WorkerMetricsFPS,6,7.484674261302955,Clean
FPSMetric,6,7.484674261302955,Clean
WorkerMetricsMemoryUsage,1,7.484674261302955,Clean
WorkerTypeDisplay,3,7.484674261302955,Clean
WWWRequest,6,7.484674261302955,Clean
WWWRequestWrapper,7,7.484674261302955,Clean
WWWResponse,6,7.484674261302955,Clean
IMemberAdapter,4,7.484674261302955,Clean
FieldInfoAdapter,5,7.484674261302955,Clean
InjectionCache,7,7.484674261302955,Clean
MemberReflectionUtil,6,7.484674261302955,Clean
PropertyInfoAdapter,5,7.484674261302955,Clean
AssemblyDependencyResolver,4,7.484674261302955,Clean
DontAutoEnableAttribute,1,7.484674261302955,Clean
RequireAttribute,1,7.484674261302955,Clean
VisualizerMetadataLookup,8,7.484674261302955,Fault_proner
WorkerTypeAttribute,3,7.484674261302955,Clean
EntityTemplateFactory,6,7.484674261302955,Clean
Bootstrap,8,7.484674261302955,Fault_proner
PlayerCreatingBehaviour,4,7.484674261302955,Clean
SimulationSettings,4,7.484674261302955,Clean
TransformReceiver,5,7.484674261302955,Clean
TransformSender,4,7.484674261302955,Clean
GrabbableRequestHandler,6,7.484674261302955,Clean
GrabbableRigidbodyHandler,3,7.484674261302955,Clean
GrabbableTransformHandler,5,7.484674261302955,Clean
GrabbableVisualizer,6,7.484674261302955,Clean
GrabbingReceiver,4,7.484674261302955,Clean
GrabbingSender,7,7.484674261302955,Clean
ClientCameraEnabler,2,7.484674261302955,Clean
HandCollisionHandler,6,7.484674261302955,Clean
HandGrabbingVisualiser,5,7.484674261302955,Clean
HandleClientConnection,5,7.484674261302955,Clean
PlayerControllers,2,7.484674261302955,Clean
PlayerDisconnectCleanup,3,7.484674261302955,Clean
SendClientConnection,5,7.484674261302955,Clean
SpectatorFlycam,5,7.484674261302955,Clean
TeleportationHandler,5,7.484674261302955,Clean
VrPeripheralHandler,5,7.484674261302955,Clean
VRPeripheralVisualiser,5,7.484674261302955,Clean
CursorHoverEffect,3,7.484674261302955,Clean
Spinner,0,7.484674261302955,Clean
SplashScreenController,7,7.484674261302955,Clean
TeleportTargeterRotation,1,7.484674261302955,Clean
MathUtils,5,7.484674261302955,Clean
QuaternionExtensions,2,7.484674261302955,Clean
Vector3Extensions,2,7.484674261302955,Clean
TimerUtils,3,7.484674261302955,Clean
VRUtils,0,7.484674261302955,Clean
BodyCollider,3,7.484674261302955,Clean
CircularDrive,6,7.484674261302955,Clean
Axis_t,0,7.484674261302955,Clean
ComplexThrowable,6,7.484674261302955,Clean
AttachMode,1,7.484674261302955,Clean
ControllerHoverHighlight,7,7.484674261302955,Clean
CustomEvents,0,7.484674261302955,Clean
UnityEventSingleFloat,0,7.484674261302955,Clean
UnityEventHand,1,7.484674261302955,Clean
DebugUI,5,7.484674261302955,Clean
DestroyOnDetachedFromHand,1,7.484674261302955,Clean
DestroyOnParticleSystemDeath,1,7.484674261302955,Clean
DestroyOnTriggerEnter,4,7.484674261302955,Clean
DistanceHaptics,2,7.484674261302955,Clean
DontDestroyOnLoad,0,7.484674261302955,Clean
EnumFlags,1,7.484674261302955,Clean
EnumFlagsPropertyDrawer,0,7.484674261302955,Clean
FallbackCameraController,5,7.484674261302955,Clean
Hand,9,7.484674261302955,Fault_proner
HandType,1,7.484674261302955,Clean
AttachmentFlags,1,7.484674261302955,Clean
AttachedObject,3,7.484674261302955,Clean
HandEditor,3,7.484674261302955,Clean
HapticRack,6,7.484674261302955,Clean
HideOnHandFocusLost,1,7.484674261302955,Clean
IgnoreHovering,2,7.484674261302955,Clean
InputModule,7,7.484674261302955,Clean
Interactable,4,7.484674261302955,Clean
InteractableButtonEvents,5,7.484674261302955,Clean
InteractableHoverEvents,6,7.484674261302955,Clean
ItemPackage,4,7.484674261302955,Clean
ItemPackageType,1,7.484674261302955,Clean
ItemPackageReference,3,7.484674261302955,Clean
ItemPackageSpawner,7,7.484674261302955,Clean
LinearAnimation,6,7.484674261302955,Clean
LinearAnimator,6,7.484674261302955,Clean
LinearAudioPitch,6,7.484674261302955,Clean
LinearBlendshape,6,7.484674261302955,Clean
LinearDisplacement,5,7.484674261302955,Clean
LinearDrive,6,7.484674261302955,Clean
LinearMapping,2,7.484674261302955,Clean
Player,9,7.484674261302955,Fault_proner
PlaySound,7,7.484674261302955,Clean
SeeThru,6,7.484674261302955,Clean
SleepOnAwake,0,7.484674261302955,Clean
SoundDeparent,3,7.484674261302955,Clean
SoundPlayOneshot,8,7.484674261302955,Fault_proner
SpawnAndAttachAfterControllerIsTracking,6,7.484674261302955,Clean
SpawnAndAttachToHand,3,7.484674261302955,Clean
SpawnRenderModel,6,7.484674261302955,Clean
Throwable,6,7.484674261302955,Clean
UIElement,7,7.484674261302955,Clean
UIElementEditor,1,7.484674261302955,Clean
Unparent,2,7.484674261302955,Clean
Util,8,7.484674261302955,Fault_proner
AfterTimer_Component,5,7.484674261302955,Clean
VelocityEstimator,7,7.484674261302955,Clean
ControllerButtonHints,9,7.484674261302955,Fault_proner
OffsetType,1,7.484674261302955,Clean
ButtonHintInfo,3,7.484674261302955,Clean
ArcheryTarget,6,7.484674261302955,Clean
Arrow,7,7.484674261302955,Clean
ArrowHand,7,7.484674261302955,Clean
ArrowheadRotation,0,7.484674261302955,Clean
Balloon,7,7.484674261302955,Clean
BalloonColor,1,7.484674261302955,Clean
BalloonColliders,5,7.484674261302955,Clean
BalloonHapticBump,3,7.484674261302955,Clean
BalloonSpawner,7,7.484674261302955,Clean
ExplosionWobble,1,7.484674261302955,Clean
FireSource,7,7.484674261302955,Clean
Longbow,8,7.484674261302955,Fault_proner
Handedness,1,7.484674261302955,Clean
SoundBowClick,4,7.484674261302955,Clean
ControllerHintsExample,6,7.484674261302955,Clean
InteractableExample,5,7.484674261302955,Clean
AllowTeleportWhileAttachedToHand,3,7.484674261302955,Clean
ChaperoneInfo,8,7.484674261302955,Fault_proner
IgnoreTeleportTrace,0,7.484674261302955,Clean
Teleport,9,7.484674261302955,Fault_proner
TeleportArc,8,7.484674261302955,Fault_proner
TeleportArea,9,7.484674261302955,Fault_proner
TeleportAreaEditor,4,7.484674261302955,Clean
TeleportMarkerBase,9,7.484674261302955,Fault_proner
TeleportPoint,10,7.484674261302955,Fault_proner
TeleportPointType,1,7.484674261302955,Clean
TeleportPointEditor,3,7.484674261302955,Clean
IVRSystem,3,7.484674261302955,Clean
IVRExtendedDisplay,2,7.484674261302955,Clean
IVRTrackedCamera,3,7.484674261302955,Clean
IVRApplications,3,7.484674261302955,Clean
IVRChaperone,3,7.484674261302955,Clean
IVRChaperoneSetup,3,7.484674261302955,Clean
IVRCompositor,3,7.484674261302955,Clean
IVROverlay,3,7.484674261302955,Clean
IVRRenderModels,3,7.484674261302955,Clean
IVRNotifications,2,7.484674261302955,Clean
IVRSettings,3,7.484674261302955,Clean
IVRScreenshots,3,7.484674261302955,Clean
IVRResources,2,7.484674261302955,Clean
IVRDriverManager,2,7.484674261302955,Clean
CVRSystem,6,7.484674261302955,Clean
PollNextEventUnion,3,7.484674261302955,Clean
GetControllerStateUnion,3,7.484674261302955,Clean
GetControllerStateWithPoseUnion,3,7.484674261302955,Clean
CVRExtendedDisplay,5,7.484674261302955,Clean
CVRTrackedCamera,6,7.484674261302955,Clean
CVRApplications,6,7.484674261302955,Clean
CVRChaperone,6,7.484674261302955,Clean
CVRChaperoneSetup,6,7.484674261302955,Clean
CVRCompositor,6,7.484674261302955,Clean
CVROverlay,6,7.484674261302955,Clean
PollNextOverlayEventUnion,3,7.484674261302955,Clean
CVRRenderModels,6,7.484674261302955,Clean
GetComponentStateUnion,3,7.484674261302955,Clean
CVRNotifications,3,7.484674261302955,Clean
CVRSettings,6,7.484674261302955,Clean
CVRScreenshots,6,7.484674261302955,Clean
CVRResources,3,7.484674261302955,Clean
CVRDriverManager,3,7.484674261302955,Clean
OpenVRInterop,4,7.484674261302955,Clean
EVREye,1,7.484674261302955,Clean
ETextureType,1,7.484674261302955,Clean
EColorSpace,1,7.484674261302955,Clean
ETrackingResult,1,7.484674261302955,Clean
ETrackedDeviceClass,1,7.484674261302955,Clean
ETrackedControllerRole,1,7.484674261302955,Clean
ETrackingUniverseOrigin,1,7.484674261302955,Clean
ETrackedDeviceProperty,2,7.484674261302955,Clean
ETrackedPropertyError,1,7.484674261302955,Clean
EVRSubmitFlags,1,7.484674261302955,Clean
EVRState,0,7.484674261302955,Clean
EVREventType,2,7.484674261302955,Clean
EDeviceActivityLevel,1,7.484674261302955,Clean
EVRButtonId,1,7.484674261302955,Clean
EVRMouseButton,0,7.484674261302955,Clean
EHiddenAreaMeshType,1,7.484674261302955,Clean
EVRControllerAxisType,1,7.484674261302955,Clean
EVRControllerEventOutputType,0,7.484674261302955,Clean
ECollisionBoundsStyle,0,7.484674261302955,Clean
EVROverlayError,1,7.484674261302955,Clean
EVRApplicationType,1,7.484674261302955,Clean
EVRFirmwareError,1,7.484674261302955,Clean
EVRNotificationError,1,7.484674261302955,Clean
EVRInitError,2,7.484674261302955,Clean
EVRScreenshotType,1,7.484674261302955,Clean
EVRScreenshotPropertyFilenames,1,7.484674261302955,Clean
EVRTrackedCameraError,1,7.484674261302955,Clean
EVRTrackedCameraFrameType,1,7.484674261302955,Clean
EVRApplicationError,1,7.484674261302955,Clean
EVRApplicationProperty,1,7.484674261302955,Clean
EVRApplicationTransitionState,1,7.484674261302955,Clean
ChaperoneCalibrationState,1,7.484674261302955,Clean
EChaperoneConfigFile,1,7.484674261302955,Clean
EChaperoneImportFlags,0,7.484674261302955,Clean
EVRCompositorError,1,7.484674261302955,Clean
VROverlayInputMethod,1,7.484674261302955,Clean
VROverlayTransformType,1,7.484674261302955,Clean
VROverlayFlags,1,7.484674261302955,Clean
VRMessageOverlayResponse,1,7.484674261302955,Clean
EGamepadTextInputMode,0,7.484674261302955,Clean
EGamepadTextInputLineMode,0,7.484674261302955,Clean
EOverlayDirection,1,7.484674261302955,Clean
EVROverlayIntersectionMaskPrimitiveType,1,7.484674261302955,Clean
EVRRenderModelError,1,7.484674261302955,Clean
EVRComponentProperty,0,7.484674261302955,Clean
EVRNotificationType,1,7.484674261302955,Clean
EVRNotificationStyle,1,7.484674261302955,Clean
EVRSettingsError,1,7.484674261302955,Clean
EVRScreenshotError,1,7.484674261302955,Clean
VREvent_Data_t,3,7.484674261302955,Clean
VROverlayIntersectionMaskPrimitive_Data_t,3,7.484674261302955,Clean
HmdMatrix34_t,3,7.484674261302955,Clean
HmdMatrix44_t,3,7.484674261302955,Clean
HmdVector3_t,3,7.484674261302955,Clean
HmdVector4_t,2,7.484674261302955,Clean
HmdVector3d_t,2,7.484674261302955,Clean
HmdVector2_t,3,7.484674261302955,Clean
HmdQuaternion_t,2,7.484674261302955,Clean
HmdColor_t,3,7.484674261302955,Clean
HmdQuad_t,4,7.484674261302955,Clean
HmdRect2_t,4,7.484674261302955,Clean
DistortionCoordinates_t,3,7.484674261302955,Clean
Texture_t,4,7.484674261302955,Clean
TrackedDevicePose_t,4,7.484674261302955,Clean
VRTextureBounds_t,3,7.484674261302955,Clean
VRVulkanTextureData_t,2,7.484674261302955,Clean
D3D12TextureData_t,2,7.484674261302955,Clean
VREvent_Controller_t,1,7.484674261302955,Clean
VREvent_Mouse_t,2,7.484674261302955,Clean
VREvent_Scroll_t,2,7.484674261302955,Clean
VREvent_TouchPadMove_t,2,7.484674261302955,Clean
VREvent_Notification_t,2,7.484674261302955,Clean
VREvent_Process_t,2,7.484674261302955,Clean
VREvent_Overlay_t,1,7.484674261302955,Clean
VREvent_Status_t,1,7.484674261302955,Clean
VREvent_Keyboard_t,2,7.484674261302955,Clean
VREvent_Ipd_t,1,7.484674261302955,Clean
VREvent_Chaperone_t,2,7.484674261302955,Clean
VREvent_Reserved_t,2,7.484674261302955,Clean
VREvent_PerformanceTest_t,1,7.484674261302955,Clean
VREvent_SeatedZeroPoseReset_t,1,7.484674261302955,Clean
VREvent_Screenshot_t,2,7.484674261302955,Clean
VREvent_ScreenshotProgress_t,1,7.484674261302955,Clean
VREvent_ApplicationLaunch_t,2,7.484674261302955,Clean
VREvent_EditingCameraSurface_t,2,7.484674261302955,Clean
VREvent_MessageOverlay_t,1,7.484674261302955,Clean
VREvent_Property_t,3,7.484674261302955,Clean
VREvent_t,4,7.484674261302955,Clean
VREvent_t_Packed,6,7.484674261302955,Clean
HiddenAreaMesh_t,3,7.484674261302955,Clean
VRControllerAxis_t,3,7.484674261302955,Clean
VRControllerState_t,4,7.484674261302955,Clean
VRControllerState_t_Packed,7,7.484674261302955,Clean
Compositor_OverlaySettings,3,7.484674261302955,Clean
CameraVideoStreamFrameHeader_t,4,7.484674261302955,Clean
AppOverrideKeys_t,3,7.484674261302955,Clean
Compositor_FrameTiming,4,7.484674261302955,Clean
Compositor_CumulativeStats,3,7.484674261302955,Clean
VROverlayIntersectionParams_t,4,7.484674261302955,Clean
VROverlayIntersectionResults_t,4,7.484674261302955,Clean
IntersectionMaskRectangle_t,2,7.484674261302955,Clean
IntersectionMaskCircle_t,2,7.484674261302955,Clean
VROverlayIntersectionMaskPrimitive_t,4,7.484674261302955,Clean
RenderModel_ComponentState_t,4,7.484674261302955,Clean
RenderModel_Vertex_t,3,7.484674261302955,Clean
RenderModel_TextureMap_t,3,7.484674261302955,Clean
RenderModel_TextureMap_t_Packed,5,7.484674261302955,Clean
RenderModel_t,3,7.484674261302955,Clean
RenderModel_t_Packed,5,7.484674261302955,Clean
RenderModel_ControllerMode_State_t,2,7.484674261302955,Clean
NotificationBitmap_t,3,7.484674261302955,Clean
COpenVRContext,8,7.484674261302955,Fault_proner
OpenVR,9,7.484674261302955,Fault_proner
SnapshotMenu,3,7.484674261302955,Clean
SpatialCommand,10,7.484674261302955,Fault_proner
EditorPrefabGameObjectLoader,6,7.484674261302955,Clean
DefaultPlayerBuildConfiguration,3,7.484674261302955,Clean
IPackager,2,7.484674261302955,Clean
IPlayerBuildEvents,6,7.484674261302955,Clean
IWorkerProvider,2,7.484674261302955,Clean
PlayerBuildConfiguation,4,7.484674261302955,Clean
GlobalConfig,2,7.484674261302955,Clean
PluginConfig,2,7.484674261302955,Clean
Enviroment,4,7.484674261302955,Clean
Config,5,7.484674261302955,Clean
PlayerCompression,1,7.484674261302955,Clean
ReloadAssemblies,4,7.484674261302955,Clean
CompareBuilders,3,7.484674261302955,Clean
SimpleBuildSystem,9,7.484674261302955,Fault_proner
SimplePackager,2,7.484674261302955,Clean
SingleScenePlayerBuildEvents,9,7.484674261302955,Fault_proner
SpatialZip,4,7.484674261302955,Clean
UnityPlayerBuilder,9,7.484674261302955,Fault_proner
PlatformData,3,7.484674261302955,Clean
UnityPlayerBuilders,9,7.484674261302955,Fault_proner
UnityPlayerBuilderMenu,7,7.484674261302955,Clean
ConfigNames,2,7.484674261302955,Clean
DefaultWorkerProvider,6,7.484674261302955,Clean
ISpatialOsEditorAddon,3,7.484674261302955,Clean
ISpatialOsEditorAddonBuild,2,7.484674261302955,Clean
ISpatialOsEditorAddonSettings,2,7.484674261302955,Clean
ISpatialOsEditorAddonToolbar,0,7.484674261302955,Clean
SpatialOsAuxWindow,7,7.484674261302955,Clean
AddonUiState,3,7.484674261302955,Clean
AddonUiStateDictinoary,1,7.484674261302955,Clean
SpatialOsEditor,8,7.484674261302955,Fault_proner
SpatialOsWorker,6,7.484674261302955,Clean
WorkerSelection,6,7.484674261302955,Clean
SharedGuiContent,2,7.484674261302955,Clean
SpatialOsWindow,8,7.484674261302955,Fault_proner
SupportPopup,2,7.484674261302955,Clean
SpatialRunner,7,7.484674261302955,Clean
SpatialBuild,8,7.484674261302955,Fault_proner
SpatialConnect,5,7.484674261302955,Clean
SpatialLocal,5,7.484674261302955,Clean
SpatialUpload,5,7.484674261302955,Clean
InitializeSDKLogging,0,7.484674261302955,Clean
EditorObjectStateManager,3,7.484674261302955,Clean
EntityPrefabDirectoryCleaner,1,7.484674261302955,Clean
EntityPrefabExporter,6,7.484674261302955,Clean
EntityPrefabExportMenus,8,7.484674261302955,Fault_proner
EditorPaths,3,7.484674261302955,Clean
EditorTaskRunnerWithRetries,6,7.484674261302955,Clean
FailedEditorTask,3,7.484674261302955,Clean
GuiUtil,2,7.484674261302955,Clean
JsonUtil,3,7.484674261302955,Clean
"SerializableDictionary<TKey,TValue>",5,7.484674261302955,Clean
TempFolder,4,7.484674261302955,Clean
UnityPathUtil,6,7.484674261302955,Clean
