Component,Threshold,Cutoff,Status
VRTKExample_ControllerEventsDelegateListeners,6,7.28111498694755,Clean
EventQuickSelect,1,7.28111498694755,Clean
VRTKExample_PointerObjectHighlighterActivator,6,7.28111498694755,Clean
VRTKExample_BezierPointerChanger,3,7.28111498694755,Clean
VRTKExample_BezierPointerCustomStyles,3,7.28111498694755,Clean
VRTKExample_BezierPointerDefaults,1,7.28111498694755,Clean
VRTKExample_BezierPointerLineRenderer,1,7.28111498694755,Clean
ControllableReactor,5,7.28111498694755,Clean
SnapDropZoneToggle,4,7.28111498694755,Clean
ToggleCustomHands,6,7.28111498694755,Clean
TogglePointerInteraction,6,7.28111498694755,Clean
OptionType,0,7.28111498694755,Clean
ClimbableHandLift,5,7.28111498694755,Clean
ElevatorControl,3,7.28111498694755,Clean
IgnoreTeleportDummy,0,7.28111498694755,Clean
OptionsMenu,5,7.28111498694755,Clean
ToggleGameObject,6,7.28111498694755,Clean
ToggleGameObjectSliderOptions,1,7.28111498694755,Clean
ToggleGameObjectSlider,5,7.28111498694755,Clean
PanelMenuSaucerGrid,6,7.28111498694755,Clean
Direction,0,7.28111498694755,Clean
PanelMenuSphereSlider,5,7.28111498694755,Clean
BeamRotator,1,7.28111498694755,Clean
FireExtinguisher_Base,6,7.28111498694755,Clean
FireExtinguisher_Sprayer,6,7.28111498694755,Clean
GunShoot,5,7.28111498694755,Clean
InteractableLamp,3,7.28111498694755,Clean
ScaleOnUse,6,7.28111498694755,Clean
InteractableWhirlyGig,5,7.28111498694755,Clean
VRTKExample_OptionTile,4,7.28111498694755,Clean
VRTKExample_OptionTilePointerSelector,4,7.28111498694755,Clean
AutoRotation,1,7.28111498694755,Clean
Breakable_Cube,2,7.28111498694755,Clean
ButtonReactor,2,7.28111498694755,Clean
Controller_Hand,5,7.28111498694755,Clean
Hands,0,7.28111498694755,Clean
Controller_Menu,4,7.28111498694755,Clean
ControlReactor,5,7.28111498694755,Clean
ControlsMenu,5,7.28111498694755,Clean
ExcludeTeleport,0,7.28111498694755,Clean
Gun,3,7.28111498694755,Clean
HandLift,4,7.28111498694755,Clean
Lamp,3,7.28111498694755,Clean
LightSaber,7,7.28111498694755,Clean
Menu_Color_Changer,2,7.28111498694755,Clean
Menu_Container_Object_Colors,1,7.28111498694755,Clean
Menu_Object_Spawner,4,7.28111498694755,Clean
PrimitiveTypes,0,7.28111498694755,Clean
ModelVillage_TeleportLocation,2,7.28111498694755,Clean
Openable_Door,5,7.28111498694755,Clean
PusherStickyToggle,6,7.28111498694755,Clean
RC_Car,6,7.28111498694755,Clean
RC_Car_Controller,2,7.28111498694755,Clean
RealGun,8,7.28111498694755,Fault_proner
RealGun_SafetySwitch,4,7.28111498694755,Clean
RealGun_Slide,3,7.28111498694755,Clean
Remote_Beam,1,7.28111498694755,Clean
Remote_Beam_Controller,1,7.28111498694755,Clean
RendererOffOnDash,3,7.28111498694755,Clean
SnapDropZoneGroup_Switcher,3,7.28111498694755,Clean
Sphere_Spawner,2,7.28111498694755,Clean
Sword,5,7.28111498694755,Clean
UI_Interactions,4,7.28111498694755,Clean
UI_Keyboard,2,7.28111498694755,Clean
UseRotate,5,7.28111498694755,Clean
VRTK_ControllerAppearance_Example,6,7.28111498694755,Clean
VRTK_ControllerEvents_ListenerExample,6,7.28111498694755,Clean
VRTK_ControllerInteract_ListenerExample,3,7.28111498694755,Clean
VRTK_ControllerPointerEvents_ListenerExample,3,7.28111498694755,Clean
VRTK_ControllerUIPointerEvents_ListenerExample,3,7.28111498694755,Clean
VRTK_RoomExtender_ControllerExample,4,7.28111498694755,Clean
Whirlygig,4,7.28111498694755,Clean
Zipline,4,7.28111498694755,Clean
VRTKExample_FixSetup,2,7.28111498694755,Clean
VRTKExample_ObjectListToggle,6,7.28111498694755,Clean
VRTKExample_SceneSwitcher,6,7.28111498694755,Clean
SceneChanger,4,7.28111498694755,Clean
SceneLoader,4,7.28111498694755,Clean
Arrow,7,7.28111498694755,Clean
ArrowNotch,1,7.28111498694755,Clean
ArrowSpawner,5,7.28111498694755,Clean
BowAim,8,7.28111498694755,Fault_proner
BowAnimation,0,7.28111498694755,Clean
BowHandle,3,7.28111498694755,Clean
Follow,3,7.28111498694755,Clean
FireExtinguisher_Base_duplicated,6,7.28111498694755,Clean
FireExtinguisher_Sprayer_duplicated,5,7.28111498694755,Clean
PanelMenuDemoFlyingSaucer,0,7.28111498694755,Clean
PanelMenuDemoSphere,0,7.28111498694755,Clean
PanelMenuUIGrid,5,7.28111498694755,Clean
Direction_duplicated,0,7.28111498694755,Clean
PanelMenuUISlider,2,7.28111498694755,Clean
VRTK_BaseTest,3,7.28111498694755,Clean
VRTK_ControllerReference_Setup,7,7.28111498694755,Clean
AxisOverrides,3,7.28111498694755,Clean
ApplyOverrideType,0,7.28111498694755,Clean
VRTK_AvatarHandController,6,7.28111498694755,Clean
OverrideState,0,7.28111498694755,Clean
VRTK_ConsoleViewer,6,7.28111498694755,Clean
ControllerRigidbodyActivatorEventArgs,1,7.28111498694755,Clean
VRTK_ControllerRigidbodyActivator,8,7.28111498694755,Fault_proner
ControllerTooltipsEventArgs,1,7.28111498694755,Clean
VRTK_ControllerTooltips,8,7.28111498694755,Fault_proner
TooltipButtons,1,7.28111498694755,Clean
VRTK_DesktopCamera,6,7.28111498694755,Clean
VRTK_DestinationPoint,8,7.28111498694755,Fault_proner
RotationTypes,0,7.28111498694755,Clean
VRTK_FramesPerSecondViewer,6,7.28111498694755,Clean
ObjectTooltipEventArgs,1,7.28111498694755,Clean
VRTK_ObjectTooltip,8,7.28111498694755,Fault_proner
VRTK_PanelMenuController,7,7.28111498694755,Clean
TouchpadPressPosition,0,7.28111498694755,Clean
PanelMenuItemControllerEventArgs,1,7.28111498694755,Clean
VRTK_PanelMenuItemController,5,7.28111498694755,Clean
VRTK_PointerDirectionIndicator,8,7.28111498694755,Fault_proner
VisibilityState,0,7.28111498694755,Clean
RadialButtonIcon,0,7.28111498694755,Clean
UICircle,4,7.28111498694755,Clean
VRTK_IndependentRadialMenuController,7,7.28111498694755,Clean
TouchAngleDeflection,2,7.28111498694755,Clean
VRTK_RadialMenu,8,7.28111498694755,Fault_proner
RadialMenuButton,2,7.28111498694755,Clean
ButtonEvent,0,7.28111498694755,Clean
VRTK_RadialMenuController,6,7.28111498694755,Clean
VRTK_SDKSetupSwitcher,5,7.28111498694755,Clean
ViewingState,0,7.28111498694755,Clean
SnapDropZoneEventArgs,1,7.28111498694755,Clean
VRTK_SnapDropZone,8,7.28111498694755,Fault_proner
SnapTypes,1,7.28111498694755,Clean
VRTK_ContentHandler,4,7.28111498694755,Clean
VRTK_Button,8,7.28111498694755,Fault_proner
ButtonDirection,0,7.28111498694755,Clean
VRTK_Chest,7,7.28111498694755,Clean
Control3DEventArgs,2,7.28111498694755,Clean
VRTK_Control,8,7.28111498694755,Fault_proner
ControlValueRange,2,7.28111498694755,Clean
Direction_duplicated_duplicated,1,7.28111498694755,Clean
VRTK_Door,7,7.28111498694755,Clean
VRTK_Drawer,7,7.28111498694755,Clean
VRTK_Knob,7,7.28111498694755,Clean
KnobDirection,0,7.28111498694755,Clean
VRTK_Lever,8,7.28111498694755,Fault_proner
LeverDirection,0,7.28111498694755,Clean
VRTK_Slider,7,7.28111498694755,Clean
VRTK_SpringLever,7,7.28111498694755,Clean
VRTK_Wheel,7,7.28111498694755,Clean
GrabTypes,0,7.28111498694755,Clean
VRTK_IgnoreInteractTouchColliders,7,7.28111498694755,Clean
VRTK_InteractableListener,3,7.28111498694755,Clean
InteractableObjectEventArgs,1,7.28111498694755,Clean
VRTK_InteractableObject,10,7.28111498694755,Fault_proner
InteractionType,1,7.28111498694755,Clean
AllowedController,1,7.28111498694755,Clean
ValidDropTypes,1,7.28111498694755,Clean
InteractControllerAppearanceEventArgs,2,7.28111498694755,Clean
VRTK_InteractControllerAppearance,8,7.28111498694755,Fault_proner
InteractHapticsEventArgs,1,7.28111498694755,Clean
VRTK_InteractHaptics,9,7.28111498694755,Fault_proner
InteractObjectAppearanceEventArgs,4,7.28111498694755,Clean
VRTK_InteractObjectAppearance,8,7.28111498694755,Fault_proner
ValidInteractingObject,0,7.28111498694755,Clean
InteractObjectHighlighterEventArgs,4,7.28111498694755,Clean
VRTK_InteractObjectHighlighter,9,7.28111498694755,Fault_proner
VRTK_ObjectTouchAutoInteract,7,7.28111498694755,Clean
AutoInteractions,0,7.28111498694755,Clean
ControllerInteractionEventArgs,3,7.28111498694755,Clean
VRTK_ControllerEvents,8,7.28111498694755,Fault_proner
ButtonAlias,2,7.28111498694755,Clean
Vector2AxisAlias,1,7.28111498694755,Clean
AxisType,1,7.28111498694755,Clean
VRTK_ControllerHighlighter,7,7.28111498694755,Clean
VRTK_ControllerTrackedCollider,9,7.28111498694755,Fault_proner
VRTK_InteractGrab,9,7.28111498694755,Fault_proner
VRTK_InteractNearTouch,8,7.28111498694755,Fault_proner
VRTK_InteractNearTouchCollider,4,7.28111498694755,Clean
ObjectInteractEventArgs,2,7.28111498694755,Clean
VRTK_InteractTouch,8,7.28111498694755,Fault_proner
VRTK_InteractUse,9,7.28111498694755,Fault_proner
VRTK_ObjectAutoGrab,7,7.28111498694755,Clean
VRTK_ControllerHaptics,6,7.28111498694755,Clean
VRTK_ObjectAppearance,6,7.28111498694755,Clean
MinMaxRangeAttribute,1,7.28111498694755,Clean
ObsoleteInspectorAttribute,0,7.28111498694755,Clean
Limits2D,5,7.28111498694755,Clean
Vector3State,4,7.28111498694755,Clean
CollisionTrackerEventArgs,3,7.28111498694755,Clean
VRTK_CollisionTracker,3,7.28111498694755,Clean
VRTK_ControllerReference,7,7.28111498694755,Clean
Bezier,2,7.28111498694755,Clean
VRTK_CurveGenerator,7,7.28111498694755,Clean
BezierControlPointMode,0,7.28111498694755,Clean
VRTK_Defines,6,7.28111498694755,Clean
VRTK_EventSystem,4,7.28111498694755,Clean
VRTK_Logger,8,7.28111498694755,Fault_proner
LogLevels,0,7.28111498694755,Clean
CommonMessageKeys,1,7.28111498694755,Clean
VRTK_ObjectCache,3,7.28111498694755,Clean
VRTK_PlayerObject,3,7.28111498694755,Clean
ObjectTypes,1,7.28111498694755,Clean
VRTK_RoomExtender_PlayAreaGizmo,6,7.28111498694755,Clean
VRTK_ScreenFade,6,7.28111498694755,Clean
VRTK_SDKControllerReady,6,7.28111498694755,Clean
VRTKTrackedControllerEventArgs,2,7.28111498694755,Clean
VRTK_TrackedController,8,7.28111498694755,Fault_proner
VRTK_TrackedHeadset,0,7.28111498694755,Clean
VRTK_TunnelEffect,0,7.28111498694755,Clean
VRTK_UIGraphicRaycaster,6,7.28111498694755,Clean
VRTK_VRInputModule,6,7.28111498694755,Clean
VRTK_BaseObjectControlAction,8,7.28111498694755,Fault_proner
AxisListeners,0,7.28111498694755,Clean
VRTK_RotateObjectControlAction,2,7.28111498694755,Clean
VRTK_SlideObjectControlAction,6,7.28111498694755,Clean
VRTK_SnapRotateObjectControlAction,3,7.28111498694755,Clean
VRTK_WarpObjectControlAction,6,7.28111498694755,Clean
VRTK_BasicTeleport,9,7.28111498694755,Fault_proner
VRTK_ButtonControl,7,7.28111498694755,Clean
DashTeleportEventArgs,1,7.28111498694755,Clean
VRTK_DashTeleport,9,7.28111498694755,Fault_proner
VRTK_DragWorld,6,7.28111498694755,Clean
ActivationRequirement,0,7.28111498694755,Clean
TrackingController,0,7.28111498694755,Clean
VRTK_HeightAdjustTeleport,8,7.28111498694755,Fault_proner
VRTK_MoveInPlace,7,7.28111498694755,Clean
ControlOptions,0,7.28111498694755,Clean
DirectionalMethod,0,7.28111498694755,Clean
ObjectControlEventArgs,3,7.28111498694755,Clean
VRTK_ObjectControl,9,7.28111498694755,Fault_proner
DirectionDevices,0,7.28111498694755,Clean
PlayerClimbEventArgs,2,7.28111498694755,Clean
VRTK_PlayerClimb,7,7.28111498694755,Clean
VRTK_RoomExtender,7,7.28111498694755,Clean
MovementFunction,1,7.28111498694755,Clean
VRTK_SlingshotJump,8,7.28111498694755,Fault_proner
VRTK_StepMultiplier,6,7.28111498694755,Clean
VRTK_TeleportDisableOnControllerObscured,6,7.28111498694755,Clean
VRTK_TeleportDisableOnHeadsetCollision,6,7.28111498694755,Clean
VRTK_TouchpadControl,7,7.28111498694755,Clean
VRTK_TunnelOverlay,6,7.28111498694755,Clean
VRTK_BasePointerRenderer,9,7.28111498694755,Fault_proner
VisibilityStates,1,7.28111498694755,Clean
PointerOriginSmoothingSettings,2,7.28111498694755,Clean
VRTK_BezierPointerRenderer,9,7.28111498694755,Fault_proner
VRTK_StraightPointerRenderer,8,7.28111498694755,Fault_proner
DestinationMarkerEventArgs,3,7.28111498694755,Clean
VRTK_DestinationMarker,9,7.28111498694755,Fault_proner
PlayAreaCursorEventArgs,1,7.28111498694755,Clean
VRTK_PlayAreaCursor,8,7.28111498694755,Fault_proner
VRTK_PlayAreaCollider,4,7.28111498694755,Clean
VRTK_Pointer,9,7.28111498694755,Fault_proner
BodyPhysicsEventArgs,2,7.28111498694755,Clean
VRTK_BodyPhysics,9,7.28111498694755,Fault_proner
FallingRestrictors,0,7.28111498694755,Clean
HeadsetCollisionEventArgs,2,7.28111498694755,Clean
VRTK_HeadsetCollision,8,7.28111498694755,Fault_proner
VRTK_HeadsetCollider,5,7.28111498694755,Clean
VRTK_HeadsetCollisionFade,6,7.28111498694755,Clean
HeadsetControllerAwareEventArgs,2,7.28111498694755,Clean
VRTK_HeadsetControllerAware,8,7.28111498694755,Fault_proner
HeadsetFadeEventArgs,2,7.28111498694755,Clean
VRTK_HeadsetFade,7,7.28111498694755,Clean
VRTK_HipTracking,5,7.28111498694755,Clean
PositionRewindEventArgs,2,7.28111498694755,Clean
VRTK_PositionRewind,8,7.28111498694755,Fault_proner
CollisionDetectors,0,7.28111498694755,Clean
VRTK_UICanvas,6,7.28111498694755,Clean
VRTK_UIPointerAutoActivator,1,7.28111498694755,Clean
UIDraggableItemEventArgs,1,7.28111498694755,Clean
VRTK_UIDraggableItem,8,7.28111498694755,Fault_proner
VRTK_UIDropZone,1,7.28111498694755,Clean
UIPointerEventArgs,3,7.28111498694755,Clean
VRTK_UIPointer,8,7.28111498694755,Fault_proner
ActivationMethods,1,7.28111498694755,Clean
ClickMethods,0,7.28111498694755,Clean
VRTK_ControllerElementHighlighters,2,7.28111498694755,Clean
VRTK_ControllerModelElementPaths,2,7.28111498694755,Clean
VRTK_ObjectFollow,8,7.28111498694755,Fault_proner
VRTK_RigidbodyFollow,7,7.28111498694755,Clean
MovementOption,1,7.28111498694755,Clean
VRTK_TransformFollow,8,7.28111498694755,Fault_proner
FollowMoment,1,7.28111498694755,Clean
VRTK_SDKInfo,8,7.28111498694755,Fault_proner
VRTK_SDKManager,9,7.28111498694755,Fault_proner
ScriptingDefineSymbolPredicateInfo,2,7.28111498694755,Clean
LoadedSetupChangeEventArgs,3,7.28111498694755,Clean
VRTK_SDKSetup,9,7.28111498694755,Fault_proner
VRTK_AdaptiveQuality,8,7.28111498694755,Fault_proner
AdaptiveSetting<T>,3,7.28111498694755,Clean
CommandLineArguments,2,7.28111498694755,Clean
KeyboardShortcuts,2,7.28111498694755,Clean
ShaderPropertyIDs,2,7.28111498694755,Clean
Timing,4,7.28111498694755,Clean
VRTK_CustomRaycast,6,7.28111498694755,Clean
VRTK_DeviceFinder,6,7.28111498694755,Clean
Devices,0,7.28111498694755,Clean
Headsets,0,7.28111498694755,Clean
VRTK_NavMeshData,2,7.28111498694755,Clean
VRTK_PolicyList,8,7.28111498694755,Fault_proner
OperationTypes,0,7.28111498694755,Clean
CheckTypes,0,7.28111498694755,Clean
VRTK_SDKInputOverrideType,2,7.28111498694755,Clean
VRTK_SDKButtonInputOverrideType,1,7.28111498694755,Clean
VRTK_SDKVector2AxisInputOverrideType,1,7.28111498694755,Clean
VRTK_SDKInputOverride,7,7.28111498694755,Clean
VRTK_SDKObjectAlias,4,7.28111498694755,Clean
SDKObject,0,7.28111498694755,Clean
VRTK_SDKObjectState,7,7.28111498694755,Clean
VRTK_SDKTransformModifiers,2,7.28111498694755,Clean
VRTK_SDKTransformModify,8,7.28111498694755,Fault_proner
VRTK_SharedMethods,6,7.28111498694755,Clean
VRTK_Simulator,6,7.28111498694755,Clean
Keys,2,7.28111498694755,Clean
VRTK_VelocityEstimator,7,7.28111498694755,Clean
SDK_Base,4,7.28111498694755,Clean
SDK_BaseBoundaries,7,7.28111498694755,Clean
VRTKSDKBaseControllerEventArgs,1,7.28111498694755,Clean
SDK_BaseController,8,7.28111498694755,Fault_proner
ButtonTypes,1,7.28111498694755,Clean
ButtonPressTypes,1,7.28111498694755,Clean
ControllerElements,1,7.28111498694755,Clean
ControllerHand,1,7.28111498694755,Clean
ControllerType,1,7.28111498694755,Clean
SDK_ControllerHapticModifiers,3,7.28111498694755,Clean
SDK_BaseHeadset,8,7.28111498694755,Fault_proner
HeadsetType,1,7.28111498694755,Clean
SDK_BaseSystem,4,7.28111498694755,Clean
SDK_DescriptionAttribute,8,7.28111498694755,Fault_proner
SDK_ScriptingDefineSymbolPredicateAttribute,7,7.28111498694755,Clean
SDK_DaydreamBoundaries,2,7.28111498694755,Clean
SDK_DaydreamController,2,7.28111498694755,Clean
SDK_DaydreamDefines,0,7.28111498694755,Clean
SDK_DaydreamHeadset,2,7.28111498694755,Clean
SDK_DaydreamSystem,1,7.28111498694755,Clean
SDK_FallbackBoundaries,5,7.28111498694755,Clean
SDK_FallbackController,7,7.28111498694755,Clean
SDK_FallbackHeadset,6,7.28111498694755,Clean
SDK_FallbackSystem,3,7.28111498694755,Clean
SDK_HyperealVRBoundaries,2,7.28111498694755,Clean
SDK_HyperealVRController,2,7.28111498694755,Clean
SDK_HyperealVRDefines,0,7.28111498694755,Clean
SDK_HyperealVRHeadset,2,7.28111498694755,Clean
SDK_HyperealVRSystem,1,7.28111498694755,Clean
SDK_OculusBoundaries,2,7.28111498694755,Clean
SDK_OculusController,2,7.28111498694755,Clean
SDK_OculusDefines,2,7.28111498694755,Clean
SDK_OculusHeadset,2,7.28111498694755,Clean
SDK_OculusSystem,1,7.28111498694755,Clean
SDK_ControllerSim,4,7.28111498694755,Clean
SDK_InputSimulator,7,7.28111498694755,Clean
MouseInputMode,0,7.28111498694755,Clean
SDK_SimBoundaries,5,7.28111498694755,Clean
SDK_SimController,7,7.28111498694755,Clean
SDK_SimHeadset,7,7.28111498694755,Clean
SDK_SimSystem,2,7.28111498694755,Clean
SDK_SteamVRBoundaries,2,7.28111498694755,Clean
SDK_SteamVRController,2,7.28111498694755,Clean
SDK_SteamVRDefines,3,7.28111498694755,Clean
SDK_SteamVRHeadset,2,7.28111498694755,Clean
SDK_SteamVRSystem,1,7.28111498694755,Clean
SDK_UnityBoundaries,5,7.28111498694755,Clean
SDK_UnityCameraRig,0,7.28111498694755,Clean
SDK_UnityController,7,7.28111498694755,Clean
SDK_UnityControllerTracker,4,7.28111498694755,Clean
SDK_UnityHeadset,6,7.28111498694755,Clean
SDK_UnityHeadsetTracker,0,7.28111498694755,Clean
SDK_UnitySystem,2,7.28111498694755,Clean
VRTK_SDK_Bridge,7,7.28111498694755,Clean
WindowsMR_Camera,4,7.28111498694755,Clean
WindowsMR_ControllerManager,0,7.28111498694755,Clean
WindowsMR_TrackedObject,1,7.28111498694755,Clean
SDK_WindowsMRBoundaries,2,7.28111498694755,Clean
SDK_WindowsMRController,2,7.28111498694755,Clean
SDK_WindowsMRDefines,0,7.28111498694755,Clean
SDK_WindowsMRHeadset,2,7.28111498694755,Clean
SDK_WindowsMR,1,7.28111498694755,Clean
SDK_XimmerseBoundaries,2,7.28111498694755,Clean
SDK_XimmerseController,2,7.28111498694755,Clean
SDK_XimmerseDefines,0,7.28111498694755,Clean
SDK_XimmerseHeadset,2,7.28111498694755,Clean
SDK_XimmerseSystem,1,7.28111498694755,Clean
VRTK_BaseHighlighter,8,7.28111498694755,Fault_proner
VRTK_MaterialColorSwapHighlighter,8,7.28111498694755,Fault_proner
VRTK_MaterialPropertyBlockColorSwapHighlighter,6,7.28111498694755,Clean
VRTK_OutlineObjectCopyHighlighter,8,7.28111498694755,Fault_proner
VRTK_ArtificialPusher,9,7.28111498694755,Fault_proner
VRTK_ArtificialRotator,8,7.28111498694755,Fault_proner
VRTK_ArtificialSlider,8,7.28111498694755,Fault_proner
VRTK_BasePhysicsControllable,9,7.28111498694755,Fault_proner
VRTK_PhysicsPusher,9,7.28111498694755,Fault_proner
VRTK_PhysicsRotator,8,7.28111498694755,Fault_proner
GrabMechanic,0,7.28111498694755,Clean
VRTK_PhysicsSlider,8,7.28111498694755,Fault_proner
ControllableEventArgs,3,7.28111498694755,Clean
VRTK_BaseControllable,9,7.28111498694755,Fault_proner
OperatingAxis,1,7.28111498694755,Clean
VRTK_BaseGrabAttach,9,7.28111498694755,Fault_proner
VRTK_BaseJointGrabAttach,9,7.28111498694755,Fault_proner
VRTK_ChildOfControllerGrabAttach,5,7.28111498694755,Clean
VRTK_ClimbableGrabAttach,1,7.28111498694755,Clean
ControlAnimationGrabAttachEventArgs,2,7.28111498694755,Clean
VRTK_ControlAnimationGrabAttach,8,7.28111498694755,Fault_proner
VRTK_CustomJointGrabAttach,3,7.28111498694755,Clean
VRTK_FixedJointGrabAttach,2,7.28111498694755,Clean
MoveTransformGrabAttachEventArgs,3,7.28111498694755,Clean
VRTK_MoveTransformGrabAttach,9,7.28111498694755,Fault_proner
RotateTransformGrabAttachEventArgs,3,7.28111498694755,Clean
VRTK_RotateTransformGrabAttach,9,7.28111498694755,Fault_proner
RotationAxis,0,7.28111498694755,Clean
RotationType,0,7.28111498694755,Clean
VRTK_RotatorTrackGrabAttach,2,7.28111498694755,Clean
VRTK_SpringJointGrabAttach,4,7.28111498694755,Clean
VRTK_TrackObjectGrabAttach,10,7.28111498694755,Fault_proner
VRTK_AxisScaleGrabAction,8,7.28111498694755,Fault_proner
VRTK_BaseGrabAction,8,7.28111498694755,Fault_proner
VRTK_ControlDirectionGrabAction,8,7.28111498694755,Fault_proner
VRTK_SwapControllerGrabAction,2,7.28111498694755,Clean
VRTK_BaseControllable_UnityEvents,5,7.28111498694755,Clean
BaseControllablEvent,0,7.28111498694755,Clean
VRTK_BasicTeleport_UnityEvents,3,7.28111498694755,Clean
TeleportEvent,0,7.28111498694755,Clean
VRTK_BodyPhysics_UnityEvents,6,7.28111498694755,Clean
BodyPhysicsEvent,0,7.28111498694755,Clean
VRTK_Button_UnityEvents,3,7.28111498694755,Clean
Button3DEvent,0,7.28111498694755,Clean
VRTK_Control_UnityEvents,1,7.28111498694755,Clean
Control3DEvent,1,7.28111498694755,Clean
VRTK_ControlAnimationGrabAttach_UnityEvents,4,7.28111498694755,Clean
ControlAnimationGrabAttachEvent,0,7.28111498694755,Clean
VRTK_ControllerEvents_UnityEvents,6,7.28111498694755,Clean
ControllerInteractionEvent,1,7.28111498694755,Clean
VRTK_ControllerRigidbodyActivator_UnityEvents,3,7.28111498694755,Clean
ControllerRigidbodyActivatorEvent,0,7.28111498694755,Clean
VRTK_ControllerTooltips_UnityEvents,3,7.28111498694755,Clean
ControllerTooltipsEvent,0,7.28111498694755,Clean
VRTK_DashTeleport_UnityEvents,3,7.28111498694755,Clean
DashTeleportEvent,0,7.28111498694755,Clean
VRTK_DestinationMarker_UnityEvents,4,7.28111498694755,Clean
DestinationMarkerEvent,1,7.28111498694755,Clean
VRTK_DestinationPoint_UnityEvents,5,7.28111498694755,Clean
DestinationPointEvent,0,7.28111498694755,Clean
VRTK_HeadsetCollision_UnityEvents,3,7.28111498694755,Clean
HeadsetCollisionEvent,0,7.28111498694755,Clean
VRTK_HeadsetControllerAware_UnityEvents,4,7.28111498694755,Clean
HeadsetControllerAwareEvent,0,7.28111498694755,Clean
VRTK_HeadsetFade_UnityEvents,4,7.28111498694755,Clean
HeadsetFadeEvent,0,7.28111498694755,Clean
VRTK_InteractableObject_UnityEvents,6,7.28111498694755,Clean
InteractableObjectEvent,0,7.28111498694755,Clean
VRTK_InteractControllerAppearance_UnityEvents,6,7.28111498694755,Clean
InteractControllerAppearanceEvent,0,7.28111498694755,Clean
VRTK_InteractGrab_UnityEvents,5,7.28111498694755,Clean
ObjectInteractEvent,1,7.28111498694755,Clean
VRTK_InteractHaptics_UnityEvents,4,7.28111498694755,Clean
InteractHapticsEvent,0,7.28111498694755,Clean
VRTK_InteractNearTouch_UnityEvents,3,7.28111498694755,Clean
VRTK_InteractObjectAppearance_UnityEvents,4,7.28111498694755,Clean
InteractObjectAppearanceEvent,0,7.28111498694755,Clean
VRTK_InteractObjectHighlighter_UnityEvents,3,7.28111498694755,Clean
InteractObjectHighlighterEvent,0,7.28111498694755,Clean
VRTK_InteractTouch_UnityEvents,5,7.28111498694755,Clean
VRTK_InteractUse_UnityEvents,5,7.28111498694755,Clean
VRTK_MoveTransformGrabAttach_UnityEvents,6,7.28111498694755,Clean
MoveTransformGrabAttachEvent,0,7.28111498694755,Clean
VRTK_ObjectAutoGrab_UnityEvents,1,7.28111498694755,Clean
ObjectAutoGrabEvent,0,7.28111498694755,Clean
VRTK_ObjectControl_UnityEvents,3,7.28111498694755,Clean
ObjectControlEvent,0,7.28111498694755,Clean
VRTK_ObjectTooltip_UnityEvents,3,7.28111498694755,Clean
ObjectTooltipEvent,0,7.28111498694755,Clean
VRTK_PlayAreaCursor_UnityEvents,3,7.28111498694755,Clean
PlayAreaCursorEvent,0,7.28111498694755,Clean
VRTK_PlayerClimb_UnityEvents,3,7.28111498694755,Clean
PlayerClimbEvent,0,7.28111498694755,Clean
VRTK_Pointer_UnityEvents,5,7.28111498694755,Clean
VRTK_PointerDirectionIndicator_UnityEvents,1,7.28111498694755,Clean
PointerDirectionIndicatorEvent,0,7.28111498694755,Clean
VRTK_PositionRewind_UnityEvents,1,7.28111498694755,Clean
PositionRewindEvent,0,7.28111498694755,Clean
VRTK_RotateTransformGrabAttach_UnityEvents,5,7.28111498694755,Clean
RotateTransformGrabAttachEvent,0,7.28111498694755,Clean
VRTK_SDKManager_UnityEvents,1,7.28111498694755,Clean
LoadedSetupChangeEvent,0,7.28111498694755,Clean
VRTK_SDKSetup_UnityEvents,3,7.28111498694755,Clean
LoadEvent,0,7.28111498694755,Clean
VRTK_SlingshotJump_UnityEvents,1,7.28111498694755,Clean
SlingshotJumpEvent,0,7.28111498694755,Clean
VRTK_SnapDropZone_UnityEvents,4,7.28111498694755,Clean
SnapDropZoneEvent,0,7.28111498694755,Clean
VRTK_UIDraggableItem_UnityEvents,3,7.28111498694755,Clean
UIDraggableItemEvent,0,7.28111498694755,Clean
VRTK_UIPointer_UnityEvents,6,7.28111498694755,Clean
UIPointerEvent,0,7.28111498694755,Clean
VRTK_UnityEvents<T>,1,7.28111498694755,Clean
InteractionSourceExtensions,1,7.28111498694755,Clean
WindowsApiChecker,1,7.28111498694755,Clean
VRTKExample_FixSetupEditor,0,7.28111498694755,Clean
MinMaxRangeDrawer,3,7.28111498694755,Clean
ObsoleteInspectorDrawer,0,7.28111498694755,Clean
Limits2DDrawer,0,7.28111498694755,Clean
Vector3StateDrawer,0,7.28111498694755,Clean
VRTK_AdaptiveQualityEditor,3,7.28111498694755,Clean
VRTK_EditorUtilities,5,7.28111498694755,Clean
VRTK_InteractHapticsEditor,2,7.28111498694755,Clean
VRTK_NavMeshDataEditor,2,7.28111498694755,Clean
VRTK_ObjectSetup,5,7.28111498694755,Clean
PrimaryGrab,0,7.28111498694755,Clean
SecondaryGrab,0,7.28111498694755,Clean
VRTK_PolicyListEditor,1,7.28111498694755,Clean
VRTK_RadialMenuEditor,0,7.28111498694755,Clean
VRTK_SDKManagerEditor,4,7.28111498694755,Clean
VRTK_SDKSetupEditor,5,7.28111498694755,Clean
SDKSetupGameObjectsDisabler,2,7.28111498694755,Clean
VRTK_SupportInfoWindow,5,7.28111498694755,Clean
SerializedPropertyExtensions,4,7.28111498694755,Clean
