Component,Threshold,Cutoff,Status
BuildConfiguration,2,7.231442072673946,Clean
IGenerateOrderedBuildLists,1,7.231442072673946,Clean
BuildOrderHandler,5,7.231442072673946,Clean
IBuildSessionRunner,3,7.231442072673946,Clean
BuildSessionRunner,7,7.231442072673946,Clean
IAssemblyChangedProvider,0,7.231442072673946,Clean
IPreProcessBuildruns,4,7.231442072673946,Clean
MSBuildOutputParser,7,7.231442072673946,Clean
MSTestCrossPlatformPreProcessor,7,7.231442072673946,Clean
MSTestSwitcharoo,6,7.231442072673946,Clean
NullBuildPreProcessor,4,7.231442072673946,Clean
IBuildRunner,2,7.231442072673946,Clean
MSBuildRunner,7,7.231442072673946,Clean
ISolutionParser,2,7.231442072673946,Clean
SolutionCrawler,8,7.231442072673946,Fault_proner
ProjectCrawler,7,7.231442072673946,Clean
FileType,1,7.231442072673946,Clean
ProjectFile,3,7.231442072673946,Clean
ICache,5,7.231442072673946,Clean
ICreate,2,7.231442072673946,Clean
IReload,2,7.231442072673946,Clean
IPrepare,2,7.231442072673946,Clean
IRecord,2,7.231442072673946,Clean
Cache,8,7.231442072673946,Fault_proner
ProjectReferenceParser,5,7.231442072673946,Clean
XmlPath,4,7.231442072673946,Clean
ProjectReloader,6,7.231442072673946,Clean
ProjectFactory,1,7.231442072673946,Clean
ProjectPreparer,7,7.231442072673946,Clean
IProjectParser,2,7.231442072673946,Clean
Project,7,7.231442072673946,Clean
ProjectDocument,8,7.231442072673946,Fault_proner
ProjectType,1,7.231442072673946,Clean
ProjectParser,7,7.231442072673946,Clean
BuildItem,9,7.231442072673946,Fault_proner
IItem,1,7.231442072673946,Clean
IMergeRunResults,4,7.231442072673946,Clean
IRunResultCache,3,7.231442072673946,Clean
RunResultCache,9,7.231442072673946,Fault_proner
RunResultCacheDeltas,8,7.231442072673946,Fault_proner
TestItem,9,7.231442072673946,Fault_proner
CodeEditor,2,7.231442072673946,Clean
ConfigurationFailureArgument,1,7.231442072673946,Clean
CoreSection,7,7.231442072673946,Clean
DIContainer,8,7.231442072673946,Fault_proner
IConfiguration,6,7.231442072673946,Clean
IServiceLocator,3,7.231442072673946,Clean
ServiceLocator,5,7.231442072673946,Clean
BootStrapper,8,7.231442072673946,Fault_proner
Config,8,7.231442072673946,Fault_proner
ConfigItem<T>,4,7.231442072673946,Clean
IHandleDelayedConfiguration,2,7.231442072673946,Clean
DelayedConfigurer,2,7.231442072673946,Clean
DefaultConfigurationLocator,3,7.231442072673946,Clean
LocalAppDataConfigurationLocator,6,7.231442072673946,Clean
ILocateWriteLocation,2,7.231442072673946,Clean
Debug,8,7.231442072673946,Fault_proner
IWriteDebugInfo,4,7.231442072673946,Clean
DebugWriter,7,7.231442072673946,Clean
ConsoleWriter,4,7.231442072673946,Clean
ICustomIgnoreProvider,2,7.231442072673946,Clean
IWatchPathLocator,2,7.231442072673946,Clean
NullIgnoreProvider,1,7.231442072673946,Clean
PathParser,6,7.231442072673946,Clean
WatchPathLocator,7,7.231442072673946,Clean
FileChangeType,0,7.231442072673946,Clean
DirectoryWatcher,8,7.231442072673946,Fault_proner
FileSystemService,5,7.231442072673946,Clean
IFileSystemService,4,7.231442072673946,Clean
IWatchValidator,2,7.231442072673946,Clean
WatchValidator,7,7.231442072673946,Clean
IDirectoryWatcher,4,7.231442072673946,Clean
ICrawlForProjectFiles,2,7.231442072673946,Clean
ProjectFileCrawler,2,7.231442072673946,Clean
PathParsing,1,7.231442072673946,Clean
AssemblyParser,2,7.231442072673946,Clean
IRetrieveAssemblyIdentifiers,2,7.231442072673946,Clean
FSharpLocator,4,7.231442072673946,Clean
CSharpLocator,4,7.231442072673946,Clean
ILocateProjects,1,7.231442072673946,Clean
VisualBasicLocator,4,7.231442072673946,Clean
ApplicatonLauncher,7,7.231442072673946,Clean
MonoDevelopLauncher,5,7.231442072673946,Clean
EditorEngineLauncher,8,7.231442072673946,Fault_proner
InstanceLocator,6,7.231442072673946,Clean
IApplicatonLauncher,2,7.231442072673946,Clean
IOverridingConsumer,4,7.231442072673946,Clean
IConsumerOf,3,7.231442072673946,Clean
FileChangeMessageEventArgs,1,7.231442072673946,Clean
RunStartedMessageEventArgs,2,7.231442072673946,Clean
RunFinishedMessageEventArgs,2,7.231442072673946,Clean
InformationMessageEventArgs,2,7.231442072673946,Clean
WarningMessageEventArgs,2,7.231442072673946,Clean
ErrorMessageEventArgs,2,7.231442072673946,Clean
BuildMessageEventArgs,2,7.231442072673946,Clean
TestRunMessageEventArgs,2,7.231442072673946,Clean
RunInformationMessageEventArgs,2,7.231442072673946,Clean
ExternalCommandArgs,1,7.231442072673946,Clean
LiveTestFeedbackArgs,1,7.231442072673946,Clean
IMessageBus,3,7.231442072673946,Clean
IMessageConsumer,1,7.231442072673946,Clean
MessageBus,8,7.231442072673946,Fault_proner
BinaryFileChangeConsumer,7,7.231442072673946,Clean
BuildListGenerator,7,7.231442072673946,Clean
IGenerateBuildList,2,7.231442072673946,Clean
IPrioritizeProjects,2,7.231442072673946,Clean
ILocateRemovedTests,3,7.231442072673946,Clean
ISolutionChangeConsumer,2,7.231442072673946,Clean
PreProcessedTesRuns,2,7.231442072673946,Clean
ProjectChangeConsumer,8,7.231442072673946,Fault_proner
FileChangeConsumer,7,7.231442072673946,Clean
ProjectPrioritizer,7,7.231442072673946,Clean
RemovedTestsLocator,8,7.231442072673946,Fault_proner
SolutionChangeConsumer,7,7.231442072673946,Clean
TestRunInfoMerger,7,7.231442072673946,Clean
TestRunInfo,9,7.231442072673946,Fault_proner
AssemblyChangeConsumer,8,7.231442072673946,Fault_proner
BuildOptimizer,7,7.231442072673946,Clean
TestToRun,2,7.231442072673946,Clean
RunInfo,7,7.231442072673946,Clean
IOptimizeBuildConfiguration,3,7.231442072673946,Clean
PhpFileChangeConsumer,8,7.231442072673946,Fault_proner
RecursiveRunCauseConsumer,5,7.231442072673946,Clean
GrowlNotifier,8,7.231442072673946,Fault_proner
SnarlNotifier,8,7.231442072673946,Fault_proner
NotificationType,1,7.231442072673946,Clean
ISendNotifications,2,7.231442072673946,Clean
notify_sendNotifier,6,7.231442072673946,Clean
NullNotifier,2,7.231442072673946,Clean
OS,4,7.231442072673946,Clean
IMessageProxy,2,7.231442072673946,Clean
MessageProxy,7,7.231442072673946,Clean
InformationFeedbackPresenter,6,7.231442072673946,Clean
IInformationFeedbackPresenter,3,7.231442072673946,Clean
IInformationFeedbackView,3,7.231442072673946,Clean
IRunFeedbackPresenter,3,7.231442072673946,Clean
IRunFeedbackView,4,7.231442072673946,Clean
RunFeedbackPresenter,8,7.231442072673946,Fault_proner
CecilReflectionProvider,8,7.231442072673946,Fault_proner
TypeReferenceExtensions,0,7.231442072673946,Clean
TypeDefenitionExtensions,0,7.231442072673946,Clean
ITestRunner,2,7.231442072673946,Clean
OnDemandRunInternal,3,7.231442072673946,Clean
OnDemandRunAppender,6,7.231442072673946,Clean
IOnDemanTestrunPreprocessor,2,7.231442072673946,Clean
OnDemanTestrunPreprocessor,7,7.231442072673946,Clean
StringExtensions,2,7.231442072673946,Clean
NUnitStackLine,8,7.231442072673946,Fault_proner
TestRunValidator,6,7.231442072673946,Clean
IDetermineIfAssemblyShouldBeTested,2,7.231442072673946,Clean
IPreProcessTestruns,3,7.231442072673946,Clean
NullPreProcessor,3,7.231442072673946,Clean
RunFailedTestsFirstPreProcessor,7,7.231442072673946,Clean
AutoTestTestRunner,7,7.231442072673946,Clean
AutoTestRunnerFeedback,8,7.231442072673946,Fault_proner
IExternalProcess,2,7.231442072673946,Clean
ExitCode,0,7.231442072673946,Clean
HiddenExternalProcess,2,7.231442072673946,Clean
IMSpecCommandLineBuilder,2,7.231442072673946,Clean
MSpecCommandLineBuilder,7,7.231442072673946,Clean
MSpecReportParser,7,7.231442072673946,Clean
Assembly,2,7.231442072673946,Clean
ContextSpecification,3,7.231442072673946,Clean
Specification,3,7.231442072673946,Clean
Result,2,7.231442072673946,Clean
EnumerableExtensions,0,7.231442072673946,Clean
MSpecTestRunner,7,7.231442072673946,Clean
Run,6,7.231442072673946,Clean
MSTestResponseParser,8,7.231442072673946,Fault_proner
MSTestRunConfigParser,7,7.231442072673946,Clean
MSTestRunner,7,7.231442072673946,Clean
MSTestStackLine,7,7.231442072673946,Clean
NUnitTestResponseParser,8,7.231442072673946,Fault_proner
NUnitTestRunner,7,7.231442072673946,Clean
XUnitTestRunner,7,7.231442072673946,Clean
RunnerExe,4,7.231442072673946,Clean
MaxCmdLengthCalculator,3,7.231442072673946,Clean
ProjectRebuildMarker,7,7.231442072673946,Clean
IMarkProjectsForRebuild,2,7.231442072673946,Clean
IncomingMessageArgs,1,7.231442072673946,Clean
SocketClient,7,7.231442072673946,Clean
Instance,5,7.231442072673946,Clean
PhpUnitRunner,6,7.231442072673946,Clean
PhpUnitParseErrorParser,5,7.231442072673946,Clean
JUnitXmlParser,5,7.231442072673946,Clean
StackLine,2,7.231442072673946,Clean
PhpRunHandler,7,7.231442072673946,Clean
PhpUnitLiveParser,6,7.231442072673946,Clean
PhpFileConventionMatcher,5,7.231442072673946,Clean
ProcessExtensions,6,7.231442072673946,Clean
