Component,Threshold,Cutoff,Status
AssemblyMissingException,2,9.22971145767696,Clean
BaseCollection<T>,5,9.22971145767696,Clean
BaseCollectionEnumerator<TE>,3,9.22971145767696,Clean
BaseList<T>,4,9.22971145767696,Clean
QualifiedTypeName,4,9.22971145767696,Clean
ReadOnlyException,1,9.22971145767696,Clean
ReflectionHelper,1,9.22971145767696,Clean
SerializationFormatter,3,9.22971145767696,Clean
SerializationMap,7,9.22971145767696,Clean
SerializationMapEntry,5,9.22971145767696,Clean
SerializeAttribute,2,9.22971145767696,Clean
TypeNameManager,4,9.22971145767696,Clean
XmlConstants,4,9.22971145767696,Clean
XmlDeserializer,6,9.22971145767696,Clean
XmlHelper,5,9.22971145767696,Clean
XmlSerializer,4,9.22971145767696,Clean
ObjectXmlReferences,3,9.22971145767696,Clean
CloneableEM,0,9.22971145767696,Clean
SerializeExtent,5,9.22971145767696,Clean
Resources,1,9.22971145767696,Clean
Settings,1,9.22971145767696,Clean
DimensionType,1,9.22971145767696,Clean
FeatureType,1,9.22971145767696,Clean
Angle,5,9.22971145767696,Clean
BufferStyle,1,9.22971145767696,Clean
PrecisionModelType,1,9.22971145767696,Clean
LocationType,1,9.22971145767696,Clean
Ordinate,1,9.22971145767696,Clean
Coordinate,9,9.22971145767696,Clean
CoordinateArrays,6,9.22971145767696,Clean
BidirectionalComparator,1,9.22971145767696,Clean
ForwardComparator,1,9.22971145767696,Clean
CoordinateArraySequence,7,9.22971145767696,Clean
Enumerator,7,9.22971145767696,Clean
CoordinateF,6,9.22971145767696,Clean
CoordinateList,5,9.22971145767696,Clean
CoordinateListSequence,8,9.22971145767696,Clean
CoordinateMismatchException,0,9.22971145767696,Clean
Dimension,2,9.22971145767696,Clean
GeometryType,0,9.22971145767696,Clean
ShapeGeometryType,1,9.22971145767696,Clean
VectorFieldType,0,9.22971145767696,Clean
VectorGeometryType,0,9.22971145767696,Clean
Envelope,8,9.22971145767696,Clean
EnvelopeExt,5,9.22971145767696,Clean
EnumerableExt,0,9.22971145767696,Clean
InsufficientDimensionsException,1,9.22971145767696,Clean
FloatVector3,6,9.22971145767696,Clean
Geometry,10,9.22971145767696,Fault_proner
GeometryChangedFilter,1,9.22971145767696,Clean
GeometryCollection,9,9.22971145767696,Clean
GeometryCollectionNotSupportedException,0,9.22971145767696,Clean
GeometryFactory,9,9.22971145767696,Clean
AnonymousCoordinateOperationImpl,1,9.22971145767696,Clean
IBasicGeometry,4,9.22971145767696,Clean
IBasicLineString,3,9.22971145767696,Clean
IBasicPoint,2,9.22971145767696,Clean
IBasicPolygon,4,9.22971145767696,Clean
ICoordinate,3,9.22971145767696,Clean
ICoordinateF,1,9.22971145767696,Clean
ICoordinateFilter,2,9.22971145767696,Clean
ICoordinateSequence,5,9.22971145767696,Clean
ICoordinateSequenceFactory,3,9.22971145767696,Clean
IEnvelope,5,9.22971145767696,Clean
IGeometry,8,9.22971145767696,Clean
IGeometryCollection,4,9.22971145767696,Clean
IGeometryComponentFilter,2,9.22971145767696,Clean
IGeometryFactory,7,9.22971145767696,Clean
IGeometryFilter,2,9.22971145767696,Clean
IIntersectionMatrix,6,9.22971145767696,Clean
ILinearRing,3,9.22971145767696,Clean
ILineSegment,8,9.22971145767696,Clean
ILineSegmentBase,3,9.22971145767696,Clean
ILineString,5,9.22971145767696,Clean
IMatrix,2,9.22971145767696,Clean
IMatrix4,4,9.22971145767696,Clean
IMatrixD,4,9.22971145767696,Clean
IMultiLineString,3,9.22971145767696,Clean
IMultiPoint,3,9.22971145767696,Clean
IMultiPolygon,3,9.22971145767696,Clean
IntersectionMatrix,7,9.22971145767696,Clean
IOverlay,2,9.22971145767696,Clean
IPoint,3,9.22971145767696,Clean
IPolygon,4,9.22971145767696,Clean
IRectangle,2,9.22971145767696,Clean
IRelate,4,9.22971145767696,Clean
ISize,2,9.22971145767696,Clean
IVector,4,9.22971145767696,Clean
IVectorD,4,9.22971145767696,Clean
LinearRing,8,9.22971145767696,Clean
LineSegment,9,9.22971145767696,Clean
LineString,9,9.22971145767696,Clean
Location,0,9.22971145767696,Clean
Matrix4,6,9.22971145767696,Clean
MatrixD,8,9.22971145767696,Clean
MultiLineString,8,9.22971145767696,Clean
MultiPoint,8,9.22971145767696,Clean
MultiPolygon,8,9.22971145767696,Clean
Point,8,9.22971145767696,Clean
Polygon,8,9.22971145767696,Clean
PolygonException,0,9.22971145767696,Clean
PrecisionModel,8,9.22971145767696,Clean
SizeD,3,9.22971145767696,Clean
TopologyException,3,9.22971145767696,Clean
Triangle,1,9.22971145767696,Clean
UnsupportedGeometryException,0,9.22971145767696,Clean
Vector,8,9.22971145767696,Clean
TopologyText,3,9.22971145767696,Clean
ClassNotSupportedException,0,9.22971145767696,Clean
ShouldNeverReachHereException,0,9.22971145767696,Clean
BeBinaryReader,4,9.22971145767696,Clean
BeBinaryWriter,4,9.22971145767696,Clean
ByteOrder,1,9.22971145767696,Clean
CoordinateArraySequenceFactory,4,9.22971145767696,Clean
CoordinateListSequenceFactory,4,9.22971145767696,Clean
WkbReader,6,9.22971145767696,Clean
GmlWriter,6,9.22971145767696,Clean
GeometryEditor,6,9.22971145767696,Clean
CoordinateOperation,4,9.22971145767696,Clean
IGeometryEditorOperation,2,9.22971145767696,Clean
GeometryTransformer,7,9.22971145767696,Clean
LinearComponentExtracter,5,9.22971145767696,Clean
PointExtracter,4,9.22971145767696,Clean
PolygonExtracter,4,9.22971145767696,Clean
ShortCircuitedGeometryVisitor,4,9.22971145767696,Clean
WkbGeometryType,1,9.22971145767696,Clean
WkbWriter,5,9.22971145767696,Clean
WktWriter,5,9.22971145767696,Clean
Assert,4,9.22971145767696,Clean
AssertionFailedException,1,9.22971145767696,Clean
CollectionUtil,3,9.22971145767696,Clean
Global,0,9.22971145767696,Clean
HexConverter,3,9.22971145767696,Clean
UniqueCoordinateArrayFilter,2,9.22971145767696,Clean
Depth,6,9.22971145767696,Clean
DirectedEdge,9,9.22971145767696,Clean
DirectedEdgeStar,8,9.22971145767696,Clean
Edge,9,9.22971145767696,Clean
EdgeEnd,9,9.22971145767696,Clean
EdgeEndStar,8,9.22971145767696,Clean
EdgeIntersection,6,9.22971145767696,Clean
EdgeIntersectionList,7,9.22971145767696,Clean
EdgeList,7,9.22971145767696,Clean
EdgeNodingValidator,3,9.22971145767696,Clean
EdgeRing,9,9.22971145767696,Clean
GeometryGraph,9,9.22971145767696,Clean
GraphComponent,8,9.22971145767696,Clean
Label,7,9.22971145767696,Clean
Node,9,9.22971145767696,Clean
NodeFactory,3,9.22971145767696,Clean
NodeMap,7,9.22971145767696,Clean
PlanarGraph,8,9.22971145767696,Clean
PositionType,1,9.22971145767696,Clean
Position,1,9.22971145767696,Clean
QuadrantOp,5,9.22971145767696,Clean
TopologyLocation,6,9.22971145767696,Clean
TwoHorizontalEdgesException,0,9.22971145767696,Clean
EdgeSetIntersector,2,9.22971145767696,Clean
MonotoneChain,2,9.22971145767696,Clean
MonotoneChainEdge,8,9.22971145767696,Clean
MonotoneChainIndexer,3,9.22971145767696,Clean
SegmentIntersector,8,9.22971145767696,Clean
SimpleEdgeSetIntersector,5,9.22971145767696,Clean
SimpleMcSweepLineIntersector,6,9.22971145767696,Clean
SimpleSweepLineIntersector,6,9.22971145767696,Clean
SweepLineEvent,6,9.22971145767696,Clean
SweepLineSegment,3,9.22971145767696,Clean
CentroidArea,6,9.22971145767696,Clean
CentroidLine,3,9.22971145767696,Clean
CentroidPoint,3,9.22971145767696,Clean
CgAlgorithms,8,9.22971145767696,Clean
ConvexHull,6,9.22971145767696,Clean
RadialComparator,4,9.22971145767696,Clean
HCoordinate,5,9.22971145767696,Clean
InteriorPointArea,6,9.22971145767696,Clean
InteriorPointLine,5,9.22971145767696,Clean
InteriorPointPoint,3,9.22971145767696,Clean
IntersectionType,1,9.22971145767696,Clean
IPointInRing,1,9.22971145767696,Clean
LineIntersector,9,9.22971145767696,Clean
McPointInRing,6,9.22971145767696,Clean
McSelecter,3,9.22971145767696,Clean
MinimumDiameter,7,9.22971145767696,Clean
NonRobustCgAlgorithms,4,9.22971145767696,Clean
NonRobustLineIntersector,6,9.22971145767696,Clean
NotRepresentableException,0,9.22971145767696,Clean
PointLocator,6,9.22971145767696,Clean
RobustDeterminant,3,9.22971145767696,Clean
RobustLineIntersector,6,9.22971145767696,Clean
SimplePointInAreaLocator,5,9.22971145767696,Clean
SimplePointInRing,3,9.22971145767696,Clean
SiRtreePointInRing,6,9.22971145767696,Clean
ArrayListVisitor,2,9.22971145767696,Clean
IIndexVisitor,0,9.22971145767696,Clean
IItemVisitor,2,9.22971145767696,Clean
ISpatialIndex,4,9.22971145767696,Clean
Bintree,6,9.22971145767696,Clean
Interval,6,9.22971145767696,Clean
Key,5,9.22971145767696,Clean
Node_duplicated,8,9.22971145767696,Clean
NodeBase,8,9.22971145767696,Clean
Root,4,9.22971145767696,Clean
MonotoneChain_duplicated,8,9.22971145767696,Clean
MonotoneChainBuilder,6,9.22971145767696,Clean
MonotoneChainOverlapAction,5,9.22971145767696,Clean
MonotoneChainSelectAction,4,9.22971145767696,Clean
FarthestNeighborList,6,9.22971145767696,Clean
HPoint,7,9.22971145767696,Clean
HRect,6,9.22971145767696,Clean
KdNode,7,9.22971145767696,Clean
KdTree,6,9.22971145767696,Clean
KeyDuplicateException,0,9.22971145767696,Clean
KeyMissingException,0,9.22971145767696,Clean
KeySizeException,0,9.22971145767696,Clean
NearestNeighborList,5,9.22971145767696,Clean
NeighborsOutOfRangeException,0,9.22971145767696,Clean
PriorityQueue,5,9.22971145767696,Clean
NegativeArgumentException,0,9.22971145767696,Clean
DoubleBits,6,9.22971145767696,Clean
IntervalSize,1,9.22971145767696,Clean
Key_duplicated,5,9.22971145767696,Clean
Node_duplicated_duplicated,8,9.22971145767696,Clean
NodeBase_duplicated,8,9.22971145767696,Clean
Quadtree,8,9.22971145767696,Clean
Root_duplicated,4,9.22971145767696,Clean
AbstractNode,6,9.22971145767696,Clean
AbstractStRtree,7,9.22971145767696,Clean
IIntersectsOp,2,9.22971145767696,Clean
IBoundable,3,9.22971145767696,Clean
Interval_duplicated,5,9.22971145767696,Clean
ItemBoundable,2,9.22971145767696,Clean
SiRtree,8,9.22971145767696,Clean
AnnonymousComparerImpl,1,9.22971145767696,Clean
AnonymousAbstractNodeImpl,6,9.22971145767696,Clean
AnonymousIntersectsOpImpl,3,9.22971145767696,Clean
StRtree,8,9.22971145767696,Clean
AnonymousXComparerImpl,2,9.22971145767696,Clean
AnonymousYComparerImpl,2,9.22971145767696,Clean
ISweepLineOverlapAction,1,9.22971145767696,Clean
SweepLineEvent_duplicated,6,9.22971145767696,Clean
SweepLineEventType,0,9.22971145767696,Clean
SweepLineIndex,5,9.22971145767696,Clean
SweepLineInterval,3,9.22971145767696,Clean
INoder,2,9.22971145767696,Clean
IntersectionAdder,8,9.22971145767696,Clean
IntersectionFinderAdder,6,9.22971145767696,Clean
InvalidOctantException,0,9.22971145767696,Clean
ISegmentIntersector,2,9.22971145767696,Clean
IteratedNoder,6,9.22971145767696,Clean
McIndexNoder,9,9.22971145767696,Clean
SegmentOverlapAction,3,9.22971145767696,Clean
NodingValidator,5,9.22971145767696,Clean
OctantDirection,1,9.22971145767696,Clean
Octant,3,9.22971145767696,Clean
OrientedCoordinateArray,4,9.22971145767696,Clean
ScaledNoder,8,9.22971145767696,Clean
SegmentNode,7,9.22971145767696,Clean
SegmentNodeList,7,9.22971145767696,Clean
NodeVertexIterator,7,9.22971145767696,Clean
SegmentPointComparator,5,9.22971145767696,Clean
SegmentString,7,9.22971145767696,Clean
SegmentStringDissolver,6,9.22971145767696,Clean
ISegmentStringMerger,0,9.22971145767696,Clean
SimpleNoder,5,9.22971145767696,Clean
SinglePassNoder,5,9.22971145767696,Clean
HotPixel,8,9.22971145767696,Clean
McIndexPointSnapper,4,9.22971145767696,Clean
HotPixelSnapAction,5,9.22971145767696,Clean
QueryVisitor,3,9.22971145767696,Clean
McIndexSnapRounder,7,9.22971145767696,Clean
SimpleSnapRounder,6,9.22971145767696,Clean
BufferBuilder,6,9.22971145767696,Clean
BufferOp,7,9.22971145767696,Clean
BufferSubgraph,7,9.22971145767696,Clean
OffsetCurveBuilder,8,9.22971145767696,Clean
OffsetCurveSetBuilder,5,9.22971145767696,Clean
RightmostEdgeFinder,5,9.22971145767696,Clean
SubgraphDepthLocater,5,9.22971145767696,Clean
DepthSegment,4,9.22971145767696,Clean
ConnectedElementLocationFilter,4,9.22971145767696,Clean
ConnectedElementPointFilter,4,9.22971145767696,Clean
DistanceOp,6,9.22971145767696,Clean
GeometryLocation,3,9.22971145767696,Clean
GeometryGraphOperation,6,9.22971145767696,Clean
IsSimpleOp,5,9.22971145767696,Clean
EndpointInfo,2,9.22971145767696,Clean
EdgeString,4,9.22971145767696,Clean
LineMergeDirectedEdge,4,9.22971145767696,Clean
LineMergeEdge,3,9.22971145767696,Clean
LineMergeGraph,2,9.22971145767696,Clean
LineMerger,6,9.22971145767696,Clean
AnonymousGeometryComponentFilterImpl,3,9.22971145767696,Clean
EdgeSetNoder,2,9.22971145767696,Clean
LineBuilder,6,9.22971145767696,Clean
MaximalEdgeRing,5,9.22971145767696,Clean
MinimalEdgeRing,4,9.22971145767696,Clean
OverlayNodeFactory,2,9.22971145767696,Clean
SpatialFunction,1,9.22971145767696,Clean
OverlayOp,9,9.22971145767696,Clean
PointBuilder,4,9.22971145767696,Clean
PolygonBuilder,7,9.22971145767696,Clean
DuplicateEdgeException,0,9.22971145767696,Clean
EdgeRing_duplicated,8,9.22971145767696,Clean
LineStringAdder,3,9.22971145767696,Clean
NullEdgeException,0,9.22971145767696,Clean
PolygonizeDirectedEdge,4,9.22971145767696,Clean
PolygonizeEdge,3,9.22971145767696,Clean
PolygonizeGraph,6,9.22971145767696,Clean
Polygonizer,7,9.22971145767696,Clean
RectangleContains,5,9.22971145767696,Clean
RectangleIntersects,5,9.22971145767696,Clean
EnvelopeIntersectsVisitor,5,9.22971145767696,Clean
ContainsPointVisitor,5,9.22971145767696,Clean
LineIntersectsVisitor,5,9.22971145767696,Clean
SegmentIntersectionTester,3,9.22971145767696,Clean
EdgeEndBuilder,6,9.22971145767696,Clean
EdgeEndBundle,7,9.22971145767696,Clean
EdgeEndBundleStar,3,9.22971145767696,Clean
RelateComputer,6,9.22971145767696,Clean
RelateNode,5,9.22971145767696,Clean
RelateNodeFactory,2,9.22971145767696,Clean
RelateNodeGraph,5,9.22971145767696,Clean
RelateOp,4,9.22971145767696,Clean
ConnectedInteriorTester,6,9.22971145767696,Clean
ConsistentAreaTester,3,9.22971145767696,Clean
IsValidOp,7,9.22971145767696,Clean
QuadtreeNestedRingTester,7,9.22971145767696,Clean
RepeatedPointTester,5,9.22971145767696,Clean
ShellHoleIdentityException,0,9.22971145767696,Clean
SimpleNestedRingTester,5,9.22971145767696,Clean
SweeplineNestedRingTester,6,9.22971145767696,Clean
OverlapAction,4,9.22971145767696,Clean
TopologyValidationError,5,9.22971145767696,Clean
TopologyValidationErrorType,1,9.22971145767696,Clean
ConnectedSubgraphFinder,5,9.22971145767696,Clean
DirectedEdge_duplicated,10,9.22971145767696,Fault_proner
DirectedEdgeStar_duplicated,7,9.22971145767696,Clean
Edge_duplicated,9,9.22971145767696,Clean
GraphComponent_duplicated,6,9.22971145767696,Clean
Node_duplicated_duplicated_duplicated,8,9.22971145767696,Clean
NodeMap_duplicated,5,9.22971145767696,Clean
PlanarGraph_duplicated,8,9.22971145767696,Clean
Subgraph,5,9.22971145767696,Clean
CommonBits,5,9.22971145767696,Clean
CommonBitsOp,5,9.22971145767696,Clean
CommonBitsRemover,5,9.22971145767696,Clean
CommonCoordinateFilter,3,9.22971145767696,Clean
Translater,2,9.22971145767696,Clean
EnhancedPrecisionOp,5,9.22971145767696,Clean
SimpleGeometryPrecisionReducer,5,9.22971145767696,Clean
PrecisionReducerCoordinateOperation,4,9.22971145767696,Clean
DouglasPeuckerLineSimplifier,4,9.22971145767696,Clean
DouglasPeuckerSimplifier,5,9.22971145767696,Clean
DpTransformer,4,9.22971145767696,Clean
LineSegmentIndex,4,9.22971145767696,Clean
LineSegmentVisitor,4,9.22971145767696,Clean
TaggedLineSegment,5,9.22971145767696,Clean
TaggedLinesSimplifier,2,9.22971145767696,Clean
TaggedLineString,7,9.22971145767696,Clean
TaggedLineStringSimplifier,7,9.22971145767696,Clean
TopologyPreservingSimplifier,6,9.22971145767696,Clean
LineStringMapBuilderFilter,3,9.22971145767696,Clean
LineStringTransformer,2,9.22971145767696,Clean
Fortune,6,9.22971145767696,Clean
HashSet<T>,5,9.22971145767696,Clean
MathTools,3,9.22971145767696,Clean
Vector2,6,9.22971145767696,Clean
VEvent,2,9.22971145767696,Clean
VDataEvent,3,9.22971145767696,Clean
VCircleEvent,6,9.22971145767696,Clean
VNode,7,9.22971145767696,Clean
VDataNode,2,9.22971145767696,Clean
VEdgeNode,3,9.22971145767696,Clean
VoronoiEdge,6,9.22971145767696,Clean
VoronoiGraph,1,9.22971145767696,Clean
AuthorityCodeHandler,5,9.22971145767696,Clean
AuxiliarySphereType,1,9.22971145767696,Clean
DatNadTable,5,9.22971145767696,Clean
DatumTransform,7,9.22971145767696,Clean
TransformMethod,1,9.22971145767696,Clean
DatumTransformStage,7,9.22971145767696,Clean
GridShiftTableFormat,1,9.22971145767696,Clean
GsbNadTable,6,9.22971145767696,Clean
ICoordinateSystemCategoryHolder,2,9.22971145767696,Clean
IDatumTransform,1,9.22971145767696,Clean
IDatumTransformStage,2,9.22971145767696,Clean
LasLosNadTable,5,9.22971145767696,Clean
LlaNadTable,6,9.22971145767696,Clean
ProjCloneableEM,0,9.22971145767696,Clean
IProjDescriptor,2,9.22971145767696,Clean
IProjMatchable,2,9.22971145767696,Clean
IProjRandomizable,1,9.22971145767696,Clean
ProjMatchableEM,0,9.22971145767696,Clean
AngularUnit,6,9.22971145767696,Clean
CoordinateSystemCategory,6,9.22971145767696,Clean
ProjCopyBase,5,9.22971145767696,Clean
Datum,9,9.22971145767696,Clean
DatumType,1,9.22971145767696,Clean
ProjDescriptor,7,9.22971145767696,Clean
GeocentricGeodetic,6,9.22971145767696,Clean
GeographicInfo,8,9.22971145767696,Clean
GeographicSystems,6,9.22971145767696,Clean
GridShift,6,9.22971145767696,Clean
IEsriString,1,9.22971145767696,Clean
IProjectionCategory,1,9.22971145767696,Clean
IReproject,0,9.22971145767696,Clean
KnownCoordinateSystems,3,9.22971145767696,Clean
LinearUnit,7,9.22971145767696,Clean
Meridian,7,9.22971145767696,Clean
MeridionalDistance,5,9.22971145767696,Clean
NadTable,9,9.22971145767696,Clean
NadTables,5,9.22971145767696,Clean
PhiLam,1,9.22971145767696,Clean
Proj4Datum,1,9.22971145767696,Clean
Proj4Ellipsoid,2,9.22971145767696,Clean
Proj4Meridian,1,9.22971145767696,Clean
ProjectedSystems,6,9.22971145767696,Clean
ProjectionException,4,9.22971145767696,Clean
ProjectionInfo,9,9.22971145767696,Clean
InvalidEsriFormatException,1,9.22971145767696,Clean
ProjectionMessages,3,9.22971145767696,Clean
ProjectionNames,1,9.22971145767696,Clean
Reproject,6,9.22971145767696,Clean
Spheroid,8,9.22971145767696,Clean
ProjShallowCopy,1,9.22971145767696,Clean
Africa,5,9.22971145767696,Clean
Antarctica,4,9.22971145767696,Clean
Asia,5,9.22971145767696,Clean
Australia,4,9.22971145767696,Clean
CountySystems,5,9.22971145767696,Clean
Europe,6,9.22971145767696,Clean
NorthAmerica,6,9.22971145767696,Clean
Oceans,5,9.22971145767696,Clean
SolarSystem,5,9.22971145767696,Clean
SouthAmerica,5,9.22971145767696,Clean
SpheroidBased,5,9.22971145767696,Clean
World,6,9.22971145767696,Clean
Africa_duplicated,3,9.22971145767696,Clean
Asia_duplicated,4,9.22971145767696,Clean
Europe_duplicated,4,9.22971145767696,Clean
GaussKrugerBeijing1954,5,9.22971145767696,Clean
GaussKrugerOther,5,9.22971145767696,Clean
GaussKrugerPulkovo1942,5,9.22971145767696,Clean
GaussKrugerPulkovo1995,5,9.22971145767696,Clean
KrugerXian1980,5,9.22971145767696,Clean
Minnesota,5,9.22971145767696,Clean
Nad1983IntlFeet,3,9.22971145767696,Clean
NationalGrids,6,9.22971145767696,Clean
NationalGridsAustralia,5,9.22971145767696,Clean
NationalGridsCanada,6,9.22971145767696,Clean
NationalGridsIndia,5,9.22971145767696,Clean
NationalGridsJapan,5,9.22971145767696,Clean
NationalGridsNewZealand,5,9.22971145767696,Clean
NationalGridsNorway,5,9.22971145767696,Clean
NationalGridsSweden,5,9.22971145767696,Clean
NorthAmerica_duplicated,5,9.22971145767696,Clean
Polar,6,9.22971145767696,Clean
SouthAmerica_duplicated,2,9.22971145767696,Clean
SpheroidBased_duplicated,1,9.22971145767696,Clean
StatePlaneNad1927,6,9.22971145767696,Clean
StatePlaneNad1983,6,9.22971145767696,Clean
StatePlaneNad1983Feet,6,9.22971145767696,Clean
StatePlaneNad1983Harn,5,9.22971145767696,Clean
StatePlaneNad1983HarnFeet,5,9.22971145767696,Clean
StatePlaneOther,5,9.22971145767696,Clean
StateSystems,6,9.22971145767696,Clean
TransverseMercatorSystems,3,9.22971145767696,Clean
UtmNad1927,5,9.22971145767696,Clean
UtmNad1983,5,9.22971145767696,Clean
UtmOther,5,9.22971145767696,Clean
UtmWgs1972,5,9.22971145767696,Clean
UtmWgs1984,6,9.22971145767696,Clean
Wisconsin,5,9.22971145767696,Clean
World_duplicated,6,9.22971145767696,Clean
WorldSpheroid,6,9.22971145767696,Clean
Aitoff,1,9.22971145767696,Clean
AlbersConicEqualArea,1,9.22971145767696,Clean
AlbersEqualArea,8,9.22971145767696,Clean
AnalyticModes,1,9.22971145767696,Clean
AzimuthalEquidistant,6,9.22971145767696,Clean
BipolarObliqueConformalConic,6,9.22971145767696,Clean
Bonne,6,9.22971145767696,Clean
Cassini,6,9.22971145767696,Clean
DoubleStereographic,6,9.22971145767696,Clean
Extensions,1,9.22971145767696,Clean
GaussKruger,1,9.22971145767696,Clean
HotineObliqueMercatorAzimuthNaturalOrigin,6,9.22971145767696,Clean
MercatorAuxiliarySphere,5,9.22971145767696,Clean
CrasterParabolic,3,9.22971145767696,Clean
CylindricalEqualArea,5,9.22971145767696,Clean
Eckert1,2,9.22971145767696,Clean
Eckert2,3,9.22971145767696,Clean
Eckert3,2,9.22971145767696,Clean
Eckert4,4,9.22971145767696,Clean
Eckert5,2,9.22971145767696,Clean
Eckert6,1,9.22971145767696,Clean
EllipticalTransform,4,9.22971145767696,Clean
EquidistantConic,6,9.22971145767696,Clean
EquidistantCylindrical,3,9.22971145767696,Clean
Factors,3,9.22971145767696,Clean
Foucaut,1,9.22971145767696,Clean
GallStereographic,2,9.22971145767696,Clean
Gauss,6,9.22971145767696,Clean
GeneralSinusoidal,1,9.22971145767696,Clean
GeostationarySatellite,6,9.22971145767696,Clean
Gnomonic,5,9.22971145767696,Clean
GoodeHomolosine,5,9.22971145767696,Clean
HammerAitoff,3,9.22971145767696,Clean
HotineObliqueMercatorAzimuthCenter,6,9.22971145767696,Clean
ITransform,5,9.22971145767696,Clean
Kavraisky5,1,9.22971145767696,Clean
Kavraisky7,2,9.22971145767696,Clean
KnownTransform,1,9.22971145767696,Clean
Krovak,4,9.22971145767696,Clean
LambertAzimuthalEqualArea,6,9.22971145767696,Clean
LambertConformalConic,6,9.22971145767696,Clean
LambertEqualAreaConic,1,9.22971145767696,Clean
LongLat,4,9.22971145767696,Clean
Loximuthal,4,9.22971145767696,Clean
McBrydeThomasFlatPolarSine,1,9.22971145767696,Clean
Mercator,5,9.22971145767696,Clean
MillerCylindrical,2,9.22971145767696,Clean
Mollweide,8,9.22971145767696,Clean
NewZealandMapGrid,6,9.22971145767696,Clean
ObliqueCylindricalEqualArea,5,9.22971145767696,Clean
ObliqueMercator,7,9.22971145767696,Clean
ObliqueStereographicAlternative,6,9.22971145767696,Clean
Orthographic,5,9.22971145767696,Clean
Polyconic,6,9.22971145767696,Clean
Proj,5,9.22971145767696,Clean
PutinsP1,2,9.22971145767696,Clean
QuarticAuthalic,6,9.22971145767696,Clean
Robinson,5,9.22971145767696,Clean
Sinusoidal,8,9.22971145767696,Clean
Stereographic,7,9.22971145767696,Clean
StereographicNorthPole,1,9.22971145767696,Clean
SwissObliqueMercator,6,9.22971145767696,Clean
Transform,9,9.22971145767696,Clean
Modes,1,9.22971145767696,Clean
TransformManager,6,9.22971145767696,Clean
TransverseMercator,7,9.22971145767696,Clean
TwoPointEquidistant,6,9.22971145767696,Clean
UniversalPolarStereographic,2,9.22971145767696,Clean
UniversalTransverseMercator,2,9.22971145767696,Clean
VanderGrinten1,5,9.22971145767696,Clean
Wagner4,1,9.22971145767696,Clean
Wagner5,1,9.22971145767696,Clean
Wagner6,2,9.22971145767696,Clean
Winkel1,3,9.22971145767696,Clean
Winkel2,3,9.22971145767696,Clean
WinkelTripel,3,9.22971145767696,Clean
MemberInfoExtensions,1,9.22971145767696,Clean
