Component,Threshold,Cutoff,Status
FormattedDatabaseTraceListenerData,8,7.853077763613184,Fault_proner
FormattedDatabaseTraceListenerAssembler,3,7.853077763613184,Clean
FormattedDatabaseTraceListener,8,7.853077763613184,Fault_proner
AddExceptionTypeNodeCommand,6,7.853077763613184,Clean
ExceptionHandlingCommandRegistrar,6,7.853077763613184,Clean
ExceptionHandlingNodeMapRegistrar,4,7.853077763613184,Clean
ExceptionHandlingSettingsBuilder,6,7.853077763613184,Clean
ExceptionHandlingSettingsNodeBuilder,6,7.853077763613184,Clean
CustomHandlerNode,8,7.853077763613184,Fault_proner
ExceptionHandlerNode,3,7.853077763613184,Clean
ExceptionHandlingConfigurationDesignManager,6,7.853077763613184,Clean
ExceptionHandlingSettingsNode,3,7.853077763613184,Clean
ExceptionPolicyNode,4,7.853077763613184,Clean
ExceptionTypeNode,9,7.853077763613184,Fault_proner
ReplaceHandlerNode,8,7.853077763613184,Fault_proner
WrapHandlerNode,8,7.853077763613184,Fault_proner
Resources,4,7.853077763613184,Clean
AddLoggingExceptionHandlerCommand,5,7.853077763613184,Clean
ExceptionHandlingLoggingCommandRegistrar,5,7.853077763613184,Clean
ExceptionHandlingLoggingConfigurationDesignManager,5,7.853077763613184,Clean
ExceptionHandlingLoggingNodeMapRegistrar,4,7.853077763613184,Clean
LoggingExceptionHandlerNode,9,7.853077763613184,Fault_proner
Resources_duplicated,4,7.853077763613184,Clean
AddConnectionStringSettingsNodeCommand,4,7.853077763613184,Clean
AddConnectionStringsSectionNodeCommand,4,7.853077763613184,Clean
AddDatabaseSectionNodeCommand,7,7.853077763613184,Clean
ConnectionStringNameValuePair,4,7.853077763613184,Clean
ConnectionStringParser,4,7.853077763613184,Clean
ConnectionStringsCommandRegistrar,6,7.853077763613184,Clean
ConnectionStringSettingsNode,7,7.853077763613184,Clean
ConnectionStringsSectionNode,3,7.853077763613184,Clean
ConnectionStringsConfigurationDesignManager,6,7.853077763613184,Clean
AddOracleConnectionElementNodeCommand,4,7.853077763613184,Clean
ConnectionStringsSectionBuilder,5,7.853077763613184,Clean
ConnectionStringsSectionNodeBuilder,6,7.853077763613184,Clean
DatabaseSectionBuilder,5,7.853077763613184,Clean
DatabaseSectionNodeBuilder,5,7.853077763613184,Clean
IDatabaseProviderName,1,7.853077763613184,Clean
OracleConnectionSettingsBuilder,5,7.853077763613184,Clean
OracleConnectionNodeBuilder,6,7.853077763613184,Clean
DataCommandRegistrar,5,7.853077763613184,Clean
OracleConnectionCommandRegistrar,5,7.853077763613184,Clean
ParameterNode,4,7.853077763613184,Clean
ProviderMappingNode,7,7.853077763613184,Clean
OracleConnectionConfigurationDesignManager,6,7.853077763613184,Clean
DatabaseSectionNode,9,7.853077763613184,Fault_proner
DataConfigurationDesignManager,6,7.853077763613184,Clean
OracleConnectionElementNode,3,7.853077763613184,Clean
OraclePackageElementNode,7,7.853077763613184,Clean
ProviderMappingsNode,3,7.853077763613184,Clean
ProviderEditor,4,7.853077763613184,Clean
ProviderEditorUI,5,7.853077763613184,Clean
Resources_duplicated_duplicated,4,7.853077763613184,Clean
AddSecuritySettingsNodeCommand,4,7.853077763613184,Clean
CustomAuthorizationProviderNode,8,7.853077763613184,Fault_proner
AuthorizationProviderCollectionNode,3,7.853077763613184,Clean
AuthorizationProviderNode,3,7.853077763613184,Clean
AuthorizationRuleNode,7,7.853077763613184,Clean
AuthorizationRuleProviderNode,5,7.853077763613184,Clean
CustomSecurityCacheProviderNode,8,7.853077763613184,Fault_proner
ExpressionEditor,5,7.853077763613184,Clean
ExpressionEditorFormUI,7,7.853077763613184,Clean
Identity,3,7.853077763613184,Clean
ExpressionTextBox,7,7.853077763613184,Clean
NativeMethods,3,7.853077763613184,Clean
CHARFORMAT2,2,7.853077763613184,Clean
PARAFORMAT2,2,7.853077763613184,Clean
SecurityCacheProviderCollectionNode,3,7.853077763613184,Clean
SecurityCacheProviderNode,3,7.853077763613184,Clean
SecurityCommandRegistrar,6,7.853077763613184,Clean
SecurityConfigurationDesignManager,6,7.853077763613184,Clean
SecurityNodeMapRegistrar,4,7.853077763613184,Clean
SecuritySettingsBuilder,6,7.853077763613184,Clean
SecuritySettingsNode,9,7.853077763613184,Fault_proner
SecuritySettingsNodeBuilder,7,7.853077763613184,Clean
UnderlineColor,1,7.853077763613184,Clean
UnderlineStyle,1,7.853077763613184,Clean
ValidExpressionAttribute,5,7.853077763613184,Clean
Resources_duplicated_duplicated_duplicated,4,7.853077763613184,Clean
AddCachingStoreProviderNodeCommand,5,7.853077763613184,Clean
CachingStoreProviderNode,9,7.853077763613184,Fault_proner
SecurityCacheCachingStoreCommandRegistrar,5,7.853077763613184,Clean
SecurityCacheCachingStoreConfigurationDesignManager,5,7.853077763613184,Clean
SecurityCacheCachingStoreNodeMapRegistrar,4,7.853077763613184,Clean
Resources_duplicated_duplicated_duplicated_duplicated,4,7.853077763613184,Clean
AddDataCacheStorageCommand,5,7.853077763613184,Clean
CachingDatabaseConfigurationDesignManager,5,7.853077763613184,Clean
DataCacheStorageCommandRegistrar,5,7.853077763613184,Clean
DataCacheStorageNode,9,7.853077763613184,Fault_proner
DataCacheStorageNodeMapRegistrar,4,7.853077763613184,Clean
Resources_duplicated_duplicated_duplicated_duplicated_duplicated,4,7.853077763613184,Clean
AddSymmetricStorageEncryptionCommand,5,7.853077763613184,Clean
CachingCryptographyConfigurationDesignManager,5,7.853077763613184,Clean
SymmetricStorageEncryptionCommandRegistrar,5,7.853077763613184,Clean
SymmetricStorageEncryptionProviderNode,9,7.853077763613184,Fault_proner
SymmetricStorageEncryptionNodeMapRegistrar,4,7.853077763613184,Clean
Resources_duplicated_duplicated_duplicated_duplicated_duplicated_duplicated,4,7.853077763613184,Clean
AddCryptographySettingsNodeCommand,5,7.853077763613184,Clean
AddHashAlgorithmProviderNodeCommand,6,7.853077763613184,Clean
AddSymmetricAlgorithmProviderNodeCommand,6,7.853077763613184,Clean
ChooseDataProtectionScopeControl,5,7.853077763613184,Clean
ChooseKeyFileControl,6,7.853077763613184,Clean
CreateNewKeyControl,8,7.853077763613184,Fault_proner
CryptographicKeyWizard,8,7.853077763613184,Fault_proner
CryptographyCommandRegistrar,6,7.853077763613184,Clean
CryptographicKeyWizardStep,1,7.853077763613184,Clean
CryptographyManagerSettingsBuilder,5,7.853077763613184,Clean
CryptographyManagerSettingsNodeBuilder,7,7.853077763613184,Clean
CryptographyNodeMapRegistrar,4,7.853077763613184,Clean
CryptographySettingsNode,9,7.853077763613184,Fault_proner
CustomHashProviderNode,9,7.853077763613184,Fault_proner
CustomSymmetricCryptoProviderNode,8,7.853077763613184,Fault_proner
DpapiSymmetricCryptoProviderNode,6,7.853077763613184,Clean
ExportKeyCommand,5,7.853077763613184,Clean
ExportKeyControl,7,7.853077763613184,Clean
ExportKeyUI,6,7.853077763613184,Clean
HashAlgorithmProviderNode,8,7.853077763613184,Fault_proner
HashProviderCollectionNode,3,7.853077763613184,Clean
HashProviderNode,3,7.853077763613184,Clean
ICryptographicKeyConfigurationNode,3,7.853077763613184,Clean
IKeyCreator,3,7.853077763613184,Clean
ImportArchivedKeyControl,7,7.853077763613184,Clean
IWizardValidationTarget,1,7.853077763613184,Clean
KeyedHashAlgorithmKeyCreator,7,7.853077763613184,Clean
KeyedHashAlgorithmProviderNode,7,7.853077763613184,Clean
KeyManagerEditor,5,7.853077763613184,Clean
OpenExistingKeyFileControl,6,7.853077763613184,Clean
ProtectedKeySettings,8,7.853077763613184,Fault_proner
SecurityCryptographyConfigurationDesignManager,6,7.853077763613184,Clean
SupplyKeyControl,5,7.853077763613184,Clean
SupplyKeyMethod,0,7.853077763613184,Clean
SymmetricAlgorithmKeyCreator,7,7.853077763613184,Clean
SymmetricAlgorithmProviderNode,8,7.853077763613184,Fault_proner
SymmetricCryptoProviderCollectionNode,3,7.853077763613184,Clean
SymmetricCryptoProviderNode,3,7.853077763613184,Clean
Resources_duplicated_duplicated_duplicated_duplicated_duplicated_duplicated_duplicated,4,7.853077763613184,Clean
