Component,Threshold,Cutoff,Status
AffineTransform,8,7.3810595567867034,Fault_proner
BoundingBox3,9,7.3810595567867034,Fault_proner
ClientMeshBuffers,8,7.3810595567867034,Fault_proner
Settings,1,7.3810595567867034,Clean
_NoDeviceSupportException,0,7.3810595567867034,Clean
ClientBuffer,5,7.3810595567867034,Clean
Guard,6,7.3810595567867034,Clean
ReferenceComparer<T>,3,7.3810595567867034,Clean
_StaticBufferBuilder,7,7.3810595567867034,Clean
MeshCollectionBuilder<T>,6,7.3810595567867034,Clean
MeshBuilder,7,7.3810595567867034,Clean
MeshPrimitiveBuilder,7,7.3810595567867034,Clean
_DataBuffer,7,7.3810595567867034,Clean
Range,8,7.3810595567867034,Fault_proner
_Extensions,4,7.3810595567867034,Clean
"ChildrenCollection<T,TParent>",6,7.3810595567867034,Clean
_CollectionDebugView<T>,1,7.3810595567867034,Clean
IChildOf,2,7.3810595567867034,Clean
LinqDictionary,6,7.3810595567867034,Clean
"SingleChild<T,TParent>",3,7.3810595567867034,Clean
VertexAttributeAttribute,2,7.3810595567867034,Clean
StaticVertex_PosNrm,2,7.3810595567867034,Clean
StaticVertex_PosNrmTanTx0,2,7.3810595567867034,Clean
VertexBufferBuilder<TVertex>,3,7.3810595567867034,Clean
"MeshBuilder<TBaseVertex,TMorphVertex>",5,7.3810595567867034,Clean
_Triangle,2,7.3810595567867034,Clean
IAnimatable,2,7.3810595567867034,Clean
_AnimationSampler,7,7.3810595567867034,Clean
_AnimScaleSampler,5,7.3810595567867034,Clean
_AnimTranslationSampler,4,7.3810595567867034,Clean
_AnimRotationSampler,4,7.3810595567867034,Clean
_AnimMorphSampler,6,7.3810595567867034,Clean
_AnimationChannel,7,7.3810595567867034,Clean
Animation,6,7.3810595567867034,Clean
AttributeInfo,9,7.3810595567867034,Fault_proner
_CollectionComparer,2,7.3810595567867034,Clean
_ByteOffsetComparer,1,7.3810595567867034,Clean
BufferUsage,1,7.3810595567867034,Clean
BufferView,7,7.3810595567867034,Clean
Factory,6,7.3810595567867034,Clean
FactoryObject,3,7.3810595567867034,Clean
Material,8,7.3810595567867034,Fault_proner
MaterialChannel,4,7.3810595567867034,Clean
ModelRoot,8,7.3810595567867034,Fault_proner
NodeContainer,7,7.3810595567867034,Clean
Scene,5,7.3810595567867034,Clean
Node,7,7.3810595567867034,Clean
NodeContent,2,7.3810595567867034,Clean
_Schema2Builder,8,7.3810595567867034,Fault_proner
_Schema2Parser,8,7.3810595567867034,Fault_proner
TextureSampling,0,7.3810595567867034,Clean
TextureWrap,1,7.3810595567867034,Clean
TextureInterpolation,1,7.3810595567867034,Clean
Texture,4,7.3810595567867034,Clean
ImageBuffer,3,7.3810595567867034,Clean
IndexBuffer,5,7.3810595567867034,Clean
NullIndexBuffer,3,7.3810595567867034,Clean
DeviceIndexBuffer,4,7.3810595567867034,Clean
IndexBuffer32,3,7.3810595567867034,Clean
Mesh,4,7.3810595567867034,Clean
MeshPrimitive,9,7.3810595567867034,Fault_proner
SkinJoint,2,7.3810595567867034,Clean
SkinnedMeshModifier,6,7.3810595567867034,Clean
VertexBuffer,9,7.3810595567867034,Fault_proner
DeviceVertexBuffer,9,7.3810595567867034,Fault_proner
EditableVertexBuffer,9,7.3810595567867034,Fault_proner
_ScalarIndexer,2,7.3810595567867034,Clean
_Vector2Indexer,2,7.3810595567867034,Clean
_Vector3Indexer,2,7.3810595567867034,Clean
_Vector4Indexer,2,7.3810595567867034,Clean
PackedType,1,7.3810595567867034,Clean
DimensionType,1,7.3810595567867034,Clean
_IntegerNormalizationExtensions,4,7.3810595567867034,Clean
PackedEncoding,9,7.3810595567867034,Fault_proner
_ByteScalar,8,7.3810595567867034,Fault_proner
_ByteVector2,8,7.3810595567867034,Fault_proner
_ByteVector4,6,7.3810595567867034,Clean
_U8Encoding,4,7.3810595567867034,Clean
_S8Encoding,4,7.3810595567867034,Clean
_U16Encoding,4,7.3810595567867034,Clean
_S16Encoding,4,7.3810595567867034,Clean
_U32Encoding,4,7.3810595567867034,Clean
_S32Encoding,4,7.3810595567867034,Clean
_F32Encoding,4,7.3810595567867034,Clean
_NormU8Encoding,4,7.3810595567867034,Clean
_NormS8Encoding,4,7.3810595567867034,Clean
_NormU16Encoding,4,7.3810595567867034,Clean
_NormS16Encoding,4,7.3810595567867034,Clean
DimensionEncoding,0,7.3810595567867034,Clean
IPackedIndexer,1,7.3810595567867034,Clean
IntegerIndexer,4,7.3810595567867034,Clean
ScalarIndexer,6,7.3810595567867034,Clean
Vector2Reader,5,7.3810595567867034,Clean
Vector3Indexer,7,7.3810595567867034,Clean
Vector4Indexer,5,7.3810595567867034,Clean
QuaternionIndexer,6,7.3810595567867034,Clean
Matrix4x4Indexer,6,7.3810595567867034,Clean
MaterialPBRSpecularGlossiness_KHR,6,7.3810595567867034,Clean
MaterialUnlit_KHR,1,7.3810595567867034,Clean
glb,7,7.3810595567867034,Clean
Accessor,9,7.3810595567867034,Fault_proner
AccessorSparse,7,7.3810595567867034,Clean
AccessorSparseIndices,7,7.3810595567867034,Clean
AccessorSparseValues,7,7.3810595567867034,Clean
ModelRoot_duplicated,9,7.3810595567867034,Fault_proner
Animation_duplicated,9,7.3810595567867034,Fault_proner
AnimationChannelTarget,8,7.3810595567867034,Fault_proner
AnimationChannel,9,7.3810595567867034,Fault_proner
AnimationSampler,9,7.3810595567867034,Fault_proner
Buffer,8,7.3810595567867034,Fault_proner
BufferView_duplicated,9,7.3810595567867034,Fault_proner
_DebugView,1,7.3810595567867034,Clean
ModelException,5,7.3810595567867034,Clean
ExtensionsFactory,3,7.3810595567867034,Clean
IndexType,1,7.3810595567867034,Clean
ComponentType,1,7.3810595567867034,Clean
ElementType,1,7.3810595567867034,Clean
PathType,1,7.3810595567867034,Clean
AnimationInterpolationMode,1,7.3810595567867034,Clean
BufferMode,1,7.3810595567867034,Clean
CameraType,0,7.3810595567867034,Clean
AlphaMode,0,7.3810595567867034,Clean
PrimitiveType,1,7.3810595567867034,Clean
TextureInterpolationMode,1,7.3810595567867034,Clean
TextureMipMapMode,1,7.3810595567867034,Clean
TextureWrapMode,1,7.3810595567867034,Clean
LogicalChildOfRoot,8,7.3810595567867034,Fault_proner
Asset,6,7.3810595567867034,Clean
CameraOrthographic,3,7.3810595567867034,Clean
CameraPerspective,3,7.3810595567867034,Clean
Camera,4,7.3810595567867034,Clean
Image,9,7.3810595567867034,Fault_proner
TextureInfo,6,7.3810595567867034,Clean
MaterialPBRMetallicRoughness,7,7.3810595567867034,Clean
MaterialNormalTextureInfo,4,7.3810595567867034,Clean
MaterialOcclusionTextureInfo,4,7.3810595567867034,Clean
Material_duplicated,9,7.3810595567867034,Fault_proner
MeshPrimitive_duplicated,9,7.3810595567867034,Fault_proner
Mesh_duplicated,8,7.3810595567867034,Fault_proner
Node_duplicated,9,7.3810595567867034,Fault_proner
Sampler,8,7.3810595567867034,Fault_proner
Scene_duplicated,9,7.3810595567867034,Fault_proner
Skin,9,7.3810595567867034,Fault_proner
Texture_duplicated,5,7.3810595567867034,Clean
MaterialChannelView,6,7.3810595567867034,Clean
glTFProperty,9,7.3810595567867034,Fault_proner
IVisualNodeContainer,3,7.3810595567867034,Clean
ReadSettings,1,7.3810595567867034,Clean
WriteSettings,3,7.3810595567867034,Clean
JsonSerializable,6,7.3810595567867034,Clean
_JSonSerializationExtensions,4,7.3810595567867034,Clean
_Extensions_duplicated,5,7.3810595567867034,Clean
