Component,Threshold,Cutoff,Status
DeviceIdProfileAttributeId,2,7.685559190957763,Clean
HidProfileAttributeId,3,7.685559190957763,Clean
UniversalAttributeId,5,7.685559190957763,Clean
ServiceDiscoveryServerAttributeId,2,7.685559190957763,Clean
BrowseGroupDescriptorAttributeId,1,7.685559190957763,Clean
ObexAttributeId,3,7.685559190957763,Clean
BasicPrintingProfileAttributeId,3,7.685559190957763,Clean
PersonalAreaNetworkingProfileAttributeId,2,7.685559190957763,Clean
HeadsetProfileAttributeId,1,7.685559190957763,Clean
HandsFreeProfileAttributeId,3,7.685559190957763,Clean
HealthDeviceAttributeId,2,7.685559190957763,Clean
BluesoleilClient,9,7.685559190957763,Fault_proner
BluesoleilDeviceInfo,9,7.685559190957763,Fault_proner
BlueSoleilSocketException,5,7.685559190957763,Clean
BluesoleilFactory,9,7.685559190957763,Fault_proner
BluesoleilInquiry,3,7.685559190957763,Clean
Records,5,7.685559190957763,Clean
BluesoleilRadio,7,7.685559190957763,Clean
BluesoleilSecurity,6,7.685559190957763,Clean
DeviceAndPin,1,7.685559190957763,Clean
BlueSoleilSerialPortNetworkStream,8,7.685559190957763,Fault_proner
State,0,7.685559190957763,Clean
BluesoleilUtils,6,7.685559190957763,Clean
BtSdkError,2,7.685559190957763,Clean
IBluesoleilApi,6,7.685559190957763,Clean
IBluesoleilConnection,2,7.685559190957763,Clean
ISerialPortWrapper,4,7.685559190957763,Clean
SerialPortWrapper,4,7.685559190957763,Clean
NativeMethods,4,7.685559190957763,Clean
NullBluesoleilConnection,2,7.685559190957763,Clean
RealBluesoleilApi,5,7.685559190957763,Clean
SerialPortNetworkStream,8,7.685559190957763,Fault_proner
StackConsts,3,7.685559190957763,Clean
BTSDK_BTSTATUS,0,7.685559190957763,Clean
BTSDK_CONNROLE,0,7.685559190957763,Clean
CallbackType,1,7.685559190957763,Clean
DiscoveryMode,1,7.685559190957763,Clean
ConnectionEventType,0,7.685559190957763,Clean
CallbackResult,0,7.685559190957763,Clean
AttributeLookup,1,7.685559190957763,Clean
COMM_SET,1,7.685559190957763,Clean
Structs,1,7.685559190957763,Clean
BtSdkLocalLMPInfoStru,3,7.685559190957763,Clean
BtSdkCallbackStru,5,7.685559190957763,Clean
BtSdkAppExtSPPAttrStru,6,7.685559190957763,Clean
BtSdkSPPConnParamStru,2,7.685559190957763,Clean
BtSdkSDPSearchPatternStru,2,7.685559190957763,Clean
UuidTypeMask,0,7.685559190957763,Clean
BtSdkRemoteServiceAttrStru,4,7.685559190957763,Clean
BtSdkRmtSPPSvcExtAttrStru,1,7.685559190957763,Clean
BtSdkConnectionPropertyStru,3,7.685559190957763,Clean
BtSdkRmtDISvcExtAttrStru,1,7.685559190957763,Clean
BtSdkRemoteDevicePropertyStru,3,7.685559190957763,Clean
Mask,1,7.685559190957763,Clean
BtSdkRemoteLMPInfoStru,3,7.685559190957763,Clean
BtSdkRmtHidSvcExtAttrStru_HACK,1,7.685559190957763,Clean
BluezError,0,7.685559190957763,Clean
BluezL2capEndPoint,8,7.685559190957763,Fault_proner
BluezRfcommEndPoint,8,7.685559190957763,Fault_proner
BluezSocketOptionHelper,7,7.685559190957763,Clean
NativeMethods_duplicated,4,7.685559190957763,Clean
SdpSessionSafeHandle,2,7.685559190957763,Clean
StackConsts_duplicated,3,7.685559190957763,Clean
IREQ_int,0,7.685559190957763,Clean
SdpType_uint8_t,1,7.685559190957763,Clean
SdpRecordRegisterFlags,0,7.685559190957763,Clean
SdpConnectFlags,0,7.685559190957763,Clean
sdp_attrreq_type_t,0,7.685559190957763,Clean
RFCOMM_LM,0,7.685559190957763,Clean
Structs_duplicated,2,7.685559190957763,Clean
inquiry_info,1,7.685559190957763,Clean
hci_version,2,7.685559190957763,Clean
uuid_t,4,7.685559190957763,Clean
TestUuids,1,7.685559190957763,Clean
sdp_list_t,1,7.685559190957763,Clean
sdp_lang_attr_t,1,7.685559190957763,Clean
sdp_record_t,1,7.685559190957763,Clean
sdp_data_struct__Bytes,5,7.685559190957763,Clean
sdp_data_struct__Debug,0,7.685559190957763,Clean
sdp_data_struct__uuid_t,2,7.685559190957763,Clean
sdp_session_t_Real,1,7.685559190957763,Clean
rfcomm_conninfo,1,7.685559190957763,Clean
StructUtils,0,7.685559190957763,Clean
BluetoothConnector,7,7.685559190957763,Clean
RaiseConnectParams,1,7.685559190957763,Clean
BeginConnectState,2,7.685559190957763,Clean
BeginFillInPortState,2,7.685559190957763,Clean
BluetoothFactory,9,7.685559190957763,Fault_proner
BluetoothRfcommStreamConnector,8,7.685559190957763,Fault_proner
CommonBluetoothClient,9,7.685559190957763,Fault_proner
CommonBluetoothInquiry<TInquiryEventItemType>,6,7.685559190957763,Clean
InquiryTimeoutParams,2,7.685559190957763,Clean
CommonBluetoothListener,9,7.685559190957763,Fault_proner
AcceptedPort,3,7.685559190957763,Clean
RaiseAcceptParams,1,7.685559190957763,Clean
CommonDiscoveryBluetoothClient,9,7.685559190957763,Fault_proner
CommonRfcommStream,9,7.685559190957763,Fault_proner
State_duplicated,0,7.685559190957763,Clean
BeginReadParameters,3,7.685559190957763,Clean
FooSocketExceptions,0,7.685559190957763,Clean
CommonSocketExceptions,4,7.685559190957763,Clean
WidcommSocketException,4,7.685559190957763,Clean
NoResultCodeWidcommSocketException,2,7.685559190957763,Clean
DecoratorNetworkStream,6,7.685559190957763,Clean
SocketPair,5,7.685559190957763,Clean
DiscoDevsParams,5,7.685559190957763,Clean
IBluetoothClient,6,7.685559190957763,Clean
IBluetoothDeviceInfo,5,7.685559190957763,Clean
IBluetoothFactoryFactory,0,7.685559190957763,Clean
IBluetoothListener,6,7.685559190957763,Clean
IBluetoothRadio,3,7.685559190957763,Clean
IBluetoothSecurity,5,7.685559190957763,Clean
IL2CapClient,3,7.685559190957763,Clean
IUsesBluetoothConnectorImplementsServiceLookup,2,7.685559190957763,Clean
RfcommDecoratorNetworkStream,2,7.685559190957763,Clean
TimeoutDecorStream,5,7.685559190957763,Clean
CommonSocketExceptions_duplicated,3,7.685559190957763,Clean
WidcommSocketException_duplicated,5,7.685559190957763,Clean
NoResultCodeWidcommSocketException_duplicated,3,7.685559190957763,Clean
IBtIf,6,7.685559190957763,Clean
IRfCommIf,5,7.685559190957763,Clean
BTM_SEC,1,7.685559190957763,Clean
IRfcommPort,6,7.685559190957763,Clean
PORT_RETURN_CODE,1,7.685559190957763,Clean
PORT_EV,2,7.685559190957763,Clean
ISdpDiscoveryRecordsBuffer,4,7.685559190957763,Clean
ISdpService,4,7.685559190957763,Clean
L2CapIf,6,7.685559190957763,Clean
L2CapPort,9,7.685559190957763,Fault_proner
L2CapDisconnectReason,0,7.685559190957763,Clean
SdpDiscoveryRecordsBuffer,8,7.685559190957763,Fault_proner
NativeMethods_duplicated_duplicated,5,7.685559190957763,Clean
SdpDiscoveryRecordsBufferBase,9,7.685559190957763,Fault_proner
SimpleInfo,3,7.685559190957763,Clean
SdpService,7,7.685559190957763,Clean
SDP_RETURN_CODE,1,7.685559190957763,Clean
DESC_TYPE,1,7.685559190957763,Clean
WidcommBluetoothClient,8,7.685559190957763,Fault_proner
WidcommBluetoothDeviceInfo,9,7.685559190957763,Fault_proner
WidcommBluetoothFactoryBase,6,7.685559190957763,Clean
WidcommBluetoothFactory,9,7.685559190957763,Fault_proner
WidcommBluetoothListener,7,7.685559190957763,Clean
WidcommBluetoothRadio,7,7.685559190957763,Clean
WidcommBluetoothSecurity,7,7.685559190957763,Clean
WidcommBtIf,7,7.685559190957763,Clean
MY32FEET_AutoReconnectErrors,0,7.685559190957763,Clean
LoadLibraryExFlags,1,7.685559190957763,Clean
LibraryStatus,0,7.685559190957763,Clean
DISCOVERY_RESULT,1,7.685559190957763,Clean
REM_DEV_INFO_RETURN_CODE,1,7.685559190957763,Clean
BOND_RETURN_CODE,1,7.685559190957763,Clean
BOND_RETURN_CODE__BTW,0,7.685559190957763,Clean
BOND_RETURN_CODE__WCE,0,7.685559190957763,Clean
STACK_STATUS,0,7.685559190957763,Clean
WidcommBtInterface,7,7.685559190957763,Clean
WidcommInquiry,4,7.685559190957763,Clean
SdpSearchScope,1,7.685559190957763,Clean
ServiceDiscoveryParams,3,7.685559190957763,Clean
WidcommL2CapClient,9,7.685559190957763,Fault_proner
MyL2CapEvent,0,7.685559190957763,Clean
WidcommL2CapStream,4,7.685559190957763,Clean
WidcommL2CapListener,8,7.685559190957763,Fault_proner
WidcommNativeBits,0,7.685559190957763,Clean
SDK_RETURN_CODE,1,7.685559190957763,Clean
RemoteDeviceState,0,7.685559190957763,Clean
WidcommPlaying,6,7.685559190957763,Clean
WidcommPortSingleThreader,8,7.685559190957763,Fault_proner
StCommand,8,7.685559190957763,Fault_proner
ExitCommand,1,7.685559190957763,Clean
PortCommand,5,7.685559190957763,Clean
PortWriteCommand,6,7.685559190957763,Clean
PortCreateCommand,2,7.685559190957763,Clean
OpenServerCommand,5,7.685559190957763,Clean
OpenClientCommand,5,7.685559190957763,Clean
PortCloseCommand,4,7.685559190957763,Clean
MiscNoReturnCommand,3,7.685559190957763,Clean
MiscReturnCommand<TResult>,4,7.685559190957763,Clean
WidcommRfCommIf,6,7.685559190957763,Clean
WidcommRfcommInterface,6,7.685559190957763,Clean
WidcommRfcommPort,8,7.685559190957763,Fault_proner
WidcommRfcommStream,2,7.685559190957763,Clean
WidcommRfcommStreamBase,9,7.685559190957763,Fault_proner
IsConnectedResult,2,7.685559190957763,Clean
WidcommSdpServiceCreator,7,7.685559190957763,Clean
WidcommSerialPort,6,7.685559190957763,Clean
WidcommSocketExceptions,4,7.685559190957763,Clean
GenericReturnCodeWidcommSocketException<T>,6,7.685559190957763,Clean
REM_DEV_INFO_RETURN_CODE_WidcommSocketException,0,7.685559190957763,Clean
PORT_RETURN_CODE_WidcommSocketException,0,7.685559190957763,Clean
DISCOVERY_RESULT_WidcommSocketException,0,7.685559190957763,Clean
SDP_RETURN_CODE_WidcommSocketException,0,7.685559190957763,Clean
WidcommSppClient,7,7.685559190957763,Clean
SPP_STATE_CODE,1,7.685559190957763,Clean
SPP_STATE_CODE__WCE,0,7.685559190957763,Clean
SPP_CLIENT_RETURN_CODE,1,7.685559190957763,Clean
SPP_CLIENT_RETURN_CODE__WCE,0,7.685559190957763,Clean
WidcommSppSocketExceptions,2,7.685559190957763,Clean
SPP_STATE_CODE_WidcommSocketException,0,7.685559190957763,Clean
SPP_CLIENT_RETURN_CODE_WidcommSocketException,0,7.685559190957763,Clean
WidcommStBtIf,7,7.685559190957763,Clean
HoldStackDevice,2,7.685559190957763,Clean
HoldConnoDisco,2,7.685559190957763,Clean
WidcommStRfCommIf,8,7.685559190957763,Fault_proner
WidcommStructs,2,7.685559190957763,Clean
REM_DEV_INFO,2,7.685559190957763,Clean
DEV_VER_INFO,5,7.685559190957763,Clean
tBT_CONN_STATS,3,7.685559190957763,Clean
WBtRc,2,7.685559190957763,Clean
WidcommUtils,5,7.685559190957763,Clean
BLOB,3,7.685559190957763,Clean
BlobOffsets,3,7.685559190957763,Clean
BLUETOOTH_DEVICE_INFO,8,7.685559190957763,Fault_proner
BLUETOOTH_FIND_RADIO_PARAMS,2,7.685559190957763,Clean
BLUETOOTH_RADIO_INFO,2,7.685559190957763,Clean
BTHNS_BLOB,5,7.685559190957763,Clean
BTHNS_INQUIRYBLOB,1,7.685559190957763,Clean
BTHNS_RESULT,0,7.685559190957763,Clean
BTHNS_SETBLOB,8,7.685559190957763,Fault_proner
BTH_DEVICE_INFO,2,7.685559190957763,Clean
BTH_RADIO_INFO,6,7.685559190957763,Clean
CSADDR_INFO,4,7.685559190957763,Clean
CsaddrInfoOffsets,3,7.685559190957763,Clean
MicrosoftSdpService,3,7.685559190957763,Clean
NativeMethods_duplicated_duplicated_duplicated,6,7.685559190957763,Clean
BTH_ERROR,1,7.685559190957763,Clean
SDP_STRING_TYPE_DATA,1,7.685559190957763,Clean
DIGCF,1,7.685559190957763,Clean
SPDRP,0,7.685559190957763,Clean
SP_DEVINFO_DATA,2,7.685559190957763,Clean
MsftWin32BthIOCTL,3,7.685559190957763,Clean
WSAESETSERVICEOP,1,7.685559190957763,Clean
LookupFlags,1,7.685559190957763,Clean
WinCeScanMask,0,7.685559190957763,Clean
SocketBluetoothClient,9,7.685559190957763,Fault_proner
DiscoDevsParamsWithLive,3,7.685559190957763,Clean
MsftSocketOptionHelper,7,7.685559190957763,Clean
WindowsBluetoothDeviceInfo,9,7.685559190957763,Fault_proner
WindowsBluetoothListener,8,7.685559190957763,Fault_proner
WindowsBluetoothRadio,8,7.685559190957763,Fault_proner
LOCAL_FLAGS,0,7.685559190957763,Clean
WindowsBluetoothSecurity,6,7.685559190957763,Clean
WindowsRadioHandle,2,7.685559190957763,Clean
WSAQUERYSET,3,7.685559190957763,Clean
WqsOffset,4,7.685559190957763,Clean
BLUETOOTH_COD_PAIRS,1,7.685559190957763,Clean
SocketsBluetoothFactory,6,7.685559190957763,Clean
BluetoothDeviceInfoProperties,2,7.685559190957763,Clean
BDIFMasks,2,7.685559190957763,Clean
BluetoothAuthenticationMethod,1,7.685559190957763,Clean
BluetoothAuthenticationRequirements,1,7.685559190957763,Clean
BluetoothComponent,5,7.685559190957763,Clean
BluetoothFactoryConfig,6,7.685559190957763,Clean
Values,2,7.685559190957763,Clean
BluetoothFactorySection,7,7.685559190957763,Clean
BluetoothStackConfigElement,2,7.685559190957763,Clean
BluetoothStackCollection,3,7.685559190957763,Clean
BluetoothIoCapability,1,7.685559190957763,Clean
BluetoothPublicFactory,7,7.685559190957763,Clean
BluetoothRadio,8,7.685559190957763,Fault_proner
BluetoothSecurity,5,7.685559190957763,Clean
BluetoothService,7,7.685559190957763,Clean
BluetoothWin32Authentication,8,7.685559190957763,Fault_proner
BluetoothAuthenticationRegistrationHandle,4,7.685559190957763,Clean
BluetoothWin32AuthenticationEventArgs,8,7.685559190957763,Fault_proner
BLUETOOTH_AUTHENTICATION_CALLBACK_PARAMS,3,7.685559190957763,Clean
BLUETOOTH_AUTHENTICATE_RESPONSE__PIN_INFO,3,7.685559190957763,Clean
BLUETOOTH_AUTHENTICATE_RESPONSE__OOB_DATA_INFO,3,7.685559190957763,Clean
BLUETOOTH_AUTHENTICATE_RESPONSE__NUMERIC_COMPARISON_PASSKEY_INFO,2,7.685559190957763,Clean
BLUETOOTH_PIN_INFO,2,7.685559190957763,Clean
BLUETOOTH_OOB_DATA_INFO,2,7.685559190957763,Clean
BluetoothWin32RadioEventArgs,4,7.685559190957763,Clean
BluetoothWin32RadioOutOfRangeEventArgs,4,7.685559190957763,Clean
BluetoothWin32RadioInRangeEventArgs,8,7.685559190957763,Fault_proner
BluetoothWin32Events,7,7.685559190957763,Clean
RegisterDeviceNotificationSafeHandle,2,7.685559190957763,Clean
BtEventsForm,4,7.685559190957763,Clean
BluetoothDeviceNotificationEvent,2,7.685559190957763,Clean
BTH_RADIO_IN_RANGE,3,7.685559190957763,Clean
BTH_RADIO_OUT_OF_RANGE,1,7.685559190957763,Clean
BTH_L2CAP_EVENT_INFO,1,7.685559190957763,Clean
HCI_CONNNECTION_TYPE,0,7.685559190957763,Clean
BTH_HCI_EVENT_INFO,1,7.685559190957763,Clean
RegisterDeviceNotificationFlags,1,7.685559190957763,Clean
UnsafeNativeMethods,2,7.685559190957763,Clean
WindowMessageId,0,7.685559190957763,Clean
Dbt,0,7.685559190957763,Clean
DbtDevTyp,1,7.685559190957763,Clean
DEV_BROADCAST_HDR,2,7.685559190957763,Clean
DEV_BROADCAST_PORT,2,7.685559190957763,Clean
DEV_BROADCAST_HANDLE,5,7.685559190957763,Clean
DEV_BROADCAST_HANDLE__withData,2,7.685559190957763,Clean
ShutUpCompiler,1,7.685559190957763,Clean
ClassOfDevice,7,7.685559190957763,Clean
DeviceClass,2,7.685559190957763,Clean
DeviceClass_Masks,2,7.685559190957763,Clean
DiscoverDevicesEventArgs,3,7.685559190957763,Clean
HardwareStatus,0,7.685559190957763,Clean
HciVersion,1,7.685559190957763,Clean
LmpVersion,1,7.685559190957763,Clean
LinkPolicy,0,7.685559190957763,Clean
LmpExtendedFeatures,0,7.685559190957763,Clean
LmpFeatures,2,7.685559190957763,Clean
LmpFeaturesUtils,2,7.685559190957763,Clean
Manufacturer,2,7.685559190957763,Clean
NullBluetoothFactory,7,7.685559190957763,Clean
NullRadio,4,7.685559190957763,Clean
NullBtCli,5,7.685559190957763,Clean
NullBtListener,7,7.685559190957763,Clean
LsnrSetting,0,7.685559190957763,Clean
LsnrCommands,3,7.685559190957763,Clean
NullRfcommStream,5,7.685559190957763,Clean
RadioMode,0,7.685559190957763,Clean
RadioModes,1,7.685559190957763,Clean
RadioVersions,5,7.685559190957763,Clean
ServiceClass,1,7.685559190957763,Clean
ServiceAttributeId,1,7.685559190957763,Clean
AttributeIdLookup,5,7.685559190957763,Clean
StringWithLanguageBaseAttribute,2,7.685559190957763,Clean
BluetoothProtocolDescriptorType,1,7.685559190957763,Clean
ElementTypeDescriptor,1,7.685559190957763,Clean
SizeIndex,1,7.685559190957763,Clean
ElementType,1,7.685559190957763,Clean
LanguageBaseItem,9,7.685559190957763,Fault_proner
IetfCharsetIdToDotNetEncodingNameMap,2,7.685559190957763,Clean
MapServiceClassToAttributeIdList,5,7.685559190957763,Clean
ServiceClassToIdsMapRow,3,7.685559190957763,Clean
ServiceAttribute,6,7.685559190957763,Clean
ServiceElement,9,7.685559190957763,Fault_proner
ServiceRecord,9,7.685559190957763,Fault_proner
ServiceRecordEnumerator,6,7.685559190957763,Clean
ServiceRecordBuilder,8,7.685559190957763,Fault_proner
BtPdlItem,1,7.685559190957763,Clean
ServiceRecordCreator,8,7.685559190957763,Fault_proner
HeaderWriteState,4,7.685559190957763,Clean
ServiceRecordHelper,6,7.685559190957763,Clean
ServiceRecordParser,9,7.685559190957763,Fault_proner
ServiceRecordUtilities,6,7.685559190957763,Clean
HackProtocolServiceMultiplexer,0,7.685559190957763,Clean
HackProtocolId,1,7.685559190957763,Clean
SdpSpecificType,0,7.685559190957763,Clean
BluetoothSocketOptionLevel,2,7.685559190957763,Clean
BluetoothSocketOptionName,3,7.685559190957763,Clean
IrDACharacterSet,1,7.685559190957763,Clean
IrDAHints,2,7.685559190957763,Clean
IrDASocketOptionLevel,1,7.685559190957763,Clean
IrDASocketOptionName,3,7.685559190957763,Clean
AddressFamily32,3,7.685559190957763,Clean
BluetoothClient,7,7.685559190957763,Clean
BluetoothDeviceInfo,7,7.685559190957763,Clean
BluetoothListener,7,7.685559190957763,Clean
BluetoothProtocolType,4,7.685559190957763,Clean
IrDAClient,8,7.685559190957763,Fault_proner
IrDADeviceInfo,7,7.685559190957763,Clean
IrDAListener,7,7.685559190957763,Clean
ISocketOptionHelper,3,7.685559190957763,Clean
L2CapClient,6,7.685559190957763,Clean
L2CapListener,6,7.685559190957763,Clean
MonoBluetoothSocket,4,7.685559190957763,Clean
NativeMethods_duplicated_duplicated_duplicated_duplicated,2,7.685559190957763,Clean
SocketAdapter,5,7.685559190957763,Clean
SocketClientAdapter,6,7.685559190957763,Clean
SocketStreamIOAdapter,5,7.685559190957763,Clean
IrDAAttributeType,0,7.685559190957763,Clean
IrDAService,2,7.685559190957763,Clean
MediaTypeNames,1,7.685559190957763,Clean
Image,2,7.685559190957763,Clean
Text,2,7.685559190957763,Clean
ObjectExchange,2,7.685559190957763,Clean
PortStatusChangedEventArgs,3,7.685559190957763,Clean
AsyncResult<TResult>,6,7.685559190957763,Clean
"AsyncResult<TResult,TParams>",2,7.685559190957763,Clean
AsyncResultCompletion,1,7.685559190957763,Clean
AsyncResultNoResult,8,7.685559190957763,Fault_proner
AsyncNoResult<TParams>,3,7.685559190957763,Clean
BluetoothAddress,8,7.685559190957763,Fault_proner
BluetoothEndPoint,10,7.685559190957763,Fault_proner
IrDAAddress,7,7.685559190957763,Clean
IrDAEndPoint,7,7.685559190957763,Clean
ObexHeader,1,7.685559190957763,Clean
ObexListener,7,7.685559190957763,Clean
ObexListenerContext,6,7.685559190957763,Clean
ObexListenerRequest,6,7.685559190957763,Clean
ObexMethod,1,7.685559190957763,Clean
ObexParser,4,7.685559190957763,Clean
ObexStatusCode,2,7.685559190957763,Clean
ObexTransport,0,7.685559190957763,Clean
ObexWebRequest,8,7.685559190957763,Fault_proner
SchemeNames,1,7.685559190957763,Clean
ObexWebRequestCreate,1,7.685559190957763,Clean
ObexWebResponse,6,7.685559190957763,Clean
TestUtilities,3,7.685559190957763,Clean
PlatformVerification,3,7.685559190957763,Clean
GCHandleHelper,1,7.685559190957763,Clean
ExceptionExtension,2,7.685559190957763,Clean
ExceptionFactory,2,7.685559190957763,Clean
ObexUri,3,7.685559190957763,Clean
Marshal32,5,7.685559190957763,Clean
DummmyRemoveABCDEF,0,7.685559190957763,Clean
MiscUtils,4,7.685559190957763,Clean
PairStream,6,7.685559190957763,Clean
Pointers,0,7.685559190957763,Clean
Process2,2,7.685559190957763,Clean
SYSTEMTIME,5,7.685559190957763,Clean
Win32Error,1,7.685559190957763,Clean
BLUETOOTH_SELECT_DEVICE_PARAMS,9,7.685559190957763,Fault_proner
ISelectBluetoothDevice,3,7.685559190957763,Clean
NativeMethods_duplicated_duplicated_duplicated_duplicated_duplicated,0,7.685559190957763,Clean
SelectBluetoothDeviceDialog,7,7.685559190957763,Clean
SelectBluetoothDeviceForm,9,7.685559190957763,Fault_proner
BdiListViewItem,2,7.685559190957763,Clean
