Component,Threshold,Cutoff,Status
Barcode128,8,7.601428559833119,Fault_proner
Barcode128CodeSet,0,7.601428559833119,Clean
Barcode1D,9,7.601428559833119,Fault_proner
Barcode2D,4,7.601428559833119,Clean
Barcode39,7,7.601428559833119,Clean
BarcodeCodabar,7,7.601428559833119,Clean
BarcodeDataMatrix,8,7.601428559833119,Fault_proner
BarcodeEAN,8,7.601428559833119,Fault_proner
BarcodeEANSUPP,4,7.601428559833119,Clean
BarcodeInter25,6,7.601428559833119,Clean
BarcodeMSI,7,7.601428559833119,Clean
BarcodePDF417,8,7.601428559833119,Fault_proner
Segment,2,7.601428559833119,Clean
SegmentList,2,7.601428559833119,Clean
BarcodePostnet,8,7.601428559833119,Fault_proner
BarcodeQRCode,7,7.601428559833119,Clean
BarcodesExtensions,3,7.601428559833119,Clean
DmParams,2,7.601428559833119,Clean
Placement,4,7.601428559833119,Clean
ReedSolomon,3,7.601428559833119,Clean
BitArray,4,7.601428559833119,Clean
BitMatrix,5,7.601428559833119,Clean
BitVector,5,7.601428559833119,Clean
BlockPair,0,7.601428559833119,Clean
ByteArray,5,7.601428559833119,Clean
ByteMatrix,6,7.601428559833119,Clean
CharacterSetECI,5,7.601428559833119,Clean
EncodeHintType,3,7.601428559833119,Clean
Encoder,5,7.601428559833119,Clean
ErrorCorrectionLevel,5,7.601428559833119,Clean
FormatInformation,4,7.601428559833119,Clean
GF256,6,7.601428559833119,Clean
GF256Poly,3,7.601428559833119,Clean
MaskUtil,5,7.601428559833119,Clean
MatrixUtil,6,7.601428559833119,Clean
Mode,6,7.601428559833119,Clean
QRCode,8,7.601428559833119,Fault_proner
QRCodeWriter,4,7.601428559833119,Clean
ReedSolomonEncoder,2,7.601428559833119,Clean
ReedSolomonException,0,7.601428559833119,Clean
Version,6,7.601428559833119,Clean
ECBlocks,2,7.601428559833119,Clean
ECB,0,7.601428559833119,Clean
WriterException,0,7.601428559833119,Clean
AppearanceResources,3,7.601428559833119,Clean
AppearanceXObject,3,7.601428559833119,Clean
PdfButtonFormField,9,7.601428559833119,Fault_proner
PdfChoiceFormField,8,7.601428559833119,Fault_proner
PdfFormField,9,7.601428559833119,Fault_proner
PdfSignatureFormField,4,7.601428559833119,Clean
PdfTextFormField,9,7.601428559833119,Fault_proner
FormsExtensions,4,7.601428559833119,Clean
PdfAcroForm,8,7.601428559833119,Fault_proner
PdfPageFormCopier,6,7.601428559833119,Clean
PdfSigFieldLock,5,7.601428559833119,Clean
LockAction,0,7.601428559833119,Clean
LockPermissions,0,7.601428559833119,Clean
DrawingUtil,6,7.601428559833119,Clean
AcroFieldsSearch,2,7.601428559833119,Clean
InverseStore,0,7.601428559833119,Clean
XfaForm,8,7.601428559833119,Fault_proner
Xml2Som,6,7.601428559833119,Clean
Xml2SomDatasets,4,7.601428559833119,Clean
BitFile,3,7.601428559833119,Clean
CCITTG4Encoder,6,7.601428559833119,Clean
Jbig2SegmentReader,8,7.601428559833119,Fault_proner
Jbig2Segment,2,7.601428559833119,Clean
Jbig2Page,4,7.601428559833119,Clean
LZWCompressor,4,7.601428559833119,Clean
LZWStringTable,5,7.601428559833119,Clean
PngWriter,5,7.601428559833119,Clean
TIFFConstants,4,7.601428559833119,Clean
TIFFDirectory,6,7.601428559833119,Clean
TIFFFaxDecoder,7,7.601428559833119,Clean
TIFFFaxDecompressor,7,7.601428559833119,Clean
TIFFField,6,7.601428559833119,Clean
TIFFLZWDecoder,5,7.601428559833119,Clean
TiffWriter,5,7.601428559833119,Clean
FieldBase,5,7.601428559833119,Clean
FieldShort,1,7.601428559833119,Clean
FieldLong,1,7.601428559833119,Clean
FieldRational,1,7.601428559833119,Clean
FieldByte,1,7.601428559833119,Clean
FieldUndefined,1,7.601428559833119,Clean
FieldImage,1,7.601428559833119,Clean
FieldAscii,1,7.601428559833119,Clean
BitReader,5,7.601428559833119,Clean
BrotliInputStream,9,7.601428559833119,Fault_proner
BrotliRuntimeException,0,7.601428559833119,Clean
Context,0,7.601428559833119,Clean
Decode,5,7.601428559833119,Clean
Dictionary,3,7.601428559833119,Clean
DataHolder0,0,7.601428559833119,Clean
DataHolder1,0,7.601428559833119,Clean
DataHolder2,0,7.601428559833119,Clean
DataHolder,1,7.601428559833119,Clean
Huffman,3,7.601428559833119,Clean
HuffmanTreeGroup,2,7.601428559833119,Clean
IntReader,0,7.601428559833119,Clean
Prefix,1,7.601428559833119,Clean
RunningState,1,7.601428559833119,Clean
State,4,7.601428559833119,Clean
Transform,4,7.601428559833119,Clean
Utils,0,7.601428559833119,Clean
WordTransformType,1,7.601428559833119,Clean
IccProfile,7,7.601428559833119,Clean
AdobeGlyphList,6,7.601428559833119,Clean
CFFFont,7,7.601428559833119,Clean
Item,3,7.601428559833119,Clean
OffsetItem,4,7.601428559833119,Clean
RangeItem,5,7.601428559833119,Clean
IndexOffsetItem,4,7.601428559833119,Clean
IndexBaseItem,2,7.601428559833119,Clean
IndexMarkerItem,2,7.601428559833119,Clean
SubrMarkerItem,2,7.601428559833119,Clean
DictOffsetItem,3,7.601428559833119,Clean
UInt24Item,3,7.601428559833119,Clean
UInt32Item,3,7.601428559833119,Clean
UInt16Item,3,7.601428559833119,Clean
UInt8Item,3,7.601428559833119,Clean
StringItem,3,7.601428559833119,Clean
DictNumberItem,3,7.601428559833119,Clean
MarkerItem,1,7.601428559833119,Clean
Font,3,7.601428559833119,Clean
CFFFontSubset,6,7.601428559833119,Clean
CidFont,8,7.601428559833119,Fault_proner
CidFontProperties,6,7.601428559833119,Clean
CMapEncoding,6,7.601428559833119,Clean
FontCache,7,7.601428559833119,Clean
FontCacheKey,6,7.601428559833119,Clean
FontCacheStringKey,1,7.601428559833119,Clean
FontCacheBytesKey,4,7.601428559833119,Clean
FontCacheTtcKey,2,7.601428559833119,Clean
FontConstants,3,7.601428559833119,Clean
FontEncoding,9,7.601428559833119,Fault_proner
FontIdentification,5,7.601428559833119,Clean
FontMetrics,6,7.601428559833119,Clean
FontNames,7,7.601428559833119,Clean
FontProgram,9,7.601428559833119,Fault_proner
FontProgramDescriptor,7,7.601428559833119,Clean
FontProgramDescriptorFactory,5,7.601428559833119,Clean
FontProgramFactory,6,7.601428559833119,Clean
FontRegisterProvider,5,7.601428559833119,Clean
IExtraEncoding,1,7.601428559833119,Clean
OpenTypeParser,6,7.601428559833119,Clean
HeaderTable,1,7.601428559833119,Clean
HorizontalHeader,1,7.601428559833119,Clean
WindowsMetrics,1,7.601428559833119,Clean
PostTable,2,7.601428559833119,Clean
CmapTable,1,7.601428559833119,Clean
PdfEncodings,8,7.601428559833119,Fault_proner
WingdingsConversion,3,7.601428559833119,Clean
Cp437Conversion,5,7.601428559833119,Clean
SymbolConversion,6,7.601428559833119,Clean
SymbolTTConversion,2,7.601428559833119,Clean
Pfm2afm,5,7.601428559833119,Clean
TrueTypeCollection,6,7.601428559833119,Clean
TrueTypeFont,9,7.601428559833119,Fault_proner
TrueTypeFontSubset,5,7.601428559833119,Clean
Type1Font,9,7.601428559833119,Fault_proner
Type1Parser,6,7.601428559833119,Clean
WoffConverter,4,7.601428559833119,Clean
TableDirectory,1,7.601428559833119,Clean
AbstractCMap,7,7.601428559833119,Clean
CMapByteCid,5,7.601428559833119,Clean
Cursor,1,7.601428559833119,Clean
CMapCidByte,6,7.601428559833119,Clean
CMapCidUni,3,7.601428559833119,Clean
CMapContentParser,7,7.601428559833119,Clean
CMapLocationFromBytes,2,7.601428559833119,Clean
CMapLocationResource,2,7.601428559833119,Clean
CMapObject,6,7.601428559833119,Clean
CMapParser,4,7.601428559833119,Clean
CMapToUnicode,8,7.601428559833119,Fault_proner
CMapUniCid,3,7.601428559833119,Clean
ICMapLocation,2,7.601428559833119,Clean
FontDescriptorFlags,3,7.601428559833119,Clean
FontMacStyleFlags,3,7.601428559833119,Clean
FontResources,3,7.601428559833119,Clean
FontStretches,3,7.601428559833119,Clean
FontStyles,3,7.601428559833119,Clean
FontWeights,4,7.601428559833119,Clean
StandardFontFamilies,3,7.601428559833119,Clean
StandardFonts,3,7.601428559833119,Clean
TrueTypeCodePages,0,7.601428559833119,Clean
ActualTextIterator,6,7.601428559833119,Clean
ContextualSubstRule,4,7.601428559833119,Clean
ContextualSubTable,4,7.601428559833119,Clean
FeatureRecord,1,7.601428559833119,Clean
FontReadingException,0,7.601428559833119,Clean
Glyph,7,7.601428559833119,Clean
GlyphLine,8,7.601428559833119,Fault_proner
GlyphLinePart,4,7.601428559833119,Clean
IGlyphLineFilter,1,7.601428559833119,Clean
ActualText,2,7.601428559833119,Clean
GlyphPositioningTableReader,2,7.601428559833119,Clean
GlyphSubstitutionTableReader,2,7.601428559833119,Clean
GposAnchor,2,7.601428559833119,Clean
GposLookupType2,4,7.601428559833119,Clean
PairPosAdjustmentFormat1,4,7.601428559833119,Clean
PairPosAdjustmentFormat2,6,7.601428559833119,Clean
PairValueFormat,1,7.601428559833119,Clean
GposLookupType4,4,7.601428559833119,Clean
MarkToBase,1,7.601428559833119,Clean
GposLookupType5,4,7.601428559833119,Clean
MarkToLigature,1,7.601428559833119,Clean
GposLookupType6,4,7.601428559833119,Clean
MarkToBaseMark,1,7.601428559833119,Clean
GposValueRecord,3,7.601428559833119,Clean
GsubLookupType1,5,7.601428559833119,Clean
GsubLookupType2,5,7.601428559833119,Clean
GsubLookupType3,5,7.601428559833119,Clean
GsubLookupType4,4,7.601428559833119,Clean
GsubLookupType5,6,7.601428559833119,Clean
GsubLookupType6,5,7.601428559833119,Clean
LanguageRecord,3,7.601428559833119,Clean
MarkTable,0,7.601428559833119,Clean
OpenTableLookup,8,7.601428559833119,Fault_proner
GlyphIndexer,4,7.601428559833119,Clean
OpenTypeFeature,2,7.601428559833119,Clean
OpenTypeFontTableReader,8,7.601428559833119,Fault_proner
OpenTypeGdefTableReader,6,7.601428559833119,Clean
OpenTypeScript,7,7.601428559833119,Clean
OtfClass,8,7.601428559833119,Fault_proner
OtfMarkRecord,2,7.601428559833119,Clean
OtfReadCommon,6,7.601428559833119,Clean
ScriptRecord,2,7.601428559833119,Clean
SubstLookupRecord,1,7.601428559833119,Clean
TagAndLocation,2,7.601428559833119,Clean
SubTableLookup5Format1,2,7.601428559833119,Clean
SubstRuleFormat1,3,7.601428559833119,Clean
SubTableLookup5Format2,3,7.601428559833119,Clean
SubstRuleFormat2,5,7.601428559833119,Clean
SubTableLookup5Format3,2,7.601428559833119,Clean
SubstRuleFormat3,3,7.601428559833119,Clean
SubTableLookup6,5,7.601428559833119,Clean
SubTableLookup6Format1,2,7.601428559833119,Clean
SubstRuleFormat1_duplicated,5,7.601428559833119,Clean
SubTableLookup6Format2,4,7.601428559833119,Clean
SubstRuleFormat2_duplicated,6,7.601428559833119,Clean
SubTableLookup6Format3,2,7.601428559833119,Clean
SubstRuleFormat3_duplicated,5,7.601428559833119,Clean
Buffer,7,7.601428559833119,Clean
FontCompressionException,4,7.601428559833119,Clean
JavaUnsignedUtil,3,7.601428559833119,Clean
Round,0,7.601428559833119,Clean
StoreBytes,0,7.601428559833119,Clean
TableTags,3,7.601428559833119,Clean
VariableLength,1,7.601428559833119,Clean
Woff2Common,3,7.601428559833119,Clean
Point,2,7.601428559833119,Clean
Table,2,7.601428559833119,Clean
Woff2Converter,2,7.601428559833119,Clean
Woff2Dec,5,7.601428559833119,Clean
TtcFont,2,7.601428559833119,Clean
Woff2Header,3,7.601428559833119,Clean
Woff2FontInfo,2,7.601428559833119,Clean
RebuildMetadata,1,7.601428559833119,Clean
TableChecksumInfo,2,7.601428559833119,Clean
CompositeGlyphInfo,1,7.601428559833119,Clean
Checksums,1,7.601428559833119,Clean
StreamInfo,1,7.601428559833119,Clean
Woff2MemoryOut,4,7.601428559833119,Clean
Woff2Out,1,7.601428559833119,Clean
BmpImageData,2,7.601428559833119,Clean
BmpImageHelper,5,7.601428559833119,Clean
BmpParameters,1,7.601428559833119,Clean
DrawingImageFactory,4,7.601428559833119,Clean
GifImageData,7,7.601428559833119,Clean
GifImageHelper,4,7.601428559833119,Clean
GifParameters,2,7.601428559833119,Clean
ImageData,8,7.601428559833119,Fault_proner
ImageDataFactory,7,7.601428559833119,Clean
ImageType,1,7.601428559833119,Clean
Jbig2ImageData,4,7.601428559833119,Clean
Jbig2ImageHelper,1,7.601428559833119,Clean
Jpeg2000ImageData,3,7.601428559833119,Clean
Parameters,3,7.601428559833119,Clean
ColorSpecBox,2,7.601428559833119,Clean
Jpeg2000ImageHelper,5,7.601428559833119,Clean
Jpeg2000Box,0,7.601428559833119,Clean
ZeroBoxSizeException,0,7.601428559833119,Clean
JpegImageData,1,7.601428559833119,Clean
JpegImageHelper,5,7.601428559833119,Clean
PngImageData,1,7.601428559833119,Clean
PngImageHelper,7,7.601428559833119,Clean
PngParameters,3,7.601428559833119,Clean
RawImageData,7,7.601428559833119,Clean
RawImageHelper,5,7.601428559833119,Clean
TiffImageData,6,7.601428559833119,Clean
TiffImageHelper,4,7.601428559833119,Clean
TiffParameters,1,7.601428559833119,Clean
IOException,8,7.601428559833119,Fault_proner
IOExtensions,4,7.601428559833119,Clean
LogMessageConstant,4,7.601428559833119,Clean
ArrayRandomAccessSource,4,7.601428559833119,Clean
ByteArrayOutputStream,2,7.601428559833119,Clean
ByteBuffer,7,7.601428559833119,Clean
ByteUtils,7,7.601428559833119,Clean
DeflaterOutputStream,4,7.601428559833119,Clean
GetBufferedRandomAccessSource,4,7.601428559833119,Clean
GroupedRandomAccessSource,7,7.601428559833119,Clean
SourceEntry,1,7.601428559833119,Clean
IndependentRandomAccessSource,3,7.601428559833119,Clean
IRandomAccessSource,3,7.601428559833119,Clean
OutputStream<T>,7,7.601428559833119,Clean
PdfTokenizer,8,7.601428559833119,Fault_proner
TokenType,1,7.601428559833119,Clean
ReusableRandomAccessSource,4,7.601428559833119,Clean
RAFRandomAccessSource,4,7.601428559833119,Clean
RandomAccessFileOrArray,8,7.601428559833119,Fault_proner
RandomAccessSourceFactory,7,7.601428559833119,Clean
RASInputStream,5,7.601428559833119,Clean
ThreadSafeRandomAccessSource,3,7.601428559833119,Clean
WindowRandomAccessSource,5,7.601428559833119,Clean
ArrayUtil,4,7.601428559833119,Clean
AtomicLong,3,7.601428559833119,Clean
DateTimeUtil,3,7.601428559833119,Clean
DecimalFormatUtil,1,7.601428559833119,Clean
EncodingUtil,7,7.601428559833119,Clean
EnumUtil,0,7.601428559833119,Clean
ExceptionUtil,0,7.601428559833119,Clean
FileUtil,6,7.601428559833119,Clean
IFileFilter,1,7.601428559833119,Clean
FilterReader,2,7.601428559833119,Clean
FilterUtil,2,7.601428559833119,Clean
GenericArray<T>,1,7.601428559833119,Clean
HashCode,6,7.601428559833119,Clean
IanaEncodings,3,7.601428559833119,Clean
IdelOutputStream,3,7.601428559833119,Clean
IdentityComparator<T>,0,7.601428559833119,Clean
"IdentityDictionary<TKey,TValue>",1,7.601428559833119,Clean
IntHashtable,7,7.601428559833119,Clean
Entry,3,7.601428559833119,Clean
JavaCollectionsUtil,6,7.601428559833119,Clean
JavaUtil,8,7.601428559833119,Fault_proner
"LinkedDictionary<TKey,TValue>",5,7.601428559833119,Clean
ValueCollection,5,7.601428559833119,Clean
Enumerator,4,7.601428559833119,Clean
KeyCollection,5,7.601428559833119,Clean
LinkedHashSet<TKey>,5,7.601428559833119,Clean
MathUtil,0,7.601428559833119,Clean
MessageFormatUtil,1,7.601428559833119,Clean
NumberUtil,0,7.601428559833119,Clean
Properties,7,7.601428559833119,Clean
PushbackReader,6,7.601428559833119,Clean
ResourceUtil,5,7.601428559833119,Clean
SortUtil,4,7.601428559833119,Clean
StringOrdinalComparator,0,7.601428559833119,Clean
StreamUtil,7,7.601428559833119,Clean
StringTokenizer,6,7.601428559833119,Clean
StringUtil,4,7.601428559833119,Clean
SystemUtil,5,7.601428559833119,Clean
TextUtil,8,7.601428559833119,Fault_proner
UnicodeScript,2,7.601428559833119,Clean
UnicodeScriptUtil,3,7.601428559833119,Clean
UrlUtil,4,7.601428559833119,Clean
"EmptyDictionary<TKey,TValue>",4,7.601428559833119,Clean
EmptyEnumerator<T>,2,7.601428559833119,Clean
EmptyEnumerator,2,7.601428559833119,Clean
EmptyList<T>,4,7.601428559833119,Clean
EmptySet<T>,5,7.601428559833119,Clean
SingletonList<T>,4,7.601428559833119,Clean
SingletonSet<T>,5,7.601428559833119,Clean
UnmodifiableCollection<T>,4,7.601428559833119,Clean
"UnmodifiableDictionary<TKey,TValue>",5,7.601428559833119,Clean
UnmodifiableList,4,7.601428559833119,Clean
UnmodifiableSet<T>,5,7.601428559833119,Clean
Adler32,1,7.601428559833119,Clean
Deflate,5,7.601428559833119,Clean
Config,1,7.601428559833119,Clean
InfBlocks,5,7.601428559833119,Clean
InfCodes,4,7.601428559833119,Clean
Inflate,5,7.601428559833119,Clean
InfTree,4,7.601428559833119,Clean
JZlib,3,7.601428559833119,Clean
StaticTree,2,7.601428559833119,Clean
Tree,5,7.601428559833119,Clean
ZDeflaterOutputStream,8,7.601428559833119,Fault_proner
ZInflaterInputStream,8,7.601428559833119,Fault_proner
ZInputStream,7,7.601428559833119,Clean
ZOutputStream,7,7.601428559833119,Clean
ZStream,8,7.601428559833119,Fault_proner
Border,9,7.601428559833119,Fault_proner
Side,1,7.601428559833119,Clean
Border3D,6,7.601428559833119,Clean
DashedBorder,6,7.601428559833119,Clean
DottedBorder,6,7.601428559833119,Clean
DoubleBorder,6,7.601428559833119,Clean
GrooveBorder,6,7.601428559833119,Clean
InsetBorder,6,7.601428559833119,Clean
OutsetBorder,6,7.601428559833119,Clean
RidgeBorder,6,7.601428559833119,Clean
RoundDotsBorder,6,7.601428559833119,Clean
SolidBorder,7,7.601428559833119,Clean
Canvas,7,7.601428559833119,Clean
ColumnDocumentRenderer,5,7.601428559833119,Clean
Document,7,7.601428559833119,Clean
ElementPropertyContainer<T>,6,7.601428559833119,Clean
IPropertyContainer,4,7.601428559833119,Clean
LayoutExtensions,4,7.601428559833119,Clean
RootElement<T>,6,7.601428559833119,Clean
Style,6,7.601428559833119,Clean
AbstractElement<T>,7,7.601428559833119,Clean
AreaBreak,4,7.601428559833119,Clean
BlockElement<T>,6,7.601428559833119,Clean
Cell,7,7.601428559833119,Clean
Div,6,7.601428559833119,Clean
IBlockElement,3,7.601428559833119,Clean
IElement,3,7.601428559833119,Clean
ILargeElement,3,7.601428559833119,Clean
ILeafElement,2,7.601428559833119,Clean
Image,7,7.601428559833119,Clean
LineSeparator,1,7.601428559833119,Clean
Link,5,7.601428559833119,Clean
List,7,7.601428559833119,Clean
ListItem,7,7.601428559833119,Clean
Paragraph,6,7.601428559833119,Clean
Tab,1,7.601428559833119,Clean
Table_duplicated,8,7.601428559833119,Fault_proner
RowRange,2,7.601428559833119,Clean
TabStop,7,7.601428559833119,Clean
Text,8,7.601428559833119,Fault_proner
ComplexFontSelectorStrategy,6,7.601428559833119,Clean
FontCharacteristics,6,7.601428559833119,Clean
FontCharacteristicsUtils,0,7.601428559833119,Clean
FontFamilySplitter,2,7.601428559833119,Clean
FontInfo,7,7.601428559833119,Clean
FontProvider,8,7.601428559833119,Fault_proner
FontSelector,6,7.601428559833119,Clean
PdfFontComparator,4,7.601428559833119,Clean
FontSelectorCache,5,7.601428559833119,Clean
FontSetSelectors,0,7.601428559833119,Clean
FontSelectorKey,0,7.601428559833119,Clean
FontSelectorStrategy,5,7.601428559833119,Clean
FontSet,7,7.601428559833119,Clean
FontSetCollection,6,7.601428559833119,Clean
FontSetCollectionEnumerator,5,7.601428559833119,Clean
Range,7,7.601428559833119,Clean
SubRange,3,7.601428559833119,Clean
FullRange,3,7.601428559833119,Clean
RangeBuilder,5,7.601428559833119,Clean
ByteVector,5,7.601428559833119,Clean
CharVector,6,7.601428559833119,Clean
Hyphen,2,7.601428559833119,Clean
Hyphenation,4,7.601428559833119,Clean
HyphenationConfig,5,7.601428559833119,Clean
HyphenationConstants,1,7.601428559833119,Clean
HyphenationException,0,7.601428559833119,Clean
HyphenationTree,7,7.601428559833119,Clean
HyphenationTreeCache,4,7.601428559833119,Clean
Hyphenator,6,7.601428559833119,Clean
IPatternConsumer,1,7.601428559833119,Clean
PatternParser,6,7.601428559833119,Clean
TernaryTree,7,7.601428559833119,Clean
TernaryTreeIterator,7,7.601428559833119,Clean
Item_duplicated,2,7.601428559833119,Clean
LayoutArea,7,7.601428559833119,Clean
LayoutContext,8,7.601428559833119,Fault_proner
LayoutPosition,3,7.601428559833119,Clean
LayoutResult,9,7.601428559833119,Fault_proner
LineLayoutContext,4,7.601428559833119,Clean
LineLayoutResult,5,7.601428559833119,Clean
MinMaxWidthLayoutResult,6,7.601428559833119,Clean
PositionedLayoutContext,1,7.601428559833119,Clean
RootLayoutArea,4,7.601428559833119,Clean
TextLayoutResult,5,7.601428559833119,Clean
LayoutRect,5,7.601428559833119,Clean
MarginsCollapse,1,7.601428559833119,Clean
MarginsCollapseHandler,7,7.601428559833119,Clean
MarginsCollapseInfo,5,7.601428559833119,Clean
MinMaxWidth,6,7.601428559833119,Clean
MinMaxWidthUtils,6,7.601428559833119,Clean
RotationMinMaxWidth,7,7.601428559833119,Clean
WidthFunction,5,7.601428559833119,Clean
Interval,1,7.601428559833119,Clean
AreaBreakType,1,7.601428559833119,Clean
Background,7,7.601428559833119,Clean
BackgroundImage,3,7.601428559833119,Clean
BaseDirection,1,7.601428559833119,Clean
BorderCollapsePropertyValue,1,7.601428559833119,Clean
BorderRadius,3,7.601428559833119,Clean
BoxSizingPropertyValue,0,7.601428559833119,Clean
ClearPropertyValue,1,7.601428559833119,Clean
FloatPropertyValue,1,7.601428559833119,Clean
FontKerning,1,7.601428559833119,Clean
HorizontalAlignment,1,7.601428559833119,Clean
IListSymbolFactory,0,7.601428559833119,Clean
Leading,5,7.601428559833119,Clean
ListNumberingType,1,7.601428559833119,Clean
ListSymbolAlignment,1,7.601428559833119,Clean
ListSymbolPosition,1,7.601428559833119,Clean
OverflowPropertyValue,1,7.601428559833119,Clean
Property,4,7.601428559833119,Clean
TabAlignment,1,7.601428559833119,Clean
TextAlignment,1,7.601428559833119,Clean
Transform_duplicated,5,7.601428559833119,Clean
SingleTransform,3,7.601428559833119,Clean
TransparentColor,5,7.601428559833119,Clean
Underline,7,7.601428559833119,Clean
UnitValue,8,7.601428559833119,Fault_proner
VerticalAlignment,1,7.601428559833119,Clean
AbstractRenderer,9,7.601428559833119,Fault_proner
AbstractWidthHandler,4,7.601428559833119,Clean
AccessibleAttributesApplier,6,7.601428559833119,Clean
AccessibleTypes,3,7.601428559833119,Clean
AreaBreakRenderer,6,7.601428559833119,Clean
BlockFormattingContextUtil,3,7.601428559833119,Clean
BlockRenderer,8,7.601428559833119,Fault_proner
CanvasRenderer,6,7.601428559833119,Clean
CellRenderer,7,7.601428559833119,Clean
CollapsedTableBorders,6,7.601428559833119,Clean
DivRenderer,3,7.601428559833119,Clean
DocumentRenderer,8,7.601428559833119,Fault_proner
DrawContext,5,7.601428559833119,Clean
FloatingHelper,5,7.601428559833119,Clean
ILeafElementRenderer,2,7.601428559833119,Clean
ImageRenderer,8,7.601428559833119,Fault_proner
IRenderer,7,7.601428559833119,Clean
LineRenderer,8,7.601428559833119,Fault_proner
RendererGlyph,2,7.601428559833119,Clean
LineSeparatorRenderer,5,7.601428559833119,Clean
LinkRenderer,4,7.601428559833119,Clean
ListItemRenderer,7,7.601428559833119,Clean
ListRenderer,6,7.601428559833119,Clean
_TextRenderer_211,2,7.601428559833119,Clean
MaxMaxWidthHandler,2,7.601428559833119,Clean
MaxSumWidthHandler,2,7.601428559833119,Clean
ParagraphRenderer,7,7.601428559833119,Clean
RootRenderer,9,7.601428559833119,Fault_proner
RotationUtils,4,7.601428559833119,Clean
PropertiesBackup,4,7.601428559833119,Clean
PropertyBackup,1,7.601428559833119,Clean
SeparatedTableBorders,6,7.601428559833119,Clean
SumSumWidthHandler,2,7.601428559833119,Clean
TableBorders,8,7.601428559833119,Fault_proner
TableBorderUtil,4,7.601428559833119,Clean
TableRenderer,9,7.601428559833119,Fault_proner
CellRendererInfo,2,7.601428559833119,Clean
OverflowRowsWrapper,3,7.601428559833119,Clean
TableWidths,5,7.601428559833119,Clean
ColumnWidthData,4,7.601428559833119,Clean
CellInfo,6,7.601428559833119,Clean
TabRenderer,5,7.601428559833119,Clean
TextRenderer,9,7.601428559833119,Fault_proner
_IGlyphLineFilter_778,2,7.601428559833119,Clean
ReversedCharsIterator,7,7.601428559833119,Clean
ScriptRange,0,7.601428559833119,Clean
TypographyUtils,5,7.601428559833119,Clean
TypographyMethodSignature,3,7.601428559833119,Clean
DefaultSplitCharacters,2,7.601428559833119,Clean
ISplitCharacters,2,7.601428559833119,Clean
IAccessibleElement,2,7.601428559833119,Clean
ITaggingRule,2,7.601428559833119,Clean
LayoutTaggingHelper,7,7.601428559833119,Clean
TableTaggingPriorToOneFiveVersionRule,3,7.601428559833119,Clean
TableTaggingRule,4,7.601428559833119,Clean
TaggingDummyElement,6,7.601428559833119,Clean
TaggingHintKey,4,7.601428559833119,Clean
TypographyVersionAttribute,1,7.601428559833119,Clean
PdfA1Checker,8,7.601428559833119,Fault_proner
PdfA2Checker,8,7.601428559833119,Fault_proner
_CanvasGraphicsState_159,1,7.601428559833119,Clean
PdfA3Checker,3,7.601428559833119,Clean
PdfAChecker,9,7.601428559833119,Fault_proner
PdfAConformanceException,5,7.601428559833119,Clean
PdfAConformanceLogMessageConstant,3,7.601428559833119,Clean
PdfADocument,7,7.601428559833119,Clean
PdfAExtensions,3,7.601428559833119,Clean
PdfAXMPUtil,1,7.601428559833119,Clean
AsymmetricAlgorithmSignature,5,7.601428559833119,Clean
CertificateInfo,3,7.601428559833119,Clean
X500Name,6,7.601428559833119,Clean
X509NameTokenizer,2,7.601428559833119,Clean
CertificateUtil,6,7.601428559833119,Clean
CertificateVerification,5,7.601428559833119,Clean
CertificateVerifier,3,7.601428559833119,Clean
CrlClientOffline,2,7.601428559833119,Clean
CrlClientOnline,6,7.601428559833119,Clean
CRLVerifier,7,7.601428559833119,Clean
DigestAlgorithms,7,7.601428559833119,Clean
EncryptionAlgorithms,0,7.601428559833119,Clean
ExternalBlankSignatureContainer,4,7.601428559833119,Clean
ICrlClient,2,7.601428559833119,Clean
IExternalSignature,2,7.601428559833119,Clean
IExternalSignatureContainer,1,7.601428559833119,Clean
IOcspClient,1,7.601428559833119,Clean
ITSAClient,1,7.601428559833119,Clean
ITSAInfoBouncyCastle,0,7.601428559833119,Clean
LtvVerification,7,7.601428559833119,Clean
Level,1,7.601428559833119,Clean
CertificateOption,1,7.601428559833119,Clean
CertificateInclusion,1,7.601428559833119,Clean
ValidationData,2,7.601428559833119,Clean
LtvVerifier,7,7.601428559833119,Clean
OcspClientBouncyCastle,6,7.601428559833119,Clean
OCSPVerifier,8,7.601428559833119,Fault_proner
OID,0,7.601428559833119,Clean
X509Extensions,2,7.601428559833119,Clean
PdfPKCS7,7,7.601428559833119,Clean
PdfSignature,6,7.601428559833119,Clean
PdfSignatureApp,3,7.601428559833119,Clean
PdfSignatureAppearance,7,7.601428559833119,Clean
RenderingMode,0,7.601428559833119,Clean
PdfSignatureBuildProperties,3,7.601428559833119,Clean
PdfSigner,8,7.601428559833119,Fault_proner
CryptoStandard,1,7.601428559833119,Clean
ISignatureEvent,0,7.601428559833119,Clean
PrivateKeySignature,5,7.601428559833119,Clean
RootStoreVerifier,4,7.601428559833119,Clean
SecurityIDs,2,7.601428559833119,Clean
SignaturePermissions,6,7.601428559833119,Clean
FieldLock,4,7.601428559833119,Clean
SignaturePolicyInfo,6,7.601428559833119,Clean
SignatureUtil,7,7.601428559833119,Clean
SorterComparator,0,7.601428559833119,Clean
SignExtensions,4,7.601428559833119,Clean
SignUtils,6,7.601428559833119,Clean
TsaResponse,0,7.601428559833119,Clean
TSAClientBouncyCastle,8,7.601428559833119,Fault_proner
VerificationException,0,7.601428559833119,Clean
VerificationOK,1,7.601428559833119,Clean
CommonAttributeConstants,4,7.601428559833119,Clean
CssRuleSetComparator,1,7.601428559833119,Clean
IXmlParser,2,7.601428559833119,Clean
LogMessageConstant_duplicated,3,7.601428559833119,Clean
PortUtil,0,7.601428559833119,Clean
CommonCssConstants,4,7.601428559833119,Clean
CssAtRule,2,7.601428559833119,Clean
CssContextNode,6,7.601428559833119,Clean
CssDeclaration,4,7.601428559833119,Clean
CssFontFaceRule,4,7.601428559833119,Clean
CssNestedAtRule,7,7.601428559833119,Clean
CssNestedAtRuleFactory,2,7.601428559833119,Clean
CssRuleName,2,7.601428559833119,Clean
CssRuleSet,9,7.601428559833119,Fault_proner
CssRuleSetComparator_duplicated,1,7.601428559833119,Clean
CssSemicolonAtRule,1,7.601428559833119,Clean
CssStatement,3,7.601428559833119,Clean
CssStyleSheet,6,7.601428559833119,Clean
ICssResolver,3,7.601428559833119,Clean
CssMediaRule,5,7.601428559833119,Clean
MediaDeviceDescription,6,7.601428559833119,Clean
MediaExpression,5,7.601428559833119,Clean
MediaFeature,3,7.601428559833119,Clean
MediaQuery,3,7.601428559833119,Clean
MediaQueryParser,4,7.601428559833119,Clean
MediaRuleConstants,2,7.601428559833119,Clean
MediaType,3,7.601428559833119,Clean
CssMarginRule,1,7.601428559833119,Clean
CssNonStandardRuleSet,2,7.601428559833119,Clean
CssPageRule,5,7.601428559833119,Clean
PageContextConstants,2,7.601428559833119,Clean
PageContextNode,5,7.601428559833119,Clean
PageMarginBoxContextNode,7,7.601428559833119,Clean
CssDeclarationValueTokenizer,6,7.601428559833119,Clean
Token,4,7.601428559833119,Clean
TokenType_duplicated,1,7.601428559833119,Clean
CssPageSelectorParser,0,7.601428559833119,Clean
CssRuleSetParser,4,7.601428559833119,Clean
CssSelectorParser,5,7.601428559833119,Clean
CssSelectorParserMatch,3,7.601428559833119,Clean
CssStyleSheetParser,5,7.601428559833119,Clean
AtRuleBlockState,1,7.601428559833119,Clean
CommentEndState,1,7.601428559833119,Clean
CommentInnerState,1,7.601428559833119,Clean
CommentStartState,1,7.601428559833119,Clean
ConditionalGroupAtRuleBlockState,1,7.601428559833119,Clean
CssParserStateController,7,7.601428559833119,Clean
IParserState,1,7.601428559833119,Clean
PropertiesState,1,7.601428559833119,Clean
RuleState,1,7.601428559833119,Clean
UnknownState,1,7.601428559833119,Clean
CssPseudoElementNode,7,7.601428559833119,Clean
AttributesStub,3,7.601428559833119,Clean
CssPseudoElementUtil,1,7.601428559833119,Clean
AbstractCssContext,2,7.601428559833119,Clean
CssContentElementNode,5,7.601428559833119,Clean
Attributes,3,7.601428559833119,Clean
Attribute,2,7.601428559833119,Clean
AttributeIterator,3,7.601428559833119,Clean
CssDefaults,2,7.601428559833119,Clean
CssInheritance,1,7.601428559833119,Clean
CssPropertyMerger,1,7.601428559833119,Clean
CssQuotes,6,7.601428559833119,Clean
IStyleInheritance,1,7.601428559833119,Clean
AbstractBorderShorthandResolver,4,7.601428559833119,Clean
AbstractBoxShorthandResolver,5,7.601428559833119,Clean
AbstractCornersShorthandResolver,5,7.601428559833119,Clean
BackgroundShorthandResolver,6,7.601428559833119,Clean
BorderBottomShorthandResolver,1,7.601428559833119,Clean
BorderColorShorthandResolver,1,7.601428559833119,Clean
BorderLeftShorthandResolver,1,7.601428559833119,Clean
BorderRadiusShorthandResolver,1,7.601428559833119,Clean
BorderRightShorthandResolver,1,7.601428559833119,Clean
BorderShorthandResolver,2,7.601428559833119,Clean
BorderStyleShorthandResolver,1,7.601428559833119,Clean
BorderTopShorthandResolver,1,7.601428559833119,Clean
BorderWidthShorthandResolver,1,7.601428559833119,Clean
FontShorthandResolver,5,7.601428559833119,Clean
ListStyleShorthandResolver,2,7.601428559833119,Clean
MarginShorthandResolver,1,7.601428559833119,Clean
OutlineShorthandResolver,1,7.601428559833119,Clean
PaddingShorthandResolver,1,7.601428559833119,Clean
IShorthandResolver,2,7.601428559833119,Clean
ShorthandResolverFactory,2,7.601428559833119,Clean
AbstractCssSelector,5,7.601428559833119,Clean
CssPageMarginBoxSelector,3,7.601428559833119,Clean
CssPageSelector,2,7.601428559833119,Clean
CssSelector,6,7.601428559833119,Clean
CssSelectorComparator,0,7.601428559833119,Clean
ICssSelector,2,7.601428559833119,Clean
CssAttributeSelectorItem,7,7.601428559833119,Clean
CssClassSelectorItem,5,7.601428559833119,Clean
CssIdSelectorItem,4,7.601428559833119,Clean
CssPagePseudoClassSelectorItem,3,7.601428559833119,Clean
CssPageTypeSelectorItem,3,7.601428559833119,Clean
CssPseudoClassChildSelectorItem,5,7.601428559833119,Clean
CssPseudoClassEmptySelectorItem,2,7.601428559833119,Clean
CssPseudoClassFirstChildSelectorItem,2,7.601428559833119,Clean
CssPseudoClassFirstOfTypeSelectorItem,2,7.601428559833119,Clean
CssPseudoClassLastChildSelectorItem,2,7.601428559833119,Clean
CssPseudoClassLastOfTypeSelectorItem,2,7.601428559833119,Clean
CssPseudoClassNotSelectorItem,2,7.601428559833119,Clean
CssPseudoClassNthChildSelectorItem,1,7.601428559833119,Clean
CssPseudoClassNthOfTypeSelectorItem,2,7.601428559833119,Clean
CssPseudoClassNthSelectorItem,6,7.601428559833119,Clean
CssPseudoClassRootSelectorItem,2,7.601428559833119,Clean
CssPseudoClassSelectorItem,7,7.601428559833119,Clean
AlwaysApplySelectorItem,1,7.601428559833119,Clean
AlwaysNotApplySelectorItem,1,7.601428559833119,Clean
CssPseudoElementSelectorItem,4,7.601428559833119,Clean
CssSeparatorSelectorItem,4,7.601428559833119,Clean
CssSpecificityConstants,3,7.601428559833119,Clean
CssTagSelectorItem,4,7.601428559833119,Clean
ICssSelectorItem,2,7.601428559833119,Clean
CssPropertyNormalizer,4,7.601428559833119,Clean
CssUtils,7,7.601428559833119,Clean
CssDeclarationValidationMaster,1,7.601428559833119,Clean
ICssDataTypeValidator,1,7.601428559833119,Clean
ICssDeclarationValidator,1,7.601428559833119,Clean
CssColorValidator,1,7.601428559833119,Clean
CssEnumValidator,1,7.601428559833119,Clean
CssIdentifierValidator,1,7.601428559833119,Clean
CssQuotesValidator,1,7.601428559833119,Clean
CssTransformValidator,4,7.601428559833119,Clean
MultiTypeDeclarationValidator,2,7.601428559833119,Clean
SingleTypeDeclarationValidator,2,7.601428559833119,Clean
StyledXMLParserException,1,7.601428559833119,Clean
ByteBuffer_duplicated,4,7.601428559833119,Clean
DataUtil,6,7.601428559833119,Clean
DescendableLinkedList<E>,2,7.601428559833119,Clean
DescendingIterator<E>,6,7.601428559833119,Clean
KeyVal,4,7.601428559833119,Clean
StringUtil_duplicated,6,7.601428559833119,Clean
Validate,5,7.601428559833119,Clean
HttpStatusException,2,7.601428559833119,Clean
Jsoup,6,7.601428559833119,Clean
MissingResourceException,2,7.601428559833119,Clean
PortUtil_duplicated,5,7.601428559833119,Clean
IdentityComparaor<T>,0,7.601428559833119,Clean
"IdentityDictionary<TKey,TValue>_duplicated",1,7.601428559833119,Clean
SerializationException,2,7.601428559833119,Clean
UnsupportedMimeTypeException,2,7.601428559833119,Clean
Attribute_duplicated,9,7.601428559833119,Fault_proner
Attributes_duplicated,6,7.601428559833119,Clean
_Dataset,6,7.601428559833119,Clean
BooleanAttribute,1,7.601428559833119,Clean
Comment,5,7.601428559833119,Clean
DataNode,6,7.601428559833119,Clean
Document_duplicated,8,7.601428559833119,Fault_proner
OutputSettings,7,7.601428559833119,Clean
Syntax,1,7.601428559833119,Clean
QuirksMode,1,7.601428559833119,Clean
DocumentType,6,7.601428559833119,Clean
Element,8,7.601428559833119,Fault_proner
_NodeVisitor_952,3,7.601428559833119,Clean
Entities,7,7.601428559833119,Clean
EscapeMode,5,7.601428559833119,Clean
CoreCharset,0,7.601428559833119,Clean
FormElement,7,7.601428559833119,Clean
Node,8,7.601428559833119,Fault_proner
_NodeVisitor_188,2,7.601428559833119,Clean
OuterHtmlVisitor,2,7.601428559833119,Clean
TextNode,7,7.601428559833119,Clean
XmlDeclaration,5,7.601428559833119,Clean
CharacterReader,6,7.601428559833119,Clean
HtmlTreeBuilder,8,7.601428559833119,Fault_proner
HtmlTreeBuilderState,7,7.601428559833119,Clean
_HtmlTreeBuilderState_60,2,7.601428559833119,Clean
_HtmlTreeBuilderState_90,3,7.601428559833119,Clean
_HtmlTreeBuilderState_126,2,7.601428559833119,Clean
_HtmlTreeBuilderState_161,4,7.601428559833119,Clean
_HtmlTreeBuilderState_240,3,7.601428559833119,Clean
_HtmlTreeBuilderState_276,4,7.601428559833119,Clean
_HtmlTreeBuilderState_335,5,7.601428559833119,Clean
_HtmlTreeBuilderState_881,2,7.601428559833119,Clean
_HtmlTreeBuilderState_907,4,7.601428559833119,Clean
_HtmlTreeBuilderState_1015,2,7.601428559833119,Clean
_HtmlTreeBuilderState_1059,2,7.601428559833119,Clean
_HtmlTreeBuilderState_1101,4,7.601428559833119,Clean
_HtmlTreeBuilderState_1164,4,7.601428559833119,Clean
_HtmlTreeBuilderState_1232,5,7.601428559833119,Clean
_HtmlTreeBuilderState_1300,5,7.601428559833119,Clean
_HtmlTreeBuilderState_1364,4,7.601428559833119,Clean
_HtmlTreeBuilderState_1460,2,7.601428559833119,Clean
_HtmlTreeBuilderState_1485,2,7.601428559833119,Clean
_HtmlTreeBuilderState_1520,3,7.601428559833119,Clean
_HtmlTreeBuilderState_1574,2,7.601428559833119,Clean
_HtmlTreeBuilderState_1605,2,7.601428559833119,Clean
_HtmlTreeBuilderState_1628,2,7.601428559833119,Clean
_HtmlTreeBuilderState_1652,2,7.601428559833119,Clean
Constants,1,7.601428559833119,Clean
ParseError,2,7.601428559833119,Clean
ParseErrorList,2,7.601428559833119,Clean
Parser,7,7.601428559833119,Clean
Tag,9,7.601428559833119,Fault_proner
Token_duplicated,6,7.601428559833119,Clean
Doctype,4,7.601428559833119,Clean
StartTag,4,7.601428559833119,Clean
EndTag,2,7.601428559833119,Clean
Comment_duplicated,3,7.601428559833119,Clean
Character,3,7.601428559833119,Clean
EOF,1,7.601428559833119,Clean
TokenType_duplicated_duplicated,1,7.601428559833119,Clean
Tokeniser,6,7.601428559833119,Clean
TokeniserState,7,7.601428559833119,Clean
_TokeniserState_52,2,7.601428559833119,Clean
_TokeniserState_83,2,7.601428559833119,Clean
_TokeniserState_96,2,7.601428559833119,Clean
_TokeniserState_128,2,7.601428559833119,Clean
_TokeniserState_140,2,7.601428559833119,Clean
_TokeniserState_152,2,7.601428559833119,Clean
_TokeniserState_164,2,7.601428559833119,Clean
_TokeniserState_189,2,7.601428559833119,Clean
_TokeniserState_222,2,7.601428559833119,Clean
_TokeniserState_247,2,7.601428559833119,Clean
_TokeniserState_287,2,7.601428559833119,Clean
_TokeniserState_313,2,7.601428559833119,Clean
_TokeniserState_333,3,7.601428559833119,Clean
_TokeniserState_386,2,7.601428559833119,Clean
_TokeniserState_404,2,7.601428559833119,Clean
_TokeniserState_416,2,7.601428559833119,Clean
_TokeniserState_428,2,7.601428559833119,Clean
_TokeniserState_453,2,7.601428559833119,Clean
_TokeniserState_465,2,7.601428559833119,Clean
_TokeniserState_477,2,7.601428559833119,Clean
_TokeniserState_494,2,7.601428559833119,Clean
_TokeniserState_511,2,7.601428559833119,Clean
_TokeniserState_545,2,7.601428559833119,Clean
_TokeniserState_580,2,7.601428559833119,Clean
_TokeniserState_618,2,7.601428559833119,Clean
_TokeniserState_641,2,7.601428559833119,Clean
_TokeniserState_661,2,7.601428559833119,Clean
_TokeniserState_673,2,7.601428559833119,Clean
_TokeniserState_685,2,7.601428559833119,Clean
_TokeniserState_719,2,7.601428559833119,Clean
_TokeniserState_753,2,7.601428559833119,Clean
_TokeniserState_790,2,7.601428559833119,Clean
_TokeniserState_808,2,7.601428559833119,Clean
_TokeniserState_820,2,7.601428559833119,Clean
_TokeniserState_871,2,7.601428559833119,Clean
_TokeniserState_920,3,7.601428559833119,Clean
_TokeniserState_972,3,7.601428559833119,Clean
_TokeniserState_1028,2,7.601428559833119,Clean
_TokeniserState_1067,2,7.601428559833119,Clean
_TokeniserState_1106,2,7.601428559833119,Clean
_TokeniserState_1161,2,7.601428559833119,Clean
_TokeniserState_1198,2,7.601428559833119,Clean
_TokeniserState_1224,2,7.601428559833119,Clean
_TokeniserState_1244,2,7.601428559833119,Clean
_TokeniserState_1269,2,7.601428559833119,Clean
_TokeniserState_1304,2,7.601428559833119,Clean
_TokeniserState_1339,2,7.601428559833119,Clean
_TokeniserState_1368,2,7.601428559833119,Clean
_TokeniserState_1398,2,7.601428559833119,Clean
_TokeniserState_1438,2,7.601428559833119,Clean
_TokeniserState_1473,2,7.601428559833119,Clean
_TokeniserState_1507,2,7.601428559833119,Clean
_TokeniserState_1549,2,7.601428559833119,Clean
_TokeniserState_1591,2,7.601428559833119,Clean
_TokeniserState_1624,2,7.601428559833119,Clean
_TokeniserState_1671,2,7.601428559833119,Clean
_TokeniserState_1715,2,7.601428559833119,Clean
_TokeniserState_1750,2,7.601428559833119,Clean
_TokeniserState_1785,2,7.601428559833119,Clean
_TokeniserState_1830,2,7.601428559833119,Clean
_TokeniserState_1874,2,7.601428559833119,Clean
_TokeniserState_1921,2,7.601428559833119,Clean
_TokeniserState_1965,2,7.601428559833119,Clean
_TokeniserState_2000,2,7.601428559833119,Clean
_TokeniserState_2035,2,7.601428559833119,Clean
_TokeniserState_2069,2,7.601428559833119,Clean
_TokeniserState_2094,2,7.601428559833119,Clean
TokenQueue,6,7.601428559833119,Clean
TreeBuilder,7,7.601428559833119,Clean
XmlTreeBuilder,5,7.601428559833119,Clean
Cleaner,6,7.601428559833119,Clean
CleaningVisitor,3,7.601428559833119,Clean
ElementMeta,0,7.601428559833119,Clean
Whitelist,7,7.601428559833119,Clean
TagName,1,7.601428559833119,Clean
AttributeKey,1,7.601428559833119,Clean
AttributeValue,1,7.601428559833119,Clean
Protocol,1,7.601428559833119,Clean
TypedValue,4,7.601428559833119,Clean
Collector,1,7.601428559833119,Clean
Accumulator,3,7.601428559833119,Clean
CombiningEvaluator,4,7.601428559833119,Clean
And,3,7.601428559833119,Clean
OR,5,7.601428559833119,Clean
Elements,6,7.601428559833119,Clean
Evaluator,3,7.601428559833119,Clean
Tag_duplicated,3,7.601428559833119,Clean
ID,3,7.601428559833119,Clean
Class,3,7.601428559833119,Clean
Attribute_duplicated_duplicated,3,7.601428559833119,Clean
AttributeStarting,3,7.601428559833119,Clean
AttributeWithValue,3,7.601428559833119,Clean
AttributeWithValueNot,3,7.601428559833119,Clean
AttributeWithValueStarting,3,7.601428559833119,Clean
AttributeWithValueEnding,3,7.601428559833119,Clean
AttributeWithValueContaining,3,7.601428559833119,Clean
AttributeWithValueMatching,3,7.601428559833119,Clean
AttributeKeyPair,2,7.601428559833119,Clean
AllElements,1,7.601428559833119,Clean
IndexLessThan,3,7.601428559833119,Clean
IndexGreaterThan,3,7.601428559833119,Clean
IndexEquals,3,7.601428559833119,Clean
IsLastChild,2,7.601428559833119,Clean
IsFirstOfType,1,7.601428559833119,Clean
IsLastOfType,1,7.601428559833119,Clean
CssNthEvaluator,6,7.601428559833119,Clean
IsNthChild,1,7.601428559833119,Clean
IsNthLastChild,2,7.601428559833119,Clean
IsNthOfType,3,7.601428559833119,Clean
IsNthLastOfType,3,7.601428559833119,Clean
IsFirstChild,2,7.601428559833119,Clean
IsRoot,2,7.601428559833119,Clean
IsOnlyChild,2,7.601428559833119,Clean
IsOnlyOfType,2,7.601428559833119,Clean
IsEmpty,2,7.601428559833119,Clean
IndexEvaluator,2,7.601428559833119,Clean
ContainsText,3,7.601428559833119,Clean
ContainsOwnText,3,7.601428559833119,Clean
MatchesOwn,3,7.601428559833119,Clean
MatchesElement,3,7.601428559833119,Clean
NodeTraversor,2,7.601428559833119,Clean
NodeVisitor,2,7.601428559833119,Clean
QueryParser,5,7.601428559833119,Clean
Selector,5,7.601428559833119,Clean
SelectorParseException,0,7.601428559833119,Clean
StructuralEvaluator,3,7.601428559833119,Clean
Root,1,7.601428559833119,Clean
Has,3,7.601428559833119,Clean
Not,3,7.601428559833119,Clean
Parent,3,7.601428559833119,Clean
ImmediateParent,3,7.601428559833119,Clean
PreviousSibling,3,7.601428559833119,Clean
ImmediatePreviousSibling,3,7.601428559833119,Clean
IAttribute,1,7.601428559833119,Clean
IAttributes,1,7.601428559833119,Clean
ICustomElementNode,3,7.601428559833119,Clean
IDataNode,2,7.601428559833119,Clean
IDocumentNode,3,7.601428559833119,Clean
IDocumentTypeNode,2,7.601428559833119,Clean
IElementNode,4,7.601428559833119,Clean
INode,2,7.601428559833119,Clean
IStylesContainer,1,7.601428559833119,Clean
ITextNode,3,7.601428559833119,Clean
JsoupHtmlParser,4,7.601428559833119,Clean
JsoupXmlParser,5,7.601428559833119,Clean
JsoupAttribute,2,7.601428559833119,Clean
JsoupAttributes,4,7.601428559833119,Clean
AttributeIterator_duplicated,3,7.601428559833119,Clean
JsoupDataNode,1,7.601428559833119,Clean
JsoupDocumentNode,1,7.601428559833119,Clean
JsoupDocumentTypeNode,1,7.601428559833119,Clean
JsoupElementNode,9,7.601428559833119,Fault_proner
JsoupNode,6,7.601428559833119,Clean
JsoupTextNode,1,7.601428559833119,Clean
BasicFontProvider,2,7.601428559833119,Clean
ResourceResolver,8,7.601428559833119,Fault_proner
SimpleImageCache,4,7.601428559833119,Clean
UriEncodeUtil,5,7.601428559833119,Clean
UriResolver,6,7.601428559833119,Clean
SvgConverter,6,7.601428559833119,Clean
StyleResolverUtil,5,7.601428559833119,Clean
SvgAttributeInheritance,1,7.601428559833119,Clean
SvgNodeRendererInheritanceResolver,2,7.601428559833119,Clean
SvgStyleResolver,7,7.601428559833119,Clean
SvgCssContext,1,7.601428559833119,Clean
SvgLogMessageConstant,4,7.601428559833119,Clean
SvgProcessingException,2,7.601428559833119,Clean
DefaultSvgProcessor,8,7.601428559833119,Fault_proner
ProcessorState,2,7.601428559833119,Clean
SvgConverterProperties,9,7.601428559833119,Fault_proner
SvgProcessorContext,7,7.601428559833119,Clean
SvgProcessorResult,6,7.601428559833119,Clean
FontFace,6,7.601428559833119,Clean
FontFaceSrc,6,7.601428559833119,Clean
FontFormat,1,7.601428559833119,Clean
SvgFontProcessor,4,7.601428559833119,Clean
ISvgConverterProperties,3,7.601428559833119,Clean
ISvgProcessor,2,7.601428559833119,Clean
ISvgProcessorResult,3,7.601428559833119,Clean
DefaultSvgNodeRendererFactory,5,7.601428559833119,Clean
DefaultSvgNodeRendererMapper,3,7.601428559833119,Clean
ISvgNodeRendererFactory,3,7.601428559833119,Clean
ISvgNodeRendererMapper,1,7.601428559833119,Clean
IBranchSvgNodeRenderer,3,7.601428559833119,Clean
ISvgNodeRenderer,4,7.601428559833119,Clean
SvgDrawContext,7,7.601428559833119,Clean
AbstractBranchSvgNodeRenderer,7,7.601428559833119,Clean
AbstractSvgNodeRenderer,8,7.601428559833119,Fault_proner
CircleSvgNodeRenderer,3,7.601428559833119,Clean
EllipseSvgNodeRenderer,6,7.601428559833119,Clean
GroupSvgNodeRenderer,3,7.601428559833119,Clean
ImageSvgNodeRenderer,3,7.601428559833119,Clean
LineSvgNodeRenderer,5,7.601428559833119,Clean
NoDrawOperationSvgNodeRenderer,3,7.601428559833119,Clean
PathSvgNodeRenderer,7,7.601428559833119,Clean
PdfRootSvgNodeRenderer,6,7.601428559833119,Clean
PolygonSvgNodeRenderer,2,7.601428559833119,Clean
PolylineSvgNodeRenderer,6,7.601428559833119,Clean
RectangleSvgNodeRenderer,6,7.601428559833119,Clean
SvgTagSvgNodeRenderer,5,7.601428559833119,Clean
TextSvgNodeRenderer,5,7.601428559833119,Clean
UseSvgNodeRenderer,5,7.601428559833119,Clean
AbstractPathShape,6,7.601428559833119,Clean
ClosePath,2,7.601428559833119,Clean
CurveTo,4,7.601428559833119,Clean
HorizontalLineTo,4,7.601428559833119,Clean
LineTo,5,7.601428559833119,Clean
MoveTo,3,7.601428559833119,Clean
OneDimensionalLineTo,4,7.601428559833119,Clean
PathShapeMapper,2,7.601428559833119,Clean
QuadraticCurveTo,3,7.601428559833119,Clean
SmoothSCurveTo,1,7.601428559833119,Clean
VerticalLineTo,4,7.601428559833119,Clean
IPathShape,2,7.601428559833119,Clean
IPathShapeMapper,1,7.601428559833119,Clean
SvgPathShapeFactory,1,7.601428559833119,Clean
SvgConstants,2,7.601428559833119,Clean
Tags,4,7.601428559833119,Clean
Attributes_duplicated_duplicated,5,7.601428559833119,Clean
Values,3,7.601428559833119,Clean
DrawUtils,0,7.601428559833119,Clean
SvgCssUtils,4,7.601428559833119,Clean
SvgMathUtils,0,7.601428559833119,Clean
SvgRegexUtils,0,7.601428559833119,Clean
SvgTextUtil,1,7.601428559833119,Clean
TransformUtils,6,7.601428559833119,Clean
