Component,Threshold,Cutoff,Status
AbstractIoBuffer,10,7.950287252212618,Fault_proner
Bits,4,7.950287252212618,Clean
Buffer,7,7.950287252212618,Clean
ByteOrder,1,7.950287252212618,Clean
BufferDataException,3,7.950287252212618,Clean
BufferUnderflowException,3,7.950287252212618,Clean
ByteBuffer,10,7.950287252212618,Fault_proner
ByteBufferAllocator,5,7.950287252212618,Clean
ByteBufferR,6,7.950287252212618,Clean
IoBuffer,10,7.950287252212618,Fault_proner
IoBufferAllocator,2,7.950287252212618,Clean
IoBufferHexDumper,3,7.950287252212618,Clean
IoBufferStream,6,7.950287252212618,Clean
IoBufferWrapper,7,7.950287252212618,Clean
FileInfoFileRegion,7,7.950287252212618,Clean
IFileRegion,3,7.950287252212618,Clean
DefaultIoFilterChain,9,7.950287252212618,Fault_proner
HeadFilter,6,7.950287252212618,Clean
TailFilter,6,7.950287252212618,Clean
NextFilter,7,7.950287252212618,Clean
DefaultIoFilterChainBuilder,8,7.950287252212618,Fault_proner
EntryImpl,8,7.950287252212618,Fault_proner
IEntry,4,7.950287252212618,Clean
INextFilter,5,7.950287252212618,Clean
IChain,4,7.950287252212618,Clean
"Chain<TChain,TFilter,TNextFilter>",8,7.950287252212618,Fault_proner
Entry,8,7.950287252212618,Fault_proner
IoFilter,6,7.950287252212618,Clean
IoFilterAdapter,8,7.950287252212618,Fault_proner
IoFilterChain,7,7.950287252212618,Clean
IoFilterChainBuilder,2,7.950287252212618,Clean
IoFilterEvent,7,7.950287252212618,Clean
IoFilterLifeCycleException,3,7.950287252212618,Clean
VirtualDefaultIoFilterChain,9,7.950287252212618,Fault_proner
CompositeIoFuture<TFuture>,3,7.950287252212618,Clean
DefaultCloseFuture,4,7.950287252212618,Clean
ICloseFuture,3,7.950287252212618,Clean
IConnectFuture,4,7.950287252212618,Clean
DefaultConnectFuture,10,7.950287252212618,Fault_proner
IReadFuture,3,7.950287252212618,Clean
DefaultReadFuture,6,7.950287252212618,Clean
DefaultIoFuture,10,7.950287252212618,Fault_proner
DefaultWriteFuture,7,7.950287252212618,Clean
IoFuture,3,7.950287252212618,Clean
IoFutureEventArgs,2,7.950287252212618,Clean
IWriteFuture,4,7.950287252212618,Clean
AbstractIoConnector,10,7.950287252212618,Fault_proner
DefaultTransportMetadata,6,7.950287252212618,Clean
IoConnector,7,7.950287252212618,Clean
IoProcessor,6,7.950287252212618,Clean
IoServiceStatistics,7,7.950287252212618,Clean
IoServiceSupport,5,7.950287252212618,Clean
ITransportMetadata,3,7.950287252212618,Clean
AbstractIoAcceptor,10,7.950287252212618,Fault_proner
AbstractIoService,9,7.950287252212618,Fault_proner
InnerHandler,7,7.950287252212618,Clean
IoHandler,5,7.950287252212618,Clean
IoHandlerAdapter,8,7.950287252212618,Fault_proner
IoAcceptor,7,7.950287252212618,Clean
IoService,4,7.950287252212618,Clean
AttributeKey,5,7.950287252212618,Clean
DefaultIoSessionAttributeMap,6,7.950287252212618,Clean
DefaultIoSessionDataStructureFactory,3,7.950287252212618,Clean
ExpiringSessionRecycler,7,7.950287252212618,Clean
IdleStatusChecker,7,7.950287252212618,Clean
IoEvent,8,7.950287252212618,Fault_proner
IoEventType,1,7.950287252212618,Clean
IoSessionAttributeMap,4,7.950287252212618,Clean
IoSessionDataStructureFactory,2,7.950287252212618,Clean
IoSessionRecycler,1,7.950287252212618,Clean
NoopRecycler,5,7.950287252212618,Clean
UnknownMessageTypeException,2,7.950287252212618,Clean
AbstractIoSession,10,7.950287252212618,Fault_proner
CloseAwareWriteQueue,7,7.950287252212618,Clean
AbstractIoSessionConfig,9,7.950287252212618,Fault_proner
DummySession,9,7.950287252212618,Fault_proner
DummyService,1,7.950287252212618,Clean
DummyProcessor,6,7.950287252212618,Clean
DummyConfig,1,7.950287252212618,Clean
AnonymousEndPoint,2,7.950287252212618,Clean
IdleStatus,1,7.950287252212618,Clean
IdleEventArgs,1,7.950287252212618,Clean
IoSession,6,7.950287252212618,Clean
IoSessionEventArgs,3,7.950287252212618,Clean
IoSessionIdleEventArgs,4,7.950287252212618,Clean
IoSessionExceptionEventArgs,3,7.950287252212618,Clean
IoSessionMessageEventArgs,3,7.950287252212618,Clean
IoSessionConfig,5,7.950287252212618,Clean
DefaultWriteRequestQueue,6,7.950287252212618,Clean
IWriteRequestQueue,5,7.950287252212618,Clean
NothingWrittenException,3,7.950287252212618,Clean
WriteException,7,7.950287252212618,Clean
WriteRequestWrapper,5,7.950287252212618,Clean
WriteTimeoutException,2,7.950287252212618,Clean
WriteToClosedSessionException,3,7.950287252212618,Clean
DefaultWriteRequest,8,7.950287252212618,Fault_proner
UnusedFuture,6,7.950287252212618,Clean
IWriteRequest,3,7.950287252212618,Clean
BufferedWriteFilter,8,7.950287252212618,Fault_proner
AbstractProtocolDecoderOutput,5,7.950287252212618,Clean
AbstractProtocolEncoderOutput,8,7.950287252212618,Fault_proner
CumulativeProtocolDecoder,7,7.950287252212618,Clean
IProtocolCodecFactory,1,7.950287252212618,Clean
IProtocolDecoder,3,7.950287252212618,Clean
IProtocolDecoderOutput,3,7.950287252212618,Clean
IProtocolEncoder,3,7.950287252212618,Clean
IProtocolEncoderOutput,2,7.950287252212618,Clean
ProtocolCodecException,3,7.950287252212618,Clean
ProtocolEncoderException,3,7.950287252212618,Clean
ProtocolDecoderException,8,7.950287252212618,Fault_proner
ProtocolCodecFilter,7,7.950287252212618,Clean
ProtocolDecoderOutputImpl,2,7.950287252212618,Clean
ProtocolEncoderOutputImpl,5,7.950287252212618,Clean
EncodedWriteRequest,1,7.950287252212618,Clean
MessageWriteRequest,1,7.950287252212618,Clean
ProtocolCodecFactory,5,7.950287252212618,Clean
ProtocolCodecSession,6,7.950287252212618,Clean
DummyProtocolEncoderOutput,3,7.950287252212618,Clean
DummyProtocolDecoderOutput,2,7.950287252212618,Clean
ProtocolDecoderAdapter,4,7.950287252212618,Clean
ProtocolEncoderAdapter,4,7.950287252212618,Clean
RecoverableProtocolDecoderException,3,7.950287252212618,Clean
SynchronizedProtocolDecoder,6,7.950287252212618,Clean
SynchronizedProtocolEncoder,4,7.950287252212618,Clean
DemuxingProtocolCodecFactory,9,7.950287252212618,Fault_proner
DemuxingProtocolDecoder,7,7.950287252212618,Clean
State,5,7.950287252212618,Clean
SingletonMessageDecoderFactory,3,7.950287252212618,Clean
DefaultConstructorMessageDecoderFactory,3,7.950287252212618,Clean
DemuxingProtocolEncoder,7,7.950287252212618,Clean
SingletonMessageEncoderFactory<T>,3,7.950287252212618,Clean
DefaultConstructorMessageEncoderFactory<T>,3,7.950287252212618,Clean
IMessageDecoder,3,7.950287252212618,Clean
IMessageDecoderFactory,2,7.950287252212618,Clean
IMessageEncoder,3,7.950287252212618,Clean
IMessageEncoderFactory,2,7.950287252212618,Clean
MessageDecoderAdapter,3,7.950287252212618,Clean
MessageDecoderResult,1,7.950287252212618,Clean
PrefixedStringCodecFactory,8,7.950287252212618,Fault_proner
PrefixedStringDecoder,6,7.950287252212618,Clean
PrefixedStringEncoder,7,7.950287252212618,Clean
ObjectSerializationCodecFactory,5,7.950287252212618,Clean
ObjectSerializationDecoder,3,7.950287252212618,Clean
ObjectSerializationEncoder,3,7.950287252212618,Clean
ConsumeToCrLfDecodingState,6,7.950287252212618,Clean
ConsumeToDynamicTerminatorDecodingState,8,7.950287252212618,Fault_proner
ConsumeToEndOfSessionDecodingState,7,7.950287252212618,Clean
ConsumeToLinearWhitespaceDecodingState,1,7.950287252212618,Clean
ConsumeToTerminatorDecodingState,7,7.950287252212618,Clean
CrLfDecodingState,6,7.950287252212618,Clean
DecodingStateMachine,7,7.950287252212618,Clean
ChildOutput,4,7.950287252212618,Clean
DecodingStateProtocolDecoder,7,7.950287252212618,Clean
FixedLengthDecodingState,7,7.950287252212618,Clean
IDecodingState,3,7.950287252212618,Clean
IntegerDecodingState,6,7.950287252212618,Clean
LinearWhitespaceSkippingState,1,7.950287252212618,Clean
ShortIntegerDecodingState,5,7.950287252212618,Clean
SingleByteDecodingState,3,7.950287252212618,Clean
SkippingState,8,7.950287252212618,Fault_proner
LineDelimiter,7,7.950287252212618,Clean
TextLineCodecFactory,8,7.950287252212618,Fault_proner
TextLineDecoder,9,7.950287252212618,Fault_proner
Context,7,7.950287252212618,Clean
TextLineEncoder,8,7.950287252212618,Fault_proner
ErrorGeneratingFilter,8,7.950287252212618,Fault_proner
ExecutorFilter,7,7.950287252212618,Clean
IExecutor,1,7.950287252212618,Clean
IoEventExecutor,1,7.950287252212618,Clean
IoEventQueueHandler,2,7.950287252212618,Clean
NoopIoEventQueueHandler,6,7.950287252212618,Clean
IoEventQueueThrottle,7,7.950287252212618,Clean
IoEventSizeEstimator,1,7.950287252212618,Clean
DefaultIoEventSizeEstimator,6,7.950287252212618,Clean
OrderedThreadPoolExecutor,7,7.950287252212618,Clean
SessionTasksQueue,2,7.950287252212618,Clean
ThreadPoolExecutor,2,7.950287252212618,Clean
UnorderedThreadPoolExecutor,4,7.950287252212618,Clean
WriteRequestFilter,6,7.950287252212618,Clean
BlacklistFilter,7,7.950287252212618,Clean
ConnectionThrottleFilter,7,7.950287252212618,Clean
Subnet,6,7.950287252212618,Clean
IKeepAliveMessageFactory,3,7.950287252212618,Clean
IKeepAliveRequestTimeoutHandler,2,7.950287252212618,Clean
KeepAliveFilter,9,7.950287252212618,Fault_proner
KeepAliveRequestTimeoutException,2,7.950287252212618,Clean
KeepAliveRequestTimeoutHandler,4,7.950287252212618,Clean
NoopHandler,4,7.950287252212618,Clean
LogHandler,4,7.950287252212618,Clean
ExceptionHandler,4,7.950287252212618,Clean
CloseHandler,4,7.950287252212618,Clean
DeafSpeakerHandler,4,7.950287252212618,Clean
LoggingFilter,8,7.950287252212618,Fault_proner
LogLevel,0,7.950287252212618,Clean
SslFilter,9,7.950287252212618,Fault_proner
EncryptedWriteRequest,3,7.950287252212618,Clean
SslHandler,8,7.950287252212618,Fault_proner
IoSessionStream,7,7.950287252212618,Clean
ProfilerTimerFilter,8,7.950287252212618,Fault_proner
TimerWorker,2,7.950287252212618,Clean
TimeUnit,0,7.950287252212618,Clean
AbstractStreamWriteFilter<T>,8,7.950287252212618,Fault_proner
FileRegionWriteFilter,1,7.950287252212618,Clean
StreamWriteFilter,1,7.950287252212618,Clean
CommonEventFilter,6,7.950287252212618,Clean
NoopFilter,1,7.950287252212618,Clean
ReferenceCountingFilter,7,7.950287252212618,Clean
SessionAttributeInitializingFilter,7,7.950287252212618,Clean
ChainedIoHandler,4,7.950287252212618,Clean
INextCommand,2,7.950287252212618,Clean
IoHandlerChain,8,7.950287252212618,Fault_proner
HeadCommand,2,7.950287252212618,Clean
TailCommand,5,7.950287252212618,Clean
NextCommand,4,7.950287252212618,Clean
IoHandlerCommand,2,7.950287252212618,Clean
DemuxingIoHandler,7,7.950287252212618,Clean
ExceptionHandler<E>,7,7.950287252212618,Clean
NoopExceptionHandler,1,7.950287252212618,Clean
CloseExceptionHandler,1,7.950287252212618,Clean
IExceptionHandler,2,7.950287252212618,Clean
IMessageHandler,2,7.950287252212618,Clean
MessageHandler<T>,7,7.950287252212618,Clean
NoopMessageHandler,1,7.950287252212618,Clean
IoSessionStream_duplicated,7,7.950287252212618,Clean
StreamIoHandler,8,7.950287252212618,Fault_proner
DefaultLoopbackSessionConfig,1,7.950287252212618,Clean
LoopbackAcceptor,7,7.950287252212618,Clean
LoopbackConnector,7,7.950287252212618,Clean
LoopbackFilterChain,8,7.950287252212618,Fault_proner
LoopbackIoProcessor,7,7.950287252212618,Clean
LoopbackPipe,4,7.950287252212618,Clean
LoopbackEndPoint,6,7.950287252212618,Clean
LoopbackSession,8,7.950287252212618,Fault_proner
DefaultSerialSessionConfig,4,7.950287252212618,Clean
ISerialSession,3,7.950287252212618,Clean
ISerialSessionConfig,4,7.950287252212618,Clean
SerialConnector,7,7.950287252212618,Clean
SerialEndPoint,5,7.950287252212618,Clean
SerialSession,9,7.950287252212618,Fault_proner
SessionConfigImpl,8,7.950287252212618,Fault_proner
AbstractDatagramSessionConfig,5,7.950287252212618,Clean
AsyncDatagramAcceptor,9,7.950287252212618,Fault_proner
SocketContext,8,7.950287252212618,Fault_proner
AsyncDatagramConnector,7,7.950287252212618,Clean
AsyncDatagramSession,10,7.950287252212618,Fault_proner
DatagramSessionConfigImpl,4,7.950287252212618,Clean
DefaultDatagramSessionConfig,2,7.950287252212618,Clean
IDatagramAcceptor,3,7.950287252212618,Clean
IDatagramConnector,3,7.950287252212618,Clean
IDatagramSessionConfig,4,7.950287252212618,Clean
AbstractSocketAcceptor,8,7.950287252212618,Fault_proner
ListenerContext,3,7.950287252212618,Clean
AbstractSocketConnector,8,7.950287252212618,Fault_proner
ConnectorContext,7,7.950287252212618,Clean
AbstractSocketSessionConfig,5,7.950287252212618,Clean
AsyncSocketAcceptor,8,7.950287252212618,Fault_proner
AsyncSocketConnector,7,7.950287252212618,Clean
AsyncSocketProcessor,8,7.950287252212618,Fault_proner
DefaultSocketSessionConfig,2,7.950287252212618,Clean
ISocketAcceptor,3,7.950287252212618,Clean
ISocketConnector,3,7.950287252212618,Clean
ISocketSessionConfig,4,7.950287252212618,Clean
SessionConfigImpl_duplicated,4,7.950287252212618,Clean
SocketAsyncEventArgsBuffer,9,7.950287252212618,Fault_proner
SocketAsyncEventArgsBufferAllocator,8,7.950287252212618,Fault_proner
AsyncSocketSession,10,7.950287252212618,Fault_proner
SocketSession,9,7.950287252212618,Fault_proner
BufferManager,5,7.950287252212618,Clean
DelegateUtils,5,7.950287252212618,Clean
ExceptionMonitor,3,7.950287252212618,Clean
DefaultExceptionMonitor,3,7.950287252212618,Clean
"ExpiringMap<TKey,TValue>",8,7.950287252212618,Fault_proner
ExpiringObject,4,7.950287252212618,Clean
ExpirationEventArgs<T>,1,7.950287252212618,Clean
IQueue,3,7.950287252212618,Clean
Queue<T>,1,7.950287252212618,Clean
ConcurrentQueue<T>,1,7.950287252212618,Clean
Pool<T>,5,7.950287252212618,Clean
