Component,Threshold,Cutoff,Status
ServerEntryPoint,3,7.8535047712300425,Clean
AgentHost,9,7.8535047712300425,Fault_proner
AgentParameters,2,7.8535047712300425,Clean
AgentProgram,7,7.8535047712300425,Clean
IAgentExternalModule,3,7.8535047712300425,Clean
INativeRunnerCache,3,7.8535047712300425,Clean
NativeRunnerCache,7,7.8535047712300425,Clean
TestRunnerMetadata,1,7.8535047712300425,Clean
AgentTestRunner,6,7.8535047712300425,Clean
Agent,9,7.8535047712300425,Fault_proner
AgentConfiguration,3,7.8535047712300425,Clean
AnnouncementModule,7,7.8535047712300425,Clean
DiscoveryModule,7,7.8535047712300425,Clean
ExceptionEntry,2,7.8535047712300425,Clean
LogConfiguration,1,7.8535047712300425,Clean
LogEntry,3,7.8535047712300425,Clean
RollingLog,8,7.8535047712300425,Fault_proner
InstanceTracker,7,7.8535047712300425,Clean
IInstanceTracker,3,7.8535047712300425,Clean
InstanceTrackerState,2,7.8535047712300425,Clean
NDistribUnitProcessRunner,9,7.8535047712300425,Fault_proner
DistributedConfigurationSetup,2,7.8535047712300425,Clean
IDistributedConfigurationOperator,4,7.8535047712300425,Clean
TestDataProvider,8,7.8535047712300425,Fault_proner
TestResultExtensions,6,7.8535047712300425,Clean
TestResultFactory,6,7.8535047712300425,Clean
TestType,3,7.8535047712300425,Clean
TestResultsProcessor,5,7.8535047712300425,Clean
ITestReprocessor,2,7.8535047712300425,Clean
IResultsStorage,5,7.8535047712300425,Clean
ITestResultsSerializer,4,7.8535047712300425,Clean
ITestsRetriever,2,7.8535047712300425,Clean
NUnitTestsFilter,9,7.8535047712300425,Fault_proner
TestReprocessor,7,7.8535047712300425,Clean
ReprocessingVerdict,0,7.8535047712300425,Clean
ResultsStorage,7,7.8535047712300425,Clean
RunResultsCollection,7,7.8535047712300425,Clean
TestUnitAttachedData,7,7.8535047712300425,Clean
TestAgentsCollection,8,7.8535047712300425,Fault_proner
ServerTestRunner,5,7.8535047712300425,Clean
TestResultsSerializer,5,7.8535047712300425,Clean
TestsRetriever,7,7.8535047712300425,Clean
InAnotherDomainTestsRetriever,4,7.8535047712300425,Clean
ITestSystemInitializer,2,7.8535047712300425,Clean
NUnitInitializer,3,7.8535047712300425,Clean
TestUnit,4,7.8535047712300425,Clean
TestUnitsCollection,10,7.8535047712300425,Fault_proner
ITestUnitsCollection,2,7.8535047712300425,Clean
TestUnitWithMetadata,6,7.8535047712300425,Clean
ClientParameters,6,7.8535047712300425,Clean
ClientProgram,7,7.8535047712300425,Clean
NUnitParameters,3,7.8535047712300425,Clean
IClient,1,7.8535047712300425,Clean
Client,8,7.8535047712300425,Fault_proner
AssemblyResolver,6,7.8535047712300425,Clean
ConfigurationFileMerger,3,7.8535047712300425,Clean
InAnotherDomainConfigurationMerger,4,7.8535047712300425,Clean
PathUtilities,1,7.8535047712300425,Clean
Unlocker,3,7.8535047712300425,Clean
CrossThreadPipe<TObject>,6,7.8535047712300425,Clean
StartupCleaner,6,7.8535047712300425,Clean
ServiceConfiguration,2,7.8535047712300425,Clean
IConnectionProvider,2,7.8535047712300425,Clean
PingableCollection<TPingable>,7,7.8535047712300425,Clean
PingableMetadata,4,7.8535047712300425,Clean
ZipSource,5,7.8535047712300425,Clean
ExceptionCatcher,6,7.8535047712300425,Clean
GeneralProgram,6,7.8535047712300425,Clean
DomainManager,6,7.8535047712300425,Clean
InAnotherDomainResolverCreator,4,7.8535047712300425,Clean
EnumExtensions,0,7.8535047712300425,Clean
ObjectExtensions,1,7.8535047712300425,Clean
Win32,0,7.8535047712300425,Clean
SetInformationHandleFlags,1,7.8535047712300425,Clean
ProcessCreationWatcher,5,7.8535047712300425,Clean
ProcessTreeKiller,6,7.8535047712300425,Clean
Win32_Process,8,7.8535047712300425,Fault_proner
ExecutionStateValues,0,7.8535047712300425,Clean
ProcessCollection,6,7.8535047712300425,Clean
ProcessEnumerator,5,7.8535047712300425,Clean
WMIValueTypeConverter,5,7.8535047712300425,Clean
ManagementSystemProperties,3,7.8535047712300425,Clean
Test,0,7.8535047712300425,Clean
TestResultType,0,7.8535047712300425,Clean
AgentInformation,3,7.8535047712300425,Clean
TestRun,6,7.8535047712300425,Clean
UpdatePackage,2,7.8535047712300425,Clean
WindowsLog,6,7.8535047712300425,Clean
CombinedLog,6,7.8535047712300425,Clean
ConsoleLog,6,7.8535047712300425,Clean
ILog,5,7.8535047712300425,Clean
LogEntryType,1,7.8535047712300425,Clean
LoggingUtility,4,7.8535047712300425,Clean
RealConnectionProvider,2,7.8535047712300425,Clean
WcfUtilities,3,7.8535047712300425,Clean
ReturnCodes,1,7.8535047712300425,Clean
IUpdateReceiver,2,7.8535047712300425,Clean
CurrentAssemblyVersionProvider,1,7.8535047712300425,Clean
IVersionProvider,2,7.8535047712300425,Clean
UpdateReceiver,7,7.8535047712300425,Clean
UpdatesMonitor,7,7.8535047712300425,Clean
PingResult,2,7.8535047712300425,Clean
AgentState,1,7.8535047712300425,Clean
ProjectDescription,1,7.8535047712300425,Clean
EventArgs<T>,1,7.8535047712300425,Clean
StreamWrapper,6,7.8535047712300425,Clean
RollingList<TValue>,5,7.8535047712300425,Clean
RollingListItem<TValue>,1,7.8535047712300425,Clean
EventExtensions,4,7.8535047712300425,Clean
DirectoryHash,7,7.8535047712300425,Clean
ErrorLevel,0,7.8535047712300425,Clean
HashValidationException,4,7.8535047712300425,Clean
IProjectReceiver,3,7.8535047712300425,Clean
ProjectMessage,2,7.8535047712300425,Clean
IRemoteAppPart,4,7.8535047712300425,Clean
IAgent,5,7.8535047712300425,Clean
IServer,5,7.8535047712300425,Clean
UpdateRequest,2,7.8535047712300425,Clean
IDashboardService,4,7.8535047712300425,Clean
EntryPoint,6,7.8535047712300425,Clean
AgentMetadata,6,7.8535047712300425,Clean
IAgentStateSetter,2,7.8535047712300425,Clean
AgentsCollection,8,7.8535047712300425,Fault_proner
AgentsTracker,7,7.8535047712300425,Clean
AgentUpdater,7,7.8535047712300425,Clean
IAgentUpdater,1,7.8535047712300425,Clean
IConnectionsHostOptions,3,7.8535047712300425,Clean
PredefinedAgentsElementCollection,1,7.8535047712300425,Clean
PredefinedAgentsProvider,7,7.8535047712300425,Clean
PredefinedAgentsElement,2,7.8535047712300425,Clean
PredefinedAgentsConfigurationSection,1,7.8535047712300425,Clean
AnnouncementAgentsProvider,7,7.8535047712300425,Clean
IAgentsProvider,2,7.8535047712300425,Clean
DiscoveryAgentsProvider,7,7.8535047712300425,Clean
DiscoveryAgentsProviderOptions,1,7.8535047712300425,Clean
ServerProgram,6,7.8535047712300425,Clean
ConnectionTrackerElement,3,7.8535047712300425,Clean
ServerConfiguration,4,7.8535047712300425,Clean
ConnectionTrackerConfigurations,1,7.8535047712300425,Clean
DistributedConfigurationOperator,7,7.8535047712300425,Clean
DistributedConfigurationSubstitutions,6,7.8535047712300425,Clean
DistributedConfigurationVariable,4,7.8535047712300425,Clean
DistributedConfigurationVariablesValue,2,7.8535047712300425,Clean
SequenceDistributedConfigurationVariable,6,7.8535047712300425,Clean
SchedulingHint,1,7.8535047712300425,Clean
ITestsScheduler,1,7.8535047712300425,Clean
TestsScheduler,7,7.8535047712300425,Clean
AgentDependenciesModule,5,7.8535047712300425,Clean
ClientDependenciesModule,0,7.8535047712300425,Clean
CommonDependenciesModule,3,7.8535047712300425,Clean
ServerDependenciesModule,5,7.8535047712300425,Clean
Retry,2,7.8535047712300425,Clean
ServerHost,8,7.8535047712300425,Fault_proner
DashboardService,7,7.8535047712300425,Clean
AgentView,2,7.8535047712300425,Clean
Server,8,7.8535047712300425,Fault_proner
MatchType,1,7.8535047712300425,Clean
TestRunFailureSpecialHandling,6,7.8535047712300425,Clean
ITestRunParametersFileReader,1,7.8535047712300425,Clean
TestRunParameters,7,7.8535047712300425,Clean
TestRunParametersFileReader,2,7.8535047712300425,Clean
TestRunParametersXmlReader,1,7.8535047712300425,Clean
TestRunRequest,4,7.8535047712300425,Clean
RequestStatistics,7,7.8535047712300425,Clean
TestRunRequestStatus,1,7.8535047712300425,Clean
NoAvailableAgentsException,1,7.8535047712300425,Clean
IProjectPackager,2,7.8535047712300425,Clean
IRequestsStorage,4,7.8535047712300425,Clean
ProjectPackager,5,7.8535047712300425,Clean
RequestsStorage,8,7.8535047712300425,Fault_proner
IProjectsStorage,5,7.8535047712300425,Clean
ProjectsStorage,8,7.8535047712300425,Fault_proner
TestProject,2,7.8535047712300425,Clean
IPingable,1,7.8535047712300425,Clean
OptionMatchDescription,1,7.8535047712300425,Clean
ConsoleParametersParser,8,7.8535047712300425,Fault_proner
ConsoleOption,7,7.8535047712300425,Clean
BootstrapperParameters,6,7.8535047712300425,Clean
IUpdateSource,2,7.8535047712300425,Clean
UpdateSource,6,7.8535047712300425,Clean
VersionDirectoryFinder,8,7.8535047712300425,Fault_proner
ReturnCodes_duplicated,0,7.8535047712300425,Clean
ConsoleOption_duplicated,6,7.8535047712300425,Clean
ConsoleParametersParser_duplicated,7,7.8535047712300425,Clean
OptionMatchDescription_duplicated,1,7.8535047712300425,Clean
DirectoryHash_duplicated,6,7.8535047712300425,Clean
ErrorLevel_duplicated,0,7.8535047712300425,Clean
HashValidationException_duplicated,4,7.8535047712300425,Clean
CombinedLog_duplicated,6,7.8535047712300425,Clean
ConsoleLog_duplicated,5,7.8535047712300425,Clean
ILog_duplicated,5,7.8535047712300425,Clean
LoggingUtility_duplicated,4,7.8535047712300425,Clean
WindowsLog_duplicated,6,7.8535047712300425,Clean
BootstrapperParameters_duplicated,5,7.8535047712300425,Clean
VersionDirectoryFinder_duplicated,7,7.8535047712300425,Clean
UnhandledExceptionLogger,3,7.8535047712300425,Clean
BootstrapperProgram,5,7.8535047712300425,Clean
