Component,Threshold,Cutoff,Status
AbiCompatibility,0,9.221269701931952,Clean
AbiEventArgs,0,9.221269701931952,Clean
AbiComparer,5,9.221269701931952,Clean
TypeGraph,5,9.221269701931952,Clean
TypeGraphNode,2,9.221269701931952,Clean
SymbolCollector,5,9.221269701931952,Clean
DocumentationComment,8,9.221269701931952,Clean
GetPotentiallyNestedClassTypeReference,5,9.221269701931952,Clean
IDocumentationProvider,1,9.221269701931952,Clean
IUnresolvedDocumentationProvider,2,9.221269701931952,Clean
XmlDocumentationProvider,7,9.221269701931952,Clean
XmlDocumentationCache,3,9.221269701931952,Clean
IndexEntry,1,9.221269701931952,Clean
LinePositionMapper,3,9.221269701931952,Clean
IdStringProvider,6,9.221269701931952,Clean
IdStringMemberReference,7,9.221269701931952,Clean
IDocument,8,9.221269701931952,Clean
IDocumentLine,4,9.221269701931952,Clean
ISegment,3,9.221269701931952,Clean
ISegmentExtensions,1,9.221269701931952,Clean
ITextAnchor,3,9.221269701931952,Clean
AnchorMovementType,1,9.221269701931952,Clean
ITextSource,6,9.221269701931952,Clean
ITextSourceVersion,3,9.221269701931952,Clean
ReadOnlyDocument,9,9.221269701931952,Clean
ReadOnlyDocumentLine,6,9.221269701931952,Clean
ReadOnlyDocumentTextAnchor,3,9.221269701931952,Clean
StringBuilderDocument,8,9.221269701931952,Clean
InsertionWithMovementBefore,3,9.221269701931952,Clean
SimpleAnchor,8,9.221269701931952,Clean
StringTextSource,9,9.221269701931952,Clean
TextChangeEventArgs,9,9.221269701931952,Clean
TextSourceVersionProvider,3,9.221269701931952,Clean
Version,7,9.221269701931952,Clean
ITextPasteHandler,1,9.221269701931952,Clean
IAnnotatable,4,9.221269701931952,Clean
AbstractAnnotatable,6,9.221269701931952,Clean
AnnotationList,1,9.221269701931952,Clean
Role,6,9.221269701931952,Clean
Role<T>,6,9.221269701931952,Clean
TextLocation,8,9.221269701931952,Clean
TextLocationConverter,3,9.221269701931952,Clean
EmptyList<T>,5,9.221269701931952,Clean
UnicodeNewline,0,9.221269701931952,Clean
NewLine,7,9.221269701931952,Clean
BacktrackingInfo,1,9.221269701931952,Clean
Choice,5,9.221269701931952,Clean
AnyNode,3,9.221269701931952,Clean
Backreference,3,9.221269701931952,Clean
INode,4,9.221269701931952,Clean
PatternExtensions,3,9.221269701931952,Clean
Match,5,9.221269701931952,Clean
NamedNode,5,9.221269701931952,Clean
OptionalNode,5,9.221269701931952,Clean
Repeat,7,9.221269701931952,Clean
Pattern,10,9.221269701931952,Fault_proner
PossibleMatch,2,9.221269701931952,Clean
AnyNodeOrNull,3,9.221269701931952,Clean
AmbiguousTypeResolveResult,1,9.221269701931952,Clean
AmbiguousMemberResolveResult,2,9.221269701931952,Clean
ArrayAccessResolveResult,5,9.221269701931952,Clean
ArrayCreateResolveResult,5,9.221269701931952,Clean
ByReferenceResolveResult,7,9.221269701931952,Clean
ConstantResolveResult,4,9.221269701931952,Clean
ConversionResolveResult,9,9.221269701931952,Clean
SizeOfResolveResult,3,9.221269701931952,Clean
ErrorResolveResult,6,9.221269701931952,Clean
Conversion,10,9.221269701931952,Fault_proner
InvalidConversion,1,9.221269701931952,Clean
NumericOrEnumerationConversion,6,9.221269701931952,Clean
BuiltinConversion,5,9.221269701931952,Clean
UserDefinedConv,7,9.221269701931952,Clean
MethodGroupConv,7,9.221269701931952,Clean
ForEachResolveResult,6,9.221269701931952,Clean
InitializedObjectResolveResult,1,9.221269701931952,Clean
InvocationResolveResult,9,9.221269701931952,Clean
LocalResolveResult,8,9.221269701931952,Clean
MemberResolveResult,10,9.221269701931952,Fault_proner
NamedArgumentResolveResult,9,9.221269701931952,Clean
NamespaceResolveResult,5,9.221269701931952,Clean
OperatorResolveResult,9,9.221269701931952,Clean
ResolveResult,8,9.221269701931952,Clean
ThisResolveResult,2,9.221269701931952,Clean
TypeIsResolveResult,4,9.221269701931952,Clean
TypeOfResolveResult,2,9.221269701931952,Clean
TypeResolveResult,5,9.221269701931952,Clean
UnknownMemberResolveResult,5,9.221269701931952,Clean
UnknownMethodResolveResult,1,9.221269701931952,Clean
UnknownIdentifierResolveResult,5,9.221269701931952,Clean
Accessibility,1,9.221269701931952,Clean
IHasAccessibility,3,9.221269701931952,Clean
AnonymousType,8,9.221269701931952,Clean
AnonymousTypeProperty,4,9.221269701931952,Clean
AnonymousTypeAccessor,5,9.221269701931952,Clean
AnonymousTypeReference,3,9.221269701931952,Clean
ArrayType,9,9.221269701931952,Clean
ArrayTypeReference,8,9.221269701931952,Clean
AssemblyQualifiedTypeName,7,9.221269701931952,Clean
ByReferenceType,8,9.221269701931952,Clean
ByReferenceTypeReference,5,9.221269701931952,Clean
ComHelper,4,9.221269701931952,Clean
DefaultSolutionSnapshot,7,9.221269701931952,Clean
DomRegion,8,9.221269701931952,Clean
EntityType,0,9.221269701931952,Clean
SymbolKind,2,9.221269701931952,Clean
ISymbol,3,9.221269701931952,Clean
TaskType,5,9.221269701931952,Clean
TypeParameterSubstitution,11,9.221269701931952,Fault_proner
TypeSystemExtensions,5,9.221269701931952,Clean
TypeClassificationVisitor,3,9.221269701931952,Clean
FullTypeName,8,9.221269701931952,Clean
NestedTypeName,2,9.221269701931952,Clean
FullTypeNameComparer,7,9.221269701931952,Clean
ConversionFlags,1,9.221269701931952,Clean
IAmbience,4,9.221269701931952,Clean
IUnresolvedAssembly,4,9.221269701931952,Clean
IAssemblyReference,2,9.221269701931952,Clean
IAssembly,5,9.221269701931952,Clean
IUnresolvedAttribute,2,9.221269701931952,Clean
IAttribute,3,9.221269701931952,Clean
ICompilation,4,9.221269701931952,Clean
ICompilationProvider,1,9.221269701931952,Clean
IConstantValue,2,9.221269701931952,Clean
IUnresolvedEntity,5,9.221269701931952,Clean
IEntity,5,9.221269701931952,Clean
IUnresolvedEvent,4,9.221269701931952,Clean
IEvent,4,9.221269701931952,Clean
IUnresolvedField,3,9.221269701931952,Clean
IField,4,9.221269701931952,Clean
IFreezable,1,9.221269701931952,Clean
InterningProvider,7,9.221269701931952,Clean
DummyInterningProvider,3,9.221269701931952,Clean
IUnresolvedMember,5,9.221269701931952,Clean
IMemberReference,2,9.221269701931952,Clean
IMember,5,9.221269701931952,Clean
IUnresolvedMethod,5,9.221269701931952,Clean
IMethod,5,9.221269701931952,Clean
INamedElement,2,9.221269701931952,Clean
INamespace,5,9.221269701931952,Clean
InheritanceHelper,6,9.221269701931952,Clean
IntersectionType,7,9.221269701931952,Clean
IUnresolvedParameter,4,9.221269701931952,Clean
IParameter,4,9.221269701931952,Clean
IUnresolvedParameterizedMember,2,9.221269701931952,Clean
IParameterizedMember,3,9.221269701931952,Clean
IParsedFile,0,9.221269701931952,Clean
IUnresolvedFile,5,9.221269701931952,Clean
IProjectContent,8,9.221269701931952,Clean
IUnresolvedProperty,4,9.221269701931952,Clean
IProperty,4,9.221269701931952,Clean
ISolutionSnapshot,2,9.221269701931952,Clean
ISupportsInterning,2,9.221269701931952,Clean
IType,8,9.221269701931952,Clean
GetMemberOptions,1,9.221269701931952,Clean
IUnresolvedTypeDefinition,5,9.221269701931952,Clean
ITypeDefinition,5,9.221269701931952,Clean
IUnresolvedTypeParameter,3,9.221269701931952,Clean
ITypeParameter,5,9.221269701931952,Clean
VarianceModifier,1,9.221269701931952,Clean
ITypeReference,2,9.221269701931952,Clean
ITypeResolveContext,5,9.221269701931952,Clean
KnownTypeCode,2,9.221269701931952,Clean
KnownTypeReference,10,9.221269701931952,Fault_proner
NullableType,6,9.221269701931952,Clean
ParameterizedType,9,9.221269701931952,Clean
ParameterizedTypeReference,8,9.221269701931952,Clean
ParameterListComparer,8,9.221269701931952,Clean
NormalizeTypeVisitor,3,9.221269701931952,Clean
SignatureComparer,8,9.221269701931952,Clean
ProjectReference,4,9.221269701931952,Clean
ReflectionNameParseException,3,9.221269701931952,Clean
SimpleTypeResolveContext,8,9.221269701931952,Clean
TopLevelTypeName,7,9.221269701931952,Clean
TopLevelTypeNameComparer,4,9.221269701931952,Clean
TypeKind,2,9.221269701931952,Clean
TypeVisitor,6,9.221269701931952,Clean
IVariable,4,9.221269701931952,Clean
PointerType,8,9.221269701931952,Clean
PointerTypeReference,5,9.221269701931952,Clean
ReflectionHelper,6,9.221269701931952,Clean
Null,0,9.221269701931952,Clean
Dynamic,1,9.221269701931952,Clean
UnboundTypeArgument,0,9.221269701931952,Clean
SpecialType,10,9.221269701931952,Fault_proner
ErrorType,0,9.221269701931952,Clean
Error,7,9.221269701931952,Clean
AssemblyLoaderBackend,0,9.221269701931952,Clean
AssemblyLoader,5,9.221269701931952,Clean
BlobReader,6,9.221269701931952,Clean
DefaultVariable,6,9.221269701931952,Clean
CecilResolvedAttribute,8,9.221269701931952,Clean
UnresolvedAttributeBlob,7,9.221269701931952,Clean
UnresolvedSecurityDeclarationBlob,6,9.221269701931952,Clean
UnresolvedSecurityAttribute,4,9.221269701931952,Clean
FreezableHelper,5,9.221269701931952,Clean
AbstractFreezable,2,9.221269701931952,Clean
AbstractResolvedEntity,8,9.221269701931952,Clean
AbstractResolvedMember,9,9.221269701931952,Clean
AbstractTypeParameter,9,9.221269701931952,Clean
AbstractType,8,9.221269701931952,Clean
AbstractUnresolvedEntity,9,9.221269701931952,Clean
RareFields,4,9.221269701931952,Clean
AbstractUnresolvedMember,10,9.221269701931952,Fault_proner
AccessorOwnerMemberReference,3,9.221269701931952,Clean
BaseTypeCollector,4,9.221269701931952,Clean
DefaultAssemblyReference,8,9.221269701931952,Clean
CurrentAssemblyReference,2,9.221269701931952,Clean
DefaultAttribute,7,9.221269701931952,Clean
DefaultMemberReference,7,9.221269701931952,Clean
DefaultParameter,8,9.221269701931952,Clean
DefaultResolvedEvent,6,9.221269701931952,Clean
DefaultResolvedField,5,9.221269701931952,Clean
DefaultResolvedMethod,8,9.221269701931952,Clean
ListOfLists<T>,5,9.221269701931952,Clean
DefaultResolvedProperty,9,9.221269701931952,Clean
DefaultResolvedTypeDefinition,9,9.221269701931952,Clean
MemberList,7,9.221269701931952,Clean
PartialMethodInfo,5,9.221269701931952,Clean
DefaultTypeParameter,6,9.221269701931952,Clean
DefaultUnresolvedAssembly,9,9.221269701931952,Clean
TypeOfConstantValue,3,9.221269701931952,Clean
UnresolvedNamespace,1,9.221269701931952,Clean
DefaultResolvedAssembly,8,9.221269701931952,Clean
NS,7,9.221269701931952,Clean
DefaultUnresolvedAttribute,8,9.221269701931952,Clean
DefaultResolvedAttribute,8,9.221269701931952,Clean
DefaultUnresolvedEvent,8,9.221269701931952,Clean
DefaultUnresolvedField,7,9.221269701931952,Clean
DefaultUnresolvedMethod,9,9.221269701931952,Clean
DefaultUnresolvedParameter,8,9.221269701931952,Clean
ResolvedParameterWithDefaultValue,5,9.221269701931952,Clean
DefaultUnresolvedProperty,8,9.221269701931952,Clean
DefaultUnresolvedTypeDefinition,10,9.221269701931952,Fault_proner
DefaultUnresolvedTypeParameter,9,9.221269701931952,Clean
DummyTypeParameter,9,9.221269701931952,Clean
NormalizeMethodTypeParametersVisitor,2,9.221269701931952,Clean
NormalizeClassTypeParametersVisitor,2,9.221269701931952,Clean
ExplicitInterfaceImplementationMemberReference,5,9.221269701931952,Clean
FullNameAndTypeParameterCount,0,9.221269701931952,Clean
GetClassTypeReference,8,9.221269701931952,Clean
GetMembersHelper,5,9.221269701931952,Clean
KnownTypeCache,5,9.221269701931952,Clean
MergedNamespace,8,9.221269701931952,Clean
MinimalCorlib,3,9.221269701931952,Clean
NestedTypeReference,8,9.221269701931952,Clean
SimpleCompilation,8,9.221269701931952,Clean
SimpleConstantValue,6,9.221269701931952,Clean
SimpleInterningProvider,7,9.221269701931952,Clean
InterningComparer,1,9.221269701931952,Clean
ListComparer,2,9.221269701931952,Clean
SpecializedEvent,4,9.221269701931952,Clean
SpecializedField,3,9.221269701931952,Clean
SpecializedMember,9,9.221269701931952,Clean
SpecializedParameterizedMember,6,9.221269701931952,Clean
SpecializedMethod,9,9.221269701931952,Clean
SpecializedTypeParameter,7,9.221269701931952,Clean
SpecializedProperty,4,9.221269701931952,Clean
SpecializingMemberReference,4,9.221269701931952,Clean
TypeParameterReference,8,9.221269701931952,Clean
TypeWithElementType,4,9.221269701931952,Clean
UnknownType,8,9.221269701931952,Clean
VoidTypeDefinition,6,9.221269701931952,Clean
BinaryReaderWith7BitEncodedInts,4,9.221269701931952,Clean
BinaryWriterWith7BitEncodedInts,4,9.221269701931952,Clean
BitVector16,4,9.221269701931952,Clean
BusyManager,1,9.221269701931952,Clean
BusyLock,2,9.221269701931952,Clean
CacheManager,3,9.221269701931952,Clean
CallbackOnDispose,1,9.221269701931952,Clean
CSharpPrimitiveCast,3,9.221269701931952,Clean
ExtensionMethods,2,9.221269701931952,Clean
FastSerializer,7,9.221269701931952,Clean
SerializationType,2,9.221269701931952,Clean
SerializationContext,7,9.221269701931952,Clean
DeserializationContext,5,9.221269701931952,Clean
CustomDeserialization,2,9.221269701931952,Clean
FastSerializerVersionAttribute,0,9.221269701931952,Clean
GraphVizGraph,7,9.221269701931952,Clean
GraphVizEdge,6,9.221269701931952,Clean
GraphVizNode,5,9.221269701931952,Clean
ImmutableStack<T>,6,9.221269701931952,Clean
KeyComparer,2,9.221269701931952,Clean
"KeyComparer<TElement,TKey>",4,9.221269701931952,Clean
LazyInit,2,9.221269701931952,Clean
"MultiDictionary<TKey,TValue>",5,9.221269701931952,Clean
Grouping,3,9.221269701931952,Clean
Platform,0,9.221269701931952,Clean
"ProjectedList<TInput,TOutput>",6,9.221269701931952,Clean
"ProjectedList<TContext,TInput,TOutput>",6,9.221269701931952,Clean
ReferenceComparer,2,9.221269701931952,Clean
TreeTraversal,4,9.221269701931952,Clean
CompositeFormatStringParser,6,9.221269701931952,Clean
FormatStringParseResult,1,9.221269701931952,Clean
TextSegment,5,9.221269701931952,Clean
FormatItem,6,9.221269701931952,Clean
FormatStringSegmentBase,3,9.221269701931952,Clean
IFormatStringSegment,2,9.221269701931952,Clean
IFormatStringError,2,9.221269701931952,Clean
DefaultFormatStringError,3,9.221269701931952,Clean
ComparableList<T>,5,9.221269701931952,Clean
ICompletionData,3,9.221269701931952,Clean
DisplayFlags,0,9.221269701931952,Clean
IEntityCompletionData,2,9.221269701931952,Clean
CompletionCategory,3,9.221269701931952,Clean
IParameterDataProvider,5,9.221269701931952,Clean
IVariableCompletionData,1,9.221269701931952,Clean
CompletionExtensionMethods,2,9.221269701931952,Clean
FrameworkLookup,7,9.221269701931952,Clean
AssemblyLookup,6,9.221269701931952,Clean
FrameworkBuilder,5,9.221269701931952,Clean
FrameworkLookupId,2,9.221269701931952,Clean
IssueMarker,0,9.221269701931952,Clean
Severity,1,9.221269701931952,Clean
