Component,Threshold,Cutoff,Status
ExpectedExceptionData,4,8.985309242440579,Clean
IParameterDataSource,1,8.985309242440579,Clean
IPropertyBag,7,8.985309242440579,Clean
ITest,5,8.985309242440579,Clean
ITestAssemblyBuilder,1,8.985309242440579,Clean
ITestAssemblyRunner,5,8.985309242440579,Clean
ITestCaseData,3,8.985309242440579,Clean
ITestCaseSource,1,8.985309242440579,Clean
ITestFilter,3,8.985309242440579,Clean
ITestListener,4,8.985309242440579,Clean
ITestResult,5,8.985309242440579,Clean
IXmlNodeBuilder,1,8.985309242440579,Clean
PropertyEntry,4,8.985309242440579,Clean
ResultState,7,8.985309242440579,Clean
RunState,1,8.985309242440579,Clean
TestOutput,5,8.985309242440579,Clean
TestOutputType,0,8.985309242440579,Clean
TestStatus,1,8.985309242440579,Clean
XmlNode,8,8.985309242440579,Clean
NodeFilter,3,8.985309242440579,Clean
NodeList,1,8.985309242440579,Clean
AttributeDictionary,0,8.985309242440579,Clean
TimeoutAttribute,2,8.985309242440579,Clean
Assert,6,8.985309242440579,Clean
AssertionHelper,8,8.985309242440579,Clean
Assume,6,8.985309242440579,Clean
CategoryAttribute,9,8.985309242440579,Fault_proner
CombinatorialAttribute,1,8.985309242440579,Clean
CultureAttribute,8,8.985309242440579,Clean
DataAttribute,2,8.985309242440579,Clean
DatapointAttribute,2,8.985309242440579,Clean
DatapointsAttribute,2,8.985309242440579,Clean
DatapointSourceAttribute,2,8.985309242440579,Clean
DescriptionAttribute,2,8.985309242440579,Clean
ExpectedExceptionAttribute,6,8.985309242440579,Clean
ExpectedExceptionDecorator,4,8.985309242440579,Clean
ExplicitAttribute,6,8.985309242440579,Clean
IgnoreAttribute,6,8.985309242440579,Clean
IncludeExcludeAttribute,6,8.985309242440579,Clean
MaxTimeAttribute,3,8.985309242440579,Clean
NUnitAttribute,1,8.985309242440579,Clean
PairwiseAttribute,1,8.985309242440579,Clean
PlatformAttribute,7,8.985309242440579,Clean
PropertyAttribute,9,8.985309242440579,Fault_proner
RandomAttribute,7,8.985309242440579,Clean
SampleType,0,8.985309242440579,Clean
RangeAttribute,5,8.985309242440579,Clean
SequentialAttribute,1,8.985309242440579,Clean
SetCultureAttribute,2,8.985309242440579,Clean
SetUICultureAttribute,2,8.985309242440579,Clean
SetUpAttribute,1,8.985309242440579,Clean
PreTestAttribute,1,8.985309242440579,Clean
PostTestAttribute,1,8.985309242440579,Clean
TearDownAttribute,1,8.985309242440579,Clean
TestAttribute,6,8.985309242440579,Clean
TestCaseAttribute,8,8.985309242440579,Clean
TestCaseSourceAttribute,8,8.985309242440579,Clean
TestFixtureAttribute,10,8.985309242440579,Fault_proner
TestFixtureSetUpAttribute,1,8.985309242440579,Clean
TestFixtureTearDownAttribute,1,8.985309242440579,Clean
TheoryAttribute,2,8.985309242440579,Clean
ValuesAttribute,8,8.985309242440579,Clean
ValueSourceAttribute,8,8.985309242440579,Clean
Contains,3,8.985309242440579,Clean
AssertionException,3,8.985309242440579,Clean
IgnoreException,2,8.985309242440579,Clean
InconclusiveException,2,8.985309242440579,Clean
SuccessException,2,8.985309242440579,Clean
GlobalSettings,3,8.985309242440579,Clean
Guard,3,8.985309242440579,Clean
Has,7,8.985309242440579,Clean
IExpectException,1,8.985309242440579,Clean
Is,8,8.985309242440579,Clean
Iz,1,8.985309242440579,Clean
ListMapper,3,8.985309242440579,Clean
MessageMatch,1,8.985309242440579,Clean
SpecialValue,0,8.985309242440579,Clean
TestCaseData,8,8.985309242440579,Clean
TestContext,4,8.985309242440579,Clean
TestAdapter,3,8.985309242440579,Clean
ResultAdapter,2,8.985309242440579,Clean
Throws,7,8.985309242440579,Clean
DelayedConstraint,7,8.985309242440579,Clean
FailurePoint,3,8.985309242440579,Clean
FailurePointList,0,8.985309242440579,Clean
AllOperator,2,8.985309242440579,Clean
NoneOperator,2,8.985309242440579,Clean
SomeOperator,2,8.985309242440579,Clean
SubPathConstraint,4,8.985309242440579,Clean
AllItemsConstraint,5,8.985309242440579,Clean
AndConstraint,7,8.985309242440579,Clean
AssignableFromConstraint,4,8.985309242440579,Clean
AssignableToConstraint,4,8.985309242440579,Clean
AttributeConstraint,7,8.985309242440579,Clean
AttributeExistsConstraint,5,8.985309242440579,Clean
BasicConstraint,6,8.985309242440579,Clean
BinaryConstraint,3,8.985309242440579,Clean
BinarySerializableConstraint,6,8.985309242440579,Clean
CollectionConstraint,5,8.985309242440579,Clean
CollectionContainsConstraint,6,8.985309242440579,Clean
CollectionEquivalentConstraint,7,8.985309242440579,Clean
CollectionItemsEqualConstraint,9,8.985309242440579,Fault_proner
CollectionOrderedConstraint,9,8.985309242440579,Fault_proner
CollectionSubsetConstraint,6,8.985309242440579,Clean
CollectionTally,8,8.985309242440579,Clean
ComparisonAdapter,7,8.985309242440579,Clean
DefaultComparisonAdapter,1,8.985309242440579,Clean
ComparerAdapter,7,8.985309242440579,Clean
ComparerAdapter<T>,5,8.985309242440579,Clean
ComparisonAdapterForComparison<T>,4,8.985309242440579,Clean
ComparisonConstraint,6,8.985309242440579,Clean
Constraint,10,8.985309242440579,Fault_proner
UnsetObject,0,8.985309242440579,Clean
ConstraintBuilder,8,8.985309242440579,Clean
OperatorStack,6,8.985309242440579,Clean
ConstraintStack,7,8.985309242440579,Clean
ConstraintExpression,9,8.985309242440579,Fault_proner
ConstraintExpressionBase,7,8.985309242440579,Clean
ConstraintFactory,7,8.985309242440579,Clean
ContainsConstraint,9,8.985309242440579,Fault_proner
EmptyCollectionConstraint,1,8.985309242440579,Clean
EmptyConstraint,4,8.985309242440579,Clean
EmptyDirectoryConstraint,7,8.985309242440579,Clean
EmptyStringConstraint,2,8.985309242440579,Clean
EndsWithConstraint,5,8.985309242440579,Clean
EqualConstraint,9,8.985309242440579,Fault_proner
EqualityAdapter,7,8.985309242440579,Clean
EqualityComparerAdapter,3,8.985309242440579,Clean
GenericEqualityAdapter<T>,2,8.985309242440579,Clean
EqualityComparerAdapter<T>,2,8.985309242440579,Clean
ComparisonAdapter<T>,2,8.985309242440579,Clean
EqualityAdapterList,0,8.985309242440579,Clean
ExactCountConstraint,7,8.985309242440579,Clean
ExactTypeConstraint,5,8.985309242440579,Clean
ExceptionTypeConstraint,3,8.985309242440579,Clean
FalseConstraint,1,8.985309242440579,Clean
FloatingPointNumerics,5,8.985309242440579,Clean
FloatIntUnion,2,8.985309242440579,Clean
DoubleLongUnion,2,8.985309242440579,Clean
GreaterThanConstraint,7,8.985309242440579,Clean
GreaterThanOrEqualConstraint,7,8.985309242440579,Clean
InstanceOfTypeConstraint,4,8.985309242440579,Clean
IResolveConstraint,2,8.985309242440579,Clean
LessThanConstraint,7,8.985309242440579,Clean
LessThanOrEqualConstraint,7,8.985309242440579,Clean
MessageWriter,8,8.985309242440579,Clean
MsgUtils,6,8.985309242440579,Clean
NaNConstraint,2,8.985309242440579,Clean
NoItemConstraint,5,8.985309242440579,Clean
NotConstraint,5,8.985309242440579,Clean
NullConstraint,2,8.985309242440579,Clean
NullOrEmptyStringConstraint,4,8.985309242440579,Clean
Numerics,6,8.985309242440579,Clean
NUnitComparer,2,8.985309242440579,Clean
NUnitEqualityComparer,7,8.985309242440579,Clean
RecursionDetector,2,8.985309242440579,Clean
UnorderedReferencePair,4,8.985309242440579,Clean
AndOperator,3,8.985309242440579,Clean
AttributeOperator,4,8.985309242440579,Clean
BinaryOperator,7,8.985309242440579,Clean
CollectionOperator,2,8.985309242440579,Clean
ConstraintOperator,5,8.985309242440579,Clean
ExactCountOperator,4,8.985309242440579,Clean
NotOperator,3,8.985309242440579,Clean
OrOperator,3,8.985309242440579,Clean
PrefixOperator,4,8.985309242440579,Clean
PropOperator,5,8.985309242440579,Clean
SelfResolvingOperator,2,8.985309242440579,Clean
ThrowsOperator,3,8.985309242440579,Clean
WithOperator,2,8.985309242440579,Clean
OrConstraint,4,8.985309242440579,Clean
PathConstraint,7,8.985309242440579,Clean
PredicateConstraint<T>,5,8.985309242440579,Clean
PrefixConstraint,4,8.985309242440579,Clean
PropertyConstraint,7,8.985309242440579,Clean
PropertyExistsConstraint,7,8.985309242440579,Clean
RangeConstraint<T>,6,8.985309242440579,Clean
RegexConstraint,5,8.985309242440579,Clean
ResolvableConstraintExpression,8,8.985309242440579,Clean
ReusableConstraint,5,8.985309242440579,Clean
SameAsConstraint,5,8.985309242440579,Clean
SamePathConstraint,5,8.985309242440579,Clean
SamePathOrUnderConstraint,5,8.985309242440579,Clean
SomeItemsConstraint,5,8.985309242440579,Clean
StartsWithConstraint,6,8.985309242440579,Clean
StringConstraint,6,8.985309242440579,Clean
SubstringConstraint,5,8.985309242440579,Clean
ThrowsConstraint,8,8.985309242440579,Clean
ExceptionInterceptor,3,8.985309242440579,Clean
VoidInvocationDescriptor,4,8.985309242440579,Clean
GenericInvocationDescriptor<T>,4,8.985309242440579,Clean
IInvocationDescriptor,2,8.985309242440579,Clean
ThrowsNothingConstraint,7,8.985309242440579,Clean
Tolerance,7,8.985309242440579,Clean
ToleranceMode,1,8.985309242440579,Clean
TrueConstraint,1,8.985309242440579,Clean
TypeConstraint,3,8.985309242440579,Clean
UniqueItemsConstraint,3,8.985309242440579,Clean
XmlSerializableConstraint,6,8.985309242440579,Clean
OneTimeSetUpCommand,6,8.985309242440579,Clean
OneTimeTearDownCommand,6,8.985309242440579,Clean
ApplyChangesToContextCommand,4,8.985309242440579,Clean
TheoryResultCommand,4,8.985309242440579,Clean
CommandDecoratorList,1,8.985309242440579,Clean
CommandStage,0,8.985309242440579,Clean
DelegatingTestCommand,3,8.985309242440579,Clean
ExpectedExceptionCommand,7,8.985309242440579,Clean
ICommandDecorator,3,8.985309242440579,Clean
MaxTimeCommand,6,8.985309242440579,Clean
SetUpTearDownDecorator,3,8.985309242440579,Clean
SetUpTearDownCommand,7,8.985309242440579,Clean
SkipCommand,6,8.985309242440579,Clean
TestCommand,6,8.985309242440579,Clean
TestMethodCommand,7,8.985309242440579,Clean
SimpleCategoryExpression,3,8.985309242440579,Clean
AndFilter,7,8.985309242440579,Clean
CategoryExpression,6,8.985309242440579,Clean
CategoryFilter,7,8.985309242440579,Clean
NotFilter,8,8.985309242440579,Clean
OrFilter,8,8.985309242440579,Clean
SimpleNameFilter,7,8.985309242440579,Clean
IApplyToContext,2,8.985309242440579,Clean
IApplyToTest,1,8.985309242440579,Clean
AssemblyHelper,5,8.985309242440579,Clean
CultureDetector,6,8.985309242440579,Clean
ExceptionHelper,5,8.985309242440579,Clean
InvalidTestFixtureException,3,8.985309242440579,Clean
MethodHelper,3,8.985309242440579,Clean
NUnitException,4,8.985309242440579,Clean
NUnitLiteTestAssemblyBuilder,7,8.985309242440579,Clean
NUnitLiteTestAssemblyRunner,8,8.985309242440579,Clean
OSPlatform,7,8.985309242440579,Clean
ProductType,0,8.985309242440579,Clean
OSVERSIONINFOEX,2,8.985309242440579,Clean
ParameterSet,9,8.985309242440579,Fault_proner
PlatformHelper,8,8.985309242440579,Clean
PropertyBag,9,8.985309242440579,Fault_proner
PropertyBagEnumerator,6,8.985309242440579,Clean
PropertyNames,4,8.985309242440579,Clean
RandomGenerator,7,8.985309242440579,Clean
Randomizer,7,8.985309242440579,Clean
Reflect,6,8.985309242440579,Clean
BaseTypesFirstComparer,1,8.985309242440579,Clean
MethodInfoList,0,8.985309242440579,Clean
TestCaseResult,3,8.985309242440579,Clean
TestResult,10,8.985309242440579,Fault_proner
TestSuiteResult,6,8.985309242440579,Clean
RuntimeType,1,8.985309242440579,Clean
RuntimeFramework,9,8.985309242440579,Fault_proner
FrameworkList,0,8.985309242440579,Clean
StackFilter,2,8.985309242440579,Clean
StringUtil,2,8.985309242440579,Clean
TestExecutionContext,9,8.985309242440579,Fault_proner
TestFilter,11,8.985309242440579,Fault_proner
EmptyFilter,3,8.985309242440579,Clean
TestFixtureBuilder,5,8.985309242440579,Clean
TestListener,6,8.985309242440579,Clean
ParameterizedFixtureSuite,3,8.985309242440579,Clean
ParameterizedMethodSuite,6,8.985309242440579,Clean
Test,10,8.985309242440579,Fault_proner
TestAssembly,2,8.985309242440579,Clean
TestFixture,4,8.985309242440579,Clean
TestMethod,9,8.985309242440579,Fault_proner
TestSuite,10,8.985309242440579,Fault_proner
TextMessageWriter,10,8.985309242440579,Fault_proner
ThreadUtility,3,8.985309242440579,Clean
TypeHelper,5,8.985309242440579,Clean
Env,3,8.985309242440579,Clean
ObjectList,1,8.985309242440579,Clean
IParameterDataProvider,1,8.985309242440579,Clean
ISuiteBuilder,1,8.985309242440579,Clean
ITestCaseBuilder,1,8.985309242440579,Clean
ITestCaseBuilder2,2,8.985309242440579,Clean
ITestCaseProvider,1,8.985309242440579,Clean
ParameterDataProviders,7,8.985309242440579,Clean
TestCaseProviders,6,8.985309242440579,Clean
CombinatorialStrategy,4,8.985309242440579,Clean
CombinatorialTestCaseProvider,7,8.985309242440579,Clean
CombiningStrategy,5,8.985309242440579,Clean
DataAttributeTestCaseProvider,4,8.985309242440579,Clean
DatapointProvider,6,8.985309242440579,Clean
NUnitTestCaseBuilder,7,8.985309242440579,Clean
NUnitTestFixtureBuilder,7,8.985309242440579,Clean
PairwiseStrategy,6,8.985309242440579,Clean
FleaRand,5,8.985309242440579,Clean
FeatureInfo,4,8.985309242440579,Clean
Tuple,6,8.985309242440579,Clean
TupleCollection,3,8.985309242440579,Clean
TestCase,7,8.985309242440579,Clean
TestCaseCollection,5,8.985309242440579,Clean
PairwiseTestCaseGenerator,6,8.985309242440579,Clean
ParameterDataProvider,4,8.985309242440579,Clean
ProviderCache,6,8.985309242440579,Clean
CacheEntry,4,8.985309242440579,Clean
SequentialStrategy,4,8.985309242440579,Clean
CompositeWorkItem,6,8.985309242440579,Clean
CountdownEvent,5,8.985309242440579,Clean
SimpleWorkItem,5,8.985309242440579,Clean
WorkItem,9,8.985309242440579,Fault_proner
WorkItemState,1,8.985309242440579,Clean
CommandLineOptions,6,8.985309242440579,Clean
StringList,0,8.985309242440579,Clean
ConsoleWriter,5,8.985309242440579,Clean
DebugWriter,5,8.985309242440579,Clean
NUnit2XmlOutputWriter,7,8.985309242440579,Clean
OutputWriter,2,8.985309242440579,Clean
NUnit3XmlOutputWriter,7,8.985309242440579,Clean
ResultReporter,7,8.985309242440579,Clean
ResultSummary,5,8.985309242440579,Clean
TcpWriter,5,8.985309242440579,Clean
TextUI,7,8.985309242440579,Clean
