Component,Threshold,Cutoff,Status
AlgorithmManager,9,9.170222441329718,Clean
LeanEngineAlgorithmHandlers,8,9.170222441329718,Clean
LeanEngineSystemHandlers,7,9.170222441329718,Clean
StateCheck,0,9.170222441329718,Clean
Ping,5,9.170222441329718,Clean
Engine,7,9.170222441329718,Clean
ApiDataProvider,4,9.170222441329718,Clean
SingleEntryDataCacheProvider,7,9.170222441329718,Clean
DefaultDataProvider,2,9.170222441329718,Clean
ISubscriptionDataSourceReader,2,9.170222441329718,Clean
ITimeProvider,2,9.170222441329718,Clean
CollectionSubscriptionDataSourceReader,6,9.170222441329718,Clean
ManualTimeProvider,6,9.170222441329718,Clean
RealTimeProvider,2,9.170222441329718,Clean
DataFeedPacket,5,9.170222441329718,Clean
SubscriptionCollection,6,9.170222441329718,Clean
TextSubscriptionDataSourceReader,7,9.170222441329718,Clean
CreateStreamReaderErrorEventArgs,1,9.170222441329718,Clean
BaseDataExchange,8,9.170222441329718,Clean
DataHandler,2,9.170222441329718,Clean
EnumeratorHandler,8,9.170222441329718,Clean
LiveTradingDataFeed,9,9.170222441329718,Clean
SubscriptionLimiter,6,9.170222441329718,Clean
SubscriptionSynchronizer,3,9.170222441329718,Clean
Subscription,9,9.170222441329718,Clean
InvalidSourceEventArgs,1,9.170222441329718,Clean
SubscriptionDataSourceReader,2,9.170222441329718,Clean
ReaderErrorEventArgs,1,9.170222441329718,Clean
SubscriptionDataReader,7,9.170222441329718,Clean
TimeSlice,6,9.170222441329718,Clean
UniverseSelection,6,9.170222441329718,Clean
UpdateData<T>,2,9.170222441329718,Clean
ZipDataCacheProvider,7,9.170222441329718,Clean
CachedZipFile,4,9.170222441329718,Clean
ZipEntryNameSubscriptionDataSourceReader,6,9.170222441329718,Clean
FileSystemDataFeed,8,9.170222441329718,Clean
IDataFeed,6,9.170222441329718,Clean
BaseDataCollectionAggregatorEnumerator<T>,7,9.170222441329718,Clean
BaseDataCollectionAggregatorEnumerator,2,9.170222441329718,Clean
EnqueueableEnumerator<T>,6,9.170222441329718,Clean
DataQueueFuturesChainUniverseDataCollectionEnumerator,5,9.170222441329718,Clean
DataQueueOptionChainUniverseDataCollectionEnumerator,5,9.170222441329718,Clean
FastForwardEnumerator,8,9.170222441329718,Clean
FillForwardEnumerator,8,9.170222441329718,Clean
FrontierAwareEnumerator,8,9.170222441329718,Clean
LiveFillForwardEnumerator,4,9.170222441329718,Clean
FuturesChainUniverseDataCollectionAggregatorEnumerator,4,9.170222441329718,Clean
OptionChainUniverseDataCollectionEnumerator,2,9.170222441329718,Clean
OptionChainUniverseDataCollectionAggregatorEnumerator,4,9.170222441329718,Clean
OpenInterestEnumerator,7,9.170222441329718,Clean
RateLimitEnumerator,7,9.170222441329718,Clean
RefreshEnumerator<T>,5,9.170222441329718,Clean
SubscriptionFilterEnumerator,7,9.170222441329718,Clean
SynchronizingEnumerator,8,9.170222441329718,Clean
SynchronizedEnumerator,2,9.170222441329718,Clean
QuoteBarBuilderEnumerator,7,9.170222441329718,Clean
TradeBarBuilderEnumerator,8,9.170222441329718,Clean
BaseDataCollectionSubscriptionEnumeratorFactory,3,9.170222441329718,Clean
BaseDataSubscriptionEnumeratorFactory,7,9.170222441329718,Clean
FineFundamentalSubscriptionEnumeratorFactory,7,9.170222441329718,Clean
FuturesChainUniverseSubscriptionEnumeratorFactory,7,9.170222441329718,Clean
OptionChainUniverseSubscriptionEnumeratorFactory,8,9.170222441329718,Clean
SubscriptionDataReaderSubscriptionEnumeratorFactory,5,9.170222441329718,Clean
UserDefinedUniverseSubscriptionEnumeratorFactory,4,9.170222441329718,Clean
ApiDataQueueHandler,4,9.170222441329718,Clean
LiveDataQueue,4,9.170222441329718,Clean
FakeDataQueue,7,9.170222441329718,Clean
LocalFileSubscriptionStreamReader,8,9.170222441329718,Clean
RemoteFileSubscriptionStreamReader,5,9.170222441329718,Clean
RestSubscriptionStreamReader,5,9.170222441329718,Clean
BrokerageHistoryProvider,6,9.170222441329718,Clean
SubscriptionDataReaderHistoryProvider,6,9.170222441329718,Clean
ResultHandlerStub,7,9.170222441329718,Clean
FilterEnumerator<T>,5,9.170222441329718,Clean
SynchronizingHistoryProvider,5,9.170222441329718,Clean
LiveTradingRealTimeHandler,7,9.170222441329718,Clean
BacktestingRealTimeHandler,7,9.170222441329718,Clean
IRealTimeHandler,6,9.170222441329718,Clean
ScheduledEventFactory,6,9.170222441329718,Clean
DesktopResultHandler,8,9.170222441329718,Clean
IResultHandler,7,9.170222441329718,Clean
BacktestingResultHandler,9,9.170222441329718,Clean
LiveTradingResultHandler,8,9.170222441329718,Clean
BrokerageSetupHandler,8,9.170222441329718,Clean
ConsoleSetupHandler,7,9.170222441329718,Clean
BacktestingSetupHandler,8,9.170222441329718,Clean
ISetupHandler,5,9.170222441329718,Clean
BacktestingTransactionHandler,5,9.170222441329718,Clean
BrokerageTransactionHandler,10,9.170222441329718,Fault_proner
ITransactionHandler,6,9.170222441329718,Clean
CandlestickPatterns,5,9.170222441329718,Clean
DollarVolumeUniverseDefinitions,6,9.170222441329718,Clean
QCAlgorithm,10,9.170222441329718,Fault_proner
UniverseDefinitions,2,9.170222441329718,Clean
CompositeLogHandler,4,9.170222441329718,Clean
CompositeNLogHandler,4,9.170222441329718,Clean
NLogHandler,5,9.170222441329718,Clean
QueueLogHandler,6,9.170222441329718,Clean
FunctionalLogHandler,5,9.170222441329718,Clean
ConsoleLogHandler,5,9.170222441329718,Clean
FileLogHandler,6,9.170222441329718,Clean
ILogHandler,3,9.170222441329718,Clean
LogHandlerExtensions,3,9.170222441329718,Clean
LogEntry,5,9.170222441329718,Clean
LogType,1,9.170222441329718,Clean
Log,8,9.170222441329718,Clean
RegressionFileLogHandler,1,9.170222441329718,Clean
WhoCalledMe,1,9.170222441329718,Clean
AbsolutePriceOscillator,3,9.170222441329718,Clean
AccumulationDistribution,3,9.170222441329718,Clean
AccumulationDistributionOscillator,6,9.170222441329718,Clean
ArnaudLegouxMovingAverage,5,9.170222441329718,Clean
AverageDirectionalIndex,8,9.170222441329718,Clean
AverageDirectionalMovementIndexRating,6,9.170222441329718,Clean
BalanceOfPower,2,9.170222441329718,Clean
ChandeMomentumOscillator,6,9.170222441329718,Clean
DonchianChannel,7,9.170222441329718,Clean
DoubleExponentialMovingAverage,6,9.170222441329718,Clean
FractalAdaptiveMovingAverage,8,9.170222441329718,Clean
FilteredIdentity,4,9.170222441329718,Clean
HullMovingAverage,6,9.170222441329718,Clean
RegressionChannel,6,9.170222441329718,Clean
SwissArmyKnifeTool,1,9.170222441329718,Clean
SwissArmyKnife,8,9.170222441329718,Clean
TradeBarIndicator,2,9.170222441329718,Clean
VolumeWeightedAveragePriceIndicator,6,9.170222441329718,Clean
FisherTransform,5,9.170222441329718,Clean
HeikinAshi,8,9.170222441329718,Clean
IchimokuKinkoHyo,7,9.170222441329718,Clean
IndicatorResult,2,9.170222441329718,Clean
IndicatorStatus,1,9.170222441329718,Clean
KaufmanAdaptiveMovingAverage,7,9.170222441329718,Clean
KeltnerChannels,8,9.170222441329718,Clean
LeastSquaresMovingAverage,6,9.170222441329718,Clean
LogReturn,3,9.170222441329718,Clean
MidPrice,5,9.170222441329718,Clean
MidPoint,5,9.170222441329718,Clean
MomersionIndicator,7,9.170222441329718,Clean
NormalizedAverageTrueRange,7,9.170222441329718,Clean
OnBalanceVolume,5,9.170222441329718,Clean
LinearWeightedMovingAverage,4,9.170222441329718,Clean
ParabolicStopAndReverse,8,9.170222441329718,Clean
PercentagePriceOscillator,4,9.170222441329718,Clean
WindowIdentity,3,9.170222441329718,Clean
T3MovingAverage,6,9.170222441329718,Clean
RateOfChangeRatio,3,9.170222441329718,Clean
Trix,6,9.170222441329718,Clean
TrueRange,3,9.170222441329718,Clean
TripleExponentialMovingAverage,6,9.170222441329718,Clean
TriangularMovingAverage,5,9.170222441329718,Clean
UltimateOscillator,8,9.170222441329718,Clean
Variance,7,9.170222441329718,Clean
WilliamsPercentR,7,9.170222441329718,Clean
AroonOscillator,7,9.170222441329718,Clean
AverageTrueRange,7,9.170222441329718,Clean
CommodityChannelIndex,7,9.170222441329718,Clean
CompositeIndicator<T>,6,9.170222441329718,Clean
ConstantIndicator<T>,1,9.170222441329718,Clean
Delay,3,9.170222441329718,Clean
ExponentialMovingAverage,6,9.170222441329718,Clean
FunctionalIndicator<T>,4,9.170222441329718,Clean
Identity,2,9.170222441329718,Clean
Indicator,2,9.170222441329718,Clean
IndicatorBase<T>,7,9.170222441329718,Clean
IndicatorExtensions,5,9.170222441329718,Clean
MeanAbsoluteDeviation,6,9.170222441329718,Clean
Minimum,6,9.170222441329718,Clean
Momentum,3,9.170222441329718,Clean
MomentumPercent,2,9.170222441329718,Clean
MoneyFlowIndex,7,9.170222441329718,Clean
MovingAverageConvergenceDivergence,8,9.170222441329718,Clean
MovingAverageType,1,9.170222441329718,Clean
RateOfChange,3,9.170222441329718,Clean
RateOfChangePercent,4,9.170222441329718,Clean
RelativeStrengthIndex,7,9.170222441329718,Clean
Stochastic,9,9.170222441329718,Clean
Sum,5,9.170222441329718,Clean
SimpleMovingAverage,5,9.170222441329718,Clean
MovingAverageTypeExtensions,1,9.170222441329718,Clean
Maximum,6,9.170222441329718,Clean
BarIndicator,2,9.170222441329718,Clean
WindowIndicator<T>,2,9.170222441329718,Clean
StandardDeviation,4,9.170222441329718,Clean
BollingerBands,6,9.170222441329718,Clean
UpDownGapThreeMethods,4,9.170222441329718,Clean
UpsideGapTwoCrows,6,9.170222441329718,Clean
UniqueThreeRiver,6,9.170222441329718,Clean
Tristar,6,9.170222441329718,Clean
Thrusting,6,9.170222441329718,Clean
TasukiGap,7,9.170222441329718,Clean
Takuri,6,9.170222441329718,Clean
StickSandwich,6,9.170222441329718,Clean
StalledPattern,7,9.170222441329718,Clean
SpinningTop,6,9.170222441329718,Clean
ShortLineCandle,6,9.170222441329718,Clean
ShootingStar,7,9.170222441329718,Clean
SeparatingLines,7,9.170222441329718,Clean
RiseFallThreeMethods,7,9.170222441329718,Clean
RickshawMan,7,9.170222441329718,Clean
Piercing,6,9.170222441329718,Clean
OnNeck,6,9.170222441329718,Clean
MorningStar,7,9.170222441329718,Clean
MorningDojiStar,7,9.170222441329718,Clean
MatHold,7,9.170222441329718,Clean
MatchingLow,6,9.170222441329718,Clean
Marubozu,6,9.170222441329718,Clean
LongLineCandle,6,9.170222441329718,Clean
LongLeggedDoji,6,9.170222441329718,Clean
LadderBottom,6,9.170222441329718,Clean
KickingByLength,7,9.170222441329718,Clean
Kicking,7,9.170222441329718,Clean
InvertedHammer,7,9.170222441329718,Clean
InNeck,6,9.170222441329718,Clean
HomingPigeon,6,9.170222441329718,Clean
HighWaveCandle,6,9.170222441329718,Clean
HaramiCross,6,9.170222441329718,Clean
Harami,6,9.170222441329718,Clean
HangingMan,7,9.170222441329718,Clean
Hammer,7,9.170222441329718,Clean
GravestoneDoji,6,9.170222441329718,Clean
EveningStar,7,9.170222441329718,Clean
EveningDojiStar,7,9.170222441329718,Clean
DragonflyDoji,6,9.170222441329718,Clean
DojiStar,6,9.170222441329718,Clean
DarkCloudCover,6,9.170222441329718,Clean
AbandonedBaby,7,9.170222441329718,Clean
AdvanceBlock,7,9.170222441329718,Clean
ClosingMarubozu,6,9.170222441329718,Clean
BeltHold,6,9.170222441329718,Clean
Breakaway,7,9.170222441329718,Clean
CandleSettingType,1,9.170222441329718,Clean
CandleRangeType,1,9.170222441329718,Clean
CandleColor,1,9.170222441329718,Clean
CandleSettings,2,9.170222441329718,Clean
CandleSetting,2,9.170222441329718,Clean
CandlestickPattern,6,9.170222441329718,Clean
HikkakeModified,7,9.170222441329718,Clean
ThreeBlackCrows,7,9.170222441329718,Clean
GapSideBySideWhite,6,9.170222441329718,Clean
ThreeInside,6,9.170222441329718,Clean
ConcealedBabySwallow,6,9.170222441329718,Clean
ThreeLineStrike,7,9.170222441329718,Clean
Engulfing,4,9.170222441329718,Clean
Hikkake,7,9.170222441329718,Clean
ThreeOutside,4,9.170222441329718,Clean
Counterattack,6,9.170222441329718,Clean
ThreeStarsInSouth,7,9.170222441329718,Clean
IdenticalThreeCrows,7,9.170222441329718,Clean
ThreeWhiteSoldiers,7,9.170222441329718,Clean
Doji,6,9.170222441329718,Clean
TwoCrows,6,9.170222441329718,Clean
EmptyCommandQueueHandler,4,9.170222441329718,Clean
FileCommandQueueHandler,6,9.170222441329718,Clean
JobQueue,7,9.170222441329718,Clean
EventMessagingHandler,7,9.170222441329718,Clean
Messaging,7,9.170222441329718,Clean
StreamingApi,4,9.170222441329718,Clean
Response,2,9.170222441329718,Clean
StreamingMessageHandler,6,9.170222441329718,Clean
BacktestingBrokerage,10,9.170222441329718,Fault_proner
BacktestingBrokerageFactory,5,9.170222441329718,Clean
BasicOptionAssignmentSimulation,7,9.170222441329718,Clean
IBacktestingMarketSimulation,2,9.170222441329718,Clean
Brokerage,8,9.170222441329718,Clean
BrokerageException,0,9.170222441329718,Clean
BrokerageFactory,7,9.170222441329718,Clean
ISymbolMapper,2,9.170222441329718,Clean
FxcmBrokerage,9,9.170222441329718,Clean
FxcmBrokerageFactory,7,9.170222441329718,Clean
FxcmSymbolMapper,8,9.170222441329718,Clean
"TupleList<T1,T2>",0,9.170222441329718,Clean
AccountDownloadEndEventArgs,1,9.170222441329718,Clean
AccountSummaryEventArgs,1,9.170222441329718,Clean
ActionSide,2,9.170222441329718,Clean
AgentDescription,2,9.170222441329718,Clean
BarSize,2,9.170222441329718,Clean
HistogramDataEventArgs,1,9.170222441329718,Clean
HeadTimestampEventArgs,1,9.170222441329718,Clean
RerouteMktDepthReqEventArgs,1,9.170222441329718,Clean
RerouteMktDataReqEventArgs,1,9.170222441329718,Clean
HistoricalNewsEndEventArgs,1,9.170222441329718,Clean
NewsProvidersEventArgs,0,9.170222441329718,Clean
NewsArticleEventArgs,1,9.170222441329718,Clean
HistoricalNewsEventArgs,1,9.170222441329718,Clean
TickReqParamsEventArgs,1,9.170222441329718,Clean
SmartComponentsEventArgs,1,9.170222441329718,Clean
TickNewsEventArgs,1,9.170222441329718,Clean
MktDepthExchangesEventArgs,0,9.170222441329718,Clean
SymbolSamplesEventArgs,1,9.170222441329718,Clean
FamilyCodesEventArgs,0,9.170222441329718,Clean
HistoricalDataUpdateEventArgs,1,9.170222441329718,Clean
OrderStatus,2,9.170222441329718,Clean
OrderType,3,9.170222441329718,Clean
RightType,2,9.170222441329718,Clean
SecurityType,2,9.170222441329718,Clean
SoftDollarTiersEventArgs,1,9.170222441329718,Clean
SecurityDefinitionOptionParameterEventArgs,1,9.170222441329718,Clean
CommissionReportEventArgs,0,9.170222441329718,Clean
ContractDetailsEventArgs,2,9.170222441329718,Clean
CurrentTimeUtcEventArgs,1,9.170222441329718,Clean
DeltaNeutralValidationEventArgs,1,9.170222441329718,Clean
DisplayGroupUpdatedEventArgs,1,9.170222441329718,Clean
ErrorEventArgs,2,9.170222441329718,Clean
ExecutionDetailsEventArgs,2,9.170222441329718,Clean
FundamentalDataEventArgs,1,9.170222441329718,Clean
HistoricalDataEndEventArgs,2,9.170222441329718,Clean
HistoricalDataEventArgs,2,9.170222441329718,Clean
ManagedAccountsEventArgs,0,9.170222441329718,Clean
MarketDataTypeEventArgs,1,9.170222441329718,Clean
NextValidIdEventArgs,1,9.170222441329718,Clean
OpenOrderEventArgs,2,9.170222441329718,Clean
OrderStatusEventArgs,2,9.170222441329718,Clean
PositionEventArgs,1,9.170222441329718,Clean
AccountUpdateMultiEventArgs,1,9.170222441329718,Clean
RealtimeBarEventArgs,1,9.170222441329718,Clean
DisplayGroupListEventArgs,1,9.170222441329718,Clean
PositionMultiEventArgs,1,9.170222441329718,Clean
TimeInForce,2,9.170222441329718,Clean
VerifyAndAuthCompletedEventArgs,1,9.170222441329718,Clean
VerifyCompletedEventArgs,1,9.170222441329718,Clean
VerifyAndAuthMessageApiEventArgs,1,9.170222441329718,Clean
VerifyMessageApiEventArgs,0,9.170222441329718,Clean
RequestEndEventArgs,1,9.170222441329718,Clean
ReceiveFaEventArgs,1,9.170222441329718,Clean
TickEfpEventArgs,1,9.170222441329718,Clean
TickEventArgs,2,9.170222441329718,Clean
TickGenericEventArgs,1,9.170222441329718,Clean
TickOptionComputationEventArgs,2,9.170222441329718,Clean
TickPriceEventArgs,3,9.170222441329718,Clean
TickSizeEventArgs,2,9.170222441329718,Clean
TickSnapshotEndEventArgs,0,9.170222441329718,Clean
TickStringEventArgs,1,9.170222441329718,Clean
UpdateAccountTimeEventArgs,0,9.170222441329718,Clean
UpdateAccountValueEventArgs,2,9.170222441329718,Clean
UpdateMarketDepthEventArgs,1,9.170222441329718,Clean
UpdateMarketDepthLevel2EventArgs,1,9.170222441329718,Clean
UpdateNewsBulletinEventArgs,1,9.170222441329718,Clean
ScannerParametersEventArgs,0,9.170222441329718,Clean
ScannerDataEventArgs,1,9.170222441329718,Clean
UpdatePortfolioEventArgs,2,9.170222441329718,Clean
InteractiveBrokersClient,6,9.170222441329718,Clean
HistoricalDataType,2,9.170222441329718,Clean
InteractiveBrokersBrokerage,9,9.170222441329718,Clean
AccountValueKeys,1,9.170222441329718,Clean
InteractiveBrokersBrokerageFactory,6,9.170222441329718,Clean
InteractiveBrokersGatewayRunner,7,9.170222441329718,Clean
ProcessExtensions,2,9.170222441329718,Clean
InteractiveBrokersSymbolMapper,7,9.170222441329718,Clean
OandaRestApiBase,8,9.170222441329718,Clean
OandaRestApiV1,8,9.170222441329718,Clean
OandaRestApiV20,8,9.170222441329718,Clean
Environment,1,9.170222441329718,Clean
OandaBrokerage,9,9.170222441329718,Clean
OandaBrokerageFactory,5,9.170222441329718,Clean
OandaSymbolMapper,9,9.170222441329718,Clean
Server,1,9.170222441329718,Clean
Account,4,9.170222441329718,Clean
Candle,1,9.170222441329718,Clean
Event,2,9.170222441329718,Clean
Heartbeat,0,9.170222441329718,Clean
IHeartbeat,1,9.170222441329718,Clean
IsOptionalAttribute,1,9.170222441329718,Clean
MaxValueAttribute,0,9.170222441329718,Clean
MinValueAttribute,0,9.170222441329718,Clean
Instrument,3,9.170222441329718,Clean
Order,2,9.170222441329718,Clean
Position,1,9.170222441329718,Clean
Price,4,9.170222441329718,Clean
State,0,9.170222441329718,Clean
TradeData,2,9.170222441329718,Clean
Transaction,2,9.170222441329718,Clean
AccountResponse,2,9.170222441329718,Clean
AccountsResponse,1,9.170222441329718,Clean
CandlesResponse,2,9.170222441329718,Clean
InstrumentsResponse,1,9.170222441329718,Clean
OrdersResponse,2,9.170222441329718,Clean
PositionsResponse,1,9.170222441329718,Clean
PostOrderResponse,2,9.170222441329718,Clean
PricesResponse,2,9.170222441329718,Clean
Response_duplicated,1,9.170222441329718,Clean
TradesResponse,2,9.170222441329718,Clean
RateStreamResponse,4,9.170222441329718,Clean
CandlesRequest,4,9.170222441329718,Clean
ECandleFormat,0,9.170222441329718,Clean
EGranularity,0,9.170222441329718,Clean
ISmartProperty,1,9.170222441329718,Clean
SmartProperty,4,9.170222441329718,Clean
Request,1,9.170222441329718,Clean
Common,0,9.170222441329718,Clean
EndpointResolver,1,9.170222441329718,Clean
IDefaultApi,6,9.170222441329718,Clean
DefaultApi,7,9.170222441329718,Clean
ApiClient,8,9.170222441329718,Clean
ApiException,3,9.170222441329718,Clean
ApiResponse<T>,1,9.170222441329718,Clean
Configuration,8,9.170222441329718,Clean
IApiAccessor,2,9.170222441329718,Clean
AcceptDatetimeFormat,0,9.170222441329718,Clean
Account_duplicated,5,9.170222441329718,Clean
AccountChanges,5,9.170222441329718,Clean
AccountChangesState,5,9.170222441329718,Clean
AccountFinancingMode,0,9.170222441329718,Clean
AccountID,3,9.170222441329718,Clean
AccountProperties,5,9.170222441329718,Clean
AccountSummary,6,9.170222441329718,Clean
AccountUnits,3,9.170222441329718,Clean
CalculatedPositionState,5,9.170222441329718,Clean
CalculatedTradeState,5,9.170222441329718,Clean
Candlestick,5,9.170222441329718,Clean
CandlestickData,6,9.170222441329718,Clean
CandlestickGranularity,1,9.170222441329718,Clean
ClientComment,3,9.170222441329718,Clean
ClientConfigureRejectTransaction,5,9.170222441329718,Clean
TypeEnum,1,9.170222441329718,Clean
RejectReasonEnum,1,9.170222441329718,Clean
ClientConfigureTransaction,5,9.170222441329718,Clean
ClientExtensions,6,9.170222441329718,Clean
ClientID,3,9.170222441329718,Clean
ClientTag,3,9.170222441329718,Clean
ClosePositionBody,6,9.170222441329718,Clean
CloseTradeBody,4,9.170222441329718,Clean
CloseTransaction,5,9.170222441329718,Clean
ConfigureAccountBody,6,9.170222441329718,Clean
CreateOrderBody,4,9.170222441329718,Clean
CreateTransaction,5,9.170222441329718,Clean
Currency,3,9.170222441329718,Clean
DailyFinancingTransaction,5,9.170222441329718,Clean
AccountFinancingModeEnum,0,9.170222441329718,Clean
DateTime,3,9.170222441329718,Clean
DecimalNumber,3,9.170222441329718,Clean
DelayedTradeClosureTransaction,5,9.170222441329718,Clean
ReasonEnum,1,9.170222441329718,Clean
DynamicOrderState,5,9.170222441329718,Clean
FundingReason,0,9.170222441329718,Clean
InlineResponse200,3,9.170222441329718,Clean
InlineResponse2001,5,9.170222441329718,Clean
InlineResponse20010,5,9.170222441329718,Clean
InlineResponse20011,5,9.170222441329718,Clean
InlineResponse20012,6,9.170222441329718,Clean
InlineResponse20013,5,9.170222441329718,Clean
InlineResponse20014,6,9.170222441329718,Clean
InlineResponse20015,3,9.170222441329718,Clean
InlineResponse20016,3,9.170222441329718,Clean
InlineResponse20017,5,9.170222441329718,Clean
InlineResponse20018,5,9.170222441329718,Clean
InlineResponse20019,5,9.170222441329718,Clean
InlineResponse2002,6,9.170222441329718,Clean
InlineResponse20020,6,9.170222441329718,Clean
InlineResponse20021,4,9.170222441329718,Clean
InlineResponse20022,6,9.170222441329718,Clean
InlineResponse20023,5,9.170222441329718,Clean
InlineResponse20024,5,9.170222441329718,Clean
InlineResponse20025,5,9.170222441329718,Clean
InlineResponse20026,6,9.170222441329718,Clean
InlineResponse20027,5,9.170222441329718,Clean
InlineResponse20028,6,9.170222441329718,Clean
InlineResponse20029,6,9.170222441329718,Clean
GranularityEnum,1,9.170222441329718,Clean
InlineResponse2003,6,9.170222441329718,Clean
InlineResponse2004,5,9.170222441329718,Clean
InlineResponse2005,6,9.170222441329718,Clean
InlineResponse2006,5,9.170222441329718,Clean
InlineResponse2007,5,9.170222441329718,Clean
InlineResponse2008,5,9.170222441329718,Clean
InlineResponse2009,5,9.170222441329718,Clean
InlineResponse201,7,9.170222441329718,Clean
InlineResponse2011,6,9.170222441329718,Clean
InlineResponse400,5,9.170222441329718,Clean
InlineResponse4001,5,9.170222441329718,Clean
InlineResponse4002,5,9.170222441329718,Clean
InlineResponse4003,5,9.170222441329718,Clean
InlineResponse4004,5,9.170222441329718,Clean
InlineResponse4005,5,9.170222441329718,Clean
InlineResponse4006,5,9.170222441329718,Clean
InlineResponse4007,6,9.170222441329718,Clean
InlineResponse401,5,9.170222441329718,Clean
InlineResponse404,5,9.170222441329718,Clean
InlineResponse4041,5,9.170222441329718,Clean
InlineResponse4042,5,9.170222441329718,Clean
InlineResponse4043,5,9.170222441329718,Clean
InlineResponse4044,5,9.170222441329718,Clean
InlineResponse4045,5,9.170222441329718,Clean
InlineResponse4046,5,9.170222441329718,Clean
Instrument_duplicated,5,9.170222441329718,Clean
InstrumentName,3,9.170222441329718,Clean
InstrumentType,0,9.170222441329718,Clean
LimitOrder,6,9.170222441329718,Clean
StateEnum,1,9.170222441329718,Clean
TimeInForceEnum,1,9.170222441329718,Clean
PositionFillEnum,1,9.170222441329718,Clean
TriggerConditionEnum,1,9.170222441329718,Clean
LimitOrderReason,0,9.170222441329718,Clean
LimitOrderRejectTransaction,6,9.170222441329718,Clean
LimitOrderRequest,6,9.170222441329718,Clean
LimitOrderTransaction,6,9.170222441329718,Clean
LiquidityRegenerationSchedule,3,9.170222441329718,Clean
LiquidityRegenerationScheduleStep,5,9.170222441329718,Clean
MarginCallEnterTransaction,5,9.170222441329718,Clean
MarginCallExitTransaction,5,9.170222441329718,Clean
MarginCallExtendTransaction,5,9.170222441329718,Clean
MarketIfTouchedOrder,6,9.170222441329718,Clean
MarketIfTouchedOrderReason,0,9.170222441329718,Clean
MarketIfTouchedOrderRejectTransaction,6,9.170222441329718,Clean
MarketIfTouchedOrderRequest,6,9.170222441329718,Clean
MarketIfTouchedOrderTransaction,6,9.170222441329718,Clean
MarketOrder,6,9.170222441329718,Clean
MarketOrderDelayedTradeClose,6,9.170222441329718,Clean
MarketOrderMarginCloseout,5,9.170222441329718,Clean
MarketOrderMarginCloseoutReason,0,9.170222441329718,Clean
MarketOrderPositionCloseout,6,9.170222441329718,Clean
MarketOrderReason,0,9.170222441329718,Clean
MarketOrderRejectTransaction,7,9.170222441329718,Clean
MarketOrderRequest,6,9.170222441329718,Clean
MarketOrderTradeClose,6,9.170222441329718,Clean
MarketOrderTransaction,7,9.170222441329718,Clean
OpenTradeFinancing,5,9.170222441329718,Clean
Order_duplicated,5,9.170222441329718,Clean
OrderCancelReason,1,9.170222441329718,Clean
OrderCancelRejectTransaction,6,9.170222441329718,Clean
OrderCancelTransaction,6,9.170222441329718,Clean
OrderClientExtensionsModifyRejectTransaction,6,9.170222441329718,Clean
OrderClientExtensionsModifyTransaction,5,9.170222441329718,Clean
OrderFillReason,0,9.170222441329718,Clean
OrderFillTransaction,7,9.170222441329718,Clean
OrderID,3,9.170222441329718,Clean
OrderIdentifier,5,9.170222441329718,Clean
OrderPositionFill,0,9.170222441329718,Clean
OrderRequest,4,9.170222441329718,Clean
OrderSpecifier,3,9.170222441329718,Clean
OrderState,0,9.170222441329718,Clean
OrderTriggerCondition,0,9.170222441329718,Clean
OrderType_duplicated,0,9.170222441329718,Clean
Position_duplicated,6,9.170222441329718,Clean
PositionAggregationMode,0,9.170222441329718,Clean
PositionFinancing,5,9.170222441329718,Clean
PositionSide,6,9.170222441329718,Clean
Price_duplicated,7,9.170222441329718,Clean
StatusEnum,0,9.170222441329718,Clean
PriceBucket,5,9.170222441329718,Clean
PriceStatus,0,9.170222441329718,Clean
PriceValue,3,9.170222441329718,Clean
PricingHeartbeat,5,9.170222441329718,Clean
QuoteHomeConversionFactors,5,9.170222441329718,Clean
ReopenTransaction,5,9.170222441329718,Clean
ReplaceOrderBody,4,9.170222441329718,Clean
RequestID,3,9.170222441329718,Clean
ResetResettablePLTransaction,5,9.170222441329718,Clean
SetOrderClientExtensionsBody,6,9.170222441329718,Clean
SetTradeClientExtensionsBody,4,9.170222441329718,Clean
SetTradeDependentOrdersBody,7,9.170222441329718,Clean
StopLossDetails,6,9.170222441329718,Clean
StopLossOrder,5,9.170222441329718,Clean
StopLossOrderReason,0,9.170222441329718,Clean
StopLossOrderRejectTransaction,5,9.170222441329718,Clean
StopLossOrderRequest,5,9.170222441329718,Clean
StopLossOrderTransaction,5,9.170222441329718,Clean
StopOrder,6,9.170222441329718,Clean
StopOrderReason,0,9.170222441329718,Clean
StopOrderRejectTransaction,6,9.170222441329718,Clean
StopOrderRequest,6,9.170222441329718,Clean
StopOrderTransaction,6,9.170222441329718,Clean
TakeProfitDetails,6,9.170222441329718,Clean
TakeProfitOrder,5,9.170222441329718,Clean
TakeProfitOrderReason,0,9.170222441329718,Clean
TakeProfitOrderRejectTransaction,5,9.170222441329718,Clean
TakeProfitOrderRequest,5,9.170222441329718,Clean
TakeProfitOrderTransaction,5,9.170222441329718,Clean
TimeInForce_duplicated,0,9.170222441329718,Clean
Trade,6,9.170222441329718,Clean
TradeClientExtensionsModifyRejectTransaction,6,9.170222441329718,Clean
TradeClientExtensionsModifyTransaction,5,9.170222441329718,Clean
TradeID,3,9.170222441329718,Clean
TradeOpen,6,9.170222441329718,Clean
TradeReduce,6,9.170222441329718,Clean
TradeSpecifier,3,9.170222441329718,Clean
TradeState,0,9.170222441329718,Clean
TradeSummary,5,9.170222441329718,Clean
TrailingStopLossDetails,6,9.170222441329718,Clean
TrailingStopLossOrder,5,9.170222441329718,Clean
TrailingStopLossOrderReason,0,9.170222441329718,Clean
TrailingStopLossOrderRejectTransaction,5,9.170222441329718,Clean
TrailingStopLossOrderRequest,5,9.170222441329718,Clean
TrailingStopLossOrderTransaction,5,9.170222441329718,Clean
Transaction_duplicated,6,9.170222441329718,Clean
TransactionFilter,1,9.170222441329718,Clean
TransactionHeartbeat,5,9.170222441329718,Clean
TransactionID,3,9.170222441329718,Clean
TransactionRejectReason,1,9.170222441329718,Clean
TransactionType,1,9.170222441329718,Clean
TransferFundsRejectTransaction,5,9.170222441329718,Clean
FundingReasonEnum,0,9.170222441329718,Clean
TransferFundsTransaction,5,9.170222441329718,Clean
UnitsAvailable,5,9.170222441329718,Clean
UnitsAvailableDetails,5,9.170222441329718,Clean
UserInfo,5,9.170222441329718,Clean
UserInfoExternal,5,9.170222441329718,Clean
UserSpecifier,3,9.170222441329718,Clean
VWAPReceipt,5,9.170222441329718,Clean
WeeklyAlignment,0,9.170222441329718,Clean
PricingStreamSession,2,9.170222441329718,Clean
StreamSession,4,9.170222441329718,Clean
TransactionStreamSession,1,9.170222441329718,Clean
EventsSession,0,9.170222441329718,Clean
RatesSession,1,9.170222441329718,Clean
StreamSession<T>,4,9.170222441329718,Clean
PaperBrokerage,2,9.170222441329718,Clean
PaperBrokerageFactory,5,9.170222441329718,Clean
TradierBrokerage,9,9.170222441329718,Clean
ContingentOrderQueue,3,9.170222441329718,Clean
TradierCachedOpenOrder,2,9.170222441329718,Clean
TradierPlaceOrderRequest,4,9.170222441329718,Clean
TradierBalance,1,9.170222441329718,Clean
TradierBalanceDetails,3,9.170222441329718,Clean
TradierAccountTypeSettings,3,9.170222441329718,Clean
TradierAccountTypeDayTrader,2,9.170222441329718,Clean
TradierAccountTypeMargin,2,9.170222441329718,Clean
TradierAccountTypeCash,2,9.170222441329718,Clean
TradierApiRequestType,0,9.170222441329718,Clean
TradierAccountType,0,9.170222441329718,Clean
TradierOrderDirection,1,9.170222441329718,Clean
TradierOrderStatus,0,9.170222441329718,Clean
TradierOrderDuration,1,9.170222441329718,Clean
TradierOrderClass,1,9.170222441329718,Clean
TradierAccountStatus,0,9.170222441329718,Clean
TradierOptionStatus,0,9.170222441329718,Clean
TradierTimeSeriesIntervals,0,9.170222441329718,Clean
TradierHistoricalDataIntervals,0,9.170222441329718,Clean
TradierOptionType,0,9.170222441329718,Clean
TradierOptionExpirationType,0,9.170222441329718,Clean
TradierAccountClassification,0,9.170222441329718,Clean
TradierEventType,0,9.170222441329718,Clean
TradierTradeType,0,9.170222441329718,Clean
TradierOrderType,1,9.170222441329718,Clean
TradierTimeSeriesContainer,1,9.170222441329718,Clean
TradierTimeSeries,2,9.170222441329718,Clean
TradierQuoteContainer,1,9.170222441329718,Clean
TradierQuote,3,9.170222441329718,Clean
TradierHistoryDataContainer,1,9.170222441329718,Clean
TradierHistoryBar,2,9.170222441329718,Clean
TradierMarketStatus,2,9.170222441329718,Clean
TradierCalendarStatus,2,9.170222441329718,Clean
TradierCalendarDayContainer,1,9.170222441329718,Clean
TradierCalendarDay,2,9.170222441329718,Clean
TradierCalendarDayMarketHours,2,9.170222441329718,Clean
TradierSearchContainer,1,9.170222441329718,Clean
TradierSearchResult,2,9.170222441329718,Clean
TradierStreamSession,2,9.170222441329718,Clean
TradierStreamData,2,9.170222441329718,Clean
TradierFaultContainer,1,9.170222441329718,Clean
TradierFault,2,9.170222441329718,Clean
TradierFaultDetail,1,9.170222441329718,Clean
TradierGainLossContainer,1,9.170222441329718,Clean
TradierGainLossClosed,1,9.170222441329718,Clean
TradierGainLoss,2,9.170222441329718,Clean
TradierEventContainer,1,9.170222441329718,Clean
TradierEvents,1,9.170222441329718,Clean
TradierEvent,2,9.170222441329718,Clean
TradierEventDetail,3,9.170222441329718,Clean
TradierTradeEvent,3,9.170222441329718,Clean
TradierJournalEvent,1,9.170222441329718,Clean
TradierDividendEvent,1,9.170222441329718,Clean
TradierOptionEvent,2,9.170222441329718,Clean
TradierOrdersContainer,1,9.170222441329718,Clean
TradierOrders,1,9.170222441329718,Clean
TradierOrder,4,9.170222441329718,Clean
TradierOrderDetailedContainer,1,9.170222441329718,Clean
TradierOrderResponse,2,9.170222441329718,Clean
TradierOrderResponseError,1,9.170222441329718,Clean
TradierOrderResponseOrder,2,9.170222441329718,Clean
TradierOrderDetailed,3,9.170222441329718,Clean
TradierOrderLeg,2,9.170222441329718,Clean
TradierPositionsContainer,1,9.170222441329718,Clean
TradierPositions,1,9.170222441329718,Clean
TradierPosition,2,9.170222441329718,Clean
TokenResponse,3,9.170222441329718,Clean
TradierBrokerageFactory,8,9.170222441329718,Clean
Configuration_duplicated,1,9.170222441329718,Clean
TradierUserContainer,1,9.170222441329718,Clean
TradierUser,1,9.170222441329718,Clean
TradierUserAccount,2,9.170222441329718,Clean
Config,6,9.170222441329718,Clean
Compression,6,9.170222441329718,Clean
ZipStreamWriter,5,9.170222441329718,Clean
Api,8,9.170222441329718,Clean
ApiConnection,4,9.170222441329718,Clean
ApiWebSocketConnection,6,9.170222441329718,Clean
