Component,Threshold,Cutoff,Status
AccessModifer,1,8.183774813667881,Clean
AccessModifierExtensions,2,8.183774813667881,Clean
ArgumentDirection,1,8.183774813667881,Clean
ArgumentDirectionExtenstions,1,8.183774813667881,Clean
AssemblyData,10,8.183774813667881,Fault_proner
AssemblyDataComparer,2,8.183774813667881,Clean
CleanConstructor,8,8.183774813667881,Clean
CleanConstructors,2,8.183774813667881,Clean
CleanDetachedVariable,3,8.183774813667881,Clean
CleanEvent,6,8.183774813667881,Clean
CleanEvents,1,8.183774813667881,Clean
CleanField,2,8.183774813667881,Clean
CleanMethods,2,8.183774813667881,Clean
CleanArrayElement,4,8.183774813667881,Clean
CleanProperty,2,8.183774813667881,Clean
ShallowCollectionInfo,5,8.183774813667881,Clean
CollectionInfo,7,8.183774813667881,Clean
IContainerOfTypeMemberData,3,8.183774813667881,Clean
ITypeSystem,6,8.183774813667881,Clean
TypeDataProperties,2,8.183774813667881,Clean
IPartOfTest,3,8.183774813667881,Clean
CleanAssembly,4,8.183774813667881,Clean
OverloadResolutionParameterInfo,6,8.183774813667881,Clean
ParameterData,7,8.183774813667881,Clean
ParameterTypeData,5,8.183774813667881,Clean
CleanMethodContents,6,8.183774813667881,Clean
CleanArguments,8,8.183774813667881,Clean
CleanMembers,3,8.183774813667881,Clean
CleanReturnValue,4,8.183774813667881,Clean
TypeMemberData,10,8.183774813667881,Fault_proner
MemberRole,1,8.183774813667881,Clean
CleanArgument,4,8.183774813667881,Clean
CleanMember,7,8.183774813667881,Clean
MemberAccessType,1,8.183774813667881,Clean
CleanVariable,8,8.183774813667881,Clean
CleanType,5,8.183774813667881,Clean
TypeData,9,8.183774813667881,Fault_proner
CleanMethod,9,8.183774813667881,Fault_proner
IAssemblyCachesContainer,3,8.183774813667881,Clean
AssemblyCachesContainer,7,8.183774813667881,Clean
ClassFactoryData,2,8.183774813667881,Clean
AssemblyCache,6,8.183774813667881,Clean
FactoryTypesAssemblyCache,6,8.183774813667881,Clean
IFactoryTypesCache,3,8.183774813667881,Clean
FactoryTypesCache,7,8.183774813667881,Clean
IFactoryTypesProvider,1,8.183774813667881,Clean
FactoryTypesProvider,6,8.183774813667881,Clean
HierarchyMapperAssemblyCacheData,2,8.183774813667881,Clean
ProbingPathContainer,4,8.183774813667881,Clean
IAssemblyHierarchyMapperCache,3,8.183774813667881,Clean
AssemblyHierarchyMapperCache,6,8.183774813667881,Clean
IHierarchyMapperCache,4,8.183774813667881,Clean
HierarchyMapperCache,8,8.183774813667881,Clean
IMappedObjectsRepository,4,8.183774813667881,Clean
MappedObjectsRepository,7,8.183774813667881,Clean
IMethodSelector,1,8.183774813667881,Clean
MethodSelector,7,8.183774813667881,Clean
IShallowTypeRepository,4,8.183774813667881,Clean
ShallowTypeRepository,7,8.183774813667881,Clean
IReflectionBridge,5,8.183774813667881,Clean
ReflectionBridge,7,8.183774813667881,Clean
ITypeSystemClean,5,8.183774813667881,Clean
TypeSystemClean,7,8.183774813667881,Clean
ITypeIdProvider,4,8.183774813667881,Clean
TypeIdProvider,7,8.183774813667881,Clean
"ReadWriteCache<TKey,TValue>",4,8.183774813667881,Clean
IHierarchyMapper,4,8.183774813667881,Clean
HierarchyMapper,7,8.183774813667881,Clean
INumericResolver,3,8.183774813667881,Clean
NumericResolver,6,8.183774813667881,Clean
TypeSystem,7,8.183774813667881,Clean
IZeroProvider,2,8.183774813667881,Clean
ZeroProvider,7,8.183774813667881,Clean
ICleanTypeRepository,6,8.183774813667881,Clean
CleanTypeRepository,7,8.183774813667881,Clean
CleanAssemblyComparer,3,8.183774813667881,Clean
MockPrefrencesProvider,5,8.183774813667881,Clean
ICollectionItemInfoProvider,1,8.183774813667881,Clean
CollectionItemInfoProvider,7,8.183774813667881,Clean
ShallowCleanEvent,2,8.183774813667881,Clean
IMapperShallowToClean,5,8.183774813667881,Clean
MapperShallowToClean,7,8.183774813667881,Clean
EditableNonShallowTypeData,4,8.183774813667881,Clean
ShallowCleanMethodContents,6,8.183774813667881,Clean
ShallowCleanType,4,8.183774813667881,Clean
ShallowCleanVariable,2,8.183774813667881,Clean
ShallowTypeMemberData,6,8.183774813667881,Clean
ShallowCleanArgument,3,8.183774813667881,Clean
ShallowCleanConstructor,2,8.183774813667881,Clean
ShallowCleanMember,3,8.183774813667881,Clean
ShallowCleanMethod,4,8.183774813667881,Clean
ShallowTypeData,9,8.183774813667881,Fault_proner
ClosedDetachedVariable,5,8.183774813667881,Clean
ClosedEvent,8,8.183774813667881,Clean
ClosedTestedClass,8,8.183774813667881,Clean
IClosedTypeProvider,4,8.183774813667881,Clean
ClosedTypeProvider,7,8.183774813667881,Clean
ClosedArguments,8,8.183774813667881,Clean
ClosedArrayElement,5,8.183774813667881,Clean
ClosedConstructor,6,8.183774813667881,Clean
ClosedMembers,9,8.183774813667881,Fault_proner
ClosedMethodInvocations,7,8.183774813667881,Clean
ClosedReturnValue,8,8.183774813667881,Clean
IClosed,2,8.183774813667881,Clean
ClosedArgument,5,8.183774813667881,Clean
ClosedMember,9,8.183774813667881,Fault_proner
ClosedVariable,10,8.183774813667881,Fault_proner
ClosedMethod,9,8.183774813667881,Fault_proner
ClosedType,8,8.183774813667881,Clean
ClosedTestCase,9,8.183774813667881,Fault_proner
CaseType,1,8.183774813667881,Clean
CodeDomSerializedMethod,2,8.183774813667881,Clean
HelperCodeFileProvider,4,8.183774813667881,Clean
IClosedObjectFreezer,5,8.183774813667881,Clean
ClosedObjectFreezerBase,8,8.183774813667881,Clean
VisualBasicClosedObjectFreezer,4,8.183774813667881,Clean
CSharpClosedObjectFreezer,4,8.183774813667881,Clean
ISingleCodeFileProvider,1,8.183774813667881,Clean
UnsupportedCodeFileProvider,4,8.183774813667881,Clean
IStaticTypesBag,3,8.183774813667881,Clean
StaticTypesBag,4,8.183774813667881,Clean
IAssemblyFriendshipForCurrentTestProvider,2,8.183774813667881,Clean
FriendshipProviderForTestAssembly,7,8.183774813667881,Clean
ICodeSerializationServicesGenerator,3,8.183774813667881,Clean
CodeSerializationServicesGenerator,7,8.183774813667881,Clean
CodeSerializationSettings,6,8.183774813667881,Clean
ExtraCodeFile,3,8.183774813667881,Clean
IdeProjectRelativeFileLocation,1,8.183774813667881,Clean
ExtraCodeFileForOtherContent,4,8.183774813667881,Clean
ExtraCodeFileForSingleType,4,8.183774813667881,Clean
HelperMethods,1,8.183774813667881,Clean
IExtraCodeFilesProvider,2,8.183774813667881,Clean
ExtraCodeFilesProvider,7,8.183774813667881,Clean
ILanguageSpecificSerializationServicesBag,3,8.183774813667881,Clean
LanguageSpecificSerializationServicesBag,5,8.183774813667881,Clean
SerializedMethod,3,8.183774813667881,Clean
ICodeSerializationServices,4,8.183774813667881,Clean
CodeSerializationServices,6,8.183774813667881,Clean
OtherIssues,1,8.183774813667881,Clean
TestsCode,6,8.183774813667881,Clean
IClosedToCodeSerializer,4,8.183774813667881,Clean
ClosedToCodeSerializer,8,8.183774813667881,Clean
CSharpUsingsStatmentsGenerator,5,8.183774813667881,Clean
ILanguageSpecificCodeObjectFactory,1,8.183774813667881,Clean
IAnonymousDelegatesGenerator,2,8.183774813667881,Clean
IExtensionFramework,3,8.183774813667881,Clean
IUsingStatementGenerator,4,8.183774813667881,Clean
IEnumerableAccessSerializer,1,8.183774813667881,Clean
MockedParameterInfo,4,8.183774813667881,Clean
ICodeExtrapulator,4,8.183774813667881,Clean
IMolesIntallationDataProvider,2,8.183774813667881,Clean
MolesIntallationDataProvider,4,8.183774813667881,Clean
IMolesNamingConventionsProvider,3,8.183774813667881,Clean
MolesNamingConventionsProvider,7,8.183774813667881,Clean
JustMockFramework,9,8.183774813667881,Fault_proner
MockObjectMethods,0,8.183774813667881,Clean
MolesMockingFramework,10,8.183774813667881,Fault_proner
IMolesDefinitionFileProvider,1,8.183774813667881,Clean
MolesDefinitionFileProvider,6,8.183774813667881,Clean
DerivationBasedMockFramework,8,8.183774813667881,Clean
IMockingFramework,8,8.183774813667881,Clean
ITypeMockCSharpCodeSerialzer,2,8.183774813667881,Clean
TypeMockCSharpCodeSerialzer,7,8.183774813667881,Clean
ITypeMockIsolatorAssembliesProvider,1,8.183774813667881,Clean
TypeMockIsolatorAssembliesProvider,7,8.183774813667881,Clean
ITypeMockVbCodeSerialzer,2,8.183774813667881,Clean
TypeMockVbCodeSerialzer,7,8.183774813667881,Clean
ITypemockCodeSerializer,4,8.183774813667881,Clean
TypeMockIsolatorFramework,9,8.183774813667881,Fault_proner
MoqMockFramework,10,8.183774813667881,Fault_proner
RhinoMocksFramework,9,8.183774813667881,Fault_proner
VbUsingsStatmentsGenerator,5,8.183774813667881,Clean
Vb10AnonymousDelegatesGenerator,6,8.183774813667881,Clean
Vb9AnonymousDelegatesGenerator,4,8.183774813667881,Clean
VbCodeExtrapulator,5,8.183774813667881,Clean
VbEnumerableAccessSerializer,3,8.183774813667881,Clean
VbLanguageSpecificCodeObjectFactory,2,8.183774813667881,Clean
VbCodeFilesStrings,3,8.183774813667881,Clean
ICollectionCodeSerializer,4,8.183774813667881,Clean
CollectionCodeSerializer,6,8.183774813667881,Clean
IEventsSerializer,2,8.183774813667881,Clean
EventsSerializer,7,8.183774813667881,Clean
BindingFlagsExtensions,4,8.183774813667881,Clean
IAccumulatedSectionsInfo,2,8.183774813667881,Clean
AccumulatedSectionsInfo,2,8.183774813667881,Clean
IAssemblyPerLanguageVersionConverter,5,8.183774813667881,Clean
AssemblyPerLanguageVersionConverter,7,8.183774813667881,Clean
ITestingFrameworkWrapper,7,8.183774813667881,Clean
StyleAwareTestingFrameworkWrapper,8,8.183774813667881,Clean
ExpressionRole,0,8.183774813667881,Clean
DeclaredValuesWrapper,2,8.183774813667881,Clean
IPayloadAwareCodeObjectsFactory,5,8.183774813667881,Clean
PayloadAwareCodeObjectsFactory,6,8.183774813667881,Clean
ISerializedTypeNameProvider,2,8.183774813667881,Clean
CSharpSerializedTypeNameProvider,6,8.183774813667881,Clean
VbSerializedTypeNameProvider,6,8.183774813667881,Clean
CodeElementAccessData,9,8.183774813667881,Fault_proner
ITestLiveObjectBuilder,2,8.183774813667881,Clean
TestLiveObjectBuilder,7,8.183774813667881,Clean
ExistingVariableSerializationContext,4,8.183774813667881,Clean
IMethodArgumentsSerializer,4,8.183774813667881,Clean
MethodArgumentsSerializer,7,8.183774813667881,Clean
IReflectionCallsSerializer,4,8.183774813667881,Clean
ReflectionCallsSerializer,7,8.183774813667881,Clean
SerilaizedTestMethod,2,8.183774813667881,Clean
ITestDeclerationsRepository,5,8.183774813667881,Clean
TestDeclerationsRepository,7,8.183774813667881,Clean
SectionType,1,8.183774813667881,Clean
ITestMethodStyler,3,8.183774813667881,Clean
TestMethodStyler,6,8.183774813667881,Clean
ITestMethodVariablesNamer,5,8.183774813667881,Clean
SpecialVariableRoles,1,8.183774813667881,Clean
TestMethodVariablesNamer,7,8.183774813667881,Clean
VariableDecleration,3,8.183774813667881,Clean
IVariableDeclerationDecider,3,8.183774813667881,Clean
VariableDeclerationDecider,7,8.183774813667881,Clean
IMemberSerializer,5,8.183774813667881,Clean
MemberSerializer,7,8.183774813667881,Clean
FakeSpecification,1,8.183774813667881,Clean
IMethodInvocationSerailizer,5,8.183774813667881,Clean
MethodInvocationSerailizer,7,8.183774813667881,Clean
IReflectionUsageDecider,5,8.183774813667881,Clean
ReflectionUsageDecider,6,8.183774813667881,Clean
IUsingAndReferencesContainer,5,8.183774813667881,Clean
UsingAndReferencesContainer,8,8.183774813667881,Clean
CodeElement,9,8.183774813667881,Fault_proner
VariableSerializationContext,4,8.183774813667881,Clean
ITestMethodSectionAdder,2,8.183774813667881,Clean
ITestMethodActor,2,8.183774813667881,Clean
TestMethodActor,7,8.183774813667881,Clean
ITestMethodArranger,2,8.183774813667881,Clean
TestMethodArranger,6,8.183774813667881,Clean
ITestMethodGenerator,2,8.183774813667881,Clean
TestMethodGenerator,7,8.183774813667881,Clean
SameAttributeNameEqualityComparer,4,8.183774813667881,Clean
CodeGenPayload,8,8.183774813667881,Clean
ITestMethodAsserter,2,8.183774813667881,Clean
TestMethodAsserter,6,8.183774813667881,Clean
IIdeSolutionNameProvider,1,8.183774813667881,Clean
IdeAttributeData,4,8.183774813667881,Clean
IdeReference,2,8.183774813667881,Clean
IdeReferenceFile,5,8.183774813667881,Clean
IdeReferenceProject,4,8.183774813667881,Clean
IdeMethod,7,8.183774813667881,Clean
IdeType,7,8.183774813667881,Clean
IIdeCodeElementsFetcher,2,8.183774813667881,Clean
IdeProject,9,8.183774813667881,Fault_proner
IIdeCurrentContextFetcher,1,8.183774813667881,Clean
IIdeInformationProvider,4,8.183774813667881,Clean
IIdeProbingPathProvider,2,8.183774813667881,Clean
IIdeBuildNotifier,2,8.183774813667881,Clean
IIdeExistingProjectProvider,4,8.183774813667881,Clean
IIdeCodeAdder,3,8.183774813667881,Clean
IIdeCodeNavigator,3,8.183774813667881,Clean
IIdeSourceControlRootProvider,1,8.183774813667881,Clean
IGeneralInformationProvider,2,8.183774813667881,Clean
GeneralInformationProvider,8,8.183774813667881,Clean
IIssueWebSubmitter,1,8.183774813667881,Clean
IssueWebSubmitter,2,8.183774813667881,Clean
SolutionFileNameRollingFileAppender,7,8.183774813667881,Clean
ClosedTestCaseSerializer,4,8.183774813667881,Clean
CrossAppDomainLogger_MainDomain,5,8.183774813667881,Clean
InternalTypeLoadException,6,8.183774813667881,Clean
CrossDomainLoggerExceptionNormalizer,4,8.183774813667881,Clean
BugzScoutAppender,7,8.183774813667881,Clean
CrossAppDomainLogger_ReflectionDomain,7,8.183774813667881,Clean
IScoutWrapper,1,8.183774813667881,Clean
ScoutWrapper,6,8.183774813667881,Clean
ILogSettingsChangesDetector,3,8.183774813667881,Clean
LogSettingsChangesDetector,5,8.183774813667881,Clean
ReflectionDomainUnloadingException,3,8.183774813667881,Clean
RequestMadeWhileUnloadingReflectionDomainException,4,8.183774813667881,Clean
UnloadedInfoCallException,7,8.183774813667881,Clean
UnloadedTypeMissException,7,8.183774813667881,Clean
SingleWriteAppender,5,8.183774813667881,Clean
TimeLogger,5,8.183774813667881,Clean
ILogger,4,8.183774813667881,Clean
MainLogger,7,8.183774813667881,Clean
ILog4NetConfigurationProvider,1,8.183774813667881,Clean
MockLog4NetConfigurationProvider,3,8.183774813667881,Clean
LogSettingsFileConfigurationProvider,7,8.183774813667881,Clean
ILoggerImpl,3,8.183774813667881,Clean
Log4NetLogger,9,8.183774813667881,Fault_proner
ListBoxLogger,7,8.183774813667881,Clean
SimpleValueSelectionOptionViewModel<TOption>,2,8.183774813667881,Clean
IPossibilityExtensions,1,8.183774813667881,Clean
"DependentOptionNotificationProvider<TCurrentOption,TForbiddenPart>",3,8.183774813667881,Clean
ContainerOfTypeMemberViewModel,8,8.183774813667881,Clean
"DualNotificationProvdier<TOption,TFirstProvider,TSecondProvider>",5,8.183774813667881,Clean
"OptionsCantExistOnSameTimeProvider<TCurrentOption,TForbiddenOption>",1,8.183774813667881,Clean
TypeEditorOptionBase<TPack>,8,8.183774813667881,Clean
ISettingsDependentOption,2,8.183774813667881,Clean
ManuallyAddedValueOption,3,8.183774813667881,Clean
IDualityExpectationPack,1,8.183774813667881,Clean
IDualityPossibilityPack,1,8.183774813667881,Clean
QualityNotificationsProviderBase<TOption>,3,8.183774813667881,Clean
AllGoodQualityNotificationsProvider<TOption>,0,8.183774813667881,Clean
SmoothScrollingLargeGroupsComboBox,4,8.183774813667881,Clean
ValueOptionCollectionViewSource,1,8.183774813667881,Clean
ValueOptionImportanceValues,3,8.183774813667881,Clean
ApplicabilityManagerBase<TValueProvider>,7,8.183774813667881,Clean
DataTemplateLocator,4,8.183774813667881,Clean
IExpectationPack,2,8.183774813667881,Clean
IOptionPackWithDualProvider,4,8.183774813667881,Clean
ISecondValueProvider,1,8.183774813667881,Clean
IOptionWithDualValues,3,8.183774813667881,Clean
IValueOptionExtensions,1,8.183774813667881,Clean
IValueOption,4,8.183774813667881,Clean
ValueOption<T>,7,8.183774813667881,Clean
ValueOptionViewModel,8,8.183774813667881,Clean
ICodeSerializer,6,8.183774813667881,Clean
OptionToCodeSerializerBase<TFrozenOption>,7,8.183774813667881,Clean
DefaultLevel,2,8.183774813667881,Clean
NullValueProvider,4,8.183774813667881,Clean
IApplicabilityManager,4,8.183774813667881,Clean
IOptionNamer,5,8.183774813667881,Clean
IOption,7,8.183774813667881,Clean
IOptionQualityNotificationsProvider,2,8.183774813667881,Clean
IOptionPack,6,8.183774813667881,Clean
IDataDrivenOptionPack,3,8.183774813667881,Clean
IDataDriverCodeSerializer,2,8.183774813667881,Clean
ITypeEditorPossibility,3,8.183774813667881,Clean
ITypeEditorOption,7,8.183774813667881,Clean
"OptionNamerBase<TOption,TValueProvider>",7,8.183774813667881,Clean
"OptionPackBase<TOption,TFrozenOption,TNamer,TApplicabilityManager,TFirstValueProvider,TDslCodeSerializer,TTestCodeSerializer,TQualityNotificationsProvider>",8,8.183774813667881,Clean
IPossibilityPack,3,8.183774813667881,Clean
IValueProvider,5,8.183774813667881,Clean
ValueProviderBase,8,8.183774813667881,Clean
IOptionPacksProvider,3,8.183774813667881,Clean
OptionPacksProvider,7,8.183774813667881,Clean
IHaveConsts,2,8.183774813667881,Clean
ValueOptionEqualityComparer,7,8.183774813667881,Clean
OptionBaseSingle<TPack>,8,8.183774813667881,Clean
IExpectation,3,8.183774813667881,Clean
IPossibility,3,8.183774813667881,Clean
SimpleValueSelectionOptionViewModel,10,8.183774813667881,Fault_proner
BuildOptionSetReturnValue,2,8.183774813667881,Clean
ExtendedEditingOptionViewModel<T>,2,8.183774813667881,Clean
OptionForSelectionViewModel,8,8.183774813667881,Clean
PexAssemblyInfoCodeFileProvider,4,8.183774813667881,Clean
"PexAndMockIntegrationWarnningProvider<TCurrentOption,TForbiddenOption>",1,8.183774813667881,Clean
PexPossibilityPack,4,8.183774813667881,Clean
PexPossibilityCodeSerializer,8,8.183774813667881,Clean
PexPossibilityToDslSerializer,1,8.183774813667881,Clean
PexPossibilityApplicabilityManager,6,8.183774813667881,Clean
PexPossibilityNamer,4,8.183774813667881,Clean
PexPossibility,4,8.183774813667881,Clean
IPexProvider,2,8.183774813667881,Clean
PexProvider,6,8.183774813667881,Clean
FrozenCollectionItemExpectation,5,8.183774813667881,Clean
CollectionItemExpectation,8,8.183774813667881,Clean
CollectionItemExpectationApplicabilityManager,5,8.183774813667881,Clean
CollectionItemExpectationCodeSerializer,2,8.183774813667881,Clean
CollectionItemExpectationNamer,6,8.183774813667881,Clean
CollectionItemExpectationPack,2,8.183774813667881,Clean
CollectionItemExpectationToDslSerializer,1,8.183774813667881,Clean
CollectionItemExpectationViewModel,8,8.183774813667881,Clean
FrozenMembersExpectation,5,8.183774813667881,Clean
MembersExpectationQualityNotificationsProvider,1,8.183774813667881,Clean
MembersExpectationCodeSerializer,3,8.183774813667881,Clean
MembersExpectationApplicabilityManager,6,8.183774813667881,Clean
MembersExpectationNamer,5,8.183774813667881,Clean
MembersExpectationPack,3,8.183774813667881,Clean
MembersExpectationToDslSerializer,1,8.183774813667881,Clean
SameDataTypeProvider,4,8.183774813667881,Clean
MembersExpectation,7,8.183774813667881,Clean
MembersExpectationMemberViewModel,8,8.183774813667881,Clean
MembersExtendedEditingExpectationViewModel,7,8.183774813667881,Clean
FrozenClosedArgument,5,8.183774813667881,Clean
FrozenClosedArguments,5,8.183774813667881,Clean
FrozenClosedArrayElement,3,8.183774813667881,Clean
FrozenClosedConstructor,4,8.183774813667881,Clean
FrozenClosedDetachedVariable,3,8.183774813667881,Clean
FrozenClosedEvent,3,8.183774813667881,Clean
FrozenClosedMember,6,8.183774813667881,Clean
FrozenClosedMembers,6,8.183774813667881,Clean
FrozenClosedMethod,9,8.183774813667881,Fault_proner
FrozenClosedMethodInvocations,5,8.183774813667881,Clean
FrozenClosedReturnValue,3,8.183774813667881,Clean
FrozenClosedTestCase,8,8.183774813667881,Clean
FrozenClosedTestedClass,5,8.183774813667881,Clean
FrozenClosedType,8,8.183774813667881,Clean
FrozenClosedVariable,9,8.183774813667881,Fault_proner
IFrozenClosed,2,8.183774813667881,Clean
IFrozenOption,4,8.183774813667881,Clean
FrozenOptionBase<TPack>,5,8.183774813667881,Clean
FrozenOptionWrapper<T>,6,8.183774813667881,Clean
EventWasRaisedExpectationPack,2,8.183774813667881,Clean
EventWasRaisedExpectationCodeSerializer,7,8.183774813667881,Clean
EventWasRaisedExpectationToDslSerializer,1,8.183774813667881,Clean
EventWasRaisedExpectationApplicabilityManager,5,8.183774813667881,Clean
EventWasRaisedExpectationNamer,4,8.183774813667881,Clean
EventWasRaisedExpectation,4,8.183774813667881,Clean
FrozenChangeMemberPossibility,5,8.183774813667881,Clean
ChangeMemberPossibility,8,8.183774813667881,Clean
ChangeMemberPossibilityApplicabilityManager,6,8.183774813667881,Clean
ChangeMemberPossibilityCodeSerializer,4,8.183774813667881,Clean
ChangeMemberPossibilityNamer,5,8.183774813667881,Clean
ChangeMemberPossibilityPack,3,8.183774813667881,Clean
ChangeMemberPossibilityValueProvider,3,8.183774813667881,Clean
ChangeMemberPossibilityViewModel,3,8.183774813667881,Clean
ChangeMemberToDslSerializer,1,8.183774813667881,Clean
FrozenNewArrayPossibility,5,8.183774813667881,Clean
DuplicateArrayMemberActionViewModel,8,8.183774813667881,Clean
NewArrayPossibilityCodeSerializer,4,8.183774813667881,Clean
NewArrayToDslSerializer,2,8.183774813667881,Clean
NewArrayApplicabilityManager,5,8.183774813667881,Clean
NewArrayNamer,5,8.183774813667881,Clean
NewArrayPossibilityPack,3,8.183774813667881,Clean
NewArrayValueProvider,5,8.183774813667881,Clean
NewArrayPossibility,8,8.183774813667881,Clean
NewArrayPossibilityViewModel,8,8.183774813667881,Clean
ArrayElementViewModel,8,8.183774813667881,Clean
ExtractedMethod,6,8.183774813667881,Clean
ExtractedMethodTypeMemberData,2,8.183774813667881,Clean
FactoryPossibility,9,8.183774813667881,Fault_proner
FactoryPossibilityApplicabilityManager,5,8.183774813667881,Clean
FactoryPossibilityCodeSerializer,2,8.183774813667881,Clean
FactoryPossibilityNamer,5,8.183774813667881,Clean
IFactoryPossibilitySecondValueProvider,2,8.183774813667881,Clean
FactoryPossibilitySecondValueProvider,8,8.183774813667881,Clean
FactoryPossibilityToDslSerializer,3,8.183774813667881,Clean
FrozenFactoryPossibility,6,8.183774813667881,Clean
ICanBeFactoryMethod,4,8.183774813667881,Clean
FactoryPossibilityExtendedViewModel,6,8.183774813667881,Clean
FactoryPossibilityPack,8,8.183774813667881,Clean
FactoryPossibilitySimpleViewModel,6,8.183774813667881,Clean
FactoryPossibilityValueProvider,7,8.183774813667881,Clean
MemberDataUsedAsFactoryViewModel,2,8.183774813667881,Clean
FrozenMockOption,6,8.183774813667881,Clean
MockedCodeElementAccessData,8,8.183774813667881,Clean
MockCodeElement,3,8.183774813667881,Clean
IMockingApplicabilityManager,2,8.183774813667881,Clean
MockingApplicabilityManager,7,8.183774813667881,Clean
MockPossibilityQualityNotificationsProvider,3,8.183774813667881,Clean
MocksCodeSerializer,4,8.183774813667881,Clean
MockPossibilityToDslSerializer,1,8.183774813667881,Clean
MockPossibilityApplicabilityManager,6,8.183774813667881,Clean
MockNamer,5,8.183774813667881,Clean
MockPossibilityPack,7,8.183774813667881,Clean
MockValueProvider,5,8.183774813667881,Clean
MockPossibility,8,8.183774813667881,Clean
MockPossibilityViewModel,3,8.183774813667881,Clean
FrozenNewInstancePossibility,5,8.183774813667881,Clean
NewInstancePossibilityCodeSerializer,6,8.183774813667881,Clean
NewInstanceToDslSerializer,1,8.183774813667881,Clean
NewInstancePossibilityApplicabilityManager,6,8.183774813667881,Clean
NewInstancePossibilityNamer,5,8.183774813667881,Clean
NewInstancePossibilityPack,3,8.183774813667881,Clean
NewInstancePossibilityValueProvider,4,8.183774813667881,Clean
NewInstancePossibility,8,8.183774813667881,Clean
NewInstancePossibilityViewModel,6,8.183774813667881,Clean
MockingFw,5,8.183774813667881,Clean
TestingFw,5,8.183774813667881,Clean
UserSettingsWindow,5,8.183774813667881,Clean
IUserSettingsWindowController,2,8.183774813667881,Clean
UserSettingsWindowController,8,8.183774813667881,Clean
SetEmailDialog,6,8.183774813667881,Clean
AboutWindow,5,8.183774813667881,Clean
IAboutWindowController,1,8.183774813667881,Clean
AboutWindowController,8,8.183774813667881,Clean
EmailValidationRule,2,8.183774813667881,Clean
TestedProjectSettings,10,8.183774813667881,Fault_proner
IReadonlyTestedProjectSettings,3,8.183774813667881,Clean
TestedProjectSettingsViewModel,8,8.183774813667881,Clean
ExtensionFrameworkViewModel,6,8.183774813667881,Clean
AvailableFrameworkValidationRule,1,8.183774813667881,Clean
A,3,8.183774813667881,Clean
TestedProjectSettingsWindow,6,8.183774813667881,Clean
ITestedProjectSettingsWindowController,2,8.183774813667881,Clean
TestedProjectSettingsWindowController,7,8.183774813667881,Clean
UserPrefrences,3,8.183774813667881,Clean
IUserPrefrencesFileHandler,2,8.183774813667881,Clean
UserPrefrencesFileHandler,7,8.183774813667881,Clean
IUserPrefrencesProvider,4,8.183774813667881,Clean
UserPrefrencesProvider,7,8.183774813667881,Clean
IArrangementMethodImporter,2,8.183774813667881,Clean
ArrangementMethodImporter,7,8.183774813667881,Clean
ArrangementMethodImporterViewModel,8,8.183774813667881,Clean
ArrangementOptionViewModel,6,8.183774813667881,Clean
ArrangePartViewModel,8,8.183774813667881,Clean
FactoryArrangementOptionViewModel,8,8.183774813667881,Clean
NewArrangementOptionViewModel,5,8.183774813667881,Clean
ITestImporter,1,8.183774813667881,Clean
TestImporter,7,8.183774813667881,Clean
ITestNameWindowController,1,8.183774813667881,Clean
TestNameWindowController,2,8.183774813667881,Clean
CompleteTestImporterViewModel,8,8.183774813667881,Clean
AssertionTestPartWarningsIndicatorViewModel,4,8.183774813667881,Clean
NonRecuresiveCheckingWarningsIndicatorViewModel,4,8.183774813667881,Clean
ScenarioTestPartWarningsIndicatorViewModel,4,8.183774813667881,Clean
WarningsIndicatorViewModelBase,8,8.183774813667881,Clean
TestPartWarningsIndicatorViewModel,8,8.183774813667881,Clean
QualityMessageViewModel,5,8.183774813667881,Clean
TestErrorMessageViewModel,2,8.183774813667881,Clean
TestWarningMessageViewModel,2,8.183774813667881,Clean
TestCaseWarningsIndicatorViewModel,7,8.183774813667881,Clean
MoreThanNumberToAutoLessToHiddenCoverter,2,8.183774813667881,Clean
ExistingTestsViewModel,8,8.183774813667881,Clean
SingleExistingTestViewModel,8,8.183774813667881,Clean
AssemblyBytes,2,8.183774813667881,Clean
Registry_64bitAware,4,8.183774813667881,Clean
KeyTypes,0,8.183774813667881,Clean
KeyAccess,1,8.183774813667881,Clean
RegistryHiveExtensions,4,8.183774813667881,Clean
Sleep,1,8.183774813667881,Clean
IQuickUnitSiteConnection,3,8.183774813667881,Clean
QuickUnitSiteConnection,5,8.183774813667881,Clean
EventDefinition,6,8.183774813667881,Clean
ArgumentWithClosedOptions,8,8.183774813667881,Clean
CtorDefinitions,8,8.183774813667881,Clean
MethodDefinitions,7,8.183774813667881,Clean
MemberDefinition,8,8.183774813667881,Clean
PossibilityProviderForMustAssignValues,3,8.183774813667881,Clean
Variable,9,8.183774813667881,Fault_proner
VoidMethodDefinitions,9,8.183774813667881,Fault_proner
ITypeDefinitions,5,8.183774813667881,Clean
ICanBeRaised,2,8.183774813667881,Clean
IPropertyDefinition,3,8.183774813667881,Clean
IMethodDefinitions,5,8.183774813667881,Clean
ICtorDefinitions,3,8.183774813667881,Clean
IVoidMethodDefinitions,4,8.183774813667881,Clean
IMemberDefinition,3,8.183774813667881,Clean
ITypeMemberData,3,8.183774813667881,Clean
IArgumentWithClosedOptions,3,8.183774813667881,Clean
IVariableWithPossibleExpectations,3,8.183774813667881,Clean
IVariable,1,8.183774813667881,Clean
TestTypeGenerator,6,8.183774813667881,Clean
TypeDefinitions,7,8.183774813667881,Clean
IClosedToDslSerializer,5,8.183774813667881,Clean
ClosedToDslSerializer,7,8.183774813667881,Clean
FakeTypeData,4,8.183774813667881,Clean
INestedLambdaParameterStack,2,8.183774813667881,Clean
NestedLambdaParameterStack,2,8.183774813667881,Clean
IDslSerialziationServices,3,8.183774813667881,Clean
DslSerialziationServices,3,8.183774813667881,Clean
IOptionToDslSerializer,3,8.183774813667881,Clean
OptionToDslSerializerBase<TOption>,3,8.183774813667881,Clean
ISerializeToDslStateContainer,3,8.183774813667881,Clean
SerializeToDslStateContainer,3,8.183774813667881,Clean
IUsedTypeDatasContainer,5,8.183774813667881,Clean
UsedTypeDatasContainer,8,8.183774813667881,Clean
FakeAssemblyData,3,8.183774813667881,Clean
CompilableRepro,5,8.183774813667881,Clean
PrimitiveToStringConverter,4,8.183774813667881,Clean
"ReadWriteSyncDictionary<TKey,TValue>",5,8.183774813667881,Clean
PathComparer,5,8.183774813667881,Clean
INotifyCollectionChange,1,8.183774813667881,Clean
CollectionChangedEventArgs<T>,2,8.183774813667881,Clean
CollectionChangeType,1,8.183774813667881,Clean
CodeSerializerAssist,5,8.183774813667881,Clean
NullableClass<T>,4,8.183774813667881,Clean
Safe,2,8.183774813667881,Clean
DictionaryWithStringKey_IgnoresCasing_Synced<T>,1,8.183774813667881,Clean
EventArgs<T>,2,8.183774813667881,Clean
"EventArgs<T1,T2>",2,8.183774813667881,Clean
"EventArgs<T1,T2,T3>",2,8.183774813667881,Clean
ArgumentValidator,5,8.183774813667881,Clean
CodeCompiler,5,8.183774813667881,Clean
CollectionBase<T>,5,8.183774813667881,Clean
ReflectionAssist,5,8.183774813667881,Clean
QUSB,3,8.183774813667881,Clean
Serialize,3,8.183774813667881,Clean
Serializer1,5,8.183774813667881,Clean
"Tuple<T1,T2>",1,8.183774813667881,Clean
IRandomNumberGenerator,2,8.183774813667881,Clean
RandomNumberGenerator,4,8.183774813667881,Clean
CSharpCodeExtrapulator,8,8.183774813667881,Clean
CSharpLanguageSpecificCodeObjectFactory,2,8.183774813667881,Clean
CSharpEnumerableAccessSerializer,3,8.183774813667881,Clean
CsharpCodeFilesStrings,3,8.183774813667881,Clean
CSharp2DelegateGenerator,7,8.183774813667881,Clean
CSharp3DelegatesGenerator,7,8.183774813667881,Clean
XUnitFramework,10,8.183774813667881,Fault_proner
MbUnitFramework,9,8.183774813667881,Fault_proner
MsTestFramework,9,8.183774813667881,Fault_proner
NunitFramework,10,8.183774813667881,Fault_proner
ITestingFramework,8,8.183774813667881,Clean
PathExistsExpectationPack,3,8.183774813667881,Clean
PathExistsExpectationCodeSerializer,6,8.183774813667881,Clean
PathExistsExpectationToDslSerializer,1,8.183774813667881,Clean
PathExistsExpectationApplicabilityManager,6,8.183774813667881,Clean
PathExistsExpectationValueProvider,4,8.183774813667881,Clean
PathExistsExpectationNamer,5,8.183774813667881,Clean
FileExistanceEnum,1,8.183774813667881,Clean
PathExistsExpectation,5,8.183774813667881,Clean
MockMemberDataViewModel,7,8.183774813667881,Clean
MockExpectation,8,8.183774813667881,Clean
MockExpectationToDslSerializer,1,8.183774813667881,Clean
MockExpectationValueProvider,7,8.183774813667881,Clean
MockExpectationApplicabilityManager,6,8.183774813667881,Clean
MockExpectationNamer,5,8.183774813667881,Clean
MockExpectationPack,8,8.183774813667881,Clean
MockExpectationViewModel,4,8.183774813667881,Clean
ValidMemberOfTypeViewModelRule,1,8.183774813667881,Clean
QualityMessageComparer,4,8.183774813667881,Clean
QualityContext,1,8.183774813667881,Clean
IQualityNotificationsProvider,3,8.183774813667881,Clean
ErrorMessage,2,8.183774813667881,Clean
QualityMessageBase,3,8.183774813667881,Clean
WarningMessage,2,8.183774813667881,Clean
IRunnerCommunicator,2,8.183774813667881,Clean
IRunnerCommunicatorToTestRunnerAppDomain,2,8.183774813667881,Clean
RunnerCommunicatorToTestRunnerAppDomain,7,8.183774813667881,Clean
IRunnerExecutableLocator,2,8.183774813667881,Clean
RunnerExecutableLocator,5,8.183774813667881,Clean
IRunnerCommunicatorToTestRunnerProcess,2,8.183774813667881,Clean
RunnerCommunicatorToTestRunnerProcess,7,8.183774813667881,Clean
RunnerCommunicator_RunnerProcess,3,8.183774813667881,Clean
InterProcessSerializer,7,8.183774813667881,Clean
ProcessParams,4,8.183774813667881,Clean
RealTestRunner,5,8.183774813667881,Clean
TestError,4,8.183774813667881,Clean
ErrorType,1,8.183774813667881,Clean
TestResult,2,8.183774813667881,Clean
TestRunInSameProcess,3,8.183774813667881,Clean
TestRunInDifferentProcess,3,8.183774813667881,Clean
TestRun,7,8.183774813667881,Clean
ITestRunner,4,8.183774813667881,Clean
TestRunner,8,8.183774813667881,Clean
TestRunnerViewModel,8,8.183774813667881,Clean
CodeDomTypeMemberExtensions,1,8.183774813667881,Clean
CodeDomStatementExtensions,4,8.183774813667881,Clean
CodeDomExpressionExtensions,3,8.183774813667881,Clean
AllTrueToVisibleMultiValueConverter,2,8.183774813667881,Clean
HasElementsToVisibleConverter,2,8.183774813667881,Clean
ZeroToTrueConverter,2,8.183774813667881,Clean
BoolToNoBoolConverter,2,8.183774813667881,Clean
NullToFalseConverter,2,8.183774813667881,Clean
WidthToVisConverter,2,8.183774813667881,Clean
BoolToDoubleConverter,2,8.183774813667881,Clean
NegativeToFalseConverter,2,8.183774813667881,Clean
NonEmptyStringToVisibleConverter,2,8.183774813667881,Clean
BoolToVisConverter,2,8.183774813667881,Clean
VisToNotVisConverter,2,8.183774813667881,Clean
StringLengthLimiterConverter,4,8.183774813667881,Clean
VisibleToRowSpanConverter,2,8.183774813667881,Clean
NullValueToNullStringConverter,5,8.183774813667881,Clean
DataTemplateContainer,1,8.183774813667881,Clean
DataTemplatesCollectionContainer,1,8.183774813667881,Clean
PopupWhichClosesOnEscape,3,8.183774813667881,Clean
VersionNumberProvider,2,8.183774813667881,Clean
ButtonWhichClosesParentPopupAfterClick,0,8.183774813667881,Clean
PositiveIntegerRule,1,8.183774813667881,Clean
ValidNumberRule,1,8.183774813667881,Clean
ViewModelBase<T>,2,8.183774813667881,Clean
IWrapper,2,8.183774813667881,Clean
"ObservableCollectionWrapper<TViewModel,TModelInterface,TModelConcrete>",4,8.183774813667881,Clean
State,2,8.183774813667881,Clean
GenericCommand,8,8.183774813667881,Clean
VMCounter,3,8.183774813667881,Clean
ViewModelBase,8,8.183774813667881,Clean
CollectionItemChangePossibilityPack,3,8.183774813667881,Clean
CollectionItemChangePossibilityCodeSerializer,3,8.183774813667881,Clean
FrozenCollectionItemChangePossibility,5,8.183774813667881,Clean
CollectionItemChangePossibilityToDslSerializer,1,8.183774813667881,Clean
CollectionItemChangePossibilityApplicabilityManager,6,8.183774813667881,Clean
CollectionItemChangePossibilityNamer,6,8.183774813667881,Clean
CollectionItemChangePossibility,8,8.183774813667881,Clean
CollectionItemChangePossibilityViewModel,8,8.183774813667881,Clean
IDelegateInfoProvider,1,8.183774813667881,Clean
DelegateInfoProvider,7,8.183774813667881,Clean
ISimpleDelegatesGenerator,3,8.183774813667881,Clean
SimpleDelegatesGenerator,7,8.183774813667881,Clean
WasCalledDelegateAccessData,4,8.183774813667881,Clean
DelegateCodeSerializer,7,8.183774813667881,Clean
DelegatePossibilityToDslSerializer,1,8.183774813667881,Clean
DelegateApplicabilityManager,6,8.183774813667881,Clean
DelegateNamer,5,8.183774813667881,Clean
DelegatePossibilityPack,6,8.183774813667881,Clean
DelegateValueProvider,4,8.183774813667881,Clean
IDelegateOption,3,8.183774813667881,Clean
DelegatePossibility,8,8.183774813667881,Clean
EnumTypeAndValue,1,8.183774813667881,Clean
EnumPossibilityCodeSerializer,4,8.183774813667881,Clean
EnumPossibilityToDslSerializer,2,8.183774813667881,Clean
EnumApplicabilityManager,4,8.183774813667881,Clean
EnumPossibility,8,8.183774813667881,Clean
EnumPossibilityPack,2,8.183774813667881,Clean
EnumValueProvider,7,8.183774813667881,Clean
EnumNamer,5,8.183774813667881,Clean
InfoGatherer,7,8.183774813667881,Clean
LiveObject,7,8.183774813667881,Clean
PrimitiveValueProvider,9,8.183774813667881,Fault_proner
RowTestPossibilityPack,4,8.183774813667881,Clean
RowTestPossibilityCodeSerializer,9,8.183774813667881,Fault_proner
RowTestPossibilityToDslSerializer,1,8.183774813667881,Clean
RowTestPossibilityApplicabilityManager,6,8.183774813667881,Clean
RowTestPossibilityNamer,4,8.183774813667881,Clean
RowTestPossibility,4,8.183774813667881,Clean
TypeOfPossibility,8,8.183774813667881,Clean
TypeOfPossibilityApplicabilityManager,5,8.183774813667881,Clean
TypeOfPossibilityCodeSerializer,4,8.183774813667881,Clean
TypeOfPossibilityNamer,5,8.183774813667881,Clean
TypeOfPossibilityToDslSerializer,1,8.183774813667881,Clean
TypeOfPossibilityValueProvider,7,8.183774813667881,Clean
TypeOfPossibilityPack,3,8.183774813667881,Clean
Resources,3,8.183774813667881,Clean
ResourcesAccessor,1,8.183774813667881,Clean
StylingConfiguration,5,8.183774813667881,Clean
CollectionExpectationViewModel,7,8.183774813667881,Clean
CollectionExpectationPack,2,8.183774813667881,Clean
CollectionExpectationCodeSerializer,3,8.183774813667881,Clean
CollectionExpectationToDslSerializer,1,8.183774813667881,Clean
CollectionExpectationApplicabilityManager,5,8.183774813667881,Clean
CollectionExpectationNamer,5,8.183774813667881,Clean
CollectionExpectation,7,8.183774813667881,Clean
CollectionExpectationValueProvider,4,8.183774813667881,Clean
CollectionExpectationComparisons,1,8.183774813667881,Clean
CompareToValuesProvider,6,8.183774813667881,Clean
ComparisonApplicabilityManager,6,8.183774813667881,Clean
ComparisonExpectationCodeSerializer,6,8.183774813667881,Clean
ComparisonExpectationPack,8,8.183774813667881,Clean
ComparisonExpectationQualityNotificationsProvider,3,8.183774813667881,Clean
ComparisonNamer,5,8.183774813667881,Clean
ComparisonToDslSerialzer,3,8.183774813667881,Clean
ComparisonTypeValueProvider,7,8.183774813667881,Clean
ComparisonSelectionViewModel,3,8.183774813667881,Clean
NumericOrValueFromExistingValueListValidator,2,8.183774813667881,Clean
VariableName,4,8.183774813667881,Clean
DefaultComparisonType,1,8.183774813667881,Clean
NumericComparisonType,1,8.183774813667881,Clean
StringComparisonType,1,8.183774813667881,Clean
ComparisonExpectation,9,8.183774813667881,Fault_proner
NumericExpectationViewModel,7,8.183774813667881,Clean
StringExpectationViewModel,8,8.183774813667881,Clean
EnumExpectationApplicabilityManager,5,8.183774813667881,Clean
EnumExpectationCodeSerializer,1,8.183774813667881,Clean
EnumExpectationNamer,5,8.183774813667881,Clean
EnumExpectationPack,2,8.183774813667881,Clean
EnumExpectationToDslSerializer,2,8.183774813667881,Clean
EnumExpectation,8,8.183774813667881,Clean
ExpectationApplicabilityManager<TValueProvider>,4,8.183774813667881,Clean
"ExpectationPackBase<TOption,TFrozenOption,TNamer,TApplicabilityManager,TFirstValueProvider,TDslSerializer,TCodeSerializer,TQualityNotificationsProvider>",6,8.183774813667881,Clean
UnusedMembersViewModel,8,8.183774813667881,Clean
VariableActionViewModel,5,8.183774813667881,Clean
UnusedMembersList,0,8.183774813667881,Clean
MockMethodInvocationViewModel,6,8.183774813667881,Clean
TypeMemberDataSelectionDialogItemViewModel,9,8.183774813667881,Fault_proner
MembersSelectionDialogItemViewModel,7,8.183774813667881,Clean
MethodsSelectionDialogItemViewModel,7,8.183774813667881,Clean
UsedMembersViewModel,8,8.183774813667881,Clean
MethodInvocationViewModel,6,8.183774813667881,Clean
MemberViewModel,8,8.183774813667881,Clean
VariableViewModel,10,8.183774813667881,Fault_proner
ActPartViewModel,6,8.183774813667881,Clean
ConstructorViewModel,7,8.183774813667881,Clean
ConstructorsViewModel,8,8.183774813667881,Clean
MembersViewModel,5,8.183774813667881,Clean
IAssemblyFriendshipAuthority,4,8.183774813667881,Clean
AssemblyFriendshipAuthority,7,8.183774813667881,Clean
ICodeContextValidator,3,8.183774813667881,Clean
CodeContextValidator,7,8.183774813667881,Clean
ICodeSerializationSettingsProvider,2,8.183774813667881,Clean
CodeSerializationSettingsProvider,4,8.183774813667881,Clean
ExtractedMethodsCollection,2,8.183774813667881,Clean
IExtractedMethodsCache,1,8.183774813667881,Clean
ExtractedMethodsCache,7,8.183774813667881,Clean
ITestsFixtureDataProvider,3,8.183774813667881,Clean
TestsFixtureDataProvider,6,8.183774813667881,Clean
AlertChangesWhenDone,5,8.183774813667881,Clean
DotNetVersion,1,8.183774813667881,Clean
IFrameworksProvider,4,8.183774813667881,Clean
FrameworksProvider,7,8.183774813667881,Clean
IFullTestedTypeNameFromTestsCreator,1,8.183774813667881,Clean
FullTestedTypeNameFromTestsCreator,5,8.183774813667881,Clean
IPresentationSynchronizationManager,4,8.183774813667881,Clean
PresentationSynchronizationManager,6,8.183774813667881,Clean
ITestsFixtureToTestedTypeMatcher,1,8.183774813667881,Clean
TestsFixtureToTestedTypeMatcher,6,8.183774813667881,Clean
IUserNotificationsManager,4,8.183774813667881,Clean
UserNotificationsManager,6,8.183774813667881,Clean
IRootWindowHandleProvider,2,8.183774813667881,Clean
RootWindowHandleProvider,4,8.183774813667881,Clean
Win32WindowWrapper,2,8.183774813667881,Clean
WpfMessageBoxButtonExtensions,1,8.183774813667881,Clean
WpfMessageBoxImageExtensions,1,8.183774813667881,Clean
WpfMessageBoxResultExtensions,1,8.183774813667881,Clean
WinFormsDialogResultExtensions,1,8.183774813667881,Clean
Languages,1,8.183774813667881,Clean
LanguageEnumExtensions,4,8.183774813667881,Clean
TypeUsageContext,8,8.183774813667881,Clean
WhateverContext,3,8.183774813667881,Clean
NothingContext,2,8.183774813667881,Clean
ExistingTestsContext,3,8.183774813667881,Clean
TestEditingContext,8,8.183774813667881,Clean
IViewModelServiceBagServicesAggregate,5,8.183774813667881,Clean
ViewModelServiceBagServicesAggregate,7,8.183774813667881,Clean
IControllerServiceBag,4,8.183774813667881,Clean
ControllerServiceBag,5,8.183774813667881,Clean
ICurrencyManager,5,8.183774813667881,Clean
CurrencyManager,8,8.183774813667881,Clean
IMembersFilter,2,8.183774813667881,Clean
MembersFilter,3,8.183774813667881,Clean
MethodUsageExpansionQuery,2,8.183774813667881,Clean
IPrimaryPossibilitiesProvider,5,8.183774813667881,Clean
PrimaryPossibilitiesProvider,7,8.183774813667881,Clean
IUsedMembersSelector,4,8.183774813667881,Clean
UsedMembersSelector,7,8.183774813667881,Clean
TypeMemberDataEqualityComparer,4,8.183774813667881,Clean
ContextType,1,8.183774813667881,Clean
VariableUsageContext,4,8.183774813667881,Clean
IViewModelServiceBag,3,8.183774813667881,Clean
ViewModelServiceBag,5,8.183774813667881,Clean
ITestCasesCache,4,8.183774813667881,Clean
TestCasesCache,7,8.183774813667881,Clean
ITestCasesProvider,3,8.183774813667881,Clean
TestCasesProvider,7,8.183774813667881,Clean
CodeContextWithProjectAndType,4,8.183774813667881,Clean
CodeContext,10,8.183774813667881,Fault_proner
FuncExtensions,2,8.183774813667881,Clean
LicenseManager,5,8.183774813667881,Clean
QuickUnitLicense,2,8.183774813667881,Clean
SelectedFilePossibilityPack,3,8.183774813667881,Clean
FilePathsQualityNotificationsProvider,2,8.183774813667881,Clean
FilePathPossibilityApplicabilityManager,6,8.183774813667881,Clean
FilePathValueProvider,4,8.183774813667881,Clean
SelectedFilePossibilityCodeSerializer,6,8.183774813667881,Clean
SelectedFilePossibilityToDslSerializer,1,8.183774813667881,Clean
SelectedFilePossibilityNamer,5,8.183774813667881,Clean
SelectedFilePossibility,5,8.183774813667881,Clean
SelectedFilePossibilityViewModel,7,8.183774813667881,Clean
TempFilePossibilityPack,3,8.183774813667881,Clean
FileContentPossibilityApplicabilityManager,6,8.183774813667881,Clean
FileContentPossibilityValueProvider,3,8.183774813667881,Clean
TempFilePossibilityCodeSerializer,6,8.183774813667881,Clean
TempFilePossibilityToDslSerializer,1,8.183774813667881,Clean
TempFilePossibilityNamer,6,8.183774813667881,Clean
TempFilePossibility,5,8.183774813667881,Clean
TempFilePossibilityViewModel,7,8.183774813667881,Clean
DelegateWasCalledExpectationPack,6,8.183774813667881,Clean
DelegateWasCalledExpectationToDslSerializer,2,8.183774813667881,Clean
DelegateWasCalledExpectationApplicabilityManager,5,8.183774813667881,Clean
DelegateWasCalledExpectationValueProvider,4,8.183774813667881,Clean
DelegateWasCalledExpectationNamer,5,8.183774813667881,Clean
DelegateWasCalledExpectation,8,8.183774813667881,Clean
PossibilityApplicabilityManager<TValueProvider>,3,8.183774813667881,Clean
SingleExpressionPossibilityCodeSerializer<TFrozenOption>,2,8.183774813667881,Clean
"PossibilityPackBase<TOption,TFrozenOption,TNamer,TApplicabilityManager,TFirstValueProvider,TDslSerializer,TCodeSerializer,TQualityNotificationsProvider>",6,8.183774813667881,Clean
ExtendedEditingOptionForTypeDataViewModel<T>,7,8.183774813667881,Clean
DataResource,5,8.183774813667881,Clean
DataResourceBindingExtension,6,8.183774813667881,Clean
ExceptionExpectationCodeSerializer,5,8.183774813667881,Clean
ExceptionExpectationApplicabilityManager,4,8.183774813667881,Clean
ExceptionExpectationNamer,5,8.183774813667881,Clean
ExceptionExpectationPack,2,8.183774813667881,Clean
ExceptionExpectationToDslSerializer,1,8.183774813667881,Clean
ExceptionExpectation,8,8.183774813667881,Clean
TypeOfExpectationCodeSerializer,1,8.183774813667881,Clean
TypeOfApplicabilityManager,6,8.183774813667881,Clean
TypeOfExpectationNamer,5,8.183774813667881,Clean
TypeOfExpectationPack,2,8.183774813667881,Clean
TypeOfExpectationToDslSerializer,1,8.183774813667881,Clean
TypeOfExpectationValueProvider,7,8.183774813667881,Clean
TypeOfExpectation,8,8.183774813667881,Clean
PrimitivePossibilityQualityNotificationsProvider,1,8.183774813667881,Clean
PrimativeApplicabilityManager,4,8.183774813667881,Clean
PrimitivePossibilityCodeSerializer,5,8.183774813667881,Clean
PrimitivePossibilityPack,7,8.183774813667881,Clean
PrimitivePossibilityNamer,5,8.183774813667881,Clean
PrimitiveToDslSerializer,3,8.183774813667881,Clean
PrimitivePossibilityValueProvider,6,8.183774813667881,Clean
TypeMemberPossibilityValueProvider,6,8.183774813667881,Clean
PrimitivePossibility,8,8.183774813667881,Clean
PrimitivePossibilityForNumberViewModel,7,8.183774813667881,Clean
PrimitivePossibilityForStringViewModel,5,8.183774813667881,Clean
TypeDataValueProvider,9,8.183774813667881,Fault_proner
StructureMapApplicabilityManager,6,8.183774813667881,Clean
StructureMapCodeSerializer,5,8.183774813667881,Clean
StructureMapNamer,5,8.183774813667881,Clean
StructureMapPossibility,8,8.183774813667881,Clean
StructureMapPossibilityPack,2,8.183774813667881,Clean
StructureMapPossibilityToDslSerializer,1,8.183774813667881,Clean
DefaultValueCodeSerializer,1,8.183774813667881,Clean
DefaultValuePossibilityToDslSerializer,1,8.183774813667881,Clean
DefaultValueApplicabilityManager,6,8.183774813667881,Clean
DefaultValuePossibility,8,8.183774813667881,Clean
DefaultValueNamer,5,8.183774813667881,Clean
DefaultValuePossibilityPack,2,8.183774813667881,Clean
SameTypeValueProvider,4,8.183774813667881,Clean
ExceptionPossibilityCodeSerializer,2,8.183774813667881,Clean
ExceptionPossibilityToDslSerializer,1,8.183774813667881,Clean
ExceptionPossibilityNamer,5,8.183774813667881,Clean
ExceptionPossibilityApplicabilityManager,4,8.183774813667881,Clean
ExceptionPossibilityPack,2,8.183774813667881,Clean
ExceptionValueProvider,7,8.183774813667881,Clean
ExceptionPossibility,8,8.183774813667881,Clean
DoubleExtensions,3,8.183774813667881,Clean
ICompiledMethodParser,3,8.183774813667881,Clean
CompiledMethodParser,7,8.183774813667881,Clean
ICompiledTypeDataProvider,1,8.183774813667881,Clean
CompiledTypeDataProvider,7,8.183774813667881,Clean
ICompiledTypeParser,3,8.183774813667881,Clean
CompiledTypeParser,7,8.183774813667881,Clean
IMethodBodyReader,1,8.183774813667881,Clean
MethodBodyReader,7,8.183774813667881,Clean
MethodContentExpansionQuery,6,8.183774813667881,Clean
IMutableTypesProvider,1,8.183774813667881,Clean
MutableTypesProvider,2,8.183774813667881,Clean
ITypeLoader,4,8.183774813667881,Clean
TypeLoader,7,8.183774813667881,Clean
ITypeMemberDataFactory,2,8.183774813667881,Clean
TypeMemberDataFactory,7,8.183774813667881,Clean
ITypeSystemDataBridge,3,8.183774813667881,Clean
TypeSystemDataBridge,7,8.183774813667881,Clean
ReflectionBridge_Unsafe,7,8.183774813667881,Clean
UnchangedApplicabilityManager,5,8.183774813667881,Clean
UnchangedPossibility,4,8.183774813667881,Clean
UnchangedPossibilityCodeSerializer,5,8.183774813667881,Clean
UnchangedPossibilityPack,2,8.183774813667881,Clean
UnchangedToDslSerializer,1,8.183774813667881,Clean
UnchangedNamer,4,8.183774813667881,Clean
CommandRibbonViewModel,8,8.183774813667881,Clean
IPollingManager,2,8.183774813667881,Clean
PollingManager,7,8.183774813667881,Clean
QuickUnitControlWrapper,6,8.183774813667881,Clean
ITestCaseViewController,4,8.183774813667881,Clean
TestCaseViewController,8,8.183774813667881,Clean
TestCaseViewModel,9,8.183774813667881,Fault_proner
MainView,5,8.183774813667881,Clean
IMainController,1,8.183774813667881,Clean
MainController,8,8.183774813667881,Clean
TitleViewModel,8,8.183774813667881,Clean
UserMessageViewModel,8,8.183774813667881,Clean
GetTestNameWindow,6,8.183774813667881,Clean
IStringStyleProvider,5,8.183774813667881,Clean
StringStyleProvider,7,8.183774813667881,Clean
ITestCaseNamer,1,8.183774813667881,Clean
TestCaseNamer,7,8.183774813667881,Clean
IDefaultSettingsProvider,2,8.183774813667881,Clean
DefaultSettingsProvider,3,8.183774813667881,Clean
XxxInfoExtensions,5,8.183774813667881,Clean
BootstraperProxy,4,8.183774813667881,Clean
ContainerBootstrapper,2,8.183774813667881,Clean
AddInternalsVisibleToAttributeToTestedProject,7,8.183774813667881,Clean
AddInternalsVisibleToAttributeToTestedProjectForMockingFramework,7,8.183774813667881,Clean
IContextAction,3,8.183774813667881,Clean
ContextActionViewModel,8,8.183774813667881,Clean
IContextActionsProvider,1,8.183774813667881,Clean
ContextActionsProvider,4,8.183774813667881,Clean
ResizerResources,5,8.183774813667881,Clean
GripAlignmentConverter,4,8.183774813667881,Clean
GripCursorConverter,4,8.183774813667881,Clean
GripRotationConverter,4,8.183774813667881,Clean
ResizeDirection,1,8.183774813667881,Clean
Resizer,7,8.183774813667881,Clean
ResizerAutomationPeer,5,8.183774813667881,Clean
DependencyObjectExtenstions,2,8.183774813667881,Clean
GrayscaleEffect,7,8.183774813667881,Clean
DisposableExtensions,1,8.183774813667881,Clean
TypeExtensions,4,8.183774813667881,Clean
EnumExtensions,4,8.183774813667881,Clean
StringSeperateExtenstions,2,8.183774813667881,Clean
StringTrimExtenstions,4,8.183774813667881,Clean
StringExtenstions,4,8.183774813667881,Clean
EventHandlerExtensions,3,8.183774813667881,Clean
LocalizableAttribute,6,8.183774813667881,Clean
StringFormatMethodAttribute,3,8.183774813667881,Clean
InvokerParameterNameAttribute,0,8.183774813667881,Clean
AssertionMethodAttribute,0,8.183774813667881,Clean
AssertionConditionAttribute,3,8.183774813667881,Clean
AssertionConditionType,0,8.183774813667881,Clean
TerminatesProgramAttribute,0,8.183774813667881,Clean
CanBeNullAttribute,1,8.183774813667881,Clean
NotNullAttribute,1,8.183774813667881,Clean
CannotApplyEqualityOperatorAttribute,0,8.183774813667881,Clean
BaseTypeRequiredAttribute,4,8.183774813667881,Clean
UsedImplicitlyAttribute,5,8.183774813667881,Clean
MeansImplicitUseAttribute,5,8.183774813667881,Clean
ImplicitUseKindFlags,0,8.183774813667881,Clean
ImplicitUseTargetFlags,0,8.183774813667881,Clean
DataBoundAttribute,0,8.183774813667881,Clean
MayBeUsedInTesting,0,8.183774813667881,Clean
UsedByIocAttribute,0,8.183774813667881,Clean
ReflectedAttribute,1,8.183774813667881,Clean
TestedAttribute,1,8.183774813667881,Clean
MockVariableAssertionToPromptSelection,2,8.183774813667881,Clean
AssertPartViewModel,8,8.183774813667881,Clean
MemberAssertionForSelectionViewModel,4,8.183774813667881,Clean
VariableAssertionForManipulationViewModel,9,8.183774813667881,Fault_proner
VariableAssertionForSelectionViewModel,8,8.183774813667881,Clean
IUpdatesPollingManager,2,8.183774813667881,Clean
UpdatesPollingManager,7,8.183774813667881,Clean
IVersionUpdateManager,2,8.183774813667881,Clean
VersionUpdateManager,7,8.183774813667881,Clean
EnumerableExtenstions,4,8.183774813667881,Clean
ObjectAsEnumerableExtenstions,3,8.183774813667881,Clean
StringEnumerableExtenstions,2,8.183774813667881,Clean
ListExtenstions,2,8.183774813667881,Clean
CollectionExtensions,3,8.183774813667881,Clean
PurgerViewModel,8,8.183774813667881,Clean
TypeMemberDataViewModel,7,8.183774813667881,Clean
DispatcherExtensions,3,8.183774813667881,Clean
ListBoxExtensions,1,8.183774813667881,Clean
PropertyChangedEventHandlerExtensions,1,8.183774813667881,Clean
GeneratedInternalTypeHelper,3,8.183774813667881,Clean
