Component,Threshold,Cutoff,Status
IAlarmProvider,3,6.470816470719008,Clean
IAPMCheckOutRecordProvider,2,6.470816470719008,Clean
IAPMProvider,2,6.470816470719008,Clean
IAPMRefundRecordProvider,3,6.470816470719008,Clean
ICardDeleteRecordProvider,2,6.470816470719008,Clean
ICardPaymentRecordProvider,3,6.470816470719008,Clean
ICardChargeRecordProvider,3,6.470816470719008,Clean
ICardDeferRecordProvider,3,6.470816470719008,Clean
ICardDisableEnableRecordProvider,3,6.470816470719008,Clean
ICardEventProvider,3,6.470816470719008,Clean
ICardLostRestoreRecordProvider,3,6.470816470719008,Clean
ICardProvider,3,6.470816470719008,Clean
ICardRecycleRecordProvider,3,6.470816470719008,Clean
ICardReleaseRecordProvider,3,6.470816470719008,Clean
IDeptProvider,2,6.470816470719008,Clean
IEntranceProvider,4,6.470816470719008,Clean
IETCPaymentRecordProvider,2,6.470816470719008,Clean
IFreeAuthorizationLogProvider,2,6.470816470719008,Clean
IOperatorLogProvider,3,6.470816470719008,Clean
IOperatorProvider,3,6.470816470719008,Clean
IParkCarPortProvider,2,6.470816470719008,Clean
IParkProvider,4,6.470816470719008,Clean
IAPMLogProvider,2,6.470816470719008,Clean
IPREBusinessesProvider,2,6.470816470719008,Clean
IPREOperatorProvider,2,6.470816470719008,Clean
IPREPreferentialLogProvider,3,6.470816470719008,Clean
IPREPreferentialProvider,3,6.470816470719008,Clean
IPRERoleProvider,2,6.470816470719008,Clean
IRoadWayProvider,2,6.470816470719008,Clean
IRoleProvider,3,6.470816470719008,Clean
IServerDatetimeProvider,1,6.470816470719008,Clean
IServerSwitchRecordProvider,2,6.470816470719008,Clean
ISnapShotProvider,3,6.470816470719008,Clean
ISpeedingLogProvider,3,6.470816470719008,Clean
ISpeedingRecordProvider,2,6.470816470719008,Clean
ISysParameterProvider,3,6.470816470719008,Clean
ITransactionsWork,1,6.470816470719008,Clean
IUnitWork,2,6.470816470719008,Clean
IVideoSourceProvider,4,6.470816470719008,Clean
IWaitingCommandProvider,3,6.470816470719008,Clean
IWorkstationProvider,3,6.470816470719008,Clean
IProvider,4,6.470816470719008,Clean
IYangChenTongLogProvider,2,6.470816470719008,Clean
IYCTBlacklistProvider,2,6.470816470719008,Clean
IYCTPaymentRecordProvider,2,6.470816470719008,Clean
ProviderFactory,3,6.470816470719008,Clean
APMCheckOutRecordProvider,5,6.470816470719008,Clean
APMProvider,5,6.470816470719008,Clean
APMRefundRecordProvider,5,6.470816470719008,Clean
CardDeleteRecordProvider,5,6.470816470719008,Clean
DeptProvider,5,6.470816470719008,Clean
ETCPaymentRecordProvider,5,6.470816470719008,Clean
FreeAuthorizationLogProvider,5,6.470816470719008,Clean
ParkCarPortProvider,5,6.470816470719008,Clean
ParkDataContextFactory,2,6.470816470719008,Clean
ParkDataContext,5,6.470816470719008,Clean
AlarmProvider,5,6.470816470719008,Clean
CardChargeRecordProvider,5,6.470816470719008,Clean
CardDeferRecordProvider,5,6.470816470719008,Clean
CardDisableEnableRecordProvider,5,6.470816470719008,Clean
CardEventProvider,6,6.470816470719008,Clean
CardLostRestoreRecordProvider,6,6.470816470719008,Clean
CardPaymentRecordProvider,6,6.470816470719008,Clean
CardProvider,6,6.470816470719008,Clean
CardRecycleRecordProvider,5,6.470816470719008,Clean
CardReleaseRecordProvider,5,6.470816470719008,Clean
EntranceProvider,6,6.470816470719008,Clean
OperatorLogProvider,6,6.470816470719008,Clean
OperatorProvider,6,6.470816470719008,Clean
ParkProvider,6,6.470816470719008,Clean
APMLogProvider,5,6.470816470719008,Clean
PREBusinessesProvider,6,6.470816470719008,Clean
PREOperatorProvider,6,6.470816470719008,Clean
PREPreferentialLogProvider,6,6.470816470719008,Clean
PREPreferentialProvider,6,6.470816470719008,Clean
PRERoleProvider,5,6.470816470719008,Clean
"ProviderBase<TInfo,TID>",7,6.470816470719008,Fault_proner
ResultCodeResolver,2,6.470816470719008,Clean
RoadWayProvider,4,6.470816470719008,Clean
RoleProvider,5,6.470816470719008,Clean
ServerDateTimeProvider,4,6.470816470719008,Clean
ServerSwitchRecordProvider,5,6.470816470719008,Clean
SnapShotProvider,5,6.470816470719008,Clean
SpeedingLogProvider,5,6.470816470719008,Clean
SpeedingRecordProvider,5,6.470816470719008,Clean
SysparameterProvider,5,6.470816470719008,Clean
TransactionsWork,6,6.470816470719008,Clean
VideoSourceProvider,6,6.470816470719008,Clean
WaitingCommandProvider,5,6.470816470719008,Clean
WorkstationProvider,6,6.470816470719008,Clean
UnitWork,6,6.470816470719008,Clean
YangChenTongLogProvider,5,6.470816470719008,Clean
YCTBlacklistProvider,5,6.470816470719008,Clean
YCTPaymentRecordProvider,5,6.470816470719008,Clean
AlarmBll,4,6.470816470719008,Clean
APMBll,6,6.470816470719008,Clean
APMChectOutRecordBll,4,6.470816470719008,Clean
APMRefundRecordBll,5,6.470816470719008,Clean
CardBll,6,6.470816470719008,Clean
CardChargeRecordBll,3,6.470816470719008,Clean
CardPaymentRecordBll,6,6.470816470719008,Clean
CardEventBll,6,6.470816470719008,Clean
DataBaseConnectionChecker,7,6.470816470719008,Fault_proner
DatabaseUpgrader,2,6.470816470719008,Clean
DatetimeSyncService,7,6.470816470719008,Fault_proner
SystemTime,2,6.470816470719008,Clean
DeptBll,5,6.470816470719008,Clean
EntranceBll,6,6.470816470719008,Clean
ETCPaymentRecordBll,5,6.470816470719008,Clean
FreeAuthorizationLogBll,5,6.470816470719008,Clean
HostStandbySettingBll,4,6.470816470719008,Clean
OperatorBll,6,6.470816470719008,Clean
OperatorSettleBLL,6,6.470816470719008,Clean
ParkBll,6,6.470816470719008,Clean
ParkBuffer,7,6.470816470719008,Fault_proner
APMLogBll,4,6.470816470719008,Clean
ParkingParameterDataBufferBll,5,6.470816470719008,Clean
PREBusinessesBll,6,6.470816470719008,Clean
PREOperatorBll,6,6.470816470719008,Clean
PREPreferentialBll,5,6.470816470719008,Clean
PREPreferentialLogBll,5,6.470816470719008,Clean
PRERoleBll,6,6.470816470719008,Clean
Resource1,3,6.470816470719008,Clean
RoadWayBll,5,6.470816470719008,Clean
RoleBll,6,6.470816470719008,Clean
ServerSwitchRecordBll,4,6.470816470719008,Clean
SnapShotBll,6,6.470816470719008,Clean
SpeedingLogBll,5,6.470816470719008,Clean
SpeedingRecordBll,6,6.470816470719008,Clean
StandbyToMasterSyncService,7,6.470816470719008,Fault_proner
SysParaSettingsBll,6,6.470816470719008,Clean
SystemParameterBll,4,6.470816470719008,Clean
VideoSourceBll,6,6.470816470719008,Clean
WaitingCommandBLL,6,6.470816470719008,Clean
WorkstationBll,6,6.470816470719008,Clean
YangChenTongLogBll,5,6.470816470719008,Clean
YCTBlacklistBll,5,6.470816470719008,Clean
YCTPaymentRecordBll,6,6.470816470719008,Clean
AccessComboBox,7,6.470816470719008,Fault_proner
BlackListLogTypeComboBox,5,6.470816470719008,Clean
CardEventTypeComboBoxEx,6,6.470816470719008,Clean
CardTypeComboBoxEx,8,6.470816470719008,Fault_proner
CarTypeComboBoxEx,8,6.470816470719008,Fault_proner
DeptTree,6,6.470816470719008,Clean
FreeAuthCalculateTypeComboBox,5,6.470816470719008,Clean
FreeAuthUnitComboBox,5,6.470816470719008,Clean
FrmSelectWorkstations,7,6.470816470719008,Fault_proner
FuzzyQueryCombobox,6,6.470816470719008,Clean
CardGridView,9,6.470816470719008,Fault_proner
CardListTypeComboBox,6,6.470816470719008,Clean
CardTypeComboBox,8,6.470816470719008,Fault_proner
CarTypePanel,7,6.470816470719008,Fault_proner
CarTypeSelectEventArgs,3,6.470816470719008,Clean
ComboBoxEx,9,6.470816470719008,Fault_proner
ObjectUtil,4,6.470816470719008,Clean
CommandTypeComboBox,6,6.470816470719008,Clean
DeptComboBox,7,6.470816470719008,Fault_proner
EntrancePanel,7,6.470816470719008,Fault_proner
EventReportListBox,6,6.470816470719008,Clean
ColorString,4,6.470816470719008,Clean
ReportItem,3,6.470816470719008,Clean
FuzzyQueryComboboxEx<TInfo>,5,6.470816470719008,Clean
LineSpacingLabel,6,6.470816470719008,Clean
ManageCardTypeComboBox,5,6.470816470719008,Clean
PaymentCodeComboBox,6,6.470816470719008,Clean
PaymentCodeComboBoxEx,8,6.470816470719008,Fault_proner
PaymentModeComboBox,7,6.470816470719008,Fault_proner
PaymentModeComboBoxEx,8,6.470816470719008,Fault_proner
PopupForm,7,6.470816470719008,Fault_proner
GripBounds,3,6.470816470719008,Clean
UnsafeMethods,6,6.470816470719008,Clean
TrackerEventFlags,0,6.470816470719008,Clean
TRACKMOUSEEVENT,2,6.470816470719008,Clean
MINMAXINFO,2,6.470816470719008,Clean
RECT,5,6.470816470719008,Clean
WINDOWPOS,1,6.470816470719008,Clean
NCCALCSIZE_PARAMS,3,6.470816470719008,Clean
PREBusinessesComboBox,7,6.470816470719008,Fault_proner
PREFunctionTree,7,6.470816470719008,Fault_proner
PRERoleComboBox,7,6.470816470719008,Fault_proner
RoleComBoxEx,7,6.470816470719008,Fault_proner
RowMergeView,8,6.470816470719008,Fault_proner
SpanInfo,3,6.470816470719008,Clean
StationNameComboBox,6,6.470816470719008,Clean
TextValueItem<T>,3,6.470816470719008,Clean
UCAPMMonitor,7,6.470816470719008,Fault_proner
UCCardTypeProperty,8,6.470816470719008,Fault_proner
UCDateTimeInterval,7,6.470816470719008,Fault_proner
UCPaging,6,6.470816470719008,Clean
UCPictureGrid,7,6.470816470719008,Fault_proner
UCPictureListView,7,6.470816470719008,Fault_proner
AlarmTypeComboBox,6,6.470816470719008,Clean
CardStatusComboBox,7,6.470816470719008,Fault_proner
CarTypeComboBox,7,6.470816470719008,Fault_proner
EntranceAddressComboBox,5,6.470816470719008,Clean
CustomDataGridView,6,6.470816470719008,Clean
EntranceComboBox,7,6.470816470719008,Fault_proner
HardwareTree,9,6.470816470719008,Fault_proner
FunctionTree,7,6.470816470719008,Fault_proner
OperatorComboBox,7,6.470816470719008,Fault_proner
ParkCombobox,7,6.470816470719008,Fault_proner
RoleComboBox,7,6.470816470719008,Fault_proner
UCCard,9,6.470816470719008,Fault_proner
UCEntrance,8,6.470816470719008,Fault_proner
UcWorkStationsSelection,7,6.470816470719008,Fault_proner
VehicleLEDMessageTypeCombobox,6,6.470816470719008,Clean
StationIDCombobox,7,6.470816470719008,Fault_proner
VideoTypeComboBox,5,6.470816470719008,Clean
WaitingCommandStatusComboBox,6,6.470816470719008,Clean
Resources,3,6.470816470719008,Clean
Resource1_duplicated,3,6.470816470719008,Clean
ACTIVideoControl,7,6.470816470719008,Fault_proner
ACTIVideoPanel,7,6.470816470719008,Fault_proner
DaHuaVideoPanel,8,6.470816470719008,Fault_proner
DaHuaSDKManager,7,6.470816470719008,Fault_proner
FrmDaHuaContainer,5,6.470816470719008,Clean
devState,0,6.470816470719008,Clean
subEventState,0,6.470816470719008,Clean
camera,3,6.470816470719008,Clean
EventMsg,5,6.470816470719008,Clean
FrmXinlutongContainer,7,6.470816470719008,Fault_proner
JingYangVideoPanel,8,6.470816470719008,Fault_proner
ST_InetAddr,3,6.470816470719008,Clean
ST_DeviceInfo,3,6.470816470719008,Clean
ST_VideoInfo,2,6.470816470719008,Clean
ST_AudioInfo,2,6.470816470719008,Clean
ST_DeviceSummaryParam,2,6.470816470719008,Clean
ST_CameraInfoParam,2,6.470816470719008,Clean
ST_AVFrameData,3,6.470816470719008,Clean
ST_RemoteSnapshotParam,2,6.470816470719008,Clean
InitRemoteLivePlayer2,5,6.470816470719008,Clean
UCVideoListView,8,6.470816470719008,Fault_proner
UCVideoPanelGrid,8,6.470816470719008,Fault_proner
VideoPanel,9,6.470816470719008,Fault_proner
VideoPanelFactory,5,6.470816470719008,Clean
VideoStatus,1,6.470816470719008,Clean
XingLuTongVideoPanel,7,6.470816470719008,Fault_proner
HaiKangVideoPanel,8,6.470816470719008,Fault_proner
ZhiXinVideoPanel,8,6.470816470719008,Fault_proner
Client,7,6.470816470719008,Fault_proner
CLIENT_INFO,5,6.470816470719008,Clean
DEVCHANNEL_INFO,4,6.470816470719008,Clean
NET_DEVICEINFO,3,6.470816470719008,Clean
NET_PARAM,2,6.470816470719008,Clean
NET_TIME,3,6.470816470719008,Clean
ErrInfo,2,6.470816470719008,Clean
PlayCon,1,6.470816470719008,Clean
PTZControlType,1,6.470816470719008,Clean
DHClient,9,6.470816470719008,Fault_proner
EventIvs,4,6.470816470719008,Clean
REALPLAY_TYPE,0,6.470816470719008,Clean
PLAY_CONTROL,1,6.470816470719008,Clean
PTZ_CONTROL,1,6.470816470719008,Clean
RECORD_FILE_TYPE,0,6.470816470719008,Clean
CONFIG_COMMAND,1,6.470816470719008,Clean
NET_DEVICE_TYPE,1,6.470816470719008,Clean
DH_LOG_QUERY_TYPE,1,6.470816470719008,Clean
DH_LOG_TYPE,1,6.470816470719008,Clean
CFG_TYPE,1,6.470816470719008,Clean
REC_TYPE,0,6.470816470719008,Clean
USER_OPERATE,1,6.470816470719008,Clean
CALLBACK_TYPE,1,6.470816470719008,Clean
LANGUAGE_ENCODING,1,6.470816470719008,Clean
EM_FILE_QUERY_TYPE,0,6.470816470719008,Clean
CtrlType,2,6.470816470719008,Clean
EM_STAFF_TYPE,0,6.470816470719008,Clean
EM_CALIBRATEAREA_TYPE,1,6.470816470719008,Clean
CFG_VIDEO_COMPRESSION,2,6.470816470719008,Clean
CFG_BITRATE_CONTROL,1,6.470816470719008,Clean
CFG_IMAGE_QUALITY,1,6.470816470719008,Clean
CFG_AUDIO_FORMAT,1,6.470816470719008,Clean
CFG_LINK_TYPE,0,6.470816470719008,Clean
CFG_CAPTURE_SIZE,1,6.470816470719008,Clean
CFG_TRAFFIC_SNAP_MODE,0,6.470816470719008,Clean
AV_CFG_LanguageType,1,6.470816470719008,Clean
AV_CFG_PtzLinkType,0,6.470816470719008,Clean
AV_CFG_SplitMode,1,6.470816470719008,Clean
CFG_EM_STREAM_TYPE,1,6.470816470719008,Clean
DH_SYS_ABILITY,0,6.470816470719008,Clean
DH_FUN_SUPPORT,1,6.470816470719008,Clean
NET_RECORDFILE_INFO,3,6.470816470719008,Clean
OPERATION_INFO,1,6.470816470719008,Clean
NET_CLIENT_STATE,2,6.470816470719008,Clean
NET_DEV_CHANNELSTATE,2,6.470816470719008,Clean
NET_DEV_DISKSTATE,1,6.470816470719008,Clean
NET_DEV_WORKSTATE,2,6.470816470719008,Clean
PROTOCOL_INFO,2,6.470816470719008,Clean
ALARM_CONTROL,0,6.470816470719008,Clean
OPR_RIGHT,1,6.470816470719008,Clean
USER_INFO,3,6.470816470719008,Clean
USER_GROUP_INFO,3,6.470816470719008,Clean
USER_MANAGE_INFO,2,6.470816470719008,Clean
DH_LOG_ITEM,2,6.470816470719008,Clean
DH_HARDDISK_STATE,0,6.470816470719008,Clean
DH_AUDIO_FORMAT,2,6.470816470719008,Clean
DH_VERSION_INFO,2,6.470816470719008,Clean
DH_DSP_ENCODECAP,2,6.470816470719008,Clean
DHDEV_SYSTEM_ATTR_CFG,7,6.470816470719008,Fault_proner
DH_TSECT,3,6.470816470719008,Clean
DH_REC_TSECT,0,6.470816470719008,Clean
DH_RECT,3,6.470816470719008,Clean
DH_ENCODE_WIDGET,2,6.470816470719008,Clean
DH_VIDEOENC_OPT,2,6.470816470719008,Clean
DH_COLOR_CFG,2,6.470816470719008,Clean
DHDEV_CHANNEL_CFG,2,6.470816470719008,Clean
DHDEV_PREVIEW_CFG,1,6.470816470719008,Clean
DHDEV_TALK_CFG,2,6.470816470719008,Clean
DHDEV_RECORD_CFG,2,6.470816470719008,Clean
DH_PTZ_LINK,0,6.470816470719008,Clean
DH_MSG_HANDLE,3,6.470816470719008,Clean
DH_ALARMIN_CFG,2,6.470816470719008,Clean
DH_DETECT,0,6.470816470719008,Clean
DH_MOTION_DETECT_CFG,2,6.470816470719008,Clean
DH_VIDEO_LOST_CFG,2,6.470816470719008,Clean
DH_BLIND_CFG,2,6.470816470719008,Clean
DH_DISK_ALARM_CFG,2,6.470816470719008,Clean
DH_NETBROKEN_ALARM_CFG,1,6.470816470719008,Clean
DHDEV_ALARM_SCHEDULE,3,6.470816470719008,Clean
DH_ETHERNET,2,6.470816470719008,Clean
DH_REMOTE_HOST,2,6.470816470719008,Clean
DH_MAIL_CFG,6,6.470816470719008,Clean
DHDEV_NET_CFG,5,6.470816470719008,Clean
DH_COMM_PROP,3,6.470816470719008,Clean
DH_485_CFG,1,6.470816470719008,Clean
DH_RS232_CFG,1,6.470816470719008,Clean
DH_PROANDFUN_NAME,0,6.470816470719008,Clean
DHDEV_COMM_CFG,2,6.470816470719008,Clean
DHDEV_AUTOMT_CFG,2,6.470816470719008,Clean
DH_VIDEOGROUP_CFG,2,6.470816470719008,Clean
DHDEV_VIDEO_MATRIX_CFG,0,6.470816470719008,Clean
DH_DDNS_SERVER_CFG,2,6.470816470719008,Clean
DHDEV_MULTI_DDNS_CFG,1,6.470816470719008,Clean
DHDEV_SNAP_CFG,2,6.470816470719008,Clean
DHDEV_URL_CFG,2,6.470816470719008,Clean
struPeriod,2,6.470816470719008,Clean
DH_FTP_UPLOAD_CFG,0,6.470816470719008,Clean
DHDEV_FTP_PROTO_CFG,2,6.470816470719008,Clean
DH_INTERVIDEO_UCOM_CHN_CFG,0,6.470816470719008,Clean
DHDEV_INTERVIDEO_UCOM_CFG,2,6.470816470719008,Clean
DHDEV_IPIFILTER_INFO_EX,1,6.470816470719008,Clean
DHDEV_IPIFILTER_CFG_EX,2,6.470816470719008,Clean
MACIP_INFO,1,6.470816470719008,Clean
DHDEV_MACIPFILTER_CFG,2,6.470816470719008,Clean
ENCRYPT_KEY_INFO,1,6.470816470719008,Clean
ALGO_PARAM_INFO,1,6.470816470719008,Clean
DHEDV_STREAM_ENCRYPT,2,6.470816470719008,Clean
CFG_POLYGON,1,6.470816470719008,Clean
CFG_SIZE,2,6.470816470719008,Clean
CFG_REGION,0,6.470816470719008,Clean
CFG_CALIBRATEBOX_INFO,0,6.470816470719008,Clean
CFG_SIZEFILTER_INFO,4,6.470816470719008,Clean
CFG_OBJECT_SIZEFILTER_INFO,0,6.470816470719008,Clean
CFG_MODULE_INFO,3,6.470816470719008,Clean
CFG_ANALYSEMODULES_INFO,0,6.470816470719008,Clean
CFG_POLYLINE,0,6.470816470719008,Clean
CFG_LANE,3,6.470816470719008,Clean
CFG_LIGHTATTRIBUTE,2,6.470816470719008,Clean
CFG_RECT,3,6.470816470719008,Clean
CFG_LIGHTGROUPS,2,6.470816470719008,Clean
CFG_STAFF,3,6.470816470719008,Clean
CFG_CALIBRATEAREA_INFO,3,6.470816470719008,Clean
CFG_FACERECOGNITION_SCENCE_INFO,2,6.470816470719008,Clean
CFG_ANALYSEGLOBAL_INFO,4,6.470816470719008,Clean
CFG_RULE_INFO,0,6.470816470719008,Clean
CFG_ANALYSERULES_INFO,1,6.470816470719008,Clean
CFG_CAP_ANALYSE_INFO,3,6.470816470719008,Clean
NET_TIME_EX,3,6.470816470719008,Clean
DH_POINT,0,6.470816470719008,Clean
DH_PIC_INFO,3,6.470816470719008,Clean
DH_MSG_OBJECT,5,6.470816470719008,Clean
DH_EVENT_FILE_INFO,3,6.470816470719008,Clean
DH_RESOLUTION_INFO,1,6.470816470719008,Clean
DH_SIG_CARWAY_INFO_EX,0,6.470816470719008,Clean
DEV_EVENT_TRAFFICGATE_INFO,5,6.470816470719008,Clean
DEVICE_NET_INFO_EX,3,6.470816470719008,Clean
DEV_EVENT_TRAFFIC_PARKINGSPACEPARKING_INFO,4,6.470816470719008,Clean
DEV_EVENT_TRAFFIC_PARKINGSPACENOPARKING_INFO,4,6.470816470719008,Clean
DEV_EVENT_CROSSLINE_INFO,4,6.470816470719008,Clean
DH_POLY_POINTS,0,6.470816470719008,Clean
DEV_EVENT_CROSSREGION_INFO,4,6.470816470719008,Clean
DEV_EVENT_PASTE_INFO,3,6.470816470719008,Clean
DEV_EVENT_LEFT_INFO,3,6.470816470719008,Clean
DEV_EVENT_PRESERVATION_INFO,3,6.470816470719008,Clean
DEV_EVENT_STAY_INFO,3,6.470816470719008,Clean
DEV_EVENT_WANDER_INFO,4,6.470816470719008,Clean
DEV_EVENT_MOVE_INFO,3,6.470816470719008,Clean
DEV_EVENT_TAIL_INFO,3,6.470816470719008,Clean
DEV_EVENT_RIOTERL_INFO,4,6.470816470719008,Clean
DEV_EVENT_FIRE_INFO,4,6.470816470719008,Clean
DEV_EVENT_SMOKE_INFO,3,6.470816470719008,Clean
DEV_EVENT_FLOWSTAT_INFO,3,6.470816470719008,Clean
DEV_EVENT_NUMBERSTAT_INFO,4,6.470816470719008,Clean
DEV_EVENT_TRAFFICCONTROL_INFO,3,6.470816470719008,Clean
DEV_EVENT_TRAFFICACCIDENT_INFO,3,6.470816470719008,Clean
DEV_EVENT_TRAFFIC_TRAFFICCAR_INFO,4,6.470816470719008,Clean
DEV_EVENT_TRAFFICJUNCTION_INFO,5,6.470816470719008,Clean
DH_SIG_CARWAY_INFO,2,6.470816470719008,Clean
DH_CARWAY_INFO,2,6.470816470719008,Clean
DEV_EVENT_TRAFFICSNAPSHOT_INFO,3,6.470816470719008,Clean
DEV_EVENT_FACEDETECT_INFO,3,6.470816470719008,Clean
DEV_EVENT_TRAFFIC_RUNREDLIGHT_INFO,5,6.470816470719008,Clean
DEV_EVENT_TRAFFIC_OVERLINE_INFO,4,6.470816470719008,Clean
DEV_EVENT_TRAFFIC_RETROGRADE_INFO,4,6.470816470719008,Clean
DEV_EVENT_TRAFFIC_TURNLEFT_INFO,5,6.470816470719008,Clean
DEV_EVENT_TRAFFIC_TURNRIGHT_INFO,5,6.470816470719008,Clean
DEV_EVENT_TRAFFIC_UTURN_INFO,4,6.470816470719008,Clean
DEV_EVENT_TRAFFIC_OVERSPEED_INFO,5,6.470816470719008,Clean
DEV_EVENT_TRAFFIC_UNDERSPEED_INFO,5,6.470816470719008,Clean
DEV_EVENT_TRAFFIC_PARKING_INFO,4,6.470816470719008,Clean
DEV_EVENT_TRAFFICJAM_INFO,4,6.470816470719008,Clean
DEV_EVENT_TRAFFIC_WRONGROUTE_INFO,4,6.470816470719008,Clean
DEV_EVENT_TRAFFIC_CROSSLANE_INFO,4,6.470816470719008,Clean
DEV_EVENT_TRAFFIC_OVERYELLOWLINE_INFO,4,6.470816470719008,Clean
DEV_EVENT_TRAFFIC_DRIVINGONSHOULDER_INFO,4,6.470816470719008,Clean
DEV_EVENT_TRAFFIC_YELLOWPLATEINLANE_INFO,4,6.470816470719008,Clean
DEV_EVENT_ELECTROSPARK_INFO,3,6.470816470719008,Clean
DEV_EVENT_TRAFFIC_MANUALSNAP_INFO,5,6.470816470719008,Clean
MANUAL_SNAP_PARAMETER,1,6.470816470719008,Clean
DEVICE_LOCALPREVIEW_SLIPT_PARAMETER,1,6.470816470719008,Clean
WIFI_CONNECT,0,6.470816470719008,Clean
DISKCTRL_PARAM,2,6.470816470719008,Clean
DISKCTRL_SUBAREA,2,6.470816470719008,Clean
ALARMCTRL_PARAM,1,6.470816470719008,Clean
MATRIXCTRL_PARAM,1,6.470816470719008,Clean
BURNNG_PARM,2,6.470816470719008,Clean
BURNING_PARM_ATTACH,0,6.470816470719008,Clean
NET_SNAP_COMMANDINFO,0,6.470816470719008,Clean
BACKUP_RECORD,1,6.470816470719008,Clean
DHDEV_VEHICLE_WIFI_CONFIG,2,6.470816470719008,Clean
DHDEV_USER_REJECT_INFO,2,6.470816470719008,Clean
DHDEV_REJECT_USER,1,6.470816470719008,Clean
DHDEV_USER_SHIELD_INFO,2,6.470816470719008,Clean
DHDEV_SHIELD_USER,1,6.470816470719008,Clean
SCENE_SUPPORT_RULE,2,6.470816470719008,Clean
CFG_CAP_CELIBRATE_AREA,2,6.470816470719008,Clean
CFG_CAP_SCENE,3,6.470816470719008,Clean
CFG_VACAP_SUPPORTEDSCENES,0,6.470816470719008,Clean
DEVICE_STATUS,1,6.470816470719008,Clean
CFG_REMOTE_DEVICE_STATUS,1,6.470816470719008,Clean
CFG_CAP_DEVICE_ANALYSE_INFO,0,6.470816470719008,Clean
CFG_CAP_VIDEOINPUT_INFO,0,6.470816470719008,Clean
CFG_NET_TIME,1,6.470816470719008,Clean
CFG_ACTIVEUSER_INFO,2,6.470816470719008,Clean
CFG_NET_TIME_EX,2,6.470816470719008,Clean
CFG_VIDEOSATA_SUMMARY_INFO,3,6.470816470719008,Clean
CFG_VIDEODIAGNOSIS_CAPS_INFO,2,6.470816470719008,Clean
CFG_VIDEO_FORMAT,3,6.470816470719008,Clean
CFG_VIDEOENC_OPT,2,6.470816470719008,Clean
CFG_RGBA,2,6.470816470719008,Clean
CFG_COVER_INFO,3,6.470816470719008,Clean
CFG_VIDEO_COVER,1,6.470816470719008,Clean
CFG_OSD_INFO,3,6.470816470719008,Clean
CFG_COLOR_INFO,2,6.470816470719008,Clean
CFG_ENCODE_INFO,3,6.470816470719008,Clean
AV_CFG_EncodeFormat,4,6.470816470719008,Clean
AV_CFG_Encode,2,6.470816470719008,Clean
CFG_TIME_SECTION,1,6.470816470719008,Clean
CFG_RECORD_INFO,2,6.470816470719008,Clean
AV_CFG_TimeSection,2,6.470816470719008,Clean
AV_CFG_Record,1,6.470816470719008,Clean
CFG_PTZ_LINK,0,6.470816470719008,Clean
CFG_ALARM_MSG_HANDLE,4,6.470816470719008,Clean
CFG_ALARMIN_INFO,2,6.470816470719008,Clean
CFG_NETALARMIN_INFO,2,6.470816470719008,Clean
CFG_MOTION_INFO,2,6.470816470719008,Clean
CFG_VIDEOLOST_INFO,2,6.470816470719008,Clean
CFG_SHELTER_INFO,2,6.470816470719008,Clean
CFG_STORAGENOEXIST_INFO,0,6.470816470719008,Clean
CFG_STORAGEFAILURE_INFO,0,6.470816470719008,Clean
CFG_STORAGELOWSAPCE_INFO,1,6.470816470719008,Clean
CFG_NETABORT_INFO,0,6.470816470719008,Clean
CFG_IPCONFLICT_INFO,0,6.470816470719008,Clean
CFG_SNAPCAPINFO_INFO,2,6.470816470719008,Clean
CFG_CHANNEL_TIME_SECTION,0,6.470816470719008,Clean
CFG_NAS_INFO,2,6.470816470719008,Clean
CFG_PRONAME,0,6.470816470719008,Clean
CFG_COMM_PROP,2,6.470816470719008,Clean
CFG_PTZ_INFO,2,6.470816470719008,Clean
CFG_WATERMARK_INFO,2,6.470816470719008,Clean
CFG_ANALYSESOURCE_INFO,2,6.470816470719008,Clean
CFG_RAINBRUSH_INFO,2,6.470816470719008,Clean
BREAKINGSNAPTIMES_INFO,2,6.470816470719008,Clean
COILCONFIG_INFO,2,6.470816470719008,Clean
DETECTOR_INFO,3,6.470816470719008,Clean
CFG_TRAFFICSNAPSHOT_INFO,4,6.470816470719008,Clean
CFG_OVERSPEED_INFO,1,6.470816470719008,Clean
CFG_UNDERSPEED_INFO,1,6.470816470719008,Clean
CFG_OVERSPEED_HIGHWAY_INFO,1,6.470816470719008,Clean
VIOLATIONCODE_INFO,3,6.470816470719008,Clean
CFG_TRAFFICGLOBAL_INFO,0,6.470816470719008,Clean
CFG_DEV_DISPOSITION_INFO,2,6.470816470719008,Clean
CFG_ATMMOTION_INFO,0,6.470816470719008,Clean
CFG_DEVICESTATUS_INFO,2,6.470816470719008,Clean
CFG_HARDDISK_INFO,2,6.470816470719008,Clean
CFG_HARDDISKTANK_INFO,1,6.470816470719008,Clean
CFG_HARDISKTANKGROUP_INFO,0,6.470816470719008,Clean
CFG_RAID_INFO,2,6.470816470719008,Clean
CFG_RAIDGROUP_INFO,0,6.470816470719008,Clean
CFG_STORAGEPOOL_INFO,2,6.470816470719008,Clean
CFG_STORAGEPOOLGROUP_INFO,0,6.470816470719008,Clean
CFG_STORAGEPOSITION_INFO,2,6.470816470719008,Clean
CFG_STORAGEPOSITIONGROUP_INFO,0,6.470816470719008,Clean
CFG_VIDEOINDEV_INFO,2,6.470816470719008,Clean
CFG_VIDEOINDEVGROUP_INFO,0,6.470816470719008,Clean
CFG_DEVRECORD_INFO,2,6.470816470719008,Clean
CFG_DEVRECORDGROUP_INFO,0,6.470816470719008,Clean
CFG_IPSERVER_STATUS,2,6.470816470719008,Clean
SNAPSOURCE_INFO_SINGLE_CHANNEL,2,6.470816470719008,Clean
CFG_SNAPSOURCE_INFO,0,6.470816470719008,Clean
CFG_TOUR_MODE,0,6.470816470719008,Clean
CFG_VIDEO_MATRIX_PLAN,2,6.470816470719008,Clean
CFG_VIDEO_MATRIX,2,6.470816470719008,Clean
CFG_DSPENCODECAP_INFO,3,6.470816470719008,Clean
VIDEO_INMETERING_INFO_CHANNEL,2,6.470816470719008,Clean
CFG_VIDEO_INMETERING_INFO,0,6.470816470719008,Clean
CFG_TRAFFIC_FLOWSTAT_ALARM_INFO,2,6.470816470719008,Clean
CFG_TRAFFIC_FLOWSTAT_INFO_LANE,2,6.470816470719008,Clean
CFG_VIDEO_IN_NIGHT_OPTIONS,3,6.470816470719008,Clean
CFG_FLASH_CONTROL,2,6.470816470719008,Clean
CFG_VIDEO_IN_SNAPSHOT_OPTIONS,2,6.470816470719008,Clean
CFG_VIDEO_IN_OPTIONS,4,6.470816470719008,Clean
CFG_RTSP_INFO_IN,1,6.470816470719008,Clean
CFG_RTSP_INFO_OUT,1,6.470816470719008,Clean
CFG_TRAFFICSNAPSHOT_NEW_INFO,0,6.470816470719008,Clean
CFG_MULTICASTS_INFO_IN,2,6.470816470719008,Clean
CFG_MULTICAST_INFO,2,6.470816470719008,Clean
CFG_MULTICASTS_INFO,1,6.470816470719008,Clean
CFG_MULTICASTS_INFO_OUT,1,6.470816470719008,Clean
CFG_VIDEO_DITHER_DETECTION,2,6.470816470719008,Clean
CFG_VIDEO_STRIATION_DETECTION,2,6.470816470719008,Clean
CFG_VIDEO_LOSS_DETECTION,0,6.470816470719008,Clean
CFG_VIDEO_COVER_DETECTION,2,6.470816470719008,Clean
CFG_VIDEO_FROZEN_DETECTION,0,6.470816470719008,Clean
CFG_VIDEO_BRIGHTNESS_DETECTION,2,6.470816470719008,Clean
CFG_VIDEO_CONTRAST_DETECTION,2,6.470816470719008,Clean
CFG_VIDEO_UNBALANCE_DETECTION,2,6.470816470719008,Clean
CFG_VIDEO_NOISE_DETECTION,2,6.470816470719008,Clean
CFG_VIDEO_BLUR_DETECTION,2,6.470816470719008,Clean
CFG_VIDEO_SCENECHANGE_DETECTION,2,6.470816470719008,Clean
CFG_VIDEO_DIAGNOSIS_PROFILE,3,6.470816470719008,Clean
CFG_VIDEODIAGNOSIS_PROFILE,1,6.470816470719008,Clean
CFG_TASK_REMOTEDEVICE,2,6.470816470719008,Clean
CFG_TAST_SOURCES,3,6.470816470719008,Clean
CFG_DIAGNOSIS_TASK,2,6.470816470719008,Clean
CFG_VIDEODIAGNOSIS_TASK,1,6.470816470719008,Clean
CFG_PROJECT_TASK,1,6.470816470719008,Clean
CFG_DIAGNOSIS_PROJECT,2,6.470816470719008,Clean
CFG_VIDEODIAGNOSIS_PROJECT,1,6.470816470719008,Clean
CFG_VIDEODIAGNOSIS_GLOBAL_CHNNL,1,6.470816470719008,Clean
CFG_VIDEODIAGNOSIS_GLOBAL,1,6.470816470719008,Clean
CFG_STORAGEGROUP_INFO,2,6.470816470719008,Clean
CFG_TRAFFIC_WORKSTATE_INFO,1,6.470816470719008,Clean
CFG_RECORDTOGROUP_INFO,2,6.470816470719008,Clean
AV_CFG_ChannelName,1,6.470816470719008,Clean
AV_CFG_RecordMode,0,6.470816470719008,Clean
AV_CFG_VideoOutAttr,2,6.470816470719008,Clean
AV_CFG_RemoteDevice,3,6.470816470719008,Clean
AV_CFG_RemoteChannel,2,6.470816470719008,Clean
AV_CFG_DisplaySource,2,6.470816470719008,Clean
AV_CFG_ChannelDisplaySource,1,6.470816470719008,Clean
AV_CFG_Raid,2,6.470816470719008,Clean
AV_CFG_RecordSource,2,6.470816470719008,Clean
AV_CFG_VideoColor,2,6.470816470719008,Clean
AV_CFG_ChannelVideoColor,1,6.470816470719008,Clean
AV_CFG_Color,3,6.470816470719008,Clean
AV_CFG_Rect,3,6.470816470719008,Clean
AV_CFG_VideoWidgetChannelTitle,3,6.470816470719008,Clean
AV_CFG_VideoWidgetTimeTitle,3,6.470816470719008,Clean
AV_CFG_VideoWidgetCover,3,6.470816470719008,Clean
AV_CFG_VideoWidgetCustomTitle,3,6.470816470719008,Clean
AV_CFG_VideoWidget,3,6.470816470719008,Clean
AV_CFG_StorageGroupChannel,1,6.470816470719008,Clean
AV_CFG_StorageGroup,2,6.470816470719008,Clean
AV_CFG_DSTTime,2,6.470816470719008,Clean
AV_CFG_Locales,2,6.470816470719008,Clean
AV_CFG_Language,0,6.470816470719008,Clean
AV_CFG_AccessFilter,2,6.470816470719008,Clean
AV_CFG_AutoMaintain,2,6.470816470719008,Clean
AV_CFG_RemoteEvent,2,6.470816470719008,Clean
AV_CFG_MonitorWallTVOut,2,6.470816470719008,Clean
AV_CFG_MonitorWallBlock,2,6.470816470719008,Clean
AV_CFG_MonitorWall,2,6.470816470719008,Clean
AV_CFG_SpliceScreen,2,6.470816470719008,Clean
AV_CFG_PtzLink,2,6.470816470719008,Clean
AV_CFG_Point,1,6.470816470719008,Clean
AV_CFG_Size,1,6.470816470719008,Clean
AV_CFG_EventTitle,3,6.470816470719008,Clean
AV_CFG_TourLink,2,6.470816470719008,Clean
AV_CFG_EventHandler,4,6.470816470719008,Clean
AV_CFG_TemperatureAlarm,2,6.470816470719008,Clean
AV_CFG_FanSpeedAlarm,2,6.470816470719008,Clean
AV_CFG_RecordBackup,0,6.470816470719008,Clean
CFG_TRAFFICGATE_INFO,3,6.470816470719008,Clean
CFG_TRAJUNCTION_INFO,3,6.470816470719008,Clean
CFG_TRAACCIDENT_INFO,2,6.470816470719008,Clean
CFG_TRAFFICCONTROL_INFO,3,6.470816470719008,Clean
CFG_FACEDETECT_INFO,2,6.470816470719008,Clean
CFG_PASTE_INFO,2,6.470816470719008,Clean
CFG_CROSSLINE_INFO,4,6.470816470719008,Clean
CFG_CROSSREGION_INFO,4,6.470816470719008,Clean
CFG_WANDER_INFO,4,6.470816470719008,Clean
CFG_RIOTER_INFO,3,6.470816470719008,Clean
ReservedDataIntelBox,1,6.470816470719008,Clean
NET_RESERVED_COMMON,1,6.470816470719008,Clean
ReservedPara,0,6.470816470719008,Clean
MEDIA_QUERY_TRAFFICCAR_PARAM,3,6.470816470719008,Clean
MEDIAFILE_TRAFFICCAR_INFO,3,6.470816470719008,Clean
DH_DEV_ENABLE_INFO,0,6.470816470719008,Clean
DH_QUERY_SNAP_INFO,3,6.470816470719008,Clean
DH_SNAP_ATTR_EN,0,6.470816470719008,Clean
SNAP_PARAMS,2,6.470816470719008,Clean
DEV_ENCODER_INFO,2,6.470816470719008,Clean
DEV_DECODER_INFO,2,6.470816470719008,Clean
HaiKangSDK,8,6.470816470719008,Fault_proner
NET_DVR_TIME,3,6.470816470719008,Clean
NET_DVR_TIME_V30,3,6.470816470719008,Clean
NET_DVR_TIME_EX,3,6.470816470719008,Clean
NET_DVR_SCHEDTIME,3,6.470816470719008,Clean
NET_DVR_STRUCTHEAD,1,6.470816470719008,Clean
NET_DVR_HANDLEEXCEPTION_V41,2,6.470816470719008,Clean
NET_DVR_HANDLEEXCEPTION_V40,2,6.470816470719008,Clean
NET_DVR_HANDLEEXCEPTION_V30,1,6.470816470719008,Clean
NET_DVR_HANDLEEXCEPTION,1,6.470816470719008,Clean
NET_DVR_DEVICECFG,2,6.470816470719008,Clean
NET_DVR_IPADDR,2,6.470816470719008,Clean
NET_DVR_ETHERNET_V30,2,6.470816470719008,Clean
NET_DVR_ETHERNET,2,6.470816470719008,Clean
NET_DVR_PPPOECFG,3,6.470816470719008,Clean
NET_DVR_NETCFG_V30,3,6.470816470719008,Clean
NET_DVR_ETHERNET_MULTI,2,6.470816470719008,Clean
NET_DVR_NETCFG_MULTI,3,6.470816470719008,Clean
NET_DVR_NETCFG,2,6.470816470719008,Clean
NET_DVR_SIP_CFG,2,6.470816470719008,Clean
NET_DVR_IP_VIEW_DEVCFG,2,6.470816470719008,Clean
NET_DVR_IP_VIEW_AUDIO_CFG,2,6.470816470719008,Clean
NET_DVR_IP_VIEW_CALL_CFG,2,6.470816470719008,Clean
NET_DVR_RECORDCHAN,2,6.470816470719008,Clean
NET_DVR_MOTION_V30,2,6.470816470719008,Clean
NET_DVR_MOTION,3,6.470816470719008,Clean
NET_DVR_HIDEALARM_V30,2,6.470816470719008,Clean
NET_DVR_HIDEALARM,3,6.470816470719008,Clean
NET_DVR_VILOST_V30,1,6.470816470719008,Clean
NET_DVR_VILOST,2,6.470816470719008,Clean
NET_DVR_SHELTER,2,6.470816470719008,Clean
NET_DVR_COLOR,2,6.470816470719008,Clean
NET_DVR_PICCFG_V30,3,6.470816470719008,Clean
NET_DVR_PICCFG_EX,3,6.470816470719008,Clean
NET_DVR_PICCFG,3,6.470816470719008,Clean
NET_DVR_COMPRESSION_INFO_V30,2,6.470816470719008,Clean
NET_DVR_COMPRESSIONCFG_V30,2,6.470816470719008,Clean
NET_DVR_COMPRESSION_INFO,2,6.470816470719008,Clean
NET_DVR_COMPRESSIONCFG,1,6.470816470719008,Clean
NET_DVR_COMPRESSION_INFO_EX,3,6.470816470719008,Clean
NET_DVR_COMPRESSIONCFG_EX,1,6.470816470719008,Clean
NET_DVR_RECORDSCHED,1,6.470816470719008,Clean
NET_DVR_RECORDDAY,1,6.470816470719008,Clean
NET_DVR_RECORD_V30,2,6.470816470719008,Clean
NET_DVR_RECORD,2,6.470816470719008,Clean
NET_DVR_PTZ_PROTOCOL,0,6.470816470719008,Clean
NET_DVR_PTZCFG,2,6.470816470719008,Clean
NET_DVR_DECODERCFG_V30,2,6.470816470719008,Clean
NET_DVR_DECODERCFG,2,6.470816470719008,Clean
NET_DVR_PPPCFG_V30,2,6.470816470719008,Clean
NET_DVR_PPPCFG,2,6.470816470719008,Clean
NET_DVR_SINGLE_RS232,3,6.470816470719008,Clean
NET_DVR_RS232CFG_V30,3,6.470816470719008,Clean
NET_DVR_RS232CFG,2,6.470816470719008,Clean
NET_DVR_PRESETCHAN_INFO,0,6.470816470719008,Clean
NET_DVR_CRUISECHAN_INFO,0,6.470816470719008,Clean
NET_DVR_PTZTRACKCHAN_INFO,0,6.470816470719008,Clean
NET_DVR_ALARMINCFG_V40,2,6.470816470719008,Clean
NET_DVR_ALARMINCFG_V30,2,6.470816470719008,Clean
STRUCT_IO_ALARM,2,6.470816470719008,Clean
STRUCT_ALARM_CHANNEL,0,6.470816470719008,Clean
STRUCT_ALARM_HD,0,6.470816470719008,Clean
UNION_ALARMINFO_FIXED,2,6.470816470719008,Clean
NET_DVR_ALRAM_FIXED_HEADER,2,6.470816470719008,Clean
NET_DVR_ALARMINFO_V40,0,6.470816470719008,Clean
NET_DVR_ALARMINCFG,2,6.470816470719008,Clean
NET_DVR_ANALOG_ALARMINCFG,2,6.470816470719008,Clean
NET_DVR_ALARMINFO_V30,5,6.470816470719008,Clean
NET_DVR_ALARM_HOT_SPARE,2,6.470816470719008,Clean
NET_DVR_ALARMINFO,5,6.470816470719008,Clean
NET_DVR_IPDEVINFO,3,6.470816470719008,Clean
NET_DVR_IPDEVINFO_V31,3,6.470816470719008,Clean
NET_DVR_IPCHANINFO,4,6.470816470719008,Clean
NET_DVR_IPPARACFG,4,6.470816470719008,Clean
NET_DVR_IPPARACFG_V31,4,6.470816470719008,Clean
NET_DVR_IPSERVER_STREAM,3,6.470816470719008,Clean
NET_DVR_STREAM_MEDIA_SERVER_CFG,3,6.470816470719008,Clean
NET_DVR_DEV_CHAN_INFO,3,6.470816470719008,Clean
NET_DVR_PU_STREAM_CFG,3,6.470816470719008,Clean
NET_DVR_DDNS_STREAM_CFG,3,6.470816470719008,Clean
NET_DVR_PU_STREAM_URL,3,6.470816470719008,Clean
NET_DVR_HKDDNS_STREAM,3,6.470816470719008,Clean
NET_DVR_IPCHANINFO_V40,2,6.470816470719008,Clean
NET_DVR_GET_STREAM_UNION,0,6.470816470719008,Clean
NET_DVR_STREAM_MODE,2,6.470816470719008,Clean
NET_DVR_IPPARACFG_V40,2,6.470816470719008,Clean
NET_DVR_ALARMINFO_DEV,2,6.470816470719008,Clean
NET_DVR_IPALARMOUTINFO,2,6.470816470719008,Clean
NET_DVR_IPALARMOUTCFG,1,6.470816470719008,Clean
NET_DVR_IPALARMOUTINFO_V40,1,6.470816470719008,Clean
NET_DVR_IPALARMOUTCFG_V40,2,6.470816470719008,Clean
NET_DVR_IPALARMININFO,1,6.470816470719008,Clean
NET_DVR_IPALARMINCFG,0,6.470816470719008,Clean
NET_DVR_IPALARMININFO_V40,1,6.470816470719008,Clean
NET_DVR_IPALARMINCFG_V40,2,6.470816470719008,Clean
NET_DVR_IPALARMINFO,2,6.470816470719008,Clean
NET_DVR_IPALARMINFO_V31,2,6.470816470719008,Clean
NET_DVR_IPALARMINFO_V40,2,6.470816470719008,Clean
HD_STAT,0,6.470816470719008,Clean
NET_DVR_SINGLE_HD,2,6.470816470719008,Clean
NET_DVR_HDCFG,1,6.470816470719008,Clean
NET_DVR_SINGLE_HDGROUP_V40,1,6.470816470719008,Clean
NET_DVR_HDGROUP_CFG_V40,2,6.470816470719008,Clean
NET_DVR_SINGLE_HDGROUP,1,6.470816470719008,Clean
NET_DVR_HDGROUP_CFG,1,6.470816470719008,Clean
NET_DVR_SCALECFG,2,6.470816470719008,Clean
NET_DVR_ALARMOUTCFG_V30,2,6.470816470719008,Clean
NET_DVR_ALARMOUTCFG,2,6.470816470719008,Clean
NET_DVR_PREVIEWCFG_V30,2,6.470816470719008,Clean
NET_DVR_PREVIEWCFG,2,6.470816470719008,Clean
NET_DVR_VGAPARA,1,6.470816470719008,Clean
NET_DVR_MATRIXPARA_V30,1,6.470816470719008,Clean
NET_DVR_MATRIXPARA,0,6.470816470719008,Clean
NET_DVR_VOOUT,2,6.470816470719008,Clean
NET_DVR_VIDEOOUT_V30,2,6.470816470719008,Clean
NET_DVR_VIDEOOUT,2,6.470816470719008,Clean
NET_DVR_USER_INFO_V40,3,6.470816470719008,Clean
NET_DVR_USER_INFO_V30,3,6.470816470719008,Clean
NET_DVR_USER_INFO_EX,2,6.470816470719008,Clean
NET_DVR_USER_INFO,2,6.470816470719008,Clean
NET_DVR_USER_V40,1,6.470816470719008,Clean
NET_DVR_USER_V30,0,6.470816470719008,Clean
NET_DVR_USER_EX,0,6.470816470719008,Clean
NET_DVR_USER,0,6.470816470719008,Clean
NET_DVR_EXCEPTION_V40,2,6.470816470719008,Clean
NET_DVR_EXCEPTION_V30,0,6.470816470719008,Clean
NET_DVR_EXCEPTION,0,6.470816470719008,Clean
NET_DVR_CHANNELSTATE_V30,3,6.470816470719008,Clean
NET_DVR_CHANNELSTATE,2,6.470816470719008,Clean
NET_DVR_DISKSTATE,1,6.470816470719008,Clean
NET_DVR_WORKSTATE_V40,2,6.470816470719008,Clean
NET_DVR_GETWORKSTATE_COND,2,6.470816470719008,Clean
NET_DVR_WORKSTATE_V30,3,6.470816470719008,Clean
NET_DVR_WORKSTATE,3,6.470816470719008,Clean
NET_DVR_LOG_V30,3,6.470816470719008,Clean
NET_DVR_LOG,2,6.470816470719008,Clean
NET_DVR_ALARMHOST_SEARCH_LOG_PARAM,2,6.470816470719008,Clean
NET_DVR_ALARMHOST_LOG_RET,3,6.470816470719008,Clean
NET_DVR_ALARMOUTSTATUS_V30,1,6.470816470719008,Clean
NET_DVR_ALARMOUTSTATUS,0,6.470816470719008,Clean
NET_DVR_TRADEINFO,2,6.470816470719008,Clean
NET_DVR_FRAMETYPECODE,1,6.470816470719008,Clean
NET_DVR_FRAMEFORMAT,2,6.470816470719008,Clean
NET_DVR_FILTER,2,6.470816470719008,Clean
NET_DVR_IDENTIFICAT,2,6.470816470719008,Clean
NET_DVR_PACKAGE_LOCATION,3,6.470816470719008,Clean
NET_DVR_PACKAGE_LENGTH,2,6.470816470719008,Clean
NET_DVR_OSD_POSITION,3,6.470816470719008,Clean
NET_DVR_DATE_FORMAT,2,6.470816470719008,Clean
NET_DVRT_TIME_FORMAT,2,6.470816470719008,Clean
NET_DVR_OVERLAY_CHANNEL,2,6.470816470719008,Clean
NET_DVR_ATM_PACKAGE_ACTION,3,6.470816470719008,Clean
NET_DVR_ATM_PACKAGE_DATE,3,6.470816470719008,Clean
NET_DVR_ATM_PACKAGE_TIME,3,6.470816470719008,Clean
NET_DVR_ATM_PACKAGE_OTHERS,3,6.470816470719008,Clean
NET_DVR_ATM_USER_DEFINE_PROTOCOL,3,6.470816470719008,Clean
NET_DVR_ATM_FRAMEFORMAT_V30,3,6.470816470719008,Clean
NET_DVR_ATM_PROTO_TYPE,0,6.470816470719008,Clean
NET_DVR_ATM_PROTO_LIST,0,6.470816470719008,Clean
NET_DVR_ATM_PROTOCOL,3,6.470816470719008,Clean
NET_DVR_DECODERINFO,2,6.470816470719008,Clean
NET_DVR_DECODERSTATE,2,6.470816470719008,Clean
NET_DVR_DECCHANINFO,2,6.470816470719008,Clean
NET_DVR_DECINFO,2,6.470816470719008,Clean
NET_DVR_DECCFG,1,6.470816470719008,Clean
NET_DVR_PORTINFO,2,6.470816470719008,Clean
NET_DVR_PORTCFG,0,6.470816470719008,Clean
bytime,2,6.470816470719008,Clean
NET_DVR_PLAYREMOTEFILE,2,6.470816470719008,Clean
mode_size,0,6.470816470719008,Clean
NET_DVR_DECCHANSTATUS,2,6.470816470719008,Clean
objectInfo,0,6.470816470719008,Clean
userInfo,1,6.470816470719008,Clean
fileInfo,0,6.470816470719008,Clean
timeInfo,2,6.470816470719008,Clean
NET_DVR_DECSTATUS,0,6.470816470719008,Clean
NET_DVR_SHOWSTRINGINFO,2,6.470816470719008,Clean
NET_DVR_SHOWSTRING_V30,0,6.470816470719008,Clean
NET_DVR_SHOWSTRING_EX,0,6.470816470719008,Clean
NET_DVR_SHOWSTRING,0,6.470816470719008,Clean
struReceiver,0,6.470816470719008,Clean
NET_DVR_EMAILCFG_V30,2,6.470816470719008,Clean
struSender,0,6.470816470719008,Clean
NET_DVR_CRUISE_PARA,2,6.470816470719008,Clean
NET_DVR_TIMEPOINT,2,6.470816470719008,Clean
NET_DVR_ZONEANDDST,2,6.470816470719008,Clean
NET_DVR_JPEGPARA,1,6.470816470719008,Clean
NET_DVR_AUXOUTCFG,2,6.470816470719008,Clean
NET_DVR_NTPPARA,2,6.470816470719008,Clean
NET_DVR_DDNSPARA,2,6.470816470719008,Clean
NET_DVR_DDNSPARA_EX,2,6.470816470719008,Clean
struDDNS,2,6.470816470719008,Clean
NET_DVR_DDNSPARA_V30,2,6.470816470719008,Clean
NET_DVR_EMAILPARA,2,6.470816470719008,Clean
NET_DVR_NETAPPCFG,3,6.470816470719008,Clean
NET_DVR_SINGLE_NFS,1,6.470816470719008,Clean
NET_DVR_NFSCFG,1,6.470816470719008,Clean
NET_DVR_ISCSI_CFG,2,6.470816470719008,Clean
NET_DVR_CRUISE_POINT,3,6.470816470719008,Clean
NET_DVR_CRUISE_RET,1,6.470816470719008,Clean
NET_DVR_NETCFG_OTHER,2,6.470816470719008,Clean
NET_DVR_MATRIX_DECINFO,3,6.470816470719008,Clean
NET_DVR_MATRIX_DYNAMIC_DEC,0,6.470816470719008,Clean
NET_DVR_MATRIX_DEC_CHAN_STATUS,2,6.470816470719008,Clean
NET_DVR_MATRIX_DEC_CHAN_INFO,3,6.470816470719008,Clean
NET_DVR_MATRIX_DECCHANINFO,0,6.470816470719008,Clean
NET_DVR_MATRIX_LOOP_DECINFO,1,6.470816470719008,Clean
TTY_CONFIG,3,6.470816470719008,Clean
NET_DVR_MATRIX_TRAN_CHAN_INFO,2,6.470816470719008,Clean
NET_DVR_MATRIX_TRAN_CHAN_CONFIG,2,6.470816470719008,Clean
NET_DVR_MATRIX_DEC_REMOTE_PLAY,3,6.470816470719008,Clean
NET_DVR_MATRIX_DEC_REMOTE_PLAY_CONTROL,1,6.470816470719008,Clean
NET_DVR_MATRIX_DEC_REMOTE_PLAY_STATUS,2,6.470816470719008,Clean
NET_DVR_MATRIX_PASSIVEMODE,3,6.470816470719008,Clean
NET_DVR_MATRIX_TRAN_CHAN_INFO_V30,3,6.470816470719008,Clean
NET_DVR_MATRIX_TRAN_CHAN_CONFIG_V30,2,6.470816470719008,Clean
NET_DVR_MATRIX_CHAN_INFO_V30,2,6.470816470719008,Clean
NET_DVR_MATRIX_LOOP_DECINFO_V30,2,6.470816470719008,Clean
NET_DVR_MATRIX_DEC_CHAN_INFO_V30,3,6.470816470719008,Clean
NET_DVR_MATRIX_ABILITY,2,6.470816470719008,Clean
NET_DVR_DISP_LOGOCFG,2,6.470816470719008,Clean
NET_DVR_MATRIX_CHAN_STATUS,2,6.470816470719008,Clean
VGA_MODE,0,6.470816470719008,Clean
VIDEO_STANDARD,0,6.470816470719008,Clean
UNION_VIDEOPLATFORM,0,6.470816470719008,Clean
UNION_NOTVIDEOPLATFORM,0,6.470816470719008,Clean
NET_DVR_VGA_DISP_CHAN_CFG,2,6.470816470719008,Clean
struDiff,2,6.470816470719008,Clean
NET_DVR_DISP_CHAN_STATUS,2,6.470816470719008,Clean
NET_DVR_DECODER_WORK_STATUS,2,6.470816470719008,Clean
NET_DVR_PASSIVEDECODE_CONTROL,2,6.470816470719008,Clean
NET_DVR_MATRIX_DECCHAN_CONTROL,2,6.470816470719008,Clean
NET_DVR_SUBSYSTEMINFO,2,6.470816470719008,Clean
NET_DVR_ALLSUBSYSTEMINFO,1,6.470816470719008,Clean
NET_DVR_LOOPPLAN_SUBCFG,2,6.470816470719008,Clean
NET_DVR_ALARMMODECFG,2,6.470816470719008,Clean
NET_DVR_CODESPLITTERINFO,2,6.470816470719008,Clean
NET_DVR_ASSOCIATECFG,2,6.470816470719008,Clean
NET_DVR_DYNAMICDECODE,3,6.470816470719008,Clean
NET_DVR_DECODESCHED,3,6.470816470719008,Clean
NET_DVR_PLANDECODE,1,6.470816470719008,Clean
NET_DVR_VIDEOPLATFORM_ABILITY,2,6.470816470719008,Clean
NET_DVR_SUBSYSTEM_ABILITY,2,6.470816470719008,Clean
struDecoderSystemAbility,2,6.470816470719008,Clean
struAbility,0,6.470816470719008,Clean
NET_DVR_VIDEOPLATFORM_ABILITY_V40,2,6.470816470719008,Clean
NET_DVR_SINGLESCREENCFG,2,6.470816470719008,Clean
NET_DVR_BIGSCREENCFG,3,6.470816470719008,Clean
NET_DVR_EMAILCFG,2,6.470816470719008,Clean
NET_DVR_COMPRESSIONCFG_NEW,1,6.470816470719008,Clean
NET_DVR_PTZPOS,3,6.470816470719008,Clean
NET_DVR_PTZSCOPE,2,6.470816470719008,Clean
NET_DVR_RTSPCFG,1,6.470816470719008,Clean
NET_DVR_DEVICEINFO,2,6.470816470719008,Clean
NET_DVR_DEVICEINFO_V30,4,6.470816470719008,Clean
SDK_NETWORK_ENVIRONMENT,0,6.470816470719008,Clean
DISPLAY_MODE,0,6.470816470719008,Clean
SEND_MODE,0,6.470816470719008,Clean
CAPTURE_MODE,0,6.470816470719008,Clean
REALSOUND_MODE,0,6.470816470719008,Clean
NET_DVR_CLIENTINFO,2,6.470816470719008,Clean
NET_DVR_SDKSTATE,2,6.470816470719008,Clean
NET_DVR_SDKABL,2,6.470816470719008,Clean
NET_DVR_ALARMER,3,6.470816470719008,Clean
NET_DVR_DISPLAY_PARA,3,6.470816470719008,Clean
NET_DVR_CARDINFO,2,6.470816470719008,Clean
NET_DVR_FIND_DATA,2,6.470816470719008,Clean
NET_DVR_FINDDATA_V30,2,6.470816470719008,Clean
NET_DVR_FINDDATA_V40,2,6.470816470719008,Clean
NET_DVR_FINDDATA_CARD,2,6.470816470719008,Clean
NET_DVR_FILECOND,2,6.470816470719008,Clean
NET_DVR_POINT_FRAME,3,6.470816470719008,Clean
NET_DVR_COMPRESSION_AUDIO,0,6.470816470719008,Clean
NET_DVR_AP_INFO,2,6.470816470719008,Clean
NET_DVR_AP_INFO_LIST,1,6.470816470719008,Clean
NET_DVR_WIFIETHERNET,2,6.470816470719008,Clean
UNION_EAP_TTLS,2,6.470816470719008,Clean
UNION_EAP_PEAP,2,6.470816470719008,Clean
UNION_EAP_TLS,2,6.470816470719008,Clean
WIFI_AUTH_PARAM,1,6.470816470719008,Clean
UNION_WEP,2,6.470816470719008,Clean
UNION_WPA_PSK,1,6.470816470719008,Clean
UNION_WPA_WPA2,2,6.470816470719008,Clean
NET_DVR_WIFI_CFG_EX,2,6.470816470719008,Clean
key,1,6.470816470719008,Clean
NET_DVR_WIFI_CFG,0,6.470816470719008,Clean
NET_DVR_WIFI_CONNECT_STATUS,2,6.470816470719008,Clean
NET_DVR_WIFI_WORKMODE,0,6.470816470719008,Clean
NET_VCA_CTRLINFO,2,6.470816470719008,Clean
NET_VCA_CTRLCFG,1,6.470816470719008,Clean
NET_VCA_DEV_ABILITY,2,6.470816470719008,Clean
VCA_ABILITY_TYPE,0,6.470816470719008,Clean
VCA_CHAN_ABILITY_TYPE,0,6.470816470719008,Clean
VCA_CHAN_MODE_TYPE,0,6.470816470719008,Clean
TFS_CHAN_MODE_TYPE,0,6.470816470719008,Clean
BEHAVIOR_SCENE_MODE_TYPE,0,6.470816470719008,Clean
NET_VCA_CHAN_IN_PARAM,1,6.470816470719008,Clean
NET_VCA_BEHAVIOR_ABILITY,2,6.470816470719008,Clean
NET_DVR_ITS_ABILITY,2,6.470816470719008,Clean
NET_VCA_POINT,1,6.470816470719008,Clean
NET_VCA_RECT,3,6.470816470719008,Clean
VCA_EVENT_TYPE,1,6.470816470719008,Clean
VCA_RULE_EVENT_TYPE_EX,0,6.470816470719008,Clean
VCA_CROSS_DIRECTION,0,6.470816470719008,Clean
NET_VCA_LINE,1,6.470816470719008,Clean
NET_VCA_POLYGON,1,6.470816470719008,Clean
NET_VCA_TRAVERSE_PLANE,3,6.470816470719008,Clean
NET_VCA_AREA,0,6.470816470719008,Clean
NET_VCA_INTRUSION,2,6.470816470719008,Clean
NET_VCA_LOITER,1,6.470816470719008,Clean
NET_VCA_TAKE_LEFT,1,6.470816470719008,Clean
NET_VCA_PARKING,1,6.470816470719008,Clean
NET_VCA_RUN,2,6.470816470719008,Clean
NET_VCA_HIGH_DENSITY,2,6.470816470719008,Clean
NET_VCA_VIOLENT_MOTION,2,6.470816470719008,Clean
NET_VCA_REACH_HIGHT,1,6.470816470719008,Clean
NET_VCA_GET_UP,2,6.470816470719008,Clean
NET_VCA_LEFT,2,6.470816470719008,Clean
NET_VCA_TAKE,2,6.470816470719008,Clean
NET_VCA_OVER_TIME,1,6.470816470719008,Clean
NET_VCA_HUMAN_ENTER,0,6.470816470719008,Clean
NET_VCA_STICK_UP,2,6.470816470719008,Clean
NET_VCA_SCANNER,2,6.470816470719008,Clean
NET_VCA_LEAVE_POSITION,2,6.470816470719008,Clean
NET_VCA_TRAIL,2,6.470816470719008,Clean
NET_VCA_FALL_DOWN,2,6.470816470719008,Clean
NET_VCA_AUDIO_ABNORMAL,2,6.470816470719008,Clean
NET_DVR_AUDIO_EXCEPTION,3,6.470816470719008,Clean
NET_VCA_TOILET_TARRY,1,6.470816470719008,Clean
NET_VCA_YARD_TARRY,1,6.470816470719008,Clean
NET_VCA_ADV_REACH_HEIGHT,1,6.470816470719008,Clean
NET_VCA_ADV_TRAVERSE_PLANE,2,6.470816470719008,Clean
NET_VCA_EVENT_UNION,3,6.470816470719008,Clean
SIZE_FILTER_MODE,0,6.470816470719008,Clean
NET_VCA_SIZE_FILTER,3,6.470816470719008,Clean
NET_VCA_ONE_RULE,3,6.470816470719008,Clean
NET_VCA_RULECFG,2,6.470816470719008,Clean
NET_VCA_FILTER_STRATEGY,0,6.470816470719008,Clean
NET_VCA_RULE_TRIGGER_PARAM,2,6.470816470719008,Clean
NET_VCA_ONE_RULE_V41,3,6.470816470719008,Clean
NET_VCA_RULECFG_V41,2,6.470816470719008,Clean
NET_VCA_TARGET_INFO,2,6.470816470719008,Clean
NET_VCA_RULE_INFO,3,6.470816470719008,Clean
NET_VCA_DEV_INFO,3,6.470816470719008,Clean
NET_VCA_RULE_ALARM,3,6.470816470719008,Clean
NET_VCA_DRAW_MODE,2,6.470816470719008,Clean
OBJECT_TYPE_ENUM,0,6.470816470719008,Clean
NET_DVR_OBJECT_COLOR_COND,1,6.470816470719008,Clean
NET_DVR_PIC,2,6.470816470719008,Clean
NET_DVR_OBJECT_COLOR_UNION,2,6.470816470719008,Clean
NET_DVR_OBJECT_COLOR,2,6.470816470719008,Clean
AREA_TYPE_ENUM,0,6.470816470719008,Clean
NET_DVR_AUXAREA,2,6.470816470719008,Clean
NET_DVR_AUXAREA_LIST,1,6.470816470719008,Clean
CHAN_WORKMODE_ENUM,0,6.470816470719008,Clean
NET_DVR_CHANNEL_WORKMODE,1,6.470816470719008,Clean
NET_DVR_CHANNEL,2,6.470816470719008,Clean
NET_DVR_SLAVE_CHANNEL_UNION,1,6.470816470719008,Clean
NET_DVR_SLAVE_CHANNEL_PARAM,2,6.470816470719008,Clean
NET_DVR_SLAVE_CHANNEL_CFG,1,6.470816470719008,Clean
VQD_EVENT_ENUM,0,6.470816470719008,Clean
NET_DVR_VQD_EVENT_COND,1,6.470816470719008,Clean
NET_DVR_VQD_EVENT_PARAM,2,6.470816470719008,Clean
NET_DVR_VQD_EVENT_RULE,3,6.470816470719008,Clean
NET_DVR_BASELINE_SCENE,1,6.470816470719008,Clean
NET_DVR_CONTROL_BASELINE_SCENE_PARAM,2,6.470816470719008,Clean
NET_DVR_VQD_ALARM,2,6.470816470719008,Clean
NET_DVR_CB_POINT,2,6.470816470719008,Clean
NET_DVR_TRACK_CALIBRATION_PARAM,1,6.470816470719008,Clean
NET_DVR_TRACK_CFG,2,6.470816470719008,Clean
TRACK_MODE,0,6.470816470719008,Clean
NET_DVR_MANUAL_CTRL_INFO,0,6.470816470719008,Clean
NET_DVR_TRACK_MODE,2,6.470816470719008,Clean
uModeParam,2,6.470816470719008,Clean
NET_DVR_ALARM_JPEG,1,6.470816470719008,Clean
NET_IVMS_ONE_RULE,3,6.470816470719008,Clean
NET_IVMS_RULECFG,0,6.470816470719008,Clean
NET_IVMS_BEHAVIORCFG,2,6.470816470719008,Clean
NET_IVMS_DEVSCHED,1,6.470816470719008,Clean
NET_IVMS_STREAMCFG,0,6.470816470719008,Clean
NET_VCA_MASK_REGION,1,6.470816470719008,Clean
NET_VCA_MASK_REGION_LIST,1,6.470816470719008,Clean
NET_VCA_ENTER_REGION,2,6.470816470719008,Clean
NET_IVMS_MASK_REGION_LIST,0,6.470816470719008,Clean
NET_IVMS_ENTER_REGION,0,6.470816470719008,Clean
NET_IVMS_ALARM_JPEG,1,6.470816470719008,Clean
NET_IVMS_SEARCHCFG,3,6.470816470719008,Clean
NET_DVR_IDENTIFICATION_PARAM,1,6.470816470719008,Clean
NET_DVR_MOUNT_PARAM_UNION,0,6.470816470719008,Clean
NET_DVR_NAS_MOUNT_PARAM,1,6.470816470719008,Clean
NET_DVR_MOUNTMETHOD_PARAM_UNION,0,6.470816470719008,Clean
NET_DVR_SINGLE_NET_DISK_INFO,2,6.470816470719008,Clean
NET_DVR_NET_DISKCFG,0,6.470816470719008,Clean
MAIN_EVENT_TYPE,0,6.470816470719008,Clean
VCA_DETECTION_MINOR_TYPE,0,6.470816470719008,Clean
BEHAVIOR_MINOR_TYPE,0,6.470816470719008,Clean
STREAM_INFO_MINOR_TYPE,0,6.470816470719008,Clean
NET_DVR_STREAM_INFO,4,6.470816470719008,Clean
EVENT_ALARM_BYBIT,1,6.470816470719008,Clean
EVENT_ALARM_BYVALUE,1,6.470816470719008,Clean
EVENT_MOTION_BYBIT,1,6.470816470719008,Clean
EVENT_MOTION_BYVALUE,1,6.470816470719008,Clean
EVENT_VCA_BYBIT,2,6.470816470719008,Clean
EVENT_VCA_BYVALUE,2,6.470816470719008,Clean
EVENT_INQUEST_PARAM,1,6.470816470719008,Clean
EVENT_VCADETECT_BYBIT,1,6.470816470719008,Clean
EVENT_VCADETECT_BYVALUE,2,6.470816470719008,Clean
EVENT_STREAMID_PARAM,3,6.470816470719008,Clean
SEARCH_EVENT_UNION,2,6.470816470719008,Clean
NET_DVR_SEARCH_EVENT_PARAM,3,6.470816470719008,Clean
EVENT_ALARM_RET,1,6.470816470719008,Clean
EVENT_MOTION_RET,1,6.470816470719008,Clean
EVENT_VCA_RET,3,6.470816470719008,Clean
EVENT_INQUEST_RET,3,6.470816470719008,Clean
EVENT_STREAMID_RET,3,6.470816470719008,Clean
SEARCH_EVENT_RET,3,6.470816470719008,Clean
NET_DVR_SEARCH_EVENT_RET,4,6.470816470719008,Clean
tagCALIBRATE_TYPE,0,6.470816470719008,Clean
NET_DVR_RECT_LIST,1,6.470816470719008,Clean
NET_DVR_PDC_CALIBRATION,0,6.470816470719008,Clean
LINE_MODE,0,6.470816470719008,Clean
NET_DVR_CAMERA_PARAM,3,6.470816470719008,Clean
NET_DVR_LINE_SEGMENT,2,6.470816470719008,Clean
NET_DVR_BEHAVIOR_OUT_CALIBRATION,2,6.470816470719008,Clean
NET_DVR_IN_CAL_SAMPLE,1,6.470816470719008,Clean
NET_DVR_BEHAVIOR_IN_CALIBRATION,2,6.470816470719008,Clean
NET_DVR_ITS_CALIBRATION,2,6.470816470719008,Clean
NET_DVR_CALIBRATION_PRARM_UNION,2,6.470816470719008,Clean
NET_DVR_CALIBRATION_CFG,2,6.470816470719008,Clean
NET_DVR_PDC_ENTER_DIRECTION,1,6.470816470719008,Clean
NET_DVR_PDC_RULE_CFG,3,6.470816470719008,Clean
NET_DVR_PDC_RULE_CFG_V41,3,6.470816470719008,Clean
NET_DVR_TRIAL_VERSION_CFG,1,6.470816470719008,Clean
NET_DVR_SYN_CHANNEL_NAME_PARAM,1,6.470816470719008,Clean
NET_DVR_RESET_COUNTER_CFG,2,6.470816470719008,Clean
NET_DVR_VCA_CTRLINFO_COND,1,6.470816470719008,Clean
NET_DVR_VCA_CTRLINFO_CFG,2,6.470816470719008,Clean
PDC_PARAM_KEY,0,6.470816470719008,Clean
NET_DVR_PDC_TARGET_INFO,1,6.470816470719008,Clean
NET_DVR_PDC_TARGET_IN_FRAME,2,6.470816470719008,Clean
UNION_STATFRAME,1,6.470816470719008,Clean
UNION_STATTIME,1,6.470816470719008,Clean
NET_DVR_PDC_ALRAM_INFO,2,6.470816470719008,Clean
uStatModeParam,0,6.470816470719008,Clean
NET_DVR_PDC_QUERY,2,6.470816470719008,Clean
NET_DVR_PTZ_POSITION,3,6.470816470719008,Clean
NET_DVR_POSITION_RULE_CFG,3,6.470816470719008,Clean
NET_DVR_POSITION_RULE_CFG_V41,3,6.470816470719008,Clean
NET_DVR_LIMIT_ANGLE,2,6.470816470719008,Clean
NET_DVR_POSITION_INDEX,2,6.470816470719008,Clean
NET_DVR_POSITION_TRACK_CFG,2,6.470816470719008,Clean
NET_DVR_PATROL_SCENE_INFO,1,6.470816470719008,Clean
NET_DVR_PATROL_TRACKCFG,1,6.470816470719008,Clean
NET_DVR_TRACK_PARAMCFG,2,6.470816470719008,Clean
NET_DVR_DOME_MOVEMENT_PARAM,0,6.470816470719008,Clean
TRAFFIC_AID_TYPE,0,6.470816470719008,Clean
TRAFFIC_SCENE_MODE,0,6.470816470719008,Clean
ITS_ABILITY_TYPE,0,6.470816470719008,Clean
ITS_TPS_TYPE,0,6.470816470719008,Clean
NET_DVR_REGION_LIST,2,6.470816470719008,Clean
NET_DVR_DIRECTION,1,6.470816470719008,Clean
NET_DVR_ONE_LANE,3,6.470816470719008,Clean
NET_DVR_LANE_CFG,1,6.470816470719008,Clean
NET_DVR_AID_PARAM,3,6.470816470719008,Clean
NET_DVR_ONE_AID_RULE,3,6.470816470719008,Clean
NET_DVR_AID_RULECFG,2,6.470816470719008,Clean
NET_DVR_ONE_AID_RULE_V41,3,6.470816470719008,Clean
NET_DVR_AID_RULECFG_V41,2,6.470816470719008,Clean
NET_DVR_ONE_TPS_RULE,3,6.470816470719008,Clean
NET_DVR_TPS_RULECFG,1,6.470816470719008,Clean
NET_DVR_ONE_TPS_RULE_V41,3,6.470816470719008,Clean
NET_DVR_TPS_RULECFG_V41,1,6.470816470719008,Clean
NET_DVR_AID_INFO,3,6.470816470719008,Clean
NET_DVR_AID_ALARM,3,6.470816470719008,Clean
NET_DVR_LANE_QUEUE,2,6.470816470719008,Clean
TRAFFIC_DATA_VARY_TYPE,0,6.470816470719008,Clean
NET_DVR_LANE_PARAM,3,6.470816470719008,Clean
NET_DVR_TPS_INFO,0,6.470816470719008,Clean
NET_DVR_TPS_ALARM,3,6.470816470719008,Clean
TRAFFIC_DATA_VARY_TYPE_EX_ENUM,0,6.470816470719008,Clean
NET_DVR_LANE_PARAM_V41,3,6.470816470719008,Clean
NET_DVR_TPS_INFO_V41,1,6.470816470719008,Clean
NET_DVR_FACEDETECT_RULECFG,3,6.470816470719008,Clean
NET_DVR_FACE_PIPCFG,2,6.470816470719008,Clean
NET_DVR_FACEDETECT_RULECFG_V41,3,6.470816470719008,Clean
NET_DVR_FACEDETECT_ALARM,3,6.470816470719008,Clean
NET_DVR_EVENT_PARAM_UNION,1,6.470816470719008,Clean
NET_DVR_EVENT_INFO,2,6.470816470719008,Clean
NET_DVR_EVENT_INFO_LIST,1,6.470816470719008,Clean
NET_DVR_RULE_INFO_ALARM,3,6.470816470719008,Clean
NET_DVR_ONE_SCENE_TIME,2,6.470816470719008,Clean
NET_DVR_SCENE_TIME_CFG,1,6.470816470719008,Clean
NET_DVR_ONE_SCENE_CFG,2,6.470816470719008,Clean
NET_DVR_SCENE_CFG,1,6.470816470719008,Clean
NET_DVR_SCENE_COND,2,6.470816470719008,Clean
NET_DVR_FORENSICS_MODE,1,6.470816470719008,Clean
NET_DVR_SCENE_INFO,2,6.470816470719008,Clean
NET_DVR_AID_ALARM_V41,3,6.470816470719008,Clean
NET_DVR_TPS_ALARM_V41,3,6.470816470719008,Clean
NET_DVR_VCA_VERSION,2,6.470816470719008,Clean
NET_DVR_PLATE_PARAM,1,6.470816470719008,Clean
NET_DVR_PLATECFG,3,6.470816470719008,Clean
NET_DVR_PLATE_INFO,3,6.470816470719008,Clean
NET_DVR_PLATERECO_RESULE,3,6.470816470719008,Clean
NET_DVR_IO_INCFG,1,6.470816470719008,Clean
NET_DVR_IO_OUTCFG,2,6.470816470719008,Clean
NET_DVR_FLASH_OUTCFG,2,6.470816470719008,Clean
NET_DVR_LIGHTSNAPCFG,2,6.470816470719008,Clean
NET_DVR_MEASURESPEEDCFG,2,6.470816470719008,Clean
NET_DVR_VIDEOEFFECT,3,6.470816470719008,Clean
NET_DVR_GAIN,3,6.470816470719008,Clean
NET_DVR_WHITEBALANCE,3,6.470816470719008,Clean
NET_DVR_EXPOSURE,3,6.470816470719008,Clean
NET_DVR_WDR,3,6.470816470719008,Clean
NET_DVR_DAYNIGHT,3,6.470816470719008,Clean
NET_DVR_GAMMACORRECT,2,6.470816470719008,Clean
NET_DVR_BACKLIGHT,3,6.470816470719008,Clean
NET_DVR_NOISEREMOVE,3,6.470816470719008,Clean
NET_DVR_CMOSMODECFG,3,6.470816470719008,Clean
NET_DVR_CAMERAPARAMCFG,3,6.470816470719008,Clean
NET_DVR_DEFOGCFG,1,6.470816470719008,Clean
NET_DVR_ELECTRONICSTABILIZATION,1,6.470816470719008,Clean
NET_DVR_CORRIDOR_MODE_CCD,0,6.470816470719008,Clean
NET_DVR_SMARTIR_PARAM,1,6.470816470719008,Clean
NET_DVR_PIRIS_PARAM,1,6.470816470719008,Clean
NET_DVR_CAMERAPARAMCFG_EX,4,6.470816470719008,Clean
VCA_PLATE_COLOR,1,6.470816470719008,Clean
VCA_PLATE_TYPE,0,6.470816470719008,Clean
VLR_VEHICLE_CLASS,0,6.470816470719008,Clean
NET_DVR_VEHICLE_INFO,4,6.470816470719008,Clean
NET_DVR_PLATE_RESULT,4,6.470816470719008,Clean
NET_DVR_IMAGEOVERLAYCFG,2,6.470816470719008,Clean
NET_DVR_SNAPCFG,3,6.470816470719008,Clean
ITC_MAINMODE_ABILITY,0,6.470816470719008,Clean
ITC_RECOG_REGION_TYPE,0,6.470816470719008,Clean
NET_DVR_SNAP_ABILITY,2,6.470816470719008,Clean
NET_ITC_ICRTIMECFG,2,6.470816470719008,Clean
NET_ITC_ICR_TIMESWITCH_PARAM,1,6.470816470719008,Clean
NET_ITC_ICR_MANUALSWITCH_PARAM,1,6.470816470719008,Clean
NET_ITC_ICR_AOTOSWITCH_PARAM,0,6.470816470719008,Clean
NET_ITC_ICR_PARAM_UNION,3,6.470816470719008,Clean
NET_ITC_ICRCFG,2,6.470816470719008,Clean
NET_ITC_HANDLEEXCEPTION,2,6.470816470719008,Clean
NET_ITC_EXCEPTION,0,6.470816470719008,Clean
NET_DVR_TRIGCOORDINATE,2,6.470816470719008,Clean
PROVINCE_CITY_IDX,0,6.470816470719008,Clean
NET_DVR_GEOGLOCATION,0,6.470816470719008,Clean
SCENE_MODE,0,6.470816470719008,Clean
NET_DVR_VTPARAM,3,6.470816470719008,Clean
NET_DVR_SNAPENABLECFG,2,6.470816470719008,Clean
NET_DVR_FTPCFG,2,6.470816470719008,Clean
NET_DVR_PICTURE_NAME,0,6.470816470719008,Clean
NET_DVR_PICTURE_NAME_EX,1,6.470816470719008,Clean
NET_DVR_SERIAL_CATCHPIC_PARA,2,6.470816470719008,Clean
NET_DVR_JPEGCFG_V30,3,6.470816470719008,Clean
NET_DVR_MANUALSNAP,0,6.470816470719008,Clean
NET_DVR_SPRCFG,2,6.470816470719008,Clean
NET_DVR_PLCCFG,2,6.470816470719008,Clean
NET_DVR_DEVICESTATECFG,2,6.470816470719008,Clean
NET_DVR_POSTEPOLICECFG,2,6.470816470719008,Clean
NET_DVR_PROTO_TYPE,0,6.470816470719008,Clean
NET_DVR_IPC_PROTO_LIST,2,6.470816470719008,Clean
NET_DVR_TRAVERSE_PLANE_SEARCHCOND,2,6.470816470719008,Clean
NET_DVR_INTRUSION_SEARCHCOND,2,6.470816470719008,Clean
NET_DVR_AREA_SMARTSEARCH_COND_UNION,2,6.470816470719008,Clean
NET_DVR_SMART_SEARCH_PARAM,3,6.470816470719008,Clean
NET_DVR_SMART_SEARCH_RET,1,6.470816470719008,Clean
NET_DVR_IPSAN_SERACH_PARAM,1,6.470816470719008,Clean
NET_DVR_IPSAN_SERACH_RET,0,6.470816470719008,Clean
NET_DVR_DEVICECFG_V40,3,6.470816470719008,Clean
NET_DVR_ZEROCHANCFG,2,6.470816470719008,Clean
NET_DVR_ZERO_ZOOMCFG,2,6.470816470719008,Clean
NET_DVR_SNMPCFG,2,6.470816470719008,Clean
NET_DVR_SNMPv3_USER,2,6.470816470719008,Clean
NET_DVR_SNMPCFG_V30,2,6.470816470719008,Clean
NET_DVR_SADPINFO,2,6.470816470719008,Clean
NET_DVR_SADPINFO_LIST,2,6.470816470719008,Clean
NET_DVR_SADP_VERIFY,2,6.470816470719008,Clean
NET_DVR_DESC_NODE,2,6.470816470719008,Clean
NET_DVR_DISKABILITY_LIST,1,6.470816470719008,Clean
NET_DVR_BACKUP_NAME_PARAM,2,6.470816470719008,Clean
NET_DVR_BACKUP_TIME_PARAM,2,6.470816470719008,Clean
COMPRESSION_ABILITY_TYPE,0,6.470816470719008,Clean
NET_DVR_ABILITY_LIST,2,6.470816470719008,Clean
NET_DVR_COMPRESSIONCFG_ABILITY,1,6.470816470719008,Clean
NET_DVR_HOLIDATE_MODEA,2,6.470816470719008,Clean
NET_DVR_HOLIDATE_MODEB,2,6.470816470719008,Clean
NET_DVR_HOLIDATE_MODEC,2,6.470816470719008,Clean
NET_DVR_HOLIDATE_UNION,2,6.470816470719008,Clean
HOLI_DATE_MODE,0,6.470816470719008,Clean
NET_DVR_HOLIDAY_PARAM,2,6.470816470719008,Clean
NET_DVR_HOLIDAY_PARAM_CFG,1,6.470816470719008,Clean
NET_DVR_HOLIDAY_HANDLE,1,6.470816470719008,Clean
NET_DVR_HOLIDAY_RECORD,2,6.470816470719008,Clean
NET_DVR_ONE_LINK,1,6.470816470719008,Clean
NET_DVR_LINK_STATUS,2,6.470816470719008,Clean
NET_DVR_ONE_BONDING,3,6.470816470719008,Clean
NET_DVR_NETWORK_BONDING,2,6.470816470719008,Clean
NET_DVR_DISK_QUOTA,2,6.470816470719008,Clean
NET_DVR_DISK_QUOTA_CFG,2,6.470816470719008,Clean
NET_DVR_TIMING_CAPTURE,2,6.470816470719008,Clean
NET_DVR_REL_CAPTURE_CHAN,0,6.470816470719008,Clean
NET_DVR_REL_CAPTURE_CHAN_V40,1,6.470816470719008,Clean
NET_DVR_EVENT_CAPTURE_V40,2,6.470816470719008,Clean
NET_DVR_EVENT_CAPTURE,2,6.470816470719008,Clean
NET_DVR_JPEG_CAPTURE_CFG_V40,3,6.470816470719008,Clean
NET_DVR_JPEG_CAPTURE_CFG,3,6.470816470719008,Clean
NET_DVR_CAPTURE_DAY,1,6.470816470719008,Clean
NET_DVR_CAPTURE_SCHED,1,6.470816470719008,Clean
NET_DVR_SCHED_CAPTURECFG,2,6.470816470719008,Clean
NET_DVR_FLOW_TEST_PARAM,2,6.470816470719008,Clean
NET_DVR_FLOW_INFO,2,6.470816470719008,Clean
NET_DVR_RECORD_LABEL,2,6.470816470719008,Clean
NET_DVR_LABEL_IDENTIFY,1,6.470816470719008,Clean
NET_DVR_DEL_LABEL_PARAM,2,6.470816470719008,Clean
NET_DVR_MOD_LABEL_PARAM,2,6.470816470719008,Clean
NET_DVR_FIND_LABEL,2,6.470816470719008,Clean
NET_DVR_FINDLABEL_DATA,3,6.470816470719008,Clean
NET_DVR_FIND_PICTURE_PARAM,2,6.470816470719008,Clean
NET_DVR_FIND_PICTURE,2,6.470816470719008,Clean
NET_DVR_BACKUP_PICTURE_PARAM,2,6.470816470719008,Clean
NET_DVR_COMPRESSION_LIMIT,2,6.470816470719008,Clean
NET_DVR_VIDEO_EFFECT,2,6.470816470719008,Clean
NET_DVR_VIDEO_INPUT_EFFECT,2,6.470816470719008,Clean
NET_DVR_VIDEOPARA_V40,2,6.470816470719008,Clean
NET_DVR_DEFAULT_VIDEO_COND,2,6.470816470719008,Clean
NET_DVR_ENCODE_JOINT_PARAM,2,6.470816470719008,Clean
NET_DVR_VCA_CHAN_WORKSTATUS,2,6.470816470719008,Clean
NET_DVR_VCA_DEV_WORKSTATUS,2,6.470816470719008,Clean
UNION_VIDEOPLATFORM_V40,1,6.470816470719008,Clean
UNION_NOTVIDEOPLATFORM_V40,0,6.470816470719008,Clean
NET_DVR_VGA_DISP_CHAN_CFG_V40,2,6.470816470719008,Clean
NET_DVR_V6SUBSYSTEMPARAM,0,6.470816470719008,Clean
NET_DVR_CORRECT_DEADPIXEL_PARAM,2,6.470816470719008,Clean
NET_DVR_REDAREACFG,2,6.470816470719008,Clean
NET_DVR_HISTORICDATACFG,1,6.470816470719008,Clean
NET_DVR_INQUEST_ROOM,0,6.470816470719008,Clean
NET_DVR_INQUEST_MESSAGE,0,6.470816470719008,Clean
NET_DVR_INQUEST_SENSOR_DEVICE,1,6.470816470719008,Clean
NET_DVR_INQUEST_SENSOR_INFO,1,6.470816470719008,Clean
NET_DVR_INQUEST_ROOM_INFO,2,6.470816470719008,Clean
uCalcMode,0,6.470816470719008,Clean
NET_DVR_INQUEST_SYSTEM_INFO,2,6.470816470719008,Clean
NET_DVR_INQUEST_RESUME_SEGMENT,2,6.470816470719008,Clean
NET_DVR_INQUEST_RESUME_EVENT,1,6.470816470719008,Clean
NET_DVR_INQUEST_DEVICE_VERSION,2,6.470816470719008,Clean
NET_DVR_DISK_RAID_INFO,1,6.470816470719008,Clean
NET_DVR_SYNCHRONOUS_IPC,1,6.470816470719008,Clean
NET_DVR_IPC_PASSWD,2,6.470816470719008,Clean
NET_DEVICE_NET_USING_INFO,2,6.470816470719008,Clean
NET_DVR_IPC_NETCFG,2,6.470816470719008,Clean
NET_DVR_TIME_LOCK,3,6.470816470719008,Clean
NET_DVR_LOCK_RETURN,2,6.470816470719008,Clean
NET_SDK_UPLOAD_TYPE,0,6.470816470719008,Clean
NET_SDK_DOWNLOAD_TYPE,0,6.470816470719008,Clean
NET_SDK_DOWNLOAD_STATUS,0,6.470816470719008,Clean
NET_DVR_BONJOUR_CFG,2,6.470816470719008,Clean
NET_DVR_SOCKS_CFG,2,6.470816470719008,Clean
NET_DVR_QOS_CFG,2,6.470816470719008,Clean
NET_DVR_HTTPS_CFG,2,6.470816470719008,Clean
NET_DVR_CERT_NAME,2,6.470816470719008,Clean
NET_DVR_CERT_PARAM,2,6.470816470719008,Clean
NET_DVR_CERT_INFO,3,6.470816470719008,Clean
NET_DVR_CHANS_RECORD_STATUS,2,6.470816470719008,Clean
NET_DVR_IP_ALARM_GROUP_NUM,2,6.470816470719008,Clean
NET_DVR_CHAN_GROUP_RECORD_STATUS,0,6.470816470719008,Clean
NET_DVR_RECTCFG,3,6.470816470719008,Clean
NET_DVR_WINCFG,2,6.470816470719008,Clean
NET_DVR_ALLWINCFG,1,6.470816470719008,Clean
NET_DVR_SCREENZOOM,2,6.470816470719008,Clean
NET_MATRIX_CAMERAINFO,2,6.470816470719008,Clean
NET_MATRIX_MONITORINFO,2,6.470816470719008,Clean
NET_MATRIX_DIGITALMATRIX,2,6.470816470719008,Clean
NET_MATRIX_ANALOGMATRIX,2,6.470816470719008,Clean
NET_MATRIX_UNION,0,6.470816470719008,Clean
NET_MATRIX_MATRIXINFO,3,6.470816470719008,Clean
NET_DVR_MATRIXLIST,2,6.470816470719008,Clean
NET_MATRIX_UARTPARAM,2,6.470816470719008,Clean
NET_MATRIX_USERPARAM,2,6.470816470719008,Clean
NET_MATRIX_RESOURSEGROUPPARAM,2,6.470816470719008,Clean
NET_MATRIX_USERGROUPPARAM,2,6.470816470719008,Clean
NET_MATRIX_TRUNKPARAM,2,6.470816470719008,Clean
NET_DVR_MATRIX_TRUNKLIST,2,6.470816470719008,Clean
NET_DVR_PROTO_TYPE_EX,1,6.470816470719008,Clean
NET_DVR_MATRIXMANAGE_ABIILITY,2,6.470816470719008,Clean
NET_VCA_SINGLE_FACESNAPCFG,3,6.470816470719008,Clean
NET_VCA_FACESNAPCFG,2,6.470816470719008,Clean
NET_VCA_FACESNAP_RESULT,3,6.470816470719008,Clean
NET_DVR_DEFOCUS_ALARM,1,6.470816470719008,Clean
NET_DVR_AUDIOEXCEPTION_ALARM,2,6.470816470719008,Clean
NET_BUTTON_DOWN_EXCEPTION_ALARM,1,6.470816470719008,Clean
NET_VCA_FD_IMAGE_CFG,2,6.470816470719008,Clean
NET_VCA_FD_PROCIMG_CFG,3,6.470816470719008,Clean
NET_VCA_SUB_PROCIMG,2,6.470816470719008,Clean
NET_VCA_FD_PROCIMG_RESULT,2,6.470816470719008,Clean
NET_VCA_PICMODEL_RESULT,2,6.470816470719008,Clean
NET_VCA_REGISTER_PIC,2,6.470816470719008,Clean
NET_DVR_AREAINFOCFG,3,6.470816470719008,Clean
NET_VCA_HUMAN_ATTRIBUTE,3,6.470816470719008,Clean
NET_VCA_HUMANATTRIBUTE_COND,2,6.470816470719008,Clean
NET_VCA_BLACKLIST_INFO,3,6.470816470719008,Clean
NET_VCA_BLACKLIST_PARA,2,6.470816470719008,Clean
NET_VCA_BLACKLIST_COND,2,6.470816470719008,Clean
NET_VCA_BLACKLIST_PIC,2,6.470816470719008,Clean
NET_VCA_FIND_PICTURECOND,2,6.470816470719008,Clean
NET_VCA_SUB_SNAPPIC_DATA,2,6.470816470719008,Clean
NET_VCA_ADVANCE_FIND,0,6.470816470719008,Clean
NET_VCA_NORMAL_FIND,2,6.470816470719008,Clean
NET_VCA_FIND_SNAPPIC_UNION,0,6.470816470719008,Clean
VCA_FIND_SNAPPIC_TYPE,0,6.470816470719008,Clean
NET_VCA_FIND_PICTURECOND_ADVANCE,3,6.470816470719008,Clean
NET_VCA_FACESNAP_INFO_ALARM,2,6.470816470719008,Clean
NET_VCA_BLACKLIST_INFO_ALARM,2,6.470816470719008,Clean
NET_VCA_FACESNAP_MATCH_ALARM,3,6.470816470719008,Clean
NET_VCA_BLACKLIST_INFO_ALARM_LOG,1,6.470816470719008,Clean
NET_VCA_FACESNAP_INFO_ALARM_LOG,2,6.470816470719008,Clean
NET_VCA_FACESNAP_MATCH_ALARM_LOG,3,6.470816470719008,Clean
NET_VCA_FACEMATCH_PICCOND,2,6.470816470719008,Clean
NET_VCA_FACEMATCH_PICTURE,2,6.470816470719008,Clean
NET_VCA_BLACKLIST_FASTREGISTER_PARA,2,6.470816470719008,Clean
NET_VCA_SINGLE_PATH,2,6.470816470719008,Clean
NET_VCA_SAVE_PATH_CFG,1,6.470816470719008,Clean
NET_DVR_DEV_ACCESS_CFG,2,6.470816470719008,Clean
NET_DVR_DISPWINDOWMODE,2,6.470816470719008,Clean
NET_DVR_DISPINFO,3,6.470816470719008,Clean
NET_DVR_SCREENINFO,2,6.470816470719008,Clean
NET_DVR_MATRIX_ABILITY_V41,3,6.470816470719008,Clean
NET_DVR_VIDEO_PLATFORM,1,6.470816470719008,Clean
VideoPlatform,2,6.470816470719008,Clean
NotVideoPlatform,0,6.470816470719008,Clean
NET_DVR_MATRIX_VOUTCFG,2,6.470816470719008,Clean
NET_DVR_DISP_CHAN_STATUS_V41,2,6.470816470719008,Clean
NET_DVR_DECODER_WORK_STATUS_V41,2,6.470816470719008,Clean
NET_DVR_MATRIX_DEC_REMOTE_PLAY_V41,3,6.470816470719008,Clean
NET_DVR_RECTCFG_SCENE,2,6.470816470719008,Clean
NET_DVR_SCENEDISPCFG,2,6.470816470719008,Clean
NET_DVR_DEV_CHAN_INFO_SCENE,3,6.470816470719008,Clean
NET_DVR_STREAM_MEDIA_SERVER_CFG_SCENE,3,6.470816470719008,Clean
NET_DVR_PU_STREAM_CFG_SCENE,1,6.470816470719008,Clean
NET_DVR_CYC_SUR_CHAN_ELE_SCENE,3,6.470816470719008,Clean
NET_DVR_MATRIX_LOOP_DECINFO_SCENE,2,6.470816470719008,Clean
NET_DVR_DECODECHANCFG_SCENE,2,6.470816470719008,Clean
STRUDECCFG,0,6.470816470719008,Clean
NET_DVR_BIGSCREENCFG_SCENE,3,6.470816470719008,Clean
NET_DVR_MATRIX_SCENECFG,3,6.470816470719008,Clean
NET_DVR_BIGSCREENASSOCIATECFG,2,6.470816470719008,Clean
NET_DVR_SCREEN_WINCFG,2,6.470816470719008,Clean
NET_DVR_WINLIST,2,6.470816470719008,Clean
NET_DVR_LAYOUTCFG,2,6.470816470719008,Clean
NET_DVR_LAYOUT_LIST,1,6.470816470719008,Clean
NET_DVR_CAM_MODE,0,6.470816470719008,Clean
NET_DVR_INPUTSTREAMCFG,3,6.470816470719008,Clean
NET_DVR_INPUTSTREAM_LIST,1,6.470816470719008,Clean
NET_DVR_OUTPUTPARAM,2,6.470816470719008,Clean
NET_DVR_OUTPUTCFG,2,6.470816470719008,Clean
NET_DVR_SCREENSERVER_ABILITY,2,6.470816470719008,Clean
NET_DVR_SCREENCONTROL_ABILITY,2,6.470816470719008,Clean
NET_DVR_ANALOGINPUTSTATUS,2,6.470816470719008,Clean
NET_DVR_INPUTSTATUS_UNION,0,6.470816470719008,Clean
NET_DVR_INPUTSTATUS,2,6.470816470719008,Clean
NET_DVR_SCREENINPUTSTATUS,2,6.470816470719008,Clean
NET_DVR_SCREENALARMCFG,2,6.470816470719008,Clean
NET_DVR_MATRIX_CFG,2,6.470816470719008,Clean
NET_DVR_DIGITALSCREEN,1,6.470816470719008,Clean
NET_DVR_ANALOGSCREEN,2,6.470816470719008,Clean
NET_DVR_SCREEN_UNION,0,6.470816470719008,Clean
NET_DVR_SCREEN_SCREENINFO,2,6.470816470719008,Clean
NET_DVR_BASEMAP_CFG,2,6.470816470719008,Clean
NET_DVR_OSDCFG,2,6.470816470719008,Clean
NET_DVR_SERIAL_CONTROL,2,6.470816470719008,Clean
INPUT_INTERFACE_TYPE,0,6.470816470719008,Clean
NET_DVR_INPUT_INTERFACE_CTRL,0,6.470816470719008,Clean
NET_DVR_DISPLAY_COLOR_CTRL,1,6.470816470719008,Clean
NET_DVR_DISPLAY_POSITION_CTRL,1,6.470816470719008,Clean
NET_DVR_SCREEN_CONTROL_PARAM,3,6.470816470719008,Clean
NET_DVR_SCREEN_CONTROL,2,6.470816470719008,Clean
NET_DVR_SCREEN_CONTROL_V41,2,6.470816470719008,Clean
NET_DVR_PLAN_OPERATE_TYPE,0,6.470816470719008,Clean
NET_DVR_PLAN_INFO,2,6.470816470719008,Clean
NET_DVR_CYCLE_TIME,1,6.470816470719008,Clean
NET_DVR_PLAN_CFG,2,6.470816470719008,Clean
NET_DVR_PLAN_LIST,2,6.470816470719008,Clean
NET_DVR_CONTROL_PARAM,2,6.470816470719008,Clean
NET_DVR_DEVICE_RUN_STATUS,2,6.470816470719008,Clean
NET_DVR_ACCESS_CAMERA_INFO,2,6.470816470719008,Clean
NET_DVR_AUDIO_INPUT_PARAM,2,6.470816470719008,Clean
NET_DVR_CAMERA_DEHAZE_CFG,2,6.470816470719008,Clean
NET_DVR_INPUT_SIGNAL_LIST,2,6.470816470719008,Clean
NET_DVR_RECORD_TIME_SPAN_INQUIRY,1,6.470816470719008,Clean
NET_DVR_RECORD_TIME_SPAN,2,6.470816470719008,Clean
NET_DVR_DRAWFRAME_DISK_QUOTA_CFG,2,6.470816470719008,Clean
NET_DVR_NAT_PORT,1,6.470816470719008,Clean
NET_DVR_NAT_CFG,3,6.470816470719008,Clean
NET_DVR_UPNP_PORT_STATE,2,6.470816470719008,Clean
NET_DVR_UPNP_NAT_STATE,0,6.470816470719008,Clean
NET_DVR_PLAYCOND,2,6.470816470719008,Clean
NET_DVR_VOD_PARA,3,6.470816470719008,Clean
NET_DVR_ATMFINDINFO,1,6.470816470719008,Clean
NET_DVR_SPECIAL_FINDINFO_UNION,0,6.470816470719008,Clean
NET_DVR_FILECOND_V40,3,6.470816470719008,Clean
NET_DVR_AES_KEY_INFO,0,6.470816470719008,Clean
NET_DVR_POE_CFG,0,6.470816470719008,Clean
NET_DVR_CUSTOM_PROTOCAL,2,6.470816470719008,Clean
NET_DVR_PREVIEWINFO,3,6.470816470719008,Clean
NET_ITS_OVERLAPCFG_COND,2,6.470816470719008,Clean
NET_ITS_OVERLAP_SINGLE_ITEM_PARAM,2,6.470816470719008,Clean
NET_ITS_OVERLAP_ITEM_PARAM,2,6.470816470719008,Clean
NET_ITS_OVERLAP_INFO_PARAM,2,6.470816470719008,Clean
NET_ITS_OVERLAP_CFG,3,6.470816470719008,Clean
NET_DVR_SETUPALARM_PARAM,3,6.470816470719008,Clean
NET_ITS_GATE_VEHICLE,3,6.470816470719008,Clean
NET_ITS_PICTURE_INFO,2,6.470816470719008,Clean
NET_ITS_PLATE_RESULT,3,6.470816470719008,Clean
IVS_PARAM_KEY,0,6.470816470719008,Clean
NET_DVR_LF_CALIBRATION_PARAM,1,6.470816470719008,Clean
NET_DVR_LF_CFG,2,6.470816470719008,Clean
NET_DVR_LF_MANUAL_CTRL_INFO,0,6.470816470719008,Clean
NET_DVR_LF_TRACK_TARGET_INFO,0,6.470816470719008,Clean
NET_DVR_LF_TRACK_MODE,1,6.470816470719008,Clean
VCA_RECOGNIZE_SCENE,0,6.470816470719008,Clean
VCA_RECOGNIZE_RESULT,0,6.470816470719008,Clean
VCA_TRIGGER_TYPE,0,6.470816470719008,Clean
NET_VCA_PLATE_PARAM,2,6.470816470719008,Clean
NET_VCA_PLATEINFO,1,6.470816470719008,Clean
NET_VCA_PLATECFG,3,6.470816470719008,Clean
NET_VCA_PLATE_INFO,3,6.470816470719008,Clean
NET_VCA_PLATE_RESULT,2,6.470816470719008,Clean
NET_VCA_LINE_SEGMENT,2,6.470816470719008,Clean
NET_VCA_LINE_SEG_LIST,2,6.470816470719008,Clean
NET_DVR_PLATE_RET,2,6.470816470719008,Clean
NET_DVR_CCD_CFG,2,6.470816470719008,Clean
tagCAMERAPARAMCFG,2,6.470816470719008,Clean
tagIMAGEREGION,2,6.470816470719008,Clean
tagIMAGESUBPARAM,2,6.470816470719008,Clean
tagIMAGEPARAM,1,6.470816470719008,Clean
PLAY_INFO,2,6.470816470719008,Clean
BLOCKTIME,3,6.470816470719008,Clean
VODSEARCHPARAM,2,6.470816470719008,Clean
SECTIONLIST,2,6.470816470719008,Clean
VODOPENPARAM,2,6.470816470719008,Clean
CONNPARAM,0,6.470816470719008,Clean
PACKET_INFO,2,6.470816470719008,Clean
STOREINFO,2,6.470816470719008,Clean
CREATEFILE_INFO,2,6.470816470719008,Clean
CLOSEFILE_INFO,2,6.470816470719008,Clean
NET_DVR_LOG_MATRIX,3,6.470816470719008,Clean
tagVEDIOPLATLOG,2,6.470816470719008,Clean
HaiKangSDKManager,5,6.470816470719008,Clean
HaiKangPalteResult,2,6.470816470719008,Clean
ICE_OSDAttr_S,2,6.470816470719008,Clean
ICE_VBR_RESULT_S,2,6.470816470719008,Clean
ICE_VDC_PICTRUE_INFO_S,1,6.470816470719008,Clean
ZhiXinSDK,5,6.470816470719008,Clean
ZhiXinSDKManager,7,6.470816470719008,Fault_proner
ZhiXinPalteResult,3,6.470816470719008,Clean
MonthCardReportToExcel,7,6.470816470719008,Fault_proner
MonthCardPaymentInfo,1,6.470816470719008,Clean
CardPaymentReportToExcel,6,6.470816470719008,Clean
Resource1_duplicated_duplicated,2,6.470816470719008,Clean
ActionParameter,2,6.470816470719008,Clean
CANEntrance,8,6.470816470719008,Fault_proner
CANPark,7,6.470816470719008,Fault_proner
OrderCode,4,6.470816470719008,Clean
CardValidVoice,3,6.470816470719008,Clean
CommComponent,7,6.470816470719008,Fault_proner
Packet,6,6.470816470719008,Clean
PacketCreater,5,6.470816470719008,Clean
PacketStream,5,6.470816470719008,Clean
NETPark,8,6.470816470719008,Fault_proner
NetEntrance,8,6.470816470719008,Fault_proner
Resource1_duplicated_duplicated_duplicated,2,6.470816470719008,Clean
TicketIDCreater,1,6.470816470719008,Clean
EntranceBase,9,6.470816470719008,Fault_proner
EntranceOperationStatus,1,6.470816470719008,Clean
ParkBase,9,6.470816470719008,Fault_proner
AppSettings,8,6.470816470719008,Fault_proner
APMStatus,2,6.470816470719008,Clean
CardListType,1,6.470816470719008,Clean
CardOptions,1,6.470816470719008,Clean
CarPlateComparisonResult,1,6.470816470719008,Clean
CarPlateRecognizationType,1,6.470816470719008,Clean
CommandType,1,6.470816470719008,Clean
DataBaseConnectionStatus,1,6.470816470719008,Clean
DataBaseType,1,6.470816470719008,Clean
EntranceCardTypeProperty,1,6.470816470719008,Clean
DiscountCalculateType,0,6.470816470719008,Clean
EntranceDeviceType,1,6.470816470719008,Clean
EntranceReader,1,6.470816470719008,Clean
EntranceWorkmodeOption,2,6.470816470719008,Clean
ActionType,1,6.470816470719008,Clean
CardStatus,1,6.470816470719008,Clean
CardType,6,6.470816470719008,Clean
EntranceStatus,1,6.470816470719008,Clean
EventInvalidType,2,6.470816470719008,Clean
AlarmType,2,6.470816470719008,Clean
DivisionType,0,6.470816470719008,Clean
ParkListMode,1,6.470816470719008,Clean
PREPermission,2,6.470816470719008,Clean
ReaderReadMode,1,6.470816470719008,Clean
RecordType,1,6.470816470719008,Clean
LinkMode,0,6.470816470719008,Clean
GateOperation,1,6.470816470719008,Clean
ParkingStatus,2,6.470816470719008,Clean
PaymentCode,1,6.470816470719008,Clean
PaymentMode,1,6.470816470719008,Clean
APMLogType,1,6.470816470719008,Clean
Permission,2,6.470816470719008,Clean
OperatorRightAttribute,3,6.470816470719008,Clean
RoadMode,1,6.470816470719008,Clean
SMSSendStatus,1,6.470816470719008,Clean
SystemType,0,6.470816470719008,Clean
TariffType,1,6.470816470719008,Clean
VehicleLEDMessageType,2,6.470816470719008,Clean
VideoServerType,1,6.470816470719008,Clean
VipVisitorStatus,0,6.470816470719008,Clean
ParkWorkMode,1,6.470816470719008,Clean
WaitingCommandStatus,1,6.470816470719008,Clean
CardPaymentInfoFactory,6,6.470816470719008,Clean
ParkBillFactory,3,6.470816470719008,Clean
IReportHandler,2,6.470816470719008,Clean
AccessInfo,6,6.470816470719008,Clean
AccessSetting,7,6.470816470719008,Fault_proner
AccessTimeZone,5,6.470816470719008,Clean
AccountingOption,0,6.470816470719008,Clean
APM,4,6.470816470719008,Clean
APMCheckOutRecord,3,6.470816470719008,Clean
APMRefundRecord,6,6.470816470719008,Clean
BaseCardTypeSetting,6,6.470816470719008,Clean
CanAddress,3,6.470816470719008,Clean
CardChargeRecordSerializer,3,6.470816470719008,Clean
CardDateResolver,7,6.470816470719008,Fault_proner
CardDeleteRecord,4,6.470816470719008,Clean
CardEventRecord,5,6.470816470719008,Clean
CardOperationManager,7,6.470816470719008,Fault_proner
CardPaymentInfo,4,6.470816470719008,Clean
CardPaymentInfoSerializer,4,6.470816470719008,Clean
CarPortSetting,4,6.470816470719008,Clean
CarTypeSetting,7,6.470816470719008,Fault_proner
CarType,2,6.470816470719008,Clean
CollectInfo,2,6.470816470719008,Clean
CustomCardTypeSetting,6,6.470816470719008,Clean
DataBaseConnectionsManager,5,6.470816470719008,Clean
DatetimeInterval,6,6.470816470719008,Clean
DeptInfo,3,6.470816470719008,Clean
DiscountCalculateSetting,3,6.470816470719008,Clean
DiscountMeta,5,6.470816470719008,Clean
DiscountRecordInfo,3,6.470816470719008,Clean
ETCPaymentRecord,4,6.470816470719008,Clean
FreeAuthorizationLog,2,6.470816470719008,Clean
GlobalVariables,6,6.470816470719008,Clean
HolidayInfo,5,6.470816470719008,Clean
HolidaySetting,6,6.470816470719008,Clean
HostStandbySetting,6,6.470816470719008,Clean
SMSItem,1,6.470816470719008,Clean
HostStandbyStatus,1,6.470816470719008,Clean
ServerSwitchRemind,1,6.470816470719008,Clean
KeySetting,7,6.470816470719008,Fault_proner
ListCardIDCreater,2,6.470816470719008,Clean
ParkAccountsInfo,3,6.470816470719008,Clean
APMLog,2,6.470816470719008,Clean
ParkCarPort,2,6.470816470719008,Clean
ParkingCouponInfo,4,6.470816470719008,Clean
ParkingParameterDataBuffer,3,6.470816470719008,Clean
PREBusinesses,2,6.470816470719008,Clean
PREOperatorInfo,7,6.470816470719008,Fault_proner
PREPreferentialInfo,4,6.470816470719008,Clean
PREPreferentialLog,3,6.470816470719008,Clean
PRERoleInfo,4,6.470816470719008,Clean
PRESysOption,2,6.470816470719008,Clean
PRESysOptionSetting,3,6.470816470719008,Clean
PREWorkstation,2,6.470816470719008,Clean
PREWorkstationSetting,3,6.470816470719008,Clean
RecordTypeSerializer,4,6.470816470719008,Clean
RoadWayInfo,2,6.470816470719008,Clean
RotationInfo,2,6.470816470719008,Clean
ServerSwitchRecord,2,6.470816470719008,Clean
SpeedingLog,2,6.470816470719008,Clean
SpeedingRecord,2,6.470816470719008,Clean
SQLStringHelper,4,6.470816470719008,Clean
TariffBase,7,6.470816470719008,Fault_proner
TariffOfDixiakongjian,8,6.470816470719008,Fault_proner
TariffOfThreeTimeZone,7,6.470816470719008,Fault_proner
TariffOfTurning,7,6.470816470719008,Fault_proner
TariffOfGuanZhou,8,6.470816470719008,Fault_proner
TariffOfLimitation,8,6.470816470719008,Fault_proner
TariffOfTurningLimited,8,6.470816470719008,Fault_proner
TariffPerDay,7,6.470816470719008,Fault_proner
TariffPerTime,6,6.470816470719008,Clean
TariffTimeZone,7,6.470816470719008,Fault_proner
TariffTwoZoneCharge,3,6.470816470719008,Clean
TariffSetting,7,6.470816470719008,Fault_proner
TimeZone,6,6.470816470719008,Clean
TollOptionSetting,6,6.470816470719008,Clean
VehicleLedSetting,6,6.470816470719008,Clean
VehicleLedItem,4,6.470816470719008,Clean
WintoneCarPlateSetting,3,6.470816470719008,Clean
YangChenTongLog,2,6.470816470719008,Clean
YCTBlacklist,4,6.470816470719008,Clean
YCTPaymentRecord,5,6.470816470719008,Clean
YCTPaymentRecordState,1,6.470816470719008,Clean
ZSTSetting,4,6.470816470719008,Clean
ZSTItem,2,6.470816470719008,Clean
ChargeUnit,5,6.470816470719008,Clean
UserSetting,4,6.470816470719008,Clean
SnapShot,6,6.470816470719008,Clean
AlarmInfo,3,6.470816470719008,Clean
CardChargeRecord,4,6.470816470719008,Clean
CardDeferRecord,4,6.470816470719008,Clean
CardDisableEnableRecord,2,6.470816470719008,Clean
CarFlowStatistics,1,6.470816470719008,Clean
CarFlowStatisticsType,1,6.470816470719008,Clean
CardLostRestoreRecord,4,6.470816470719008,Clean
CardRecycleRecord,4,6.470816470719008,Clean
CardReleaseRecord,4,6.470816470719008,Clean
OperatorSettleLog,3,6.470816470719008,Clean
TimeEntity,6,6.470816470719008,Clean
VideoSourceInfo,6,6.470816470719008,Clean
WaitingCommandInfo,3,6.470816470719008,Clean
CardInfo,7,6.470816470719008,Fault_proner
EntranceInfo,8,6.470816470719008,Fault_proner
OperatorInfo,7,6.470816470719008,Fault_proner
ParkInfo,6,6.470816470719008,Clean
RoleInfo,5,6.470816470719008,Clean
SysparameterInfo,4,6.470816470719008,Clean
WorkStationInfo,7,6.470816470719008,Fault_proner
DeviceModeNotify,3,6.470816470719008,Clean
DeviceWorkMode,0,6.470816470719008,Clean
EntranceSwitchNotify,4,6.470816470719008,Clean
QueryParkFeeNotify,2,6.470816470719008,Clean
EntranceRemainTempCardNotify,4,6.470816470719008,Clean
RemoteReadCardNotify,6,6.470816470719008,Clean
UpdateSystemParamSettingNotity,4,6.470816470719008,Clean
FetchCardRequesNotify,3,6.470816470719008,Clean
EventInvalidNotify,3,6.470816470719008,Clean
EventValidNotify,4,6.470816470719008,Clean
CarTypeSwitchNotify,4,6.470816470719008,Clean
DeviceReSetNotify,4,6.470816470719008,Clean
DownLoadCardNotify,3,6.470816470719008,Clean
GateOperationNotify,4,6.470816470719008,Clean
FetchEventRequestNotify,3,6.470816470719008,Clean
SetCardMachineNotify,2,6.470816470719008,Clean
SetLedDisplayNotify,3,6.470816470719008,Clean
AddressHelper,4,6.470816470719008,Clean
ArrowDirection,0,6.470816470719008,Clean
CentralController,4,6.470816470719008,Clean
DetectHeight,0,6.470816470719008,Clean
DetectInterval,0,6.470816470719008,Clean
DeviceBase,3,6.470816470719008,Clean
DeviceType,0,6.470816470719008,Clean
ParkingDetector,4,6.470816470719008,Clean
ParkingDetectorStatus,0,6.470816470719008,Clean
ParkingGuideBus,7,6.470816470719008,Fault_proner
ParkingScreen,4,6.470816470719008,Clean
RegionController,5,6.470816470719008,Clean
SubDevice,3,6.470816470719008,Clean
AlarmReport,5,6.470816470719008,Clean
ButtonClickedReport,3,6.470816470719008,Clean
CardCaptureReport,5,6.470816470719008,Clean
RecordID,4,6.470816470719008,Clean
CardEventReport,8,6.470816470719008,Fault_proner
CardEventStatus,1,6.470816470719008,Clean
CardTakeoutReport,5,6.470816470719008,Clean
CarPlateComparer,2,6.470816470719008,Clean
CarplateRecReport,4,6.470816470719008,Clean
CommandEchoReport,3,6.470816470719008,Clean
DeviceResetReport,5,6.470816470719008,Clean
OfflineCardReadReport,4,6.470816470719008,Clean
ParkVacantReport,5,6.470816470719008,Clean
EntranceRemainTempCardReport,5,6.470816470719008,Clean
CardReadReport,6,6.470816470719008,Clean
ReaderLogReport,4,6.470816470719008,Clean
ReportBase,5,6.470816470719008,Clean
CarSenseReport,5,6.470816470719008,Clean
UpdateSystemParamSettingReport,5,6.470816470719008,Clean
WaitingCommandID,3,6.470816470719008,Clean
CardInvalidEventReport,4,6.470816470719008,Clean
EntranceStatusReport,5,6.470816470719008,Clean
AlarmTypeDescription,3,6.470816470719008,Clean
APMStatusDescription,4,6.470816470719008,Clean
BarcodeStatusDescription,1,6.470816470719008,Clean
CardInvalidDescripition,4,6.470816470719008,Clean
CardListTypeDescription,3,6.470816470719008,Clean
CardStatusDescription,3,6.470816470719008,Clean
CarTypeDescription,3,6.470816470719008,Clean
CommandTypeDescription,3,6.470816470719008,Clean
EntranceDeviceTypeDescription,2,6.470816470719008,Clean
ParkListModeDescription,2,6.470816470719008,Clean
EntranceStatusDescription,2,6.470816470719008,Clean
HostStandbyStatusDescription,3,6.470816470719008,Clean
ParkingStatusDescription,4,6.470816470719008,Clean
ParkWorkModeDescription,3,6.470816470719008,Clean
PaymentCodeDescription,3,6.470816470719008,Clean
PaymentModeDescription,3,6.470816470719008,Clean
APMLogTypeDescription,2,6.470816470719008,Clean
PermissionDescription,6,6.470816470719008,Clean
PrinterStatusDescription,1,6.470816470719008,Clean
Resource1_duplicated_duplicated_duplicated_duplicated,3,6.470816470719008,Clean
ResultCodeDecription,3,6.470816470719008,Clean
RoadModeDescription,2,6.470816470719008,Clean
SMSSendStatusDescription,2,6.470816470719008,Clean
TariffTypeDescription,3,6.470816470719008,Clean
VehicleLEDMessageTypeDescription,3,6.470816470719008,Clean
WaitingCommandStatusDescription,3,6.470816470719008,Clean
WorkModeDescription,1,6.470816470719008,Clean
CommandResult,5,6.470816470719008,Clean
QueryResult<T>,5,6.470816470719008,Clean
QueryResultList<T>,5,6.470816470719008,Clean
ResultCode,1,6.470816470719008,Clean
AlarmSearchCondition,3,6.470816470719008,Clean
APMCheckOutRecordSearchCondition,3,6.470816470719008,Clean
CardEventSearchCondition,3,6.470816470719008,Clean
CardPaymentRecordSearchCondition,4,6.470816470719008,Clean
CardSearchCondition,4,6.470816470719008,Clean
DateTimeRange,4,6.470816470719008,Clean
EntranceSearchCondition,3,6.470816470719008,Clean
ETCPaymentRecordSearchCondition,3,6.470816470719008,Clean
OperatorSearchCondition,3,6.470816470719008,Clean
APMLogSearchCondition,3,6.470816470719008,Clean
ParkCarPortSearchCondition,3,6.470816470719008,Clean
PreferentialReportSearchCondition,3,6.470816470719008,Clean
RecordSearchCondition,5,6.470816470719008,Clean
SearchCondition,2,6.470816470719008,Clean
ServerSwitchRecordSearchCondition,3,6.470816470719008,Clean
SnapShotSearchCondition,3,6.470816470719008,Clean
WaitingCommandSearchCondition,3,6.470816470719008,Clean
WorkstationSearchCondition,3,6.470816470719008,Clean
YCTBlacklistSearchCondition,2,6.470816470719008,Clean
YCTPaymentRecordSearchCondition,3,6.470816470719008,Clean
CryptoTripleDes,4,6.470816470719008,Clean
Resources_duplicated,1,6.470816470719008,Clean
Settings,1,6.470816470719008,Clean
ComCommunication,4,6.470816470719008,Clean
FrmConnect,5,6.470816470719008,Clean
FrmMain,6,6.470816470719008,Clean
ICommunication,3,6.470816470719008,Clean
Message,6,6.470816470719008,Clean
NetCommunication,5,6.470816470719008,Clean
Program,1,6.470816470719008,Clean
ThirdCommunicationServer,8,6.470816470719008,Fault_proner
IParkingAdapter,6,6.470816470719008,Clean
IReportSinker,5,6.470816470719008,Clean
IReportSource,1,6.470816470719008,Clean
ParkingAdapterServer,8,6.470816470719008,Fault_proner
ParkingAdapter,9,6.470816470719008,Fault_proner
ServiceHelper,5,6.470816470719008,Clean
ParkingAdapterManager,5,6.470816470719008,Clean
SwitchRoadModeArgs,4,6.470816470719008,Clean
FrmCarPlateFrees,7,6.470816470719008,Fault_proner
FrmAPMRefund,7,6.470816470719008,Fault_proner
FrmBase,6,6.470816470719008,Clean
FrmBlackListDetail,7,6.470816470719008,Fault_proner
FrmBlackLists,7,6.470816470719008,Fault_proner
FrmBlackListUnbundling,6,6.470816470719008,Clean
FrmCardChangeKey,6,6.470816470719008,Clean
FrmCardDataConvert,6,6.470816470719008,Clean
FrmCardIDConvert,6,6.470816470719008,Clean
FrmCardMonthlyFee,7,6.470816470719008,Fault_proner
FrmCardOut,7,6.470816470719008,Fault_proner
FrmCardsDownloadTest,5,6.470816470719008,Clean
FrmCarEventConfirm,7,6.470816470719008,Fault_proner
FrmCarEventCorrect,3,6.470816470719008,Clean
FrmCarPlateFailDetail,8,6.470816470719008,Fault_proner
FrmCarPlateFuzzyQuery,8,6.470816470719008,Fault_proner
FrmCarPlateInput,8,6.470816470719008,Fault_proner
FrmCarPlateManualEnter,8,6.470816470719008,Fault_proner
FrmCarPlateManualExit,8,6.470816470719008,Fault_proner
FrmCarPlateOfDaHua,7,6.470816470719008,Fault_proner
FrmCarPlateOfHaiKang,7,6.470816470719008,Fault_proner
FrmCarPlateOfZhiXin,7,6.470816470719008,Fault_proner
FrmCarplateTestForFile,6,6.470816470719008,Clean
FrmCarplateTestForVideo,6,6.470816470719008,Clean
FrmBCCertificateRegistration,7,6.470816470719008,Fault_proner
FrmBCCertificateTicket,7,6.470816470719008,Fault_proner
FrmDGVColumnSelection,7,6.470816470719008,Fault_proner
FrmDeptDetail,7,6.470816470719008,Fault_proner
FrmDepts,7,6.470816470719008,Fault_proner
FrmDownLoadAccessSetting,8,6.470816470719008,Fault_proner
FrmDownLoadBase,9,6.470816470719008,Fault_proner
FrmDownLoadHolidaySetting,6,6.470816470719008,Clean
FrmDownLoadKeySetting,6,6.470816470719008,Clean
FrmDownLoadTariffSetting,6,6.470816470719008,Clean
FrmEntranceDetail,8,6.470816470719008,Fault_proner
FrmHostStandbySetting,6,6.470816470719008,Clean
FrmHotelAuthorization,7,6.470816470719008,Fault_proner
FrmInputCardIDBase,7,6.470816470719008,Fault_proner
FrmLocalSettings,7,6.470816470719008,Fault_proner
FrmManageCardDetail,7,6.470816470719008,Fault_proner
FrmMessageBox,5,6.470816470719008,Clean
FrmNetEntranceDetail,8,6.470816470719008,Fault_proner
FrmNoCardLost,6,6.470816470719008,Clean
FrmOperatorCardCashComfirm,7,6.470816470719008,Fault_proner
FrmOperatorCardReader,7,6.470816470719008,Fault_proner
FrmParkDetail,8,6.470816470719008,Fault_proner
FrmParkDeviceDetail,6,6.470816470719008,Clean
FrmParkingCouponInput,8,6.470816470719008,Fault_proner
FrmParkTarrif,7,6.470816470719008,Fault_proner
FrmPrintDataGridView,5,6.470816470719008,Clean
FrmProcessing,6,6.470816470719008,Clean
FrmQRCodeIDBinding,7,6.470816470719008,Fault_proner
FrmRoadWay,8,6.470816470719008,Fault_proner
FrmRoadWayDetail,7,6.470816470719008,Fault_proner
FrmSelectEntrances,6,6.470816470719008,Clean
FrmShareLaneDetail,7,6.470816470719008,Fault_proner
FrmShareLanes,7,6.470816470719008,Fault_proner
FrmSnapShoter,8,6.470816470719008,Fault_proner
FrmCarPlateOfVecon,7,6.470816470719008,Fault_proner
FrmCarPlateOfWintone,7,6.470816470719008,Fault_proner
TH_PlateIDCfg,2,6.470816470719008,Clean
TH_PlateResult,2,6.470816470719008,Clean
TH_RECT,3,6.470816470719008,Clean
WintoneCarplateSetting,4,6.470816470719008,Clean
FrmCarPlateOfXinLuTong,7,6.470816470719008,Fault_proner
CarPlateDevice,6,6.470816470719008,Clean
DeviceState,1,6.470816470719008,Clean
FrmSpeedingDetail,8,6.470816470719008,Fault_proner
FrmSpeedingProcess,7,6.470816470719008,Fault_proner
FrmSyncDataToStandby,6,6.470816470719008,Clean
FrmVehicleLedDetail,7,6.470816470719008,Fault_proner
FrmVehicleLedSetting,8,6.470816470719008,Fault_proner
FrmVerifyPermissions,8,6.470816470719008,Fault_proner
FrmWorkstationsSelection,7,6.470816470719008,Fault_proner
FrmYCTPOSPayment,8,6.470816470719008,Fault_proner
FrmZSTParameter,6,6.470816470719008,Clean
FrmZSTDetail,6,6.470816470719008,Clean
FrmZSTPayment,7,6.470816470719008,Fault_proner
FrmZSTSetting,9,6.470816470719008,Fault_proner
ZSTHandlerInfo,2,6.470816470719008,Clean
ItemAddedEventArgs,4,6.470816470719008,Clean
ItemUpdatedEventArgs,4,6.470816470719008,Clean
frmAboat,7,6.470816470719008,Fault_proner
FrmAccessGroup,7,6.470816470719008,Fault_proner
FrmAccessLevelDetail,7,6.470816470719008,Fault_proner
FrmAPMDetail,7,6.470816470719008,Fault_proner
FrmAPMMaster,7,6.470816470719008,Fault_proner
FrmCardBulkChange,7,6.470816470719008,Fault_proner
FrmCardCenterCharge,8,6.470816470719008,Fault_proner
FrmVipCardReader,6,6.470816470719008,Clean
FrmClose,6,6.470816470719008,Clean
FrmExcelStarted,4,6.470816470719008,Clean
FrmHandInCashConfirm,7,6.470816470719008,Fault_proner
FrmHolidayDetail,7,6.470816470719008,Fault_proner
FrmParkDeviceIP,6,6.470816470719008,Clean
FrmSearchDevice,6,6.470816470719008,Clean
FrmMultiTimezoneTariff,7,6.470816470719008,Fault_proner
FrmOperatorShiftConfirm,6,6.470816470719008,Clean
FrmRealReport,6,6.470816470719008,Clean
FrmTariffSelection,8,6.470816470719008,Fault_proner
frmTempCardSetting,6,6.470816470719008,Clean
FrmYCTPayment,8,6.470816470719008,Fault_proner
EntranceEventArgs,2,6.470816470719008,Clean
NeutralVersion,7,6.470816470719008,Fault_proner
OnlineParkEventHandler,2,6.470816470719008,Clean
ParkingSoftDogVerifyService,5,6.470816470719008,Clean
ParkVacantLedRender,6,6.470816470719008,Clean
DirectPrint,5,6.470816470719008,Clean
FrmCardEventDetail,8,6.470816470719008,Fault_proner
FrmAddCards,7,6.470816470719008,Fault_proner
FrmCardCharge,7,6.470816470719008,Fault_proner
FrmCardDefer,7,6.470816470719008,Fault_proner
FrmCardDetail,7,6.470816470719008,Fault_proner
FrmCardDisableEnable,7,6.470816470719008,Fault_proner
FrmCardLostRestore,7,6.470816470719008,Fault_proner
FrmCardPaying,8,6.470816470719008,Fault_proner
FrmCardRecycle,7,6.470816470719008,Fault_proner
FrmCardRelease,7,6.470816470719008,Fault_proner
FrmChangePwd,8,6.470816470719008,Fault_proner
FrmDownLoadAllCards,8,6.470816470719008,Fault_proner
FrmRemoteReadCard,8,6.470816470719008,Fault_proner
FrmMonitor,6,6.470816470719008,Clean
FrmCards,6,6.470816470719008,Clean
FrmDetailBase,8,6.470816470719008,Fault_proner
FrmMain_duplicated,6,6.470816470719008,Clean
FrmMasterBase,9,6.470816470719008,Fault_proner
FrmOperators,7,6.470816470719008,Fault_proner
FrmOperatorSettle,8,6.470816470719008,Fault_proner
PrintObject,1,6.470816470719008,Clean
FrmRoles,7,6.470816470719008,Fault_proner
FrmSystemOption,8,6.470816470719008,Fault_proner
FrmVideoSourceDetail,8,6.470816470719008,Fault_proner
FrmWaiting,6,6.470816470719008,Clean
FrmWorkstationDetail,7,6.470816470719008,Fault_proner
FrmWorkstations,7,6.470816470719008,Fault_proner
FrmWorkstationSelection,7,6.470816470719008,Fault_proner
FrmLogin,8,6.470816470719008,Fault_proner
FrmOperatorDetail,7,6.470816470719008,Fault_proner
ResourceUtil,5,6.470816470719008,Clean
ParkingSoftDogVerify,5,6.470816470719008,Clean
VehicleLedRender,5,6.470816470719008,Clean
FrmRoleDetail,7,6.470816470719008,Fault_proner
ReportEventArgs<T>,1,6.470816470719008,Clean
CardEventProcessedArgs,4,6.470816470719008,Clean
FrmAreaDetail,7,6.470816470719008,Fault_proner
FrmOutdoorLedSetting,7,6.470816470719008,Fault_proner
FrmAPMCheckOutReport,7,6.470816470719008,Fault_proner
FrmAPMRefundReport,7,6.470816470719008,Fault_proner
FrmBCCertificateTicketReport,7,6.470816470719008,Fault_proner
FrmBlackListLogReport,7,6.470816470719008,Fault_proner
FrmCardDeferStatistics,7,6.470816470719008,Fault_proner
FrmCardDeleteReport,7,6.470816470719008,Fault_proner
FrmCardInParkReport,7,6.470816470719008,Fault_proner
FrmCardPayingStatistics,7,6.470816470719008,Fault_proner
FrmCardPayingStatisticsByOperator,7,6.470816470719008,Fault_proner
FrmCardPaymentRecordDetail,7,6.470816470719008,Fault_proner
FrmCardReport,7,6.470816470719008,Fault_proner
FrmCarFlowStatistics,7,6.470816470719008,Fault_proner
FrmCarPlateFreeReport,7,6.470816470719008,Fault_proner
FrmCarTypeFlowStatistics,7,6.470816470719008,Fault_proner
FrmCarTypeReport,7,6.470816470719008,Fault_proner
FrmCarTypeReportView,7,6.470816470719008,Fault_proner
FrmAPMLogReport,7,6.470816470719008,Fault_proner
FrmBCCertificateRegistrationReport,7,6.470816470719008,Fault_proner
FrmCorrectCarPlate,8,6.470816470719008,Fault_proner
FrmFreeAuthorizationLogReport,7,6.470816470719008,Fault_proner
FrmGateAlarmReport,7,6.470816470719008,Fault_proner
FrmHasPaidCardReport,7,6.470816470719008,Fault_proner
HaspaidCardRecord,1,6.470816470719008,Clean
FrmOwnershipFlowStatistics,7,6.470816470719008,Fault_proner
FrmPaymentOrderRecordReport,7,6.470816470719008,Fault_proner
FrmPaymentOrderReport,7,6.470816470719008,Fault_proner
FrmVehiclePassReport,7,6.470816470719008,Fault_proner
FrmVisitingRecordReport,7,6.470816470719008,Fault_proner
FrmYCTPaymentReport,6,6.470816470719008,Clean
FrmPhotoViewer,7,6.470816470719008,Fault_proner
FrmServerSwitchReport,7,6.470816470719008,Fault_proner
FrmSnapshotExporter,7,6.470816470719008,Fault_proner
FrmSnapShotViewer,8,6.470816470719008,Fault_proner
RecordPositionEventArgs,2,6.470816470719008,Clean
FrmCardReleaseReport,7,6.470816470719008,Fault_proner
FrmSpeedingReport,8,6.470816470719008,Fault_proner
FrmWaitingCommandReport,7,6.470816470719008,Fault_proner
FrmYangChenTongLogReport,7,6.470816470719008,Fault_proner
FrmAlarmReport,7,6.470816470719008,Fault_proner
FrmCardChargeReport,7,6.470816470719008,Fault_proner
FrmCardDeferReport,7,6.470816470719008,Fault_proner
FrmCardDisableEnableReport,7,6.470816470719008,Fault_proner
FrmCardEventReport,7,6.470816470719008,Fault_proner
FrmCardLostRestoreReport,7,6.470816470719008,Fault_proner
FrmCardRecycleReport,7,6.470816470719008,Fault_proner
FrmOperatorLogReport,7,6.470816470719008,Fault_proner
FrmCardPaymentReport,7,6.470816470719008,Fault_proner
FrmReportBase,9,6.470816470719008,Fault_proner
Resources_duplicated_duplicated,3,6.470816470719008,Clean
Settings_duplicated,1,6.470816470719008,Clean
Resource1_duplicated_duplicated_duplicated_duplicated_duplicated,3,6.470816470719008,Clean
IPlateRecognition,2,6.470816470719008,Clean
PlateRecognitionResult,2,6.470816470719008,Clean
PlateRecognitionService,8,6.470816470719008,Fault_proner
Resources_duplicated_duplicated_duplicated,1,6.470816470719008,Clean
Settings_duplicated_duplicated,1,6.470816470719008,Clean
Program_duplicated,3,6.470816470719008,Clean
Resources_duplicated_duplicated_duplicated_duplicated,1,6.470816470719008,Clean
Settings_duplicated_duplicated_duplicated,1,6.470816470719008,Clean
OutDoorLed,3,6.470816470719008,Clean
OutDoorLedArea,2,6.470816470719008,Clean
ParkOutDoorLedManager,7,6.470816470719008,Fault_proner
ParkOutDoorLedSettingsStorage,5,6.470816470719008,Clean
FrmAreaDetail_duplicated,7,6.470816470719008,Fault_proner
FrmLEDDetail,6,6.470816470719008,Clean
FrmConnect_duplicated,6,6.470816470719008,Clean
FrmOutdoorLedSetting_duplicated,6,6.470816470719008,Clean
Program_duplicated_duplicated,1,6.470816470719008,Clean
Resource1_duplicated_duplicated_duplicated_duplicated_duplicated_duplicated,3,6.470816470719008,Clean
ResourceUtil_duplicated,4,6.470816470719008,Clean
FrmParkingDebugTool,7,6.470816470719008,Fault_proner
Program_duplicated_duplicated_duplicated,0,6.470816470719008,Clean
UCSection,6,6.470816470719008,Clean
Resources_duplicated_duplicated_duplicated_duplicated_duplicated,1,6.470816470719008,Clean
Settings_duplicated_duplicated_duplicated_duplicated,1,6.470816470719008,Clean
FrmLoginTool,7,6.470816470719008,Fault_proner
FrmOfflineCardPaying,6,6.470816470719008,Clean
FrmPaying,6,6.470816470719008,Clean
FrmUpdatePaymentRecord,7,6.470816470719008,Fault_proner
Program_duplicated_duplicated_duplicated_duplicated,1,6.470816470719008,Clean
Resource1_duplicated_duplicated_duplicated_duplicated_duplicated_duplicated_duplicated,3,6.470816470719008,Clean
Resources_duplicated_duplicated_duplicated_duplicated_duplicated_duplicated,3,6.470816470719008,Clean
Settings_duplicated_duplicated_duplicated_duplicated_duplicated,1,6.470816470719008,Clean
LDB_CardPaymentRecordBll,6,6.470816470719008,Clean
LDB_SysParaSettingsBll,7,6.470816470719008,Fault_proner
LDB_SystemParameterBll,4,6.470816470719008,Clean
LDB_UpdateLoaclDataService,7,6.470816470719008,Fault_proner
LDB_ICardPaymentRecordProvider,3,6.470816470719008,Clean
LDB_ISysParameterProvider,3,6.470816470719008,Clean
LDB_ProviderFactory,3,6.470816470719008,Clean
LDB_CardPaymentRecordProvider,6,6.470816470719008,Clean
LDB_DataContext,3,6.470816470719008,Clean
LDB_DataContextFactory,2,6.470816470719008,Clean
"LDB_ProviderBase<TInfo,TID>",7,6.470816470719008,Fault_proner
LDB_SysparameterProvider,5,6.470816470719008,Clean
LDB_UnitWork,5,6.470816470719008,Clean
LDB_AppSettings,3,6.470816470719008,Clean
LDB_CardPaymentInfo,3,6.470816470719008,Clean
LDB_CardPaymentRecordSearchCondition,3,6.470816470719008,Clean
LDB_InfoFactory,5,6.470816470719008,Clean
LDB_ParkingDataBuffer,3,6.470816470719008,Clean
LDB_SysparameterInfo,4,6.470816470719008,Clean
FrmMain_duplicated_duplicated,6,6.470816470719008,Clean
FrmProcessing_duplicated,5,6.470816470719008,Clean
FrmWorkstationSelection_duplicated,6,6.470816470719008,Clean
Program_duplicated_duplicated_duplicated_duplicated_duplicated,0,6.470816470719008,Clean
AlarmInfo_duplicated,2,6.470816470719008,Clean
AlarmType_duplicated,1,6.470816470719008,Clean
CardChargeRecord_duplicated,3,6.470816470719008,Clean
CardPaymentInfo_duplicated,4,6.470816470719008,Clean
CardPaymentInfoSerializer_duplicated,4,6.470816470719008,Clean
CardStatus_duplicated,0,6.470816470719008,Clean
CardType_duplicated,5,6.470816470719008,Clean
DatetimeInterval_duplicated,5,6.470816470719008,Clean
FreeAuthorizationLog_duplicated,5,6.470816470719008,Clean
FreeAuthorizationLogSerializer,2,6.470816470719008,Clean
HolidayInfo_duplicated,2,6.470816470719008,Clean
MySetting,3,6.470816470719008,Clean
OperatorInfo_duplicated,2,6.470816470719008,Clean
ParkingStatus_duplicated,0,6.470816470719008,Clean
PaymentCode_duplicated,0,6.470816470719008,Clean
PaymentMode_duplicated,0,6.470816470719008,Clean
TariffType_duplicated,0,6.470816470719008,Clean
WegenType,0,6.470816470719008,Clean
Resource1_duplicated_duplicated_duplicated_duplicated_duplicated_duplicated_duplicated_duplicated,2,6.470816470719008,Clean
Resources_duplicated_duplicated_duplicated_duplicated_duplicated_duplicated_duplicated,1,6.470816470719008,Clean
Settings_duplicated_duplicated_duplicated_duplicated_duplicated_duplicated,1,6.470816470719008,Clean
AppConifg,2,6.470816470719008,Clean
InterfaceReturnCode,0,6.470816470719008,Clean
IParkWebService,5,6.470816470719008,Clean
WSCardPaymentInfo,4,6.470816470719008,Clean
ParkWebService,6,6.470816470719008,Clean
FrmAbout,5,6.470816470719008,Clean
FrmColumnSelection,6,6.470816470719008,Clean
FrmLoginTool_duplicated,7,6.470816470719008,Fault_proner
FrmMain_duplicated_duplicated_duplicated,6,6.470816470719008,Clean
FrmPREBusinessDetail,7,6.470816470719008,Fault_proner
FrmPREBusinesses,7,6.470816470719008,Fault_proner
FrmPREChangePwd,8,6.470816470719008,Fault_proner
FrmPreferentialCancel,6,6.470816470719008,Clean
FrmPreferentialCore,6,6.470816470719008,Clean
FrmPreferentialReport,7,6.470816470719008,Fault_proner
FrmPREOperatorDetail,7,6.470816470719008,Fault_proner
FrmPREOperators,7,6.470816470719008,Fault_proner
FrmPREOperatorSelect,7,6.470816470719008,Fault_proner
FrmPRERoleDetail,7,6.470816470719008,Fault_proner
FrmPRERoles,7,6.470816470719008,Fault_proner
FrmPREWorkstationDetail,7,6.470816470719008,Fault_proner
FrmPREWorkstations,7,6.470816470719008,Fault_proner
FrmPRESysOptions,6,6.470816470719008,Clean
FrmPREWorksationSelect,7,6.470816470719008,Fault_proner
PrintDataGridView,5,6.470816470719008,Clean
Program_duplicated_duplicated_duplicated_duplicated_duplicated_duplicated,1,6.470816470719008,Clean
Resource1_duplicated_duplicated_duplicated_duplicated_duplicated_duplicated_duplicated_duplicated_duplicated,2,6.470816470719008,Clean
Resources_duplicated_duplicated_duplicated_duplicated_duplicated_duplicated_duplicated_duplicated,3,6.470816470719008,Clean
Settings_duplicated_duplicated_duplicated_duplicated_duplicated_duplicated_duplicated,1,6.470816470719008,Clean
ISnapShotCapture,1,6.470816470719008,Clean
SnapShotCaptureService,6,6.470816470719008,Clean
VideoCaptureManager,5,6.470816470719008,Clean
IVideoCapture,3,6.470816470719008,Clean
