Component,Threshold,Cutoff,Status
JSConstructor,0,7.221590371599832,Clean
JSFunction,1,7.221590371599832,Clean
JSGetter,1,7.221590371599832,Clean
JSSetter,1,7.221590371599832,Clean
JSStaticFunction,1,7.221590371599832,Clean
CanBeNullAttribute,0,7.221590371599832,Clean
NotNullAttribute,1,7.221590371599832,Clean
StringFormatMethodAttribute,1,7.221590371599832,Clean
InvokerParameterNameAttribute,0,7.221590371599832,Clean
NotifyPropertyChangedInvocatorAttribute,1,7.221590371599832,Clean
ContractAnnotationAttribute,1,7.221590371599832,Clean
LocalizationRequiredAttribute,1,7.221590371599832,Clean
CannotApplyEqualityOperatorAttribute,0,7.221590371599832,Clean
BaseTypeRequiredAttribute,1,7.221590371599832,Clean
UsedImplicitlyAttribute,2,7.221590371599832,Clean
MeansImplicitUseAttribute,2,7.221590371599832,Clean
ImplicitUseKindFlags,0,7.221590371599832,Clean
ImplicitUseTargetFlags,0,7.221590371599832,Clean
PublicAPIAttribute,1,7.221590371599832,Clean
InstantHandleAttribute,0,7.221590371599832,Clean
PureAttribute,0,7.221590371599832,Clean
PathReferenceAttribute,2,7.221590371599832,Clean
AspMvcAreaMasterLocationFormatAttribute,0,7.221590371599832,Clean
AspMvcAreaPartialViewLocationFormatAttribute,0,7.221590371599832,Clean
AspMvcAreaViewLocationFormatAttribute,0,7.221590371599832,Clean
AspMvcMasterLocationFormatAttribute,0,7.221590371599832,Clean
AspMvcPartialViewLocationFormatAttribute,0,7.221590371599832,Clean
AspMvcViewLocationFormatAttribute,0,7.221590371599832,Clean
AspMvcActionAttribute,1,7.221590371599832,Clean
AspMvcAreaAttribute,2,7.221590371599832,Clean
AspMvcControllerAttribute,1,7.221590371599832,Clean
AspMvcMasterAttribute,0,7.221590371599832,Clean
AspMvcModelTypeAttribute,0,7.221590371599832,Clean
AspMvcPartialViewAttribute,1,7.221590371599832,Clean
AspMvcSupressViewErrorAttribute,0,7.221590371599832,Clean
AspMvcDisplayTemplateAttribute,0,7.221590371599832,Clean
AspMvcEditorTemplateAttribute,0,7.221590371599832,Clean
AspMvcTemplateAttribute,0,7.221590371599832,Clean
AspMvcViewAttribute,1,7.221590371599832,Clean
AspMvcActionSelectorAttribute,0,7.221590371599832,Clean
HtmlElementAttributesAttribute,1,7.221590371599832,Clean
HtmlAttributeValueAttribute,1,7.221590371599832,Clean
RazorSectionAttribute,0,7.221590371599832,Clean
Arguments,7,7.221590371599832,Clean
BaseFunction,10,7.221590371599832,Fault_proner
BoundFunction,6,7.221590371599832,Clean
Callable,2,7.221590371599832,Clean
ClassCache,6,7.221590371599832,Clean
ClassShutter,2,7.221590371599832,Clean
CodeGenerator,6,7.221590371599832,Clean
BigIntegerEx,1,7.221590371599832,Clean
TransformerException,0,7.221590371599832,Clean
OutputKeys,0,7.221590371599832,Clean
StreamResult,0,7.221590371599832,Clean
DOMSource,0,7.221590371599832,Clean
BitArrayEx,0,7.221590371599832,Clean
CharEx,1,7.221590371599832,Clean
MethodBaseEx,1,7.221590371599832,Clean
InstanceIdInfo,2,7.221590371599832,Clean
LanguageFeatures,2,7.221590371599832,Clean
LanguageVersion,1,7.221590371599832,Clean
PropertyAttributes,1,7.221590371599832,Clean
TypeEx,1,7.221590371599832,Clean
ClassLoader,1,7.221590371599832,Clean
CompilerEnvirons,6,7.221590371599832,Clean
ConstProperties,1,7.221590371599832,Clean
Context,9,7.221590371599832,Fault_proner
ClassShutterSetter,1,7.221590371599832,Clean
_ClassShutterSetter_1970,2,7.221590371599832,Clean
ContextFactory,8,7.221590371599832,Fault_proner
Listener,1,7.221590371599832,Clean
GlobalSetter,1,7.221590371599832,Clean
GlobalSetterImpl,1,7.221590371599832,Clean
ContinuationPending,3,7.221590371599832,Clean
Decompiler,7,7.221590371599832,Clean
DefaultErrorReporter,6,7.221590371599832,Clean
Delegator,8,7.221590371599832,Fault_proner
DToA,4,7.221590371599832,Clean
EcmaError,3,7.221590371599832,Clean
ErrorReporter,2,7.221590371599832,Clean
Evaluator,4,7.221590371599832,Clean
EvaluatorException,5,7.221590371599832,Clean
Function,3,7.221590371599832,Clean
FunctionObject,9,7.221590371599832,Fault_proner
GeneratedClassLoader,0,7.221590371599832,Clean
Icode,3,7.221590371599832,Clean
IdFunctionCall,2,7.221590371599832,Clean
IdFunctionObject,9,7.221590371599832,Fault_proner
IdScriptableObject,8,7.221590371599832,Fault_proner
PrototypeValues,5,7.221590371599832,Clean
ILGeneratorEx,4,7.221590371599832,Clean
ImporterTopLevel,8,7.221590371599832,Fault_proner
InterpretedFunction,8,7.221590371599832,Fault_proner
Interpreter,8,7.221590371599832,Fault_proner
CallFrame,2,7.221590371599832,Clean
ContinuationJump,2,7.221590371599832,Clean
GeneratorState,1,7.221590371599832,Clean
InterpreterData,7,7.221590371599832,Clean
IRFactory,9,7.221590371599832,Fault_proner
IRFactoryNet,5,7.221590371599832,Clean
JavaAdapter,6,7.221590371599832,Clean
JavaAdapterSignature,2,7.221590371599832,Clean
JavaMembers,6,7.221590371599832,Clean
MethodSignature,0,7.221590371599832,Clean
BeanProperty,1,7.221590371599832,Clean
FieldAndMethods,2,7.221590371599832,Clean
JavaScriptException,4,7.221590371599832,Clean
Kit,6,7.221590371599832,Clean
ComplexKey,1,7.221590371599832,Clean
LazilyLoadedCtor,6,7.221590371599832,Clean
_PrivilegedAction_87,0,7.221590371599832,Clean
MemberBox,6,7.221590371599832,Clean
NativeArray,9,7.221590371599832,Fault_proner
_IComparer_969,2,7.221590371599832,Clean
_IComparer_996,1,7.221590371599832,Clean
NativeBoolean,7,7.221590371599832,Clean
NativeCall,6,7.221590371599832,Clean
NativeContinuation,7,7.221590371599832,Clean
NativeDate,7,7.221590371599832,Clean
NativeError,8,7.221590371599832,Fault_proner
NativeFunction,8,7.221590371599832,Fault_proner
NativeGenerator,9,7.221590371599832,Fault_proner
CloseGeneratorAction,1,7.221590371599832,Clean
_Callable_84,2,7.221590371599832,Clean
GeneratorClosedException,0,7.221590371599832,Clean
NativeGlobal,6,7.221590371599832,Clean
NativeIterator,9,7.221590371599832,Fault_proner
StopIteration,1,7.221590371599832,Clean
WrappedJavaIterator,0,7.221590371599832,Clean
NativeJavaArray,9,7.221590371599832,Fault_proner
NativeJavaClass,7,7.221590371599832,Clean
NativeJavaConstructor,4,7.221590371599832,Clean
NativeJavaMethod,10,7.221590371599832,Fault_proner
ResolvedOverload,1,7.221590371599832,Clean
NativeJavaObject,10,7.221590371599832,Fault_proner
NativeJavaPackage,8,7.221590371599832,Fault_proner
NativeJavaTopPackage,6,7.221590371599832,Clean
NativeJSON,7,7.221590371599832,Clean
StringifyState,2,7.221590371599832,Clean
NativeMath,6,7.221590371599832,Clean
NativeNumber,7,7.221590371599832,Clean
NativeObject,10,7.221590371599832,Fault_proner
KeyCollection,2,7.221590371599832,Clean
ValueCollection,2,7.221590371599832,Clean
NativeScript,8,7.221590371599832,Fault_proner
NativeString,9,7.221590371599832,Fault_proner
NativeWith,8,7.221590371599832,Fault_proner
Node,9,7.221590371599832,Fault_proner
PropListItem,1,7.221590371599832,Clean
NodeTransformer,6,7.221590371599832,Clean
Parser,9,7.221590371599832,Fault_proner
ParserException,0,7.221590371599832,Clean
ConditionData,1,7.221590371599832,Clean
PerFunctionVariables,2,7.221590371599832,Clean
Ref,3,7.221590371599832,Clean
RefCallable,1,7.221590371599832,Clean
RegExpProxy,3,7.221590371599832,Clean
RegExpProxyConstants,2,7.221590371599832,Clean
RhinoException,9,7.221590371599832,Fault_proner
Script,2,7.221590371599832,Clean
Scriptable,6,7.221590371599832,Clean
ScriptableConstants,2,7.221590371599832,Clean
ScriptableObject,10,7.221590371599832,Fault_proner
Slot,6,7.221590371599832,Clean
GetterSlot,5,7.221590371599832,Clean
RelinkedSlot,3,7.221590371599832,Clean
ScriptRuntime,9,7.221590371599832,Fault_proner
_BaseFunction_41,3,7.221590371599832,Clean
NoSuchMethodShim,2,7.221590371599832,Clean
IdEnumeration,1,7.221590371599832,Clean
MessageProvider,1,7.221590371599832,Clean
DefaultMessageProvider,1,7.221590371599832,Clean
ScriptStackElement,3,7.221590371599832,Clean
SpecialRef,7,7.221590371599832,Clean
Synchronizer,3,7.221590371599832,Clean
Token,5,7.221590371599832,Clean
CommentType,1,7.221590371599832,Clean
TokenStream,6,7.221590371599832,Clean
TopLevel,8,7.221590371599832,Fault_proner
Builtins,1,7.221590371599832,Clean
UintMap,6,7.221590371599832,Clean
Undefined,2,7.221590371599832,Clean
UniqueTag,3,7.221590371599832,Clean
VMBridge,1,7.221590371599832,Clean
WrapFactory,6,7.221590371599832,Clean
WrappedException,2,7.221590371599832,Clean
Wrapper,2,7.221590371599832,Clean
ArrayComprehension,7,7.221590371599832,Clean
ArrayComprehensionLoop,4,7.221590371599832,Clean
ArrayLiteral,7,7.221590371599832,Clean
Assignment,4,7.221590371599832,Clean
AstNode,10,7.221590371599832,Fault_proner
PositionComparator,0,7.221590371599832,Clean
DebugPrintVisitor,3,7.221590371599832,Clean
AstRoot,7,7.221590371599832,Clean
_NodeVisitor_139,1,7.221590371599832,Clean
Block,5,7.221590371599832,Clean
BreakStatement,5,7.221590371599832,Clean
CatchClause,8,7.221590371599832,Fault_proner
Comment,5,7.221590371599832,Clean
ConditionalExpression,8,7.221590371599832,Fault_proner
ContinueStatement,5,7.221590371599832,Clean
DestructuringForm,1,7.221590371599832,Clean
DoLoop,4,7.221590371599832,Clean
ElementGet,7,7.221590371599832,Clean
EmptyExpression,3,7.221590371599832,Clean
EmptyStatement,3,7.221590371599832,Clean
ErrorCollector,3,7.221590371599832,Clean
ErrorNode,3,7.221590371599832,Clean
ExpressionStatement,7,7.221590371599832,Clean
ForInLoop,8,7.221590371599832,Fault_proner
ForLoop,8,7.221590371599832,Fault_proner
FunctionCall,9,7.221590371599832,Fault_proner
FunctionNode,9,7.221590371599832,Fault_proner
Form,0,7.221590371599832,Clean
GeneratorExpression,7,7.221590371599832,Clean
GeneratorExpressionLoop,4,7.221590371599832,Clean
IdeErrorReporter,2,7.221590371599832,Clean
IfStatement,8,7.221590371599832,Fault_proner
InfixExpression,9,7.221590371599832,Fault_proner
Jump,10,7.221590371599832,Fault_proner
KeywordLiteral,3,7.221590371599832,Clean
Label,4,7.221590371599832,Clean
LabeledStatement,7,7.221590371599832,Clean
LetNode,7,7.221590371599832,Clean
Loop,6,7.221590371599832,Clean
Name,7,7.221590371599832,Clean
NewExpression,5,7.221590371599832,Clean
NodeVisitor,2,7.221590371599832,Clean
NumberLiteral,5,7.221590371599832,Clean
ObjectLiteral,8,7.221590371599832,Fault_proner
ObjectProperty,5,7.221590371599832,Clean
ParenthesizedExpression,5,7.221590371599832,Clean
ParseProblem,4,7.221590371599832,Clean
Type,0,7.221590371599832,Clean
PropertyGet,6,7.221590371599832,Clean
RegExpLiteral,4,7.221590371599832,Clean
ReturnStatement,6,7.221590371599832,Clean
Scope,9,7.221590371599832,Fault_proner
ScriptNode,9,7.221590371599832,Fault_proner
StringLiteral,6,7.221590371599832,Clean
SwitchCase,7,7.221590371599832,Clean
SwitchStatement,8,7.221590371599832,Fault_proner
Symbol,6,7.221590371599832,Clean
ThrowStatement,5,7.221590371599832,Clean
TryStatement,8,7.221590371599832,Fault_proner
UnaryExpression,7,7.221590371599832,Clean
VariableDeclaration,7,7.221590371599832,Clean
VariableInitializer,7,7.221590371599832,Clean
WhileLoop,4,7.221590371599832,Clean
WithStatement,7,7.221590371599832,Clean
XmlDotQuery,3,7.221590371599832,Clean
XmlElemRef,6,7.221590371599832,Clean
XmlExpression,4,7.221590371599832,Clean
XmlFragment,3,7.221590371599832,Clean
XmlLiteral,5,7.221590371599832,Clean
XmlMemberGet,5,7.221590371599832,Clean
XmlPropRef,5,7.221590371599832,Clean
XmlRef,7,7.221590371599832,Clean
XmlString,3,7.221590371599832,Clean
Yield,4,7.221590371599832,Clean
ByteCode,1,7.221590371599832,Clean
ClassFileWriter,2,7.221590371599832,Clean
ClassFileFormatException,0,7.221590371599832,Clean
ModuleScope,2,7.221590371599832,Clean
ModuleScript,4,7.221590371599832,Clean
ModuleScriptProvider,2,7.221590371599832,Clean
Require,9,7.221590371599832,Fault_proner
RequireBuilder,4,7.221590371599832,Clean
CachingModuleScriptProviderBase,7,7.221590371599832,Clean
CachedModuleScript,1,7.221590371599832,Clean
DefaultUrlConnectionExpiryCalculator,2,7.221590371599832,Clean
ModuleSource,4,7.221590371599832,Clean
ModuleSourceProvider,2,7.221590371599832,Clean
ModuleSourceProviderConstants,2,7.221590371599832,Clean
ModuleSourceProviderBase,6,7.221590371599832,Clean
MultiModuleScriptProvider,2,7.221590371599832,Clean
ParsedContentType,1,7.221590371599832,Clean
SoftCachingModuleScriptProvider,4,7.221590371599832,Clean
ScriptReference,1,7.221590371599832,Clean
StrongCachingModuleScriptProvider,2,7.221590371599832,Clean
UrlConnectionExpiryCalculator,1,7.221590371599832,Clean
UrlConnectionSecurityDomainProvider,0,7.221590371599832,Clean
UrlModuleSourceProvider,6,7.221590371599832,Clean
UrlValidator,3,7.221590371599832,Clean
CachingTypeBuilder,5,7.221590371599832,Clean
IdentityGenerator,0,7.221590371599832,Clean
Block_duplicated,5,7.221590371599832,Clean
FatBlock,2,7.221590371599832,Clean
BodyCodegen,7,7.221590371599832,Clean
ExceptionManager,4,7.221590371599832,Clean
ExceptionInfo,1,7.221590371599832,Clean
FinallyReturnPoint,1,7.221590371599832,Clean
IVariableInfoEmitter,2,7.221590371599832,Clean
ArgumentInfoEmitter,3,7.221590371599832,Clean
LocalInfoEmitter,3,7.221590371599832,Clean
Codegen,10,7.221590371599832,Fault_proner
SecurityController,0,7.221590371599832,Clean
OptFunctionNode,7,7.221590371599832,Clean
Optimizer,5,7.221590371599832,Clean
OptRuntime,6,7.221590371599832,Clean
GeneratorState_duplicated,2,7.221590371599832,Clean
OptTransformer,3,7.221590371599832,Clean
Messages,2,7.221590371599832,Clean
Messages_duplicated,2,7.221590371599832,Clean
Arrays,1,7.221590371599832,Clean
Dictionaries,0,7.221590371599832,Clean
MemberInfoEx,0,7.221590371599832,Clean
NumberUtil,0,7.221590371599832,Clean
DebugFrame,2,7.221590371599832,Clean
DebuggableObject,1,7.221590371599832,Clean
DebuggableScript,4,7.221590371599832,Clean
Debugger,2,7.221590371599832,Clean
JsonParser,5,7.221590371599832,Clean
ParseException,1,7.221590371599832,Clean
NativeRegExp,8,7.221590371599832,Fault_proner
RECompiled,2,7.221590371599832,Clean
RENode,1,7.221590371599832,Clean
CompilerState,1,7.221590371599832,Clean
REProgState,2,7.221590371599832,Clean
REBackTrackData,2,7.221590371599832,Clean
REGlobalData,2,7.221590371599832,Clean
RECharSet,1,7.221590371599832,Clean
NativeRegExpCtor,7,7.221590371599832,Clean
RegExpImpl,7,7.221590371599832,Clean
GlobData,1,7.221590371599832,Clean
SubString,3,7.221590371599832,Clean
ScriptableOutputStream,5,7.221590371599832,Clean
PendingLookup,0,7.221590371599832,Clean
SourceReader,4,7.221590371599832,Clean
ToolErrorReporter,8,7.221590371599832,Fault_proner
CachedPowers,1,7.221590371599832,Clean
CachedPower,1,7.221590371599832,Clean
DiyFp,5,7.221590371599832,Clean
DoubleHelper,4,7.221590371599832,Clean
FastDtoa,6,7.221590371599832,Clean
FastDtoaBuilder,4,7.221590371599832,Clean
XMLLib,5,7.221590371599832,Clean
Factory,2,7.221590371599832,Clean
DefaultFactory,1,7.221590371599832,Clean
XMLObject,5,7.221590371599832,Clean
