Component,Threshold,Cutoff,Status
InvokeTmxIfConditionCommand,2,9.404364445734746,Clean
ExportTmxTestSettingsCommand,2,9.404364445734746,Clean
ImportTmxTestSettingsCommand,3,9.404364445734746,Clean
CloseTmxTestDBCommand,4,9.404364445734746,Clean
NewTmxTestDBCommand,2,9.404364445734746,Clean
OpenTmxTestDBCommand,2,9.404364445734746,Clean
GetTestResultsFromCollectionsCommand,4,9.404364445734746,Clean
GetTestResultsFromSearchCommand,3,9.404364445734746,Clean
GetTestResultsViaDataSetCommand,3,9.404364445734746,Clean
StartTmxLoggingCommand,0,9.404364445734746,Clean
AddTmxTestBucketCommand,1,9.404364445734746,Clean
AddTmxTestConstantCommand,1,9.404364445734746,Clean
GetTmxTestBucketCommand,3,9.404364445734746,Clean
GetTmxTestConstantValueCommand,1,9.404364445734746,Clean
RemoveTmxTestBucketCommand,1,9.404364445734746,Clean
RemoveTmxTestConstantCommand,1,9.404364445734746,Clean
SetTmxTestBucketCommand,3,9.404364445734746,Clean
SetTmxTestConstantValueCommand,1,9.404364445734746,Clean
GetTmxTestResultDetailsCommand,3,9.404364445734746,Clean
GetTmxTestResultStatusCommand,3,9.404364445734746,Clean
GetTmxTestScenarioStatusCommand,4,9.404364445734746,Clean
GetTmxTestStatisticsCommand,3,9.404364445734746,Clean
GetTmxTestSuiteStatusCommand,4,9.404364445734746,Clean
UpdateTmxTestStatisticsCommand,4,9.404364445734746,Clean
AddTmxTestTaskResultCommand,5,9.404364445734746,Clean
ReceiveTmxTestReportCommand,3,9.404364445734746,Clean
SetTmxServerSettingsCommand,4,9.404364445734746,Clean
GetTmxCommonDataItemCommand,4,9.404364445734746,Clean
InvokeTmxTestTaskCommand,4,9.404364445734746,Clean
NewTmxTestRunCommand,5,9.404364445734746,Clean
ReceiveTmxTestResultsCommand,3,9.404364445734746,Clean
ReceiveTmxTestTaskCommand,8,9.404364445734746,Clean
RegisterTmxSystemUnderTestCommand,8,9.404364445734746,Clean
SendTmxCommonDataItemCommand,4,9.404364445734746,Clean
SendTmxDetailedStatusCommand,4,9.404364445734746,Clean
SendTmxFileSystemItemCommand,5,9.404364445734746,Clean
SendTmxTestTaskResultCommand,4,9.404364445734746,Clean
UnregisterTmxSystemUnderTestCommand,3,9.404364445734746,Clean
InvokeTmxTestCaseCommand,3,9.404364445734746,Clean
InvokeTmxTestScenarioCommand,3,9.404364445734746,Clean
InvokeTmxTestSuiteCommand,3,9.404364445734746,Clean
SetTmxTestCaseParametersCommand,2,9.404364445734746,Clean
SetTmxTestScenarioParametersCommand,2,9.404364445734746,Clean
SetTmxTestSuiteParametersCommand,2,9.404364445734746,Clean
BackupTmxTestResultsCommand,1,9.404364445734746,Clean
ExportTmxTestLogCommand,3,9.404364445734746,Clean
ExportTmxTestResultsCommand,4,9.404364445734746,Clean
ExportTmxTestSummaryCommand,3,9.404364445734746,Clean
ImportTmxTestResultsCommand,5,9.404364445734746,Clean
InitializeTmxResultsStorageCommand,5,9.404364445734746,Clean
RestoreTmxTestResultsCommand,1,9.404364445734746,Clean
SaveTmxTestScreenshotCommand,1,9.404364445734746,Clean
SearchTmxTestResultCommand,4,9.404364445734746,Clean
SearchTmxTestScenarioCommand,4,9.404364445734746,Clean
SearchTmxTestSuiteCommand,4,9.404364445734746,Clean
AddTmxSimpleTestResultCommand,8,9.404364445734746,Clean
AddTmxTestCaseCommand,2,9.404364445734746,Clean
GetTmxTestCaseCommand,1,9.404364445734746,Clean
NewTmxTestPlatformCommand,2,9.404364445734746,Clean
OpenTmxTestPlatformCommand,2,9.404364445734746,Clean
RemoveTmxTestCaseCommand,1,9.404364445734746,Clean
SetTmxCurrentTestResultCommand,8,9.404364445734746,Clean
SetTmxTestCaseCommand,1,9.404364445734746,Clean
AddTmxTestResultDetailCommand,4,9.404364445734746,Clean
AddTmxTestScenarioCommand,3,9.404364445734746,Clean
CloseTmxTestResultCommand,8,9.404364445734746,Clean
NewTmxTestSuiteCommand,2,9.404364445734746,Clean
OpenTmxTestScenarioCommand,4,9.404364445734746,Clean
OpenTmxTestSuiteCommand,2,9.404364445734746,Clean
ReceiveTmxCommonDataItemsCollection,3,9.404364445734746,Clean
GetTmxCurrentTestTaskCommand,3,9.404364445734746,Clean
ImportExportHelper,6,9.404364445734746,Clean
AssertionsCmdletBase,1,9.404364445734746,Clean
ClientCmdletBase,3,9.404364445734746,Clean
CommonCmdletBase,9,9.404364445734746,Clean
ConditionsCmdletBase,2,9.404364445734746,Clean
DatabaseCmdletBase,2,9.404364445734746,Clean
DatabaseFileCmdletBase,3,9.404364445734746,Clean
DatabaseFileOpenCmdletBase,3,9.404364445734746,Clean
TestBucketCmdletBase,5,9.404364445734746,Clean
TestCaseCmdletBase,4,9.404364445734746,Clean
TestConstantCmdletBase,3,9.404364445734746,Clean
TestResultsCmdletBase,2,9.404364445734746,Clean
TestStructureCmdletBase,3,9.404364445734746,Clean
ImportExportCmdletBase,9,9.404364445734746,Clean
SearchCmdletBase,6,9.404364445734746,Clean
ServerCmdletBase,4,9.404364445734746,Clean
SettingsCmdletBase,6,9.404364445734746,Clean
TestCaseExecCmdletBase,4,9.404364445734746,Clean
TestExecCmdletBase,7,9.404364445734746,Clean
TestScenarioExecCmdletBase,4,9.404364445734746,Clean
TestSuiteExecCmdletBase,4,9.404364445734746,Clean
TestResultStatusCmdletBase,3,9.404364445734746,Clean
AddScenarioCmdletBase,6,9.404364445734746,Clean
AddTestCaseCmdletBase,4,9.404364445734746,Clean
NewPlatformCmdletBase,5,9.404364445734746,Clean
NewSuiteCmdletBase,6,9.404364445734746,Clean
OpenScenarioCmdletBase,3,9.404364445734746,Clean
OpenSuiteCmdletBase,4,9.404364445734746,Clean
OpenTestCaseCmdletBase,1,9.404364445734746,Clean
PlatformCmdletBase,2,9.404364445734746,Clean
ScenarioCmdletBase,4,9.404364445734746,Clean
SuiteCmdletBase,1,9.404364445734746,Clean
TestResultCmdletBase,8,9.404364445734746,Clean
TestResultDetailCmdletBase,7,9.404364445734746,Clean
TmxNewLoggerCommand,4,9.404364445734746,Clean
TmxStartLoggingCommand,4,9.404364445734746,Clean
TmxGetTestResultDetailsCommand,6,9.404364445734746,Clean
TmxGetTestResultStatusCommand,6,9.404364445734746,Clean
TmxGetTestScenarioStatusCommand,6,9.404364445734746,Clean
TmxGetTestSuiteStatusCommand,6,9.404364445734746,Clean
AddTestTaskResultCommand,6,9.404364445734746,Clean
ReceiveCommonDataItemsCollectionCommand,6,9.404364445734746,Clean
ReceiveTestResportCommand,5,9.404364445734746,Clean
SetServerSettingsCommand,5,9.404364445734746,Clean
GetCurrentTestTaskCommand,5,9.404364445734746,Clean
GetCommonDataItemCommand,6,9.404364445734746,Clean
InvokeTestTaskCommand,6,9.404364445734746,Clean
NewTestRunCommand,5,9.404364445734746,Clean
ReceiveTestResultsCommand,5,9.404364445734746,Clean
ReceiveTestTaskCommand,6,9.404364445734746,Clean
RegisterSystemUnderTestCommand,6,9.404364445734746,Clean
SendCommonDataItemCommand,6,9.404364445734746,Clean
SendDetailedStatusCommand,6,9.404364445734746,Clean
SendFileSystemItemCommand,5,9.404364445734746,Clean
SendTestTaskResultCommand,6,9.404364445734746,Clean
UnregisterSystemUnderTestCommand,5,9.404364445734746,Clean
TmxInvokeTestCaseCommand,6,9.404364445734746,Clean
TmxInvokeTestScenarioCommand,6,9.404364445734746,Clean
TmxInvokeTestSuiteCommand,6,9.404364445734746,Clean
TmxAddSimpleTestResultCommand,6,9.404364445734746,Clean
TmxAddTestCaseCommand,6,9.404364445734746,Clean
TmxAddTestResultDetailCommand,4,9.404364445734746,Clean
TmxAddTestScenarioCommand,6,9.404364445734746,Clean
TmxCloseTestResultCommand,6,9.404364445734746,Clean
TmxGetTestCaseCommand,4,9.404364445734746,Clean
TmxNewTestPlatformCommand,6,9.404364445734746,Clean
TmxNewTestSuiteCommand,6,9.404364445734746,Clean
TmxOpenTestScenarioCommand,4,9.404364445734746,Clean
TmxOpenTestSuiteCommand,6,9.404364445734746,Clean
TmxRemoveTestCaseCommand,4,9.404364445734746,Clean
TmxSetCurrentTestResultCommand,6,9.404364445734746,Clean
TmxSetTestCaseCommand,4,9.404364445734746,Clean
TmxCommand,5,9.404364445734746,Clean
TmxFactory,6,9.404364445734746,Clean
TmxModule,1,9.404364445734746,Clean
TestExecHelper,1,9.404364445734746,Clean
Database,3,9.404364445734746,Clean
TestBucket,6,9.404364445734746,Clean
TestConstant,6,9.404364445734746,Clean
SQLiteHelper,6,9.404364445734746,Clean
TmxProvider,5,9.404364445734746,Clean
TmxDriveInfo,7,9.404364445734746,Clean
SQLiteData,2,9.404364445734746,Clean
AddTLBuildCommand,5,9.404364445734746,Clean
AddTLTestCaseCommand,5,9.404364445734746,Clean
AddTLTestSubSuiteCommand,1,9.404364445734746,Clean
AddTLTestSuiteCommand,3,9.404364445734746,Clean
ConnectTLServerCommand,2,9.404364445734746,Clean
GetTLBuildCommand,3,9.404364445734746,Clean
GetTLProjectCommand,3,9.404364445734746,Clean
GetTLTestCaseCommand,3,9.404364445734746,Clean
GetTLTestPlanCommand,3,9.404364445734746,Clean
GetTLTestSuiteCommand,2,9.404364445734746,Clean
NewTLTestPlanCommand,6,9.404364445734746,Clean
NewTLUserCommand,3,9.404364445734746,Clean
TLAddTestPlanCmdletBase,5,9.404364445734746,Clean
TLBuildCmdletBase,6,9.404364445734746,Clean
TLCollectionCmdletBase,2,9.404364445734746,Clean
TLGetTestPlanCmdletBase,6,9.404364445734746,Clean
TLProjectCmdletBase,5,9.404364445734746,Clean
TLSCmdletBase,4,9.404364445734746,Clean
TLSConnectCmdletBase,6,9.404364445734746,Clean
TLTestCaseCmdletBase,5,9.404364445734746,Clean
TLTestPlanCmdletBase,5,9.404364445734746,Clean
TLTestSubSuiteCmdletBase,3,9.404364445734746,Clean
TLTestSuiteCmdletBase,6,9.404364445734746,Clean
TLUserCmdletBase,4,9.404364445734746,Clean
TLSrvAddBuildCommand,6,9.404364445734746,Clean
TLSrvGetBuildCommand,6,9.404364445734746,Clean
TLSrvConnectCommand,5,9.404364445734746,Clean
TLSrvAddTestCaseCommand,6,9.404364445734746,Clean
TLSrvGetTestCaseCommand,6,9.404364445734746,Clean
TLSrvGetTestPlanCommand,6,9.404364445734746,Clean
TLSrvNewTestPlanCommand,5,9.404364445734746,Clean
TLSrvGetProjectCommand,6,9.404364445734746,Clean
TLSrvAddTestSuiteCommand,5,9.404364445734746,Clean
TLSrvGetTestSuiteCommand,6,9.404364445734746,Clean
TLSrvCommand,5,9.404364445734746,Clean
TLSrvNewUserCommand,6,9.404364445734746,Clean
TestLinkFactory,0,9.404364445734746,Clean
TLHelper,6,9.404364445734746,Clean
WrappedTestLink,2,9.404364445734746,Clean
TLAddinData,2,9.404364445734746,Clean
ConnectRMServerCommand,2,9.404364445734746,Clean
RMCmdletBase,3,9.404364445734746,Clean
RMConnectCmdletBase,6,9.404364445734746,Clean
RMConnectServerCommand,5,9.404364445734746,Clean
RMSrvCommand,6,9.404364445734746,Clean
RMHelper,6,9.404364445734746,Clean
InvokeSeWebElementClickCommand,4,9.404364445734746,Clean
InvokeSeWebElementDragAndDropCommand,7,9.404364445734746,Clean
MoveSeCursorToWebElementCommand,7,9.404364445734746,Clean
InvokeSeAlertAcceptCommand,5,9.404364445734746,Clean
InvokeSeAlertDismissCommand,5,9.404364445734746,Clean
ReadSeAlertTextCommand,5,9.404364445734746,Clean
SetSeAlertKeysCommand,7,9.404364445734746,Clean
ScreenshotCmdletBase,8,9.404364445734746,Clean
SaveSeScreenshotCommand,3,9.404364445734746,Clean
GetSeScreenshotCommand,3,9.404364445734746,Clean
ConvertToSeAutomationElementCommand,5,9.404364445734746,Clean
AddSeChromeExtensionCommand,8,9.404364445734746,Clean
CloseSeWebDriverCurrentBrowserWindowCommand,6,9.404364445734746,Clean
AddSeFirefoxExtensionCommand,8,9.404364445734746,Clean
NewSeFirefoxProfileCommand,8,9.404364445734746,Clean
GetSeWebDriverCookiesCommand,5,9.404364445734746,Clean
GetSeWebDriverWindowCommand,6,9.404364445734746,Clean
AddSeChromeArgumentCommand,8,9.404364445734746,Clean
NewSeChromeOptionsCommand,6,9.404364445734746,Clean
SetSeChromeBinaryCommand,8,9.404364445734746,Clean
NewSeInternetExplorerOptionsCommand,6,9.404364445734746,Clean
SetSeInternetExplorerOptionCommand,5,9.404364445734746,Clean
ReadSeWebDriverNativeWindowHandleCommand,8,9.404364445734746,Clean
ReadSeWebDriverPageSourceCommand,6,9.404364445734746,Clean
ReadSeWebDriverTitleCommand,6,9.404364445734746,Clean
ReadSeWebDriverUrlCommand,6,9.404364445734746,Clean
SelectSeWebDriverCommand,7,9.404364445734746,Clean
SetSeWebDriverTimeoutCommand,8,9.404364445734746,Clean
StartSeWebDriverCommand,9,9.404364445734746,Clean
StartSeFirefoxCommand,3,9.404364445734746,Clean
StartSeDriverServerCommand,4,9.404364445734746,Clean
StartSeChromeCommand,4,9.404364445734746,Clean
StartSeInternetExplorer32Command,4,9.404364445734746,Clean
StartSeInternetExplorer64Command,3,9.404364445734746,Clean
StartSeSafariCommand,3,9.404364445734746,Clean
StartSeOperaCommand,3,9.404364445734746,Clean
StartSeAndroidCommand,3,9.404364445734746,Clean
StartSeHtmlUnitCommand,3,9.404364445734746,Clean
StopSeWebDriverCommand,8,9.404364445734746,Clean
StopSeFirefoxCommand,2,9.404364445734746,Clean
StopSeChromeCommand,2,9.404364445734746,Clean
StopSeInternetExplorerCommand,2,9.404364445734746,Clean
ClearSeWebElementCommand,5,9.404364445734746,Clean
ConvertFromSeTableCommand,5,9.404364445734746,Clean
GetSeElementByTypeCommand,9,9.404364445734746,Clean
GetSeAnyCommand,2,9.404364445734746,Clean
GetSeCommentCommand,2,9.404364445734746,Clean
GetSeDocTypeCommand,2,9.404364445734746,Clean
GetSeACommand,2,9.404364445734746,Clean
GetSeAbbrCommand,2,9.404364445734746,Clean
GetSeAcronymCommand,2,9.404364445734746,Clean
GetSeAddressCommand,2,9.404364445734746,Clean
GetSeAppletCommand,2,9.404364445734746,Clean
GetSeAreaCommand,2,9.404364445734746,Clean
GetSeArticleCommand,2,9.404364445734746,Clean
GetSeAsideCommand,2,9.404364445734746,Clean
GetSeAudioCommand,2,9.404364445734746,Clean
GetSeBCommand,2,9.404364445734746,Clean
GetSeBaseCommand,2,9.404364445734746,Clean
GetSeBasefontCommand,2,9.404364445734746,Clean
GetSeBdiCommand,2,9.404364445734746,Clean
GetSeBdoCommand,2,9.404364445734746,Clean
GetSeBigCommand,2,9.404364445734746,Clean
GetSeBlockQuoteCommand,2,9.404364445734746,Clean
GetSeBodyCommand,2,9.404364445734746,Clean
GetSeBrCommand,2,9.404364445734746,Clean
GetSeButtonCommand,2,9.404364445734746,Clean
GetSeCanvasCommand,2,9.404364445734746,Clean
GetSeCaptionCommand,2,9.404364445734746,Clean
GetSeCenterCommand,2,9.404364445734746,Clean
GetSeCiteCommand,2,9.404364445734746,Clean
GetSeCodeCommand,2,9.404364445734746,Clean
GetSeColCommand,2,9.404364445734746,Clean
GetSeColGroupCommand,2,9.404364445734746,Clean
GetSeCommandCommand,2,9.404364445734746,Clean
GetSeDataListCommand,2,9.404364445734746,Clean
GetSeDdCommand,2,9.404364445734746,Clean
GetSeDelCommand,2,9.404364445734746,Clean
GetSeDetailsCommand,2,9.404364445734746,Clean
GetSeDfnCommand,2,9.404364445734746,Clean
GetSeDirCommand,2,9.404364445734746,Clean
GetSeDivCommand,2,9.404364445734746,Clean
GetSeDlCommand,2,9.404364445734746,Clean
GetSeDtCommand,2,9.404364445734746,Clean
GetSeEmCommand,2,9.404364445734746,Clean
GetSeEmbedCommand,2,9.404364445734746,Clean
GetSeFieldSetCommand,2,9.404364445734746,Clean
GetSeFigCaptionCommand,2,9.404364445734746,Clean
GetSeFigureCommand,2,9.404364445734746,Clean
GetSeFontCommand,2,9.404364445734746,Clean
GetSeFooterCommand,2,9.404364445734746,Clean
GetSeFormCommand,2,9.404364445734746,Clean
GetSeFrameCommand,2,9.404364445734746,Clean
GetSeFrameSetCommand,2,9.404364445734746,Clean
GetSeHeadCommand,2,9.404364445734746,Clean
GetSeHeaderCommand,2,9.404364445734746,Clean
GetSeHGroupCommand,2,9.404364445734746,Clean
GetSeH1Command,2,9.404364445734746,Clean
GetSeH2Command,2,9.404364445734746,Clean
GetSeH3Command,2,9.404364445734746,Clean
GetSeH4Command,2,9.404364445734746,Clean
GetSeH5Command,2,9.404364445734746,Clean
GetSeH6Command,2,9.404364445734746,Clean
GetSeHrCommand,2,9.404364445734746,Clean
GetSeHtmlCommand,2,9.404364445734746,Clean
GetSeICommand,2,9.404364445734746,Clean
GetSeIFrameCommand,2,9.404364445734746,Clean
GetSeImgCommand,2,9.404364445734746,Clean
GetSeInputCommand,2,9.404364445734746,Clean
GetSeInsCommand,2,9.404364445734746,Clean
GetSeKbdCommand,2,9.404364445734746,Clean
GetSeKeygenCommand,2,9.404364445734746,Clean
GetSeLabelCommand,2,9.404364445734746,Clean
GetSeLegendCommand,2,9.404364445734746,Clean
GetSeLiCommand,2,9.404364445734746,Clean
GetSeLinkCommand,2,9.404364445734746,Clean
GetSeMapCommand,2,9.404364445734746,Clean
GetSeMarkCommand,2,9.404364445734746,Clean
GetSeMenuCommand,2,9.404364445734746,Clean
GetSeMetaCommand,2,9.404364445734746,Clean
GetSeMeterCommand,2,9.404364445734746,Clean
GetSeNavCommand,2,9.404364445734746,Clean
GetSeNoFramesCommand,2,9.404364445734746,Clean
GetSeNoScriptCommand,2,9.404364445734746,Clean
GetSeObjectCommand,2,9.404364445734746,Clean
GetSeOlCommand,2,9.404364445734746,Clean
GetSeOptGroupCommand,2,9.404364445734746,Clean
GetSeOptionCommand,2,9.404364445734746,Clean
GetSeOutputCommand,2,9.404364445734746,Clean
GetSePCommand,2,9.404364445734746,Clean
GetSeParamCommand,2,9.404364445734746,Clean
GetSePreCommand,2,9.404364445734746,Clean
GetSeProgressCommand,2,9.404364445734746,Clean
GetSeQCommand,2,9.404364445734746,Clean
GetSeRpCommand,2,9.404364445734746,Clean
GetSeRtCommand,2,9.404364445734746,Clean
GetSeRubyCommand,2,9.404364445734746,Clean
GetSeSCommand,2,9.404364445734746,Clean
GetSeSampCommand,2,9.404364445734746,Clean
GetSeScriptCommand,2,9.404364445734746,Clean
GetSeSectionCommand,2,9.404364445734746,Clean
GetSeSelectCommand,2,9.404364445734746,Clean
GetSeSmallCommand,2,9.404364445734746,Clean
GetSeSourceCommand,2,9.404364445734746,Clean
GetSeSpanCommand,2,9.404364445734746,Clean
GetSeStrikeCommand,2,9.404364445734746,Clean
GetSeStrongCommand,2,9.404364445734746,Clean
GetSeStyleCommand,2,9.404364445734746,Clean
GetSeSubCommand,2,9.404364445734746,Clean
GetSeSummaryCommand,2,9.404364445734746,Clean
GetSeSupCommand,2,9.404364445734746,Clean
GetSeTableCommand,2,9.404364445734746,Clean
GetSeTBodyCommand,2,9.404364445734746,Clean
GetSeTdCommand,2,9.404364445734746,Clean
GetSeTextAreaCommand,2,9.404364445734746,Clean
GetSeTFootCommand,2,9.404364445734746,Clean
GetSeThCommand,2,9.404364445734746,Clean
GetSeTHeadCommand,2,9.404364445734746,Clean
GetSeTimeCommand,2,9.404364445734746,Clean
GetSeTitleCommand,2,9.404364445734746,Clean
GetSeTrCommand,2,9.404364445734746,Clean
GetSeTrackCommand,2,9.404364445734746,Clean
GetSeTtCommand,2,9.404364445734746,Clean
GetSeUCommand,2,9.404364445734746,Clean
GetSeUlCommand,2,9.404364445734746,Clean
GetSeVarCommand,2,9.404364445734746,Clean
GetSeVideoCommand,2,9.404364445734746,Clean
GetSeWbrCommand,2,9.404364445734746,Clean
ReadSeWebElementAttributeCommand,8,9.404364445734746,Clean
ReadSeWebElementCssValueCommand,8,9.404364445734746,Clean
ReadSeWebElementTextCommand,6,9.404364445734746,Clean
ReadSeWebElementDisplayedCommand,6,9.404364445734746,Clean
ReadSeWebElementEnabledCommand,6,9.404364445734746,Clean
ReadSeWebElementLocationCommand,6,9.404364445734746,Clean
ReadSeWebElementSelectedCommand,6,9.404364445734746,Clean
ReadSeWebElementSizeCommand,6,9.404364445734746,Clean
ReadSeWebElementTagNameCommand,6,9.404364445734746,Clean
SetSeWebElementKeysCommand,8,9.404364445734746,Clean
SubmitSeWebElementCommand,6,9.404364445734746,Clean
InvokeSeJsExecutorCommand,5,9.404364445734746,Clean
ResetSeTestDataCommand,5,9.404364445734746,Clean
EnterSeUrlCommand,8,9.404364445734746,Clean
GetSeWebElementCommand,7,9.404364445734746,Clean
InvokeSeNavigateBackCommand,6,9.404364445734746,Clean
InvokeSeNavigateForwardCommand,6,9.404364445734746,Clean
InvokeSePageRefreshCommand,5,9.404364445734746,Clean
SwitchSeToActiveElementCommand,5,9.404364445734746,Clean
SwitchSeToAlertCommand,5,9.404364445734746,Clean
SwitchSeToDefaultContentCommand,5,9.404364445734746,Clean
SwitchSeToFrameCommand,6,9.404364445734746,Clean
SwitchSeToWindowCommand,7,9.404364445734746,Clean
NewSePageObjectCommand,5,9.404364445734746,Clean
GetSeWebElementAncestorsCommand,5,9.404364445734746,Clean
GetSeWebElementParentCommand,5,9.404364445734746,Clean
GetSeSelectionCommand,5,9.404364445734746,Clean
SetSeSelectionCommand,6,9.404364445734746,Clean
StartSeTranscriptCommand,7,9.404364445734746,Clean
StartSeRecorderCommand,2,9.404364445734746,Clean
ActionsCmdletBase,3,9.404364445734746,Clean
AlertCmdletBase,5,9.404364445734746,Clean
CommonCmdletBase_duplicated,10,9.404364445734746,Fault_proner
ConvertCmdletBase,3,9.404364445734746,Clean
ChromeOptionsCmdletBase,3,9.404364445734746,Clean
EditChromeOptionsCmdletBase,5,9.404364445734746,Clean
DriverCmdletBase,5,9.404364445734746,Clean
EditFirefoxProfileCmdletBase,5,9.404364445734746,Clean
FirefoxProfileCmdletBase,4,9.404364445734746,Clean
EditIeOptionsCmdletBase,6,9.404364445734746,Clean
IeOptionsCmdletBase,3,9.404364445734746,Clean
StartDriverCmdletBase,9,9.404364445734746,Clean
GetElementByTypeCmdletBase,7,9.404364445734746,Clean
GetSelectionCmdletBase,5,9.404364445734746,Clean
HasWebDriverInputCmdletBase,9,9.404364445734746,Clean
HasWebElementInputCmdletBase,9,9.404364445734746,Clean
JsExecutorCmdletBase,4,9.404364445734746,Clean
NavigationCmdletBase,4,9.404364445734746,Clean
GetCmdletBase,7,9.404364445734746,Clean
SetSelectionCmdletBase,5,9.404364445734746,Clean
SwitchToCmdletBase,4,9.404364445734746,Clean
SwitchToFrameCmdletBase,6,9.404364445734746,Clean
TranscriptCmdletBase,7,9.404364445734746,Clean
WebElementCmdletBase,5,9.404364445734746,Clean
CsLanguage,3,9.404364445734746,Clean
IJsRecorder,5,9.404364445734746,Clean
JavaLanguage,3,9.404364445734746,Clean
PsLanguage,3,9.404364445734746,Clean
RecordedAction,5,9.404364445734746,Clean
RecordedCodeSequence,8,9.404364445734746,Clean
RecordedData,5,9.404364445734746,Clean
RecordedWebElement,6,9.404364445734746,Clean
Recorder,9,9.404364445734746,Clean
JsRecorder,8,9.404364445734746,Clean
CapabilitiesFactory,2,9.404364445734746,Clean
WebDriverModule,5,9.404364445734746,Clean
SeSaveScreenshotCommand,6,9.404364445734746,Clean
ISearchHistory,3,9.404364445734746,Clean
SearchHistory,3,9.404364445734746,Clean
WebElementDecorator,8,9.404364445734746,Clean
SeAddChromeArgumentCommand,5,9.404364445734746,Clean
SeAddChromeExtensionCommand,5,9.404364445734746,Clean
SeNewChromeOptionsCommand,5,9.404364445734746,Clean
SeSetChromeBinaryCommand,5,9.404364445734746,Clean
SeAddFirefoxExtensionCommand,5,9.404364445734746,Clean
SeNewFirefoxProfileCommand,5,9.404364445734746,Clean
SeNewIeOptionsCommand,5,9.404364445734746,Clean
SeSetIeOptionCommand,5,9.404364445734746,Clean
SeCloseWebDriverCurrentBrowserWindowCommand,5,9.404364445734746,Clean
SeGetWebDriverCookiesCommand,5,9.404364445734746,Clean
SeGetWebDriverWindowCommand,5,9.404364445734746,Clean
SeReadWebDriverNativeWindowHandleCommand,5,9.404364445734746,Clean
SeReadWebDriverPageSourceCommand,5,9.404364445734746,Clean
SeReadWebDriverTitleCommand,5,9.404364445734746,Clean
SeReadWebDriverUrlCommand,5,9.404364445734746,Clean
SeSelectWebDriverCommand,5,9.404364445734746,Clean
SeSetWebDriverTimeoutCommand,6,9.404364445734746,Clean
SeStartChromeCommand,5,9.404364445734746,Clean
SeStartFirefoxCommand,4,9.404364445734746,Clean
SeStartInternetExplorer32Command,5,9.404364445734746,Clean
SeStartInternetExplorer64Command,4,9.404364445734746,Clean
SeStartOperaCommand,4,9.404364445734746,Clean
SeStartSafariCommand,4,9.404364445734746,Clean
SeStartWebDriverCommand,6,9.404364445734746,Clean
SeStopWebDriverCommand,4,9.404364445734746,Clean
SeWebDriverCommand,5,9.404364445734746,Clean
SeConvertFromTableCommand,5,9.404364445734746,Clean
SeClearWebElementCommand,5,9.404364445734746,Clean
SeGetElementByTypeCommand,5,9.404364445734746,Clean
SeGetWebElementCommand,5,9.404364445734746,Clean
SeReadWebElementAttributeCommand,5,9.404364445734746,Clean
SeReadWebElementCssValueCommand,5,9.404364445734746,Clean
SeReadWebElementDisplayedCommand,5,9.404364445734746,Clean
SeReadWebElementEnabledCommand,5,9.404364445734746,Clean
SeReadWebElementLocationCommand,5,9.404364445734746,Clean
SeReadWebElementSelectedCommand,5,9.404364445734746,Clean
SeReadWebElementSizeCommand,5,9.404364445734746,Clean
SeReadWebElementTagNameCommand,5,9.404364445734746,Clean
SeReadWebElementTextCommand,5,9.404364445734746,Clean
SeSetWebElementKeysCommand,5,9.404364445734746,Clean
SeSubmitWebElementCommand,5,9.404364445734746,Clean
SeWebElementCommand,5,9.404364445734746,Clean
SeEnterUrlCommand,6,9.404364445734746,Clean
SeInvokeNavigateBackCommand,5,9.404364445734746,Clean
SeInvokeNavigateForwardCommand,5,9.404364445734746,Clean
SeNavigationCommand,5,9.404364445734746,Clean
SeCommand,5,9.404364445734746,Clean
WebElementsFrom,1,9.404364445734746,Clean
FindElementParameters,1,9.404364445734746,Clean
Drivers,1,9.404364445734746,Clean
InternetExplorer,1,9.404364445734746,Clean
RecorderLanguages,1,9.404364445734746,Clean
DriverServers,1,9.404364445734746,Clean
DriverServerConstructorOptions,1,9.404364445734746,Clean
FirefoxProfileConstructorOptions,1,9.404364445734746,Clean
FirefoxDriverConstructorOptions,0,9.404364445734746,Clean
DriverTimeoutTypes,1,9.404364445734746,Clean
SwitchToFrameWays,1,9.404364445734746,Clean
Constructors,1,9.404364445734746,Clean
SeHelper,9,9.404364445734746,Clean
WebDriverFactory,8,9.404364445734746,Clean
CurrentData,8,9.404364445734746,Clean
Preferences,4,9.404364445734746,Clean
GetTamsMemorySnapshotCommand,5,9.404364445734746,Clean
CompareTamsObjectCommand,5,9.404364445734746,Clean
CommonCmdletBase_duplicated_duplicated,7,9.404364445734746,Clean
MemorySnapshotCmdletBase,4,9.404364445734746,Clean
ObjectComparisonCmdletBase,4,9.404364445734746,Clean
TamsGetMemorySnapshotCommand,6,9.404364445734746,Clean
TamsCompareObjectCommand,5,9.404364445734746,Clean
TamsCommand,5,9.404364445734746,Clean
TAMSHelper,6,9.404364445734746,Clean
Preferences_duplicated,2,9.404364445734746,Clean
GetTamsMemorySnapshotCommand_duplicated,5,9.404364445734746,Clean
CompareTamsObjectCommand_duplicated,5,9.404364445734746,Clean
CommonCmdletBase_duplicated_duplicated_duplicated,7,9.404364445734746,Clean
MemorySnapshotCmdletBase_duplicated,4,9.404364445734746,Clean
ObjectComparisonCmdletBase_duplicated,4,9.404364445734746,Clean
TamsGetMemorySnapshotCommand_duplicated,6,9.404364445734746,Clean
TamsCompareObjectCommand_duplicated,5,9.404364445734746,Clean
TamsCommand_duplicated,5,9.404364445734746,Clean
TAMSHelper_duplicated,6,9.404364445734746,Clean
Preferences_duplicated_duplicated,2,9.404364445734746,Clean
PSCmdletBase,8,9.404364445734746,Clean
ExtensionMethods,4,9.404364445734746,Clean
UnitTestOutput,7,9.404364445734746,Clean
Util,4,9.404364445734746,Clean
RecordingTypes,2,9.404364445734746,Clean
ActionTypes,0,9.404364445734746,Clean
CodeAmount,1,9.404364445734746,Clean
LogLevels,1,9.404364445734746,Clean
ICommonCmdletBase,4,9.404364445734746,Clean
ICurrentData,2,9.404364445734746,Clean
ILanguagePackage,3,9.404364445734746,Clean
IRecordedActionItem,4,9.404364445734746,Clean
IRecordedCodeSequence,6,9.404364445734746,Clean
IRecordedDataItem,4,9.404364445734746,Clean
IRecordedElementItem,4,9.404364445734746,Clean
IRecordedItem,3,9.404364445734746,Clean
ISettings,2,9.404364445734746,Clean
PSTestHelper,5,9.404364445734746,Clean
AssembliesLoader,6,9.404364445734746,Clean
TracingControl,6,9.404364445734746,Clean
GetDtSomethingCommand,3,9.404364445734746,Clean
AddDtXmlDataEntryCommand,5,9.404364445734746,Clean
CompareDtXmlDataCommand,4,9.404364445734746,Clean
ImportDtXmlFileCommand,5,9.404364445734746,Clean
NewDtXmlComparerCommand,3,9.404364445734746,Clean
CommonCmdletBase_duplicated_duplicated_duplicated_duplicated,9,9.404364445734746,Clean
XMLCmdletBase,4,9.404364445734746,Clean
DataModule,2,9.404364445734746,Clean
DataCommand,5,9.404364445734746,Clean
DtAddXmlDataEntryCommand,5,9.404364445734746,Clean
DtCompareXmlDataCommand,5,9.404364445734746,Clean
DtImportXmlFileCommand,5,9.404364445734746,Clean
DtNewXmlComparerCommand,5,9.404364445734746,Clean
DataFactory,6,9.404364445734746,Clean
XMLComparisonResults,0,9.404364445734746,Clean
IXMLComparer,5,9.404364445734746,Clean
IXMLDataEntry,3,9.404364445734746,Clean
XMLComparer,6,9.404364445734746,Clean
XMLDataEntry,3,9.404364445734746,Clean
XMLHelper,6,9.404364445734746,Clean
Preferences_duplicated_duplicated_duplicated,2,9.404364445734746,Clean
NewMqMockCommand,8,9.404364445734746,Clean
CommonCmdletBase_duplicated_duplicated_duplicated_duplicated_duplicated,8,9.404364445734746,Clean
MoqCommand,5,9.404364445734746,Clean
MoqNewMockCommand,6,9.404364445734746,Clean
MoqHelper,6,9.404364445734746,Clean
Preferences_duplicated_duplicated_duplicated_duplicated,3,9.404364445734746,Clean
ConvertFromHapHtmlPageCommand,2,9.404364445734746,Clean
ConvertFromHapTableCommand,4,9.404364445734746,Clean
ImportHapHtmlPageCommand,5,9.404364445734746,Clean
ConvertFromHtmlPageCommand,1,9.404364445734746,Clean
ConvertFromTableCommand,6,9.404364445734746,Clean
HapCommand,6,9.404364445734746,Clean
ImportHtmlPageCommand,6,9.404364445734746,Clean
CommonCmdletBase_duplicated_duplicated_duplicated_duplicated_duplicated_duplicated,3,9.404364445734746,Clean
ConverterTemplate,2,9.404364445734746,Clean
FromHtmlNodeToCsvConverter,6,9.404364445734746,Clean
SmartString,3,9.404364445734746,Clean
PageImporter,7,9.404364445734746,Clean
PageImporterData,2,9.404364445734746,Clean
