Component,Threshold,Cutoff,Status
Color,8,9.309157288569384,Clean
Coordinate,6,9.309157288569384,Clean
Size,7,9.309157288569384,Clean
SetTileCharacterCommand,6,9.309157288569384,Clean
ActorInstanceMoveCommandBase,8,9.309157288569384,Clean
ActorInstanceRandomMoveCommand,7,9.309157288569384,Clean
ChainedCommand,9,9.309157288569384,Clean
BoardChangeCommand,7,9.309157288569384,Clean
CommandContext,3,9.309157288569384,Clean
Commands,5,9.309157288569384,Clean
CommandStatus,0,9.309157288569384,Clean
ActorInstanceTransportCommand,6,9.309157288569384,Clean
ActorInstanceCreateCommand,7,9.309157288569384,Clean
ContextCommand,6,9.309157288569384,Clean
MoveDirection,1,9.309157288569384,Clean
RemoveSpriteCommand,4,9.309157288569384,Clean
SetSpriteCommand,4,9.309157288569384,Clean
StopSongCommand,2,9.309157288569384,Clean
PlaySongCommand,8,9.309157288569384,Clean
PlaySoundEffectCommand,8,9.309157288569384,Clean
DelayCommand,7,9.309157288569384,Clean
ActorInstanceDestroyCommand,6,9.309157288569384,Clean
LogCommand,5,9.309157288569384,Clean
MessageCommand,5,9.309157288569384,Clean
MoveCommand,5,9.309157288569384,Clean
PlayerResumeInputCommand,2,9.309157288569384,Clean
PlayerSuspendInputCommand,2,9.309157288569384,Clean
MaximumAttempts,0,9.309157288569384,Clean
PlayerTransportCommand,4,9.309157288569384,Clean
RandomDelayCommand,7,9.309157288569384,Clean
RandomMoveDirection,1,9.309157288569384,Clean
RepeatCommand,9,9.309157288569384,Clean
RetryCommand,9,9.309157288569384,Clean
TimerAction,1,9.309157288569384,Clean
TotalRepeats,0,9.309157288569384,Clean
Volume,5,9.309157288569384,Clean
PerformTimerActionCommand,7,9.309157288569384,Clean
ActorInstanceMoveCommand,6,9.309157288569384,Clean
NextAction,0,9.309157288569384,Clean
Command,10,9.309157288569384,Fault_proner
CommandResult,1,9.309157288569384,Clean
PlayerMoveCommand,7,9.309157288569384,Clean
TouchDirection,1,9.309157288569384,Clean
CommandList,6,9.309157288569384,Clean
CommandListEntry,7,9.309157288569384,Clean
CommandQueue,7,9.309157288569384,Clean
DetailTextFormatter,6,9.309157288569384,Clean
ILoggable,2,9.309157288569384,Clean
Context,9,9.309157288569384,Clean
ActorInstanceDestroyedEvent,2,9.309157288569384,Clean
ActorInstanceTouchedActorInstanceEvent,5,9.309157288569384,Clean
ActorInstanceTouchedPlayerEvent,5,9.309157288569384,Clean
ActorInstanceCreatedEvent,2,9.309157288569384,Clean
ActorInstanceMovedEvent,4,9.309157288569384,Clean
MessageAnswerClosedEvent,1,9.309157288569384,Clean
MessageAnswerOpenedEvent,1,9.309157288569384,Clean
MessageOpenedEvent,1,9.309157288569384,Clean
EventHandler<TEvent>,2,9.309157288569384,Clean
EventHandlerCollectionExtensions,1,9.309157288569384,Clean
IEventHandler,3,9.309157288569384,Clean
MessageAnswerSelectedEvent,4,9.309157288569384,Clean
BoardExitedEvent,5,9.309157288569384,Clean
BoardEnteredEvent,5,9.309157288569384,Clean
Event,7,9.309157288569384,Clean
MessageClosedEvent,1,9.309157288569384,Clean
PlayerTouchedActorInstanceEvent,4,9.309157288569384,Clean
EventContext,3,9.309157288569384,Clean
TargetedEvent<TTarget>,2,9.309157288569384,Clean
TimerElapsedEvent,2,9.309157288569384,Clean
EventHandlerCollection,7,9.309157288569384,Clean
MessageMananger,8,9.309157288569384,Clean
MessageQueuePosition,1,9.309157288569384,Clean
MessageAnswerBuilder,6,9.309157288569384,Clean
MessageBuilder,6,9.309157288569384,Clean
EventResult,1,9.309157288569384,Clean
IMultimediaPlayer,3,9.309157288569384,Clean
IWorldTime,4,9.309157288569384,Clean
IWorldObserver,4,9.309157288569384,Clean
PlayerInput,4,9.309157288569384,Clean
WorldInstance,8,9.309157288569384,Clean
MathHelper,5,9.309157288569384,Clean
Actor,9,9.309157288569384,Clean
ActorInstance,8,9.309157288569384,Clean
ActorInstanceLayer,7,9.309157288569384,Clean
BoardExit,5,9.309157288569384,Clean
BoardExitDirection,1,9.309157288569384,Clean
Song,5,9.309157288569384,Clean
IDescribedObject,3,9.309157288569384,Clean
ILayer,3,9.309157288569384,Clean
IMessage,3,9.309157288569384,Clean
IMessagePart,2,9.309157288569384,Clean
IMessageWithBackgroundColor,3,9.309157288569384,Clean
INamedObject,4,9.309157288569384,Clean
Message,9,9.309157288569384,Clean
MessageAnswer,9,9.309157288569384,Clean
MessageColor,3,9.309157288569384,Clean
MessageLineBreak,2,9.309157288569384,Clean
MessageQuestion,5,9.309157288569384,Clean
MessageText,3,9.309157288569384,Clean
SoundEffect,5,9.309157288569384,Clean
Symbol,3,9.309157288569384,Clean
Tile,5,9.309157288569384,Clean
Layer<T>,7,9.309157288569384,Clean
Timer,9,9.309157288569384,Clean
TimerState,1,9.309157288569384,Clean
Player,8,9.309157288569384,Clean
World,9,9.309157288569384,Clean
Character,4,9.309157288569384,Clean
SpriteLayer,6,9.309157288569384,Clean
Sprite,4,9.309157288569384,Clean
Board,9,9.309157288569384,Clean
BoardExitSerializer,5,9.309157288569384,Clean
CharacterSerializer,6,9.309157288569384,Clean
ColorSerializer,6,9.309157288569384,Clean
CompactSerializer,6,9.309157288569384,Clean
CoordinateSerializer,6,9.309157288569384,Clean
ActorSerializer,5,9.309157288569384,Clean
ActorInstanceSerializer,5,9.309157288569384,Clean
ActorInstanceLayerSerializer,5,9.309157288569384,Clean
BoardSerializer,5,9.309157288569384,Clean
EventHandlerCollectionSerializer,6,9.309157288569384,Clean
WorldSerializer,5,9.309157288569384,Clean
SpriteLayerSerializer,5,9.309157288569384,Clean
MessageQuestionSerializer,5,9.309157288569384,Clean
MessageAnswerSerializer,5,9.309157288569384,Clean
MessagePartSerializer,6,9.309157288569384,Clean
MessageSerializer,5,9.309157288569384,Clean
MessageLineBreakSerializer,4,9.309157288569384,Clean
MessageColorSerializer,5,9.309157288569384,Clean
MessageTextSerializer,5,9.309157288569384,Clean
SongSerializer,5,9.309157288569384,Clean
PlayerSerializer,5,9.309157288569384,Clean
SizeSerializer,6,9.309157288569384,Clean
SoundEffectSerializer,5,9.309157288569384,Clean
SpriteSerializer,5,9.309157288569384,Clean
TimerSerializer,6,9.309157288569384,Clean
ActorSerializer_duplicated,5,9.309157288569384,Clean
ActorInstanceSerializer_duplicated,5,9.309157288569384,Clean
BinarySerializer,4,9.309157288569384,Clean
BoardExitDirectionSerializer,3,9.309157288569384,Clean
BoardExitSerializer_duplicated,5,9.309157288569384,Clean
EventHandlerCollectionSerializer_duplicated,5,9.309157288569384,Clean
SongSerializer_duplicated,5,9.309157288569384,Clean
MessageAnswerSerializer_duplicated,5,9.309157288569384,Clean
MessagePartSerializer_duplicated,6,9.309157288569384,Clean
MessageQuestionSerializer_duplicated,5,9.309157288569384,Clean
MessageTextSerializer_duplicated,3,9.309157288569384,Clean
MessageLineBreakSerializer_duplicated,3,9.309157288569384,Clean
MessageColorSerializer_duplicated,5,9.309157288569384,Clean
MessageSerializer_duplicated,5,9.309157288569384,Clean
SoundEffectSerializer_duplicated,5,9.309157288569384,Clean
SpriteLayerSerializer_duplicated,5,9.309157288569384,Clean
BoardSerializer_duplicated,5,9.309157288569384,Clean
CharacterSerializer_duplicated,6,9.309157288569384,Clean
ColorSerializer_duplicated,4,9.309157288569384,Clean
CoordinateSerializer_duplicated,4,9.309157288569384,Clean
PlayerSerializer_duplicated,5,9.309157288569384,Clean
ActorInstanceLayerSerializer_duplicated,5,9.309157288569384,Clean
SizeSerializer_duplicated,4,9.309157288569384,Clean
SpriteSerializer_duplicated,5,9.309157288569384,Clean
TimerSerializer_duplicated,6,9.309157288569384,Clean
WorldSerializer_duplicated,6,9.309157288569384,Clean
IUnique,3,9.309157288569384,Clean
