Component,Threshold,Cutoff,Status
ActivationType,1,7.896082321252884,Clean
CallInterceptorBuilder<T>,5,7.896082321252884,Clean
CallInterceptorCollection,6,7.896082321252884,Clean
CallInterceptorHelper<T>,5,7.896082321252884,Clean
ClientHeartbeatEventArgs,2,7.896082321252884,Clean
ComponentCatalog,8,7.896082321252884,Fault_proner
ComponentInfo,1,7.896082321252884,Clean
ComponentRegistry,7,7.896082321252884,Clean
CallInterceptionData,5,7.896082321252884,Clean
CallInterceptor,8,7.896082321252884,Fault_proner
DisconnectedEventArgs,2,7.896082321252884,Clean
IComponentCatalog,6,7.896082321252884,Clean
IComponentCatalogExtensions,5,7.896082321252884,Clean
IComponentRegistry,4,7.896082321252884,Clean
InvalidSessionException,3,7.896082321252884,Clean
InvocationDetails,3,7.896082321252884,Clean
InvokeCanceledEventArgs,2,7.896082321252884,Clean
InvokeCanceledException,3,7.896082321252884,Clean
BeforeInvokeEventArgs,2,7.896082321252884,Clean
AfterInvokeEventArgs,3,7.896082321252884,Clean
ISerializationHandler,2,7.896082321252884,Clean
LanguageResource,4,7.896082321252884,Clean
LoginEventArgs,4,7.896082321252884,Clean
LoginEventType,1,7.896082321252884,Clean
NewLogonNeededEventArgs,4,7.896082321252884,Clean
LogicalCallContextData,1,7.896082321252884,Clean
CustomSerializationContainer,2,7.896082321252884,Clean
SerializationHandlerRepository,7,7.896082321252884,Clean
SubscriptionEventArgs,2,7.896082321252884,Clean
ZyanComponentHost,10,7.896082321252884,Fault_proner
ZyanConnection,8,7.896082321252884,Fault_proner
ComponentRegistration,8,7.896082321252884,Fault_proner
IZyanDispatcher,4,7.896082321252884,Clean
ZyanConnectionSetup,3,7.896082321252884,Clean
ZyanErrorAction,1,7.896082321252884,Clean
ZyanErrorEventArgs,4,7.896082321252884,Clean
ZyanProxy,7,7.896082321252884,Clean
ServerSession,6,7.896082321252884,Clean
ZyanSettings,2,7.896082321252884,Clean
ClientAddressServerChannelSink,6,7.896082321252884,Clean
ClientAddressServerChannelSinkProvider,5,7.896082321252884,Clean
CompressionMethod,1,7.896082321252884,Clean
DefinitionExtensions,5,7.896082321252884,Clean
IComponentCatalogMefExtensions,6,7.896082321252884,Clean
NonSharedPartsCatalog,1,7.896082321252884,Clean
ZyanComponentAttribute,7,7.896082321252884,Clean
ZyanComposablePart,7,7.896082321252884,Clean
ZyanCatalog,6,7.896082321252884,Clean
ZyanComposablePartDefinition,7,7.896082321252884,Clean
ZyanInterfaceAttribute,4,7.896082321252884,Clean
DelegateCorrelationInfo,5,7.896082321252884,Clean
DelegateInterceptor,6,7.896082321252884,Clean
DynamicEventWireBase,4,7.896082321252884,Clean
DynamicEventWire<T>,2,7.896082321252884,Clean
DynamicWireBase,4,7.896082321252884,Clean
DynamicWireFactory,7,7.896082321252884,Clean
DynamicWire<T>,2,7.896082321252884,Clean
EmptyDelegateFactory,5,7.896082321252884,Clean
InternalDelegateFactory<TDelegate>,2,7.896082321252884,Clean
EventFilter,1,7.896082321252884,Clean
CombinedEventFilter,5,7.896082321252884,Clean
EventFilterBase<TEventArgs>,5,7.896082321252884,Clean
EventStub,8,7.896082321252884,Fault_proner
IDelegateHolder,3,7.896082321252884,Clean
DelegateHolder<T>,8,7.896082321252884,Fault_proner
SafeDynamicInvoker,6,7.896082321252884,Clean
FilteredEventHandler,6,7.896082321252884,Clean
FilteredCustomHandler<TDelegate>,7,7.896082321252884,Clean
FilteredSystemEventHandler,6,7.896082321252884,Clean
FilteredSystemEventHandler<TEventArgs>,6,7.896082321252884,Clean
FlexibleEventFilter<TEventArgs>,2,7.896082321252884,Clean
IEventFilter,2,7.896082321252884,Clean
IFilteredEventHandler,3,7.896082321252884,Clean
SessionEventArgs,4,7.896082321252884,Clean
SessionEventFilter,1,7.896082321252884,Clean
DiscoveryClient,7,7.896082321252884,Clean
DiscoveryEventArgs,2,7.896082321252884,Clean
DiscoveryServer,9,7.896082321252884,Fault_proner
DiscoveryMetadata,7,7.896082321252884,Clean
DiscoveryMetadataHelper,6,7.896082321252884,Clean
DiscoveryRequest,5,7.896082321252884,Clean
DiscoveryResponse,10,7.896082321252884,Fault_proner
ClientQueryHandler,8,7.896082321252884,Fault_proner
ClientQueryProvider,4,7.896082321252884,Clean
ServerQueryHandler,7,7.896082321252884,Clean
ZyanConstants,5,7.896082321252884,Clean
ClientQueryRemotingHandler,8,7.896082321252884,Fault_proner
RemotingConstants,3,7.896082321252884,Clean
ServerQueryRemotingHandler,8,7.896082321252884,Fault_proner
ClientQueryWcfHandler,6,7.896082321252884,Clean
ServerQueryWcfHandler,7,7.896082321252884,Clean
ServiceConstants,2,7.896082321252884,Clean
ServiceHelper,6,7.896082321252884,Clean
NetDataContractFormat,4,7.896082321252884,Clean
NetDataContractSerializerOperationBehavior,2,7.896082321252884,Clean
ZyanClientQueryHandler,9,7.896082321252884,Fault_proner
ZyanEntityQueryHandler,7,7.896082321252884,Clean
ZyanExtensions,6,7.896082321252884,Clean
ZyanObjectQueryHandler,7,7.896082321252884,Clean
ZyanQueryHandler,3,7.896082321252884,Clean
ZyanMethodQueryHandler,9,7.896082321252884,Fault_proner
ZyanServerQueryHandler,6,7.896082321252884,Clean
IBaseSource,1,7.896082321252884,Clean
IEntitySource,3,7.896082321252884,Clean
InterLinqContext,2,7.896082321252884,Clean
InterLinqQueryBase,5,7.896082321252884,Clean
InterLinqQuery<T>,8,7.896082321252884,Fault_proner
InterLinqQueryHandler,4,7.896082321252884,Clean
InterLinqQueryProvider,5,7.896082321252884,Clean
IObjectSource,3,7.896082321252884,Clean
IQueryHandler,3,7.896082321252884,Clean
IQueryRemoteHandler,3,7.896082321252884,Clean
ExpressionConversionHelper,5,7.896082321252884,Clean
ExpressionSerializationHandler,6,7.896082321252884,Clean
SerializableBinaryExpression,8,7.896082321252884,Fault_proner
SerializableConditionalExpression,7,7.896082321252884,Clean
SerializableConstantExpression,7,7.896082321252884,Clean
SerializableExpression,7,7.896082321252884,Clean
SerializableExpressionTyped,4,7.896082321252884,Clean
SerializableInvocationExpression,8,7.896082321252884,Fault_proner
SerializableLambdaExpression,9,7.896082321252884,Fault_proner
SerializableListInitExpression,8,7.896082321252884,Fault_proner
SerializableMemberExpression,8,7.896082321252884,Fault_proner
SerializableMemberInitExpression,8,7.896082321252884,Fault_proner
SerializableMethodCallExpression,8,7.896082321252884,Fault_proner
SerializableNewArrayExpression,7,7.896082321252884,Clean
SerializableNewExpression,8,7.896082321252884,Fault_proner
SerializableParameterExpression,6,7.896082321252884,Clean
SerializableTypeBinaryExpression,7,7.896082321252884,Clean
SerializableUnaryExpression,8,7.896082321252884,Fault_proner
ExpressionConverter,6,7.896082321252884,Clean
ExpressionVisitor,5,7.896082321252884,Clean
RewriteExpressionVisitor,4,7.896082321252884,Clean
SerializableExpressionConverter,5,7.896082321252884,Clean
SerializableExpressionVisitor,7,7.896082321252884,Clean
SerializableElementInit,7,7.896082321252884,Clean
SerializableMemberAssignment,5,7.896082321252884,Clean
SerializableMemberBinding,5,7.896082321252884,Clean
SerializableMemberListBinding,7,7.896082321252884,Clean
SerializableMemberMemberBinding,7,7.896082321252884,Clean
AnonymousMetaProperty,6,7.896082321252884,Clean
AnonymousMetaType,7,7.896082321252884,Clean
AnonymousObject,5,7.896082321252884,Clean
AnonymousProperty,4,7.896082321252884,Clean
AnonymousTypeHelper,4,7.896082321252884,Clean
DynamicAssemblyHolder,3,7.896082321252884,Clean
InterLinqGroupingBase,2,7.896082321252884,Clean
"InterLinqGrouping<TKey,TElement>",6,7.896082321252884,Clean
InterLinqConstructorInfo,5,7.896082321252884,Clean
InterLinqFieldInfo,7,7.896082321252884,Clean
InterLinqMemberInfo,8,7.896082321252884,Fault_proner
InterLinqMethodBase,7,7.896082321252884,Clean
InterLinqMethodInfo,8,7.896082321252884,Fault_proner
InterLinqNestedType,4,7.896082321252884,Clean
InterLinqPropertyInfo,7,7.896082321252884,Clean
InterLinqType,10,7.896082321252884,Fault_proner
InterLinqTypeSystem,7,7.896082321252884,Clean
TypeConverter,6,7.896082321252884,Clean
NotificationEventArgs,1,7.896082321252884,Clean
NotificationReceiver,6,7.896082321252884,Clean
NotificationSender,3,7.896082321252884,Clean
NotificationService,6,7.896082321252884,Clean
ClientProtocolSetup,10,7.896082321252884,Fault_proner
CustomClientProtocolSetup,9,7.896082321252884,Fault_proner
CustomServerProtocolSetup,8,7.896082321252884,Fault_proner
IConnectionNotification,1,7.896082321252884,Clean
ClientProtocolSetupExtensions,5,7.896082321252884,Clean
ServerProtocolSetup,9,7.896082321252884,Fault_proner
ServerProtocolSetupExtensions,5,7.896082321252884,Clean
IClientProtocolSetup,4,7.896082321252884,Clean
IServerProtocolSetup,3,7.896082321252884,Clean
Versioning,1,7.896082321252884,Clean
HttpCustomClientProtocolSetup,8,7.896082321252884,Fault_proner
HttpCustomServerProtocolSetup,9,7.896082321252884,Fault_proner
IpcBinaryClientProtocolSetup,9,7.896082321252884,Fault_proner
IpcBinaryServerProtocolSetup,9,7.896082321252884,Fault_proner
NullChannel,8,7.896082321252884,Fault_proner
NullClientChannelSink,7,7.896082321252884,Clean
Provider,1,7.896082321252884,Clean
NullClientProtocolSetup,7,7.896082321252884,Clean
NullMessages,6,7.896082321252884,Clean
RequestMessage,3,7.896082321252884,Clean
ResponseMessage,2,7.896082321252884,Clean
NullServerChannelSink,7,7.896082321252884,Clean
NullServerProtocolSetup,2,7.896082321252884,Clean
DuplicateConnectionException,0,7.896082321252884,Clean
MessageException,0,7.896082321252884,Clean
TransportHeaderWrapper,6,7.896082321252884,Clean
TcpCustomClientProtocolSetup,9,7.896082321252884,Fault_proner
TcpCustomServerProtocolSetup,9,7.896082321252884,Fault_proner
TcpBinaryClientProtocolSetup,9,7.896082321252884,Fault_proner
TcpBinaryServerProtocolSetup,9,7.896082321252884,Fault_proner
TcpDuplexClientProtocolSetup,9,7.896082321252884,Fault_proner
TcpDuplexServerProtocolSetup,9,7.896082321252884,Fault_proner
CryptoClientChannelSink,6,7.896082321252884,Clean
AsyncProcessingState,3,7.896082321252884,Clean
CryptoClientChannelSinkProvider,7,7.896082321252884,Clean
CryptoRemotingException,3,7.896082321252884,Clean
CryptoServerChannelSink,7,7.896082321252884,Clean
SweepTimerWrapper,3,7.896082321252884,Clean
CryptoServerChannelSinkProvider,7,7.896082321252884,Clean
ChannelWrapper,9,7.896082321252884,Fault_proner
MessageSinkWrapper,5,7.896082321252884,Clean
AuthCredentials,8,7.896082321252884,Fault_proner
BasicWindowsAuthProvider,4,7.896082321252884,Clean
WindowsSecurityTools,1,7.896082321252884,Clean
LogonType,1,7.896082321252884,Clean
ProviderType,1,7.896082321252884,Clean
AuthRequestMessage,4,7.896082321252884,Clean
AuthResponseMessage,2,7.896082321252884,Clean
IAuthenticationProvider,3,7.896082321252884,Clean
NullAuthenticationProvider,2,7.896082321252884,Clean
IntegratedWindowsAuthProvider,3,7.896082321252884,Clean
AccountLockedException,4,7.896082321252884,Clean
AccountNotFoundException,4,7.896082321252884,Clean
PasswordExpiredException,4,7.896082321252884,Clean
ISrpAccount,3,7.896082321252884,Clean
ISrpAccountRepository,2,7.896082321252884,Clean
SrpAuthenticationProvider,8,7.896082321252884,Fault_proner
Step1Data,1,7.896082321252884,Clean
SrpCredentials,4,7.896082321252884,Clean
SrpProtocolConstants,3,7.896082321252884,Clean
InProcSessionManager,7,7.896082321252884,Clean
ISessionManager,7,7.896082321252884,Clean
ISessionVariableAdapter,2,7.896082321252884,Clean
SessionManagerBase,9,7.896082321252884,Fault_proner
SessionVariableAdapter,7,7.896082321252884,Clean
SqlSessionManager,7,7.896082321252884,Clean
AssemblyLocator,4,7.896082321252884,Clean
ConcurrentCollection<T>,6,7.896082321252884,Clean
Crc32Calculator,2,7.896082321252884,Clean
LocalCallContextData,7,7.896082321252884,Clean
LZF,4,7.896082321252884,Clean
Disposable,2,7.896082321252884,Clean
DisposableMarshalByRefObject,2,7.896082321252884,Clean
DynamicTypeBinder,1,7.896082321252884,Clean
ExceptionHelper,4,7.896082321252884,Clean
Extensions,5,7.896082321252884,Clean
MessageHelpers,1,7.896082321252884,Clean
MonoCheck,3,7.896082321252884,Clean
RemotingHelper,3,7.896082321252884,Clean
"TypeComparer<I,T>",3,7.896082321252884,Clean
TypeHelper,6,7.896082321252884,Clean
Asynchronizer<T>,1,7.896082321252884,Clean
SyncContextSwitcher<T>,3,7.896082321252884,Clean
TransactionStarter<T>,6,7.896082321252884,Clean
ClrThreadPool,2,7.896082321252884,Clean
IThreadPool,2,7.896082321252884,Clean
IThreadPoolExtensions,1,7.896082321252884,Clean
